Tech #,Technology,Technology subcategory,Technology type,Unit,Region,Country,2020,2021,2022,2023,2024,2025,2026,2027,2028,2029,2030,2031,2032,2033,2034,2035,2036,2037,2038,2039,2040,Indicator
1,Field Survey Technologies,Sensors,Hardware,Units,EU Europe,Austria,2721216.7849999997,2723722.246,2725887.9464473454,2728055.3688978925,2730224.514720849,2732395.385286513,2734567.9819662697,2735369.9259761996,2737266.274198182,2740280.2666660533,2742176.6148880357,2742978.5588979656,2745159.570526735,2747342.3163330136,2749526.79769569,2751713.0159947486,2753900.972611271,2756090.6689274386,2758282.10632653,2760475.286192924,2762670.2099121003,addressable_market
1,Field Survey Technologies,Sensors,Hardware,Units,EU Europe,Belgium,553909.0726000001,553909.0726000001,554765.3087812233,555622.8685378025,556481.7539157292,557341.9669641572,558203.5097354082,558567.7380388189,559429.024720951,560797.9249801615,561659.2116622935,562023.4399657042,562892.2193878129,563762.3417746995,564633.8092023276,565506.6237498699,566380.7874997128,567256.3025374617,568133.1709519464,569011.3948352253,569890.9762825903,addressable_market
1,Field Survey Technologies,Sensors,Hardware,Units,EU Europe,Bulgaria,991936.4,995248.8,1002197.9132449218,1009195.5471963149,1016242.0406397012,1023337.7347261002,1030482.9729885462,1033338.604660579,1040091.2856169062,1050823.7709824042,1057576.4519387316,1060432.0836107642,1067836.3252813492,1075292.265495918,1082800.2652285672,1090360.6879738192,1097973.8997642186,1105640.2691880553,1113360.1674072077,1121133.9681751141,1128962.047854866,addressable_market
1,Field Survey Technologies,Sensors,Hardware,Units,EU Europe,Cyprus,128838.5028,128823.5676,128855.65937195202,128887.75913841816,128919.86690138992,128951.98266285937,128984.10642481905,128924.04161680881,128782.00702279287,128556.26198737219,128414.22739335624,128354.162585346,128386.1374218726,128418.12022378304,128450.1109930616,128482.10973169302,128514.11644166267,128546.13112495624,128578.15378356006,128610.18441946086,128642.22303464587,addressable_market
1,Field Survey Technologies,Sensors,Hardware,Units,EU Europe,Czechia,1955169.84806,1956491.7526,1957950.7573129102,1959410.850042036,1960872.0315987384,1962334.3027949827,1963797.6644433409,1963287.42033926,1962080.8516916125,1960163.171819411,1958956.6031717635,1958446.3590676826,1959906.8213794017,1961368.372794304,1962831.0141245613,1964294.7461829502,1965759.5697828545,1967225.485738263,1968692.4948637735,1970160.5979745886,1971629.7958865226,addressable_market
1,Field Survey Technologies,Sensors,Hardware,Units,EU Europe,Germany,9062255.428000001,9062255.428000001,9064719.198888179,9067183.639605967,9069648.750335468,9072114.53125884,9074580.982558291,9074975.679668734,9075909.015605336,9077392.428540947,9078325.76447755,9078720.461587992,9081188.708853021,9083657.627164662,9086127.216705346,9088597.477657562,9091068.410203852,9093540.014526801,9096012.290809045,9098485.239233272,9100958.85998222,addressable_market
1,Field Survey Technologies,Sensors,Hardware,Units,EU Europe,Denmark,556290.06048,557122.14096,559682.6977279314,562255.0229223528,564839.1706314468,567435.1951919874,570043.1511904829,570572.2796988615,571823.5040906385,573812.1583096886,575063.3827014655,575592.5112098441,578237.9585754962,580895.564528392,583565.3849499095,586247.4759782597,588941.894009667,591648.6956995553,594367.9379637397,597099.6779796222,599843.9731873947,addressable_market
1,Field Survey Technologies,Sensors,Hardware,Units,EU Europe,Spain,14650322.00544,14653706.09472,14711858.05672193,14770240.789742658,14828855.209576964,14887702.235653881,14946782.791051108,14973534.984992944,15036795.605170337,15137339.920036871,15200600.540214265,15227352.7341561,15287781.16310526,15348449.397034902,15409358.387590306,15470509.090193257,15531902.464057062,15593539.472201573,15655421.081468308,15717548.262535615,15779921.989933891,addressable_market
1,Field Survey Technologies,Sensors,Hardware,Units,EU Europe,Estonia,1359544.5503999998,1359544.5503999998,1365082.144077415,1370642.2930611107,1376225.0892216482,1381830.62480379,1387458.9924280217,1388399.5662701067,1390623.7309387058,1394158.7439077145,1396382.9085763136,1397323.4824183986,1403014.9543744056,1408729.6084020184,1414467.538924692,1420228.8407504791,1426013.6090735977,1431821.9394760039,1437653.9279289704,1443509.6707946737,1449389.2648277848,addressable_market
1,Field Survey Technologies,Sensors,Hardware,Units,EU Europe,Finland,18032970.48,18032970.48,18031567.636365935,18030164.90186366,18028762.276484676,18027359.760220505,18025957.353062645,18002691.81546158,17947676.0533673,17860235.840307143,17805220.078212865,17781954.5406118,17780571.22432699,17779188.01565487,17777804.914587066,17776421.921115205,17775039.035230923,17773656.25692585,17772273.586191613,17770891.023019847,17769508.567402184,addressable_market
1,Field Survey Technologies,Sensors,Hardware,Units,EU Europe,France,14621054.850000001,14691732.180000002,14779964.654564478,14868727.016923828,14958022.44936526,15047854.153287489,15138225.349315504,15180749.469858702,15281305.792226505,15441126.64933504,15541682.971702842,15584207.09224604,15677799.402467022,15771953.78944177,15866673.62877109,15961962.316328242,16057823.268380702,16154259.921712631,16251275.733748106,16348874.182675054,16447058.76756998,addressable_market
1,Field Survey Technologies,Sensors,Hardware,Units,EU Europe,Greece,3334322.208,3334322.208,3347118.8005963448,3359964.5044578467,3372859.508065646,3385804.000624244,3398798.1720642773,3403042.308964015,3413078.373033337,3429029.357753009,3439065.421822331,3443309.5587220686,3456524.427249275,3469790.012317418,3483106.5085684285,3496474.1113912407,3509893.0169246616,3523363.4220602475,3536885.524445191,3550459.522485225,3564085.6153475307,addressable_market
1,Field Survey Technologies,Sensors,Hardware,Units,EU Europe,Croatia,1436647.8168,1438500.0167999999,1440528.3402622398,1442559.5237147612,1444593.5711902264,1446630.4867269841,1448670.2743690778,1448795.1864374536,1449090.5646382202,1449560.0288758348,1449855.4070766014,1449980.3191449773,1452024.8301402922,1454072.2239507423,1456122.5046411743,1458175.6762821658,1460231.7429500348,1462290.7087268457,1464352.5777004203,1466417.3539643432,1468485.041617972,addressable_market
1,Field Survey Technologies,Sensors,Hardware,Units,EU Europe,Hungary,1575759.0833599998,1574643.6232911998,1579575.0520744305,1584521.9249806895,1589484.290377488,1594462.196783813,1599455.6928706025,1600861.919826732,1604187.2093169454,1609472.3132661134,1612797.6027563268,1614203.8297124563,1619259.1521423066,1624330.3067021514,1629417.3429746525,1634520.3106977523,1639639.2597651626,1644774.24022685,1649925.3022895262,1655092.4963171403,1660275.872831369,addressable_market
1,Field Survey Technologies,Sensors,Hardware,Units,EU Europe,Ireland,619061.10836,622227.58036,628801.1142563894,635444.0943638614,642157.2543480984,648941.3356256067,655797.0874456002,659111.117144483,666947.766897152,679403.0760297779,687239.7257824468,690553.7554813296,697849.1224213635,705221.5613899935,712671.8866159819,720200.9209300244,727809.4958556253,735498.4517009336,743268.637651548,751120.9118643028,759056.141562045,addressable_market
1,Field Survey Technologies,Sensors,Hardware,Units,EU Europe,Italy,7927184.079360001,7971774.919680001,8024820.1019706875,8078218.253505063,8131971.722984397,8186082.874738509,8240554.088829763,8266067.536086329,8326398.90553673,8422287.567224523,8482618.936674925,8508132.38393149,8564746.55553144,8621737.444874054,8679107.558686066,8736859.420374287,8794995.570136586,8853518.56507363,8912430.979301348,8971735.404064158,9031434.44784894,addressable_market
1,Field Survey Technologies,Sensors,Hardware,Units,EU Europe,Lithuania,1640458.124,1641700.3555108001,1648482.1367459828,1655291.9331768544,1662129.8605327727,1668996.0350211682,1675890.5733295183,1677073.0243152725,1679869.1532178523,1684313.2270192164,1687109.3559217963,1688291.8069075504,1695266.0550748024,1702269.113508917,1709301.1012236506,1716362.1377244005,1723452.343010234,1730571.8375759285,1737720.7424140202,1744899.1790168588,1752107.2693786714,addressable_market
1,Field Survey Technologies,Sensors,Hardware,Units,EU Europe,Luxembourg,71277.7234,71277.7234,71355.1730739501,71432.70690395498,71510.32498145777,71588.02739800098,71665.81424522659,71696.81792065126,71770.13197255324,71886.6548757101,71959.96892761208,71990.97260303675,72069.19728656326,72147.50696826234,72225.90174049219,72304.3816957113,72382.9469264787,72461.59752545397,72540.33358539734,72619.15519916987,72698.06245973351,addressable_market
1,Field Survey Technologies,Sensors,Hardware,Units,EU Europe,Latvia,2600959.30872,2603910.44688,2610390.5786088565,2616886.836893553,2623399.261866885,2629927.8937615226,2636472.7729102615,2636268.7201122716,2635786.198694483,2635019.295284053,2634536.773866264,2634332.721068274,2640888.5621382366,2647460.7181754736,2654049.229781664,2660654.13765953,2667275.4826130862,2673913.305547893,2680567.647471308,2687238.549492742,2693926.0528239105,addressable_market
1,Field Survey Technologies,Sensors,Hardware,Units,EU Europe,Malta,0.0,0.0,0.0,0.0,0.0,0.0,0.0,0.0,0.0,0.0,0.0,0.0,0.0,0.0,0.0,0.0,0.0,0.0,0.0,0.0,0.0,addressable_market
1,Field Survey Technologies,Sensors,Hardware,Units,EU Europe,Poland,6832918.752,6841565.28,6856896.65925071,6872262.394848267,6887662.5637823865,6903097.243215317,6918566.510482217,6921698.249611146,6929103.838848446,6940874.034808575,6948279.624045875,6951411.363174804,6966988.898369576,6982601.341526209,6998248.770870544,7013931.264803722,7029648.90190257,7045401.760920005,7061189.920785416,7077013.460605072,7092872.459662511,addressable_market
1,Field Survey Technologies,Sensors,Hardware,Units,EU Europe,Portugal,2949084.288,2949084.288,2950405.2093172492,2951726.72228701,2953048.827174289,2954371.5242442116,2955694.8137620217,2955986.2287267335,2956675.3345038793,2957770.576188823,2958459.681965969,2958751.096930681,2960076.3480983987,2961402.192858007,2962728.631475381,2964055.6642165156,2965383.291347523,2966711.5131346365,2968040.329844208,2969369.7417427073,2970699.7490967265,addressable_market
1,Field Survey Technologies,Sensors,Hardware,Units,EU Europe,Romania,5196191.6017,5196191.6017,5217204.66380103,5238302.701363457,5259486.05802254,5280755.078803177,5302110.110125524,5309095.624960197,5325614.195424385,5351868.25909368,5368386.829557869,5375372.344392542,5397110.001805313,5418935.564895967,5440849.389149365,5462851.831487932,5484943.25027746,5507124.005332951,5529394.457924475,5551754.970783055,5574205.908106575,addressable_market
1,Field Survey Technologies,Sensors,Hardware,Units,EU Europe,Slovakia,1508364.88,1508364.88,1509284.3774397653,1510204.435404078,1511125.0542346332,1512046.2342733345,1512967.9758622935,1512477.0475625277,1511316.1547859078,1509471.070616144,1508310.177839524,1507819.2495397583,1508738.4143638432,1509658.1395097133,1510578.4253189398,1511499.2721333033,1512420.6802947912,1513342.6501456003,1514265.1820281355,1515188.276285011,1516111.9332590494,addressable_market
1,Field Survey Technologies,Sensors,Hardware,Units,EU Europe,Slovenia,1031112.39,1029415.8189000002,1029526.7511890207,1029637.6954323679,1029748.6516313296,1029859.6197871944,1029970.5999012507,1029421.9342026857,1028124.5104311345,1026062.4284623462,1024765.004690795,1024216.33899223,1024326.7109729698,1024437.0948476556,1024547.4906175695,1024657.8982839934,1024768.3178482093,1024878.7493114988,1024989.1926751451,1025099.6479404297,1025210.1151086356,addressable_market
1,Field Survey Technologies,Sensors,Hardware,Units,EU Europe,Sweden,16619000.8,16619000.8,16613842.516419426,16608685.833891157,16603530.751918249,16598377.270003911,16593225.387651512,16569994.662909312,16515061.222401323,16427751.848518346,16372818.408010356,16349587.683268156,16344513.021397045,16339439.934623333,16334368.422458144,16329298.484412735,16324230.119998526,16319163.328727089,16314098.110110138,16309034.463659551,16303972.388887348,addressable_market
1,Field Survey Technologies,Sensors,Hardware,Units,EU Europe,Netherlands,349603.5335,350489.79501510004,350990.32442441134,351491.568632536,351993.5286602679,352496.20552985865,352999.6002650198,353210.0212914189,353707.6015892185,354498.4390801101,354996.0193779097,355206.4404043088,355713.7055867129,356221.69518719066,356730.41024027293,357239.85178196814,357750.0208497642,358260.9184826305,358772.54572102043,359284.903606873,359797.9931836154,addressable_market
1,Field Survey Technologies,GIS software,Software,Units,EU Europe,Austria,4439.032307692308,4443.119384615385,4446.652221215373,4450.187866863095,4453.726323792099,4457.267594237701,4460.811680437003,4462.505348737022,4466.5103476267195,4472.875758972304,4476.880757862001,4478.57442616202,4482.135453962286,4485.699313225823,4489.2660062039995,4492.835535149972,4496.407902318692,4499.983109966904,4503.561160353141,4507.142055737737,4510.725798382824,addressable_market
1,Field Survey Technologies,GIS software,Software,Units,EU Europe,Belgium,562.0446153846154,562.0446153846154,562.9134275398218,563.7835827104052,564.6550829724074,565.5279304050792,566.4021270908859,566.8208347515728,567.8109481735102,569.3846013462057,570.3747147681431,570.79342242883,571.6757585458279,572.5594585836293,573.4445246505917,574.3309588583317,575.21876332173,576.1079401589366,576.9984914913756,577.8904194437508,578.7837261440498,addressable_market
1,Field Survey Technologies,GIS software,Software,Units,EU Europe,Bulgaria,4671.6,4687.2,4719.927377919568,4752.883267800541,4786.069265179126,4819.486976732026,4853.13802035422,4869.520261797998,4908.259168815583,4969.829492562635,5008.56839958022,5024.950641023997,5060.036291018871,5095.3669191087565,5130.94423580114,5166.769963546765,5202.845836823023,5239.173602217921,5275.755018514647,5312.59185677672,5349.685900433735,addressable_market
1,Field Survey Technologies,GIS software,Software,Units,EU Europe,Cyprus,713.124,713.0413333333333,713.2189620101975,713.3966349368761,713.5743521243929,713.7521135837736,713.9299193260468,714.0147511100312,714.215351901027,714.5341800920218,714.7347808830176,714.8196126670019,714.9976843383888,715.1758003699465,715.3539607727259,715.5321655577803,715.7104147361662,715.8887083189423,716.0670463171706,716.2454287419156,716.4238556042444,addressable_market
1,Field Survey Technologies,GIS software,Software,Units,EU Europe,Czechia,4104.8713333333335,4107.6466666666665,4110.709841268693,4113.775300156443,4116.843045033367,4119.913077604184,4122.985399574884,4124.453400951991,4127.924767739291,4133.442042060992,4136.913408848292,4138.3814102254,4141.467504492506,4144.555900137102,4147.646598875385,4150.739602424826,4153.834912504183,4156.932530833493,4160.032459134073,4163.134699128528,4166.239252540745,addressable_market
1,Field Survey Technologies,GIS software,Software,Units,EU Europe,Germany,2740.56,2740.56,2741.305080736132,2742.0503640386382,2742.7958499625915,2743.541538563078,2744.2874298952,2744.6433217314366,2745.4848952608954,2746.822464094271,2747.6640376237297,2748.019929459966,2748.7670383398836,2749.514350337571,2750.2618655082497,2751.0095839071564,2751.7575055895436,2752.5056306106785,2753.2539590258425,2754.0024908903333,2754.7512262594623,addressable_market
1,Field Survey Technologies,GIS software,Software,Units,EU Europe,Denmark,955.2288000000001,956.6576,961.0544385245865,965.47148510377,969.9088326146183,974.3665743610661,978.8448040758774,981.0094065570584,986.1280183499738,994.2633688151332,999.3819806080486,1001.5465830892296,1006.1497332661525,1010.7740397146948,1015.41959966997,1020.0865108139876,1024.7748712777084,1029.4847796431068,1034.2163349452446,1038.9696366743522,1043.744784777922,addressable_market
1,Field Survey Technologies,GIS software,Software,Units,EU Europe,Spain,2847.7327333333337,2848.390533333333,2859.694124178569,2871.0425723439307,2882.4360558418034,2893.874753390999,2905.3588444195593,2910.899381311706,2924.001028252326,2944.824347903223,2957.925994843843,2963.4665317359895,2975.226791702552,2987.0337212410495,2998.8875055556323,3010.7883305854157,3022.736383007399,3034.731850239394,3046.7749204429624,3058.865782526369,3071.0046261475454,addressable_market
1,Field Survey Technologies,GIS software,Software,Units,EU Europe,Estonia,7193.28,7193.28,7222.579122148043,7251.997583256706,7281.535869408386,7311.194468665355,7340.973871077818,7355.345548023402,7389.330095180302,7443.3439983061035,7477.328545463003,7491.700222408587,7522.214847157364,7552.853761759699,7583.617472463594,7614.506487579056,7645.521317486505,7676.662474645202,7707.930473601718,7739.3258309984385,7770.849065582097,addressable_market
1,Field Survey Technologies,GIS software,Software,Units,EU Europe,Finland,10457.533333333333,10457.533333333333,10456.719807681475,10455.906345316434,10455.092946233284,10454.279610427106,10453.466337892974,10453.078702866154,10452.162066561392,10450.705195462346,10449.788559157583,10449.400924130763,10448.58803112556,10447.77520135796,10446.962434823039,10446.149731515881,10445.337091431566,10444.524514565175,10443.71200091179,10442.899550466496,10442.087163224374,addressable_market
1,Field Survey Technologies,GIS software,Software,Units,EU Europe,France,3234.9375,3250.575,3270.0966106918863,3289.7354601135376,3309.4922523523346,3329.3676957241187,3349.36250279858,3359.0680992630055,3382.0188169823077,3418.495920468041,3441.446638187343,3451.1522346517686,3471.8784293598756,3492.7290970317554,3513.7049852006107,3534.8068458890198,3556.035435635899,3577.391515523622,3598.875851205312,3620.489212932286,3642.232375581675,addressable_market
1,Field Survey Technologies,GIS software,Software,Units,EU Europe,Greece,3355.548,3355.548,3368.426053773704,3381.353531447468,3394.3306227022745,3407.357517947072,3420.4344083215674,3426.7409287419036,3441.653888546968,3465.356048311253,3480.2690081163173,3486.5755285366536,3499.9564449004115,3513.388715070008,3526.872536133094,3540.4081059337113,3553.995623075195,3567.635286923088,3581.3272976080666,3595.071856028877,3608.869163855279,addressable_market
1,Field Survey Technologies,GIS software,Software,Units,EU Europe,Croatia,7239.343999999999,7248.677333333332,7258.89816206722,7269.133402442738,7279.383074780682,7289.647199430509,7299.925796770361,7304.846858199033,7316.483638292122,7334.978747547,7346.6155276400905,7351.536589068763,7361.902452101768,7372.28293127864,7382.67804720853,7393.087820529652,7403.512271909321,7413.951422043988,7424.405291659292,7434.873901510095,7445.357272380522,addressable_market
1,Field Survey Technologies,GIS software,Software,Units,EU Europe,Hungary,1149.6855999999998,1148.8717519999998,1152.4697592838395,1156.0790347152265,1159.6996135834584,1163.3315312883503,1166.9748233405826,1168.7281403993172,1172.8741900558173,1179.4637827747388,1183.6098324312388,1185.3631494899735,1189.075439602804,1192.7993557712343,1196.534934405449,1200.2822120296614,1204.0412252824704,1207.8120109172185,1211.5946058023515,1215.389046921779,1219.195371375236,addressable_market
1,Field Survey Technologies,GIS software,Software,Units,EU Europe,Ireland,735.0988,738.8588,746.6644864075931,754.5526361225106,762.5241203297708,770.5798194180403,778.720623076868,782.7264819364128,792.1990925323472,807.2545431380308,816.7271537339652,820.73301259351,829.4036605179364,838.1659096503997,847.0207277134263,855.9690926530634,865.0119927468862,874.1504267131453,883.3854038210671,892.7179440023201,902.1490779636581,addressable_market
1,Field Survey Technologies,GIS software,Software,Units,EU Europe,Italy,4209.0972,4232.7736,4260.939002243473,4289.29182057826,4317.833302094356,4346.564702180047,4375.487284577125,4389.5537591433695,4422.816597574675,4475.6834409792045,4508.94627941051,4523.0127539767545,4553.109443666965,4583.406400475482,4613.904957004632,4644.606454724044,4675.512244029649,4706.623684303085,4737.94214397148,4769.46900056765,4801.205640790686,addressable_market
1,Field Survey Technologies,GIS software,Software,Units,EU Europe,Lithuania,1716.78,1718.0800260000003,1725.1773277955178,1732.3039481862202,1739.4600082857426,1746.6456297080347,1753.860934569428,1757.3436772666005,1765.5792807995465,1778.6686737332616,1786.9042772662076,1790.38701996338,1797.7830182982432,1805.2095691286058,1812.666798665283,1820.154833640461,1827.67380130985,1835.223829454847,1842.8050463847076,1850.417580938727,1858.061562488428,addressable_market
1,Field Survey Technologies,GIS software,Software,Units,EU Europe,Luxembourg,940.22,940.22,941.2416338144346,942.2643777261347,943.2882329413206,944.3132006675243,945.3392821135889,945.8300606295719,946.9905992141205,948.8351204428473,949.9956590273958,950.4864375433789,951.5192267679814,952.5531382112084,953.5881730924516,954.6243326324277,955.6616180531796,956.7000305780783,957.7395714318246,958.780241840449,959.8220430313149,addressable_market
1,Field Survey Technologies,GIS software,Software,Units,EU Europe,Latvia,6548.7168,6556.1472,6572.462929114523,6588.819261804351,6605.216299116169,6621.654142348123,6638.132893050459,6646.04794152677,6664.764570018408,6694.512153634032,6713.2287821256705,6721.143830601982,6737.870172878107,6754.638140587788,6771.44783732072,6788.299366924395,6805.192833504742,6822.128341426767,6839.1059953152035,6856.125900055153,6873.188160792734,addressable_market
1,Field Survey Technologies,GIS software,Software,Units,EU Europe,Malta,0.0,0.0,0.0,0.0,0.0,0.0,0.0,0.0,0.0,0.0,0.0,0.0,0.0,0.0,0.0,0.0,0.0,0.0,0.0,0.0,0.0,addressable_market
1,Field Survey Technologies,GIS software,Software,Units,EU Europe,Poland,1706.94,1709.1,1712.9299510718677,1716.7684847458142,1720.6156202547375,1724.471376874635,1728.3357739247,1730.1905375470917,1734.5764767822093,1741.5473419777218,1745.9332812128393,1747.788044835231,1751.7046926005544,1755.6301172480423,1759.5643384459577,1763.5073759066397,1767.4592493866003,1771.4199786866243,1775.3895836518684,1779.368084171961,1783.3555001811014,addressable_market
1,Field Survey Technologies,GIS software,Software,Units,EU Europe,Portugal,3212.64,3212.64,3214.0789702857646,3215.5185850992334,3216.9588447290957,3218.399749464171,3219.8412995934077,3220.529478795618,3222.1568086220873,3224.743232245589,3226.370562072058,3227.0587412742684,3228.5041698436416,3229.950245833442,3231.396969533655,3232.8443412343963,3234.2923612259106,3235.741029798574,3237.1903472428903,3238.640313849496,3240.0909299091572,addressable_market
1,Field Survey Technologies,GIS software,Software,Units,EU Europe,Romania,762.1955,762.1955,765.2777692083537,768.3725029136411,771.4797515214805,774.5995656413262,777.7319960872949,779.2435892751835,782.8180371402694,788.4991450809349,792.0735929460209,793.5851861339095,796.7943931987978,800.0165780890857,803.2517932862582,806.5000914840318,809.761525589213,813.0361487225601,816.3240142196483,819.6251756317388,822.9396867266496,addressable_market
1,Field Survey Technologies,GIS software,Software,Units,EU Europe,Slovakia,3851.8,3851.8,3854.1480527062445,3856.49753678263,3858.8484531017193,3861.200802536605,3863.554585960913,3864.678799781802,3867.3372158981056,3871.56241360079,3874.2208297170937,3875.3450435379827,3877.70744927481,3880.071295131369,3882.436581985555,3884.8033107157994,3887.1714822010667,3889.54109732086,3891.9121569552162,3894.28466198471,3896.6586132904526,addressable_market
1,Field Survey Technologies,GIS software,Software,Units,EU Europe,Slovenia,11604.65625,11585.562187500002,11586.81067514654,11588.05929733307,11589.308054074087,11590.55694538409,11591.80597127758,11592.401633565885,11593.810189658761,11596.048901623839,11597.457457716715,11598.05312000502,11599.30295370406,11600.55292208814,11601.803025171776,11603.053262969484,11604.303635495784,11605.554142765192,11606.804784792224,11608.055561591409,11609.306473177265,addressable_market
1,Field Survey Technologies,GIS software,Software,Units,EU Europe,Sweden,7088.266666666666,7088.266666666666,7086.066577142549,7083.867170492558,7081.668446504742,7079.47040496721,7077.273045668143,7076.226435560982,7073.751528097063,7069.817992911664,7067.343085447745,7066.296475340584,7064.103205027714,7061.910615472391,7059.718706463321,7057.527477789272,7055.336929239077,7053.147060601638,7050.957871665919,7048.769362220952,7046.581532055831,addressable_market
1,Field Survey Technologies,GIS software,Software,Units,EU Europe,Netherlands,418.76666666666665,419.82826,420.42781066874613,421.02821754713466,421.6294818579063,422.2316048255477,422.8345876762946,423.12329208194717,423.80598822975617,424.8910426641104,425.5737388119194,425.862443217572,426.47061121613626,427.0796477306272,427.68955400135974,428.30033127042026,428.9119807816689,429.524503780742,430.137901515055,430.7521752338046,431.3673261879716,addressable_market
2,Remote Sensing Technologies,Drones,Hardware,Units,EU Europe,Austria,17702.141,17718.4396,17732.52797946833,17746.62756096351,17760.738353392542,17774.860365669538,17788.99360671567,17795.747681247234,17811.71896736007,17837.103195577387,17853.074481690222,17859.828556221786,17874.02935762528,17888.24145044514,17902.464843659465,17916.699546253472,17930.945567219547,17945.202915557205,17959.471600273133,17973.751630381168,17988.043014902316,addressable_market
2,Remote Sensing Technologies,Drones,Hardware,Units,EU Europe,Belgium,7506.477,7506.477,7518.080560076656,7529.702057010572,7541.341518528651,7552.998972400666,7564.674446439311,7570.266563752844,7583.490182351304,7604.507359677578,7617.730978276038,7623.323095589571,7635.107277106871,7646.9096746872065,7658.730316489081,7670.569230714528,7682.4264456091805,7694.301989462325,7706.195890606986,7718.10817741998,7730.038878321992,addressable_market
2,Remote Sensing Technologies,Drones,Hardware,Units,EU Europe,Bulgaria,14430.053333333333,14478.240000000002,14579.331234018226,14681.128316095008,14783.636174664414,14886.85977257226,14990.804107316371,15041.407030887149,15161.067210341469,15351.25109924903,15470.91127870335,15521.514202274127,15629.889876702739,15739.022261247048,15848.916639474633,15959.578331844456,16071.012695964451,16183.225126850914,16296.221057189689,16410.005957599205,16524.585336895318,addressable_market
2,Remote Sensing Technologies,Drones,Hardware,Units,EU Europe,Cyprus,1385.4159,1385.2552999999998,1385.6003866794883,1385.9455593249475,1386.2908179577923,1386.6361625994439,1386.981593271328,1387.1463995355364,1387.5361151044951,1388.155516001355,1388.5452315703137,1388.7100378345222,1389.0559851380472,1389.4020186219361,1389.7481383076586,1390.0943442166874,1390.4406363705034,1390.7870147905903,1391.1334794984386,1391.4800305155438,1391.826667863407,addressable_market
2,Remote Sensing Technologies,Drones,Hardware,Units,EU Europe,Czechia,9356.42955,9362.755500000001,9369.737540370053,9376.724787421806,9383.717245038013,9390.71491710432,9397.717807509272,9401.063893256876,9408.976345597059,9421.552132828152,9429.464585168334,9432.810670915938,9439.844953174766,9446.884481073374,9453.929258523569,9460.979289440069,9468.034577740515,9475.095127345472,9482.160942178425,9489.232026165786,9496.308383236894,addressable_market
2,Remote Sensing Technologies,Drones,Hardware,Units,EU Europe,Germany,29232.64,29232.64,29240.587527852073,29248.537216412144,29256.489066267644,29264.443078006167,29272.399252215473,29276.195431801996,29285.172216116225,29299.439617005555,29308.416401319784,29312.212580906307,29320.181742292094,29328.153070267424,29336.126565421328,29344.102228343,29352.080059621796,29360.060059847237,29368.04222960899,29376.026569496888,29384.01308010094,addressable_market
2,Remote Sensing Technologies,Drones,Hardware,Units,EU Europe,Denmark,5815.164800000001,5823.862933333334,5850.629652070729,5877.5193917720735,5904.532717846887,5931.670198303333,5958.932403760166,5972.109896057882,6003.270567849841,6052.796297874583,6083.956969666542,6097.134461964258,6125.157148129033,6153.308627736827,6181.589492727712,6210.000337762346,6238.5417602344705,6267.214360283476,6296.018740807015,6324.955507473688,6354.025268735771,addressable_market
2,Remote Sensing Technologies,Drones,Hardware,Units,EU Europe,Spain,123566.83773333332,123595.38053333333,124085.85808392227,124578.28205214099,125072.6601621791,125569.00016887899,126067.3098578574,126307.72098039488,126876.2185302531,127779.76953075723,128348.26708061545,128588.67820315293,129098.97122257159,129611.28929558987,130125.64045845742,130642.03277931499,131160.47435832108,131680.97332777892,132203.5378522642,132728.17612875288,133254.89638675,addressable_market
2,Remote Sensing Technologies,Drones,Hardware,Units,EU Europe,Estonia,7114.031999999999,7114.031999999999,7143.008335209124,7172.102694627607,7201.315558982699,7230.647410959718,7260.098735210011,7274.312080121449,7307.922221250349,7361.341055951883,7394.9511970807835,7409.1645419922215,7439.342988671731,7469.644355909803,7500.069144377129,7530.617856783692,7561.290997887075,7592.089074500804,7623.012595502715,7654.062071843371,7685.238016554496,addressable_market
2,Remote Sensing Technologies,Drones,Hardware,Units,EU Europe,Finland,58711.58,58711.58,58707.01263455457,58702.44562441942,58697.87896956688,58693.31266996933,58688.746725599136,58686.5704318057,58681.42417369468,58673.244883095744,58668.09862498472,58665.92233119129,58661.35851760494,58656.79505905256,58652.2319555065,58647.669206939165,58643.106813322935,58638.5447746302,58633.983090833346,58629.42176190477,58624.86078781685,addressable_market
2,Remote Sensing Technologies,Drones,Hardware,Units,EU Europe,France,118614.375,119187.75,119903.54239203583,120623.63353749638,121348.04925291894,122076.81550988434,122809.95843594795,123165.8303063102,124007.35662268463,125344.85041716149,126186.37673353592,126542.24860389817,127302.20907652877,128066.73355783103,128835.84945735573,129609.58434926406,130387.96597331628,131171.0222358661,131958.78121086143,132751.2711408505,133548.52043799477,addressable_market
2,Remote Sensing Technologies,Drones,Hardware,Units,EU Europe,Greece,39486.216,39486.216,39637.75774905801,39789.881090986484,39942.588257845375,40095.881490260894,40249.76303745845,40323.97464984659,40499.46203732014,40778.375824313815,40953.863211787364,41028.07482417551,41185.533979525775,41343.59743780056,41502.26751821734,41661.54654889437,41821.436866884855,41981.940818211224,42143.060757899584,42304.799050014226,42467.158067692355,addressable_market
2,Remote Sensing Technologies,Drones,Hardware,Units,EU Europe,Croatia,7407.400199999999,7416.950199999999,7427.408297972353,7437.881142142301,7448.368753302377,7458.87115227443,7469.388359909672,7474.423660264366,7486.3305798953315,7505.25503990077,7517.161959531735,7522.1972598864295,7532.803759025559,7543.425213611893,7554.061644733014,7564.713073506233,7575.379521078644,7586.061008627152,7596.7575573585245,7607.469188509435,7618.195923346497,addressable_market
2,Remote Sensing Technologies,Drones,Hardware,Units,EU Europe,Hungary,12947.649733333332,12938.484254666666,12979.004670029906,13019.65198619767,13060.426600594661,13101.32891189023,13142.359320002273,13162.105009735167,13208.797426104798,13283.008791725033,13329.701208094664,13349.446897827558,13391.254355526817,13433.192744756994,13475.262475566127,13517.463959286422,13559.797608538298,13602.263837234388,13644.863060583624,13687.595695095275,13730.462158583015,addressable_market
2,Remote Sensing Technologies,Drones,Hardware,Units,EU Europe,Ireland,5270.814799999999,5297.774799999999,5353.743232326785,5410.302944112469,5467.4601819389945,5525.221258380417,5583.592552700095,5612.315413033427,5680.236046455339,5788.186830585455,5856.1074640073675,5884.830324340699,5947.000714777543,6009.8279053656315,6073.318834881376,6137.480515406008,6202.320033100014,6267.844548985745,6334.0612997382905,6400.977598484721,6468.600835611762,addressable_market
2,Remote Sensing Technologies,Drones,Hardware,Units,EU Europe,Italy,80227.9436,80679.23013333333,81216.07977003466,81756.50167102198,82300.51960658637,82848.15750518937,83399.4394545155,83667.55498488422,84301.56484468092,85309.23892048243,85943.24878027913,86211.36431064786,86785.02545656123,87362.50381512356,87943.82478654283,88529.01394004314,89118.09701498935,89711.09992201938,90308.04874418366,90908.96973809248,91513.88933507094,addressable_market
2,Remote Sensing Technologies,Drones,Hardware,Units,EU Europe,Lithuania,9981.535,9989.093484500001,10030.35792506753,10071.792826954497,10113.398894328004,10155.17683426402,10197.127356759429,10217.37638000517,10265.259023623003,10341.362096641464,10389.244740259297,10409.493763505037,10452.494856387862,10495.67358461311,10539.030681983408,10582.56688533268,10626.282934538678,10670.179572535551,10714.257545326473,10758.517601996318,10802.960494724386,addressable_market
2,Remote Sensing Technologies,Drones,Hardware,Units,EU Europe,Luxembourg,965.943,965.943,966.9925841735087,968.0433088148684,969.0951751633,970.1481844593715,971.2023379449982,971.7065434203809,972.8988325888464,974.793817134208,975.9861063026735,976.4903117780561,977.5513565569167,978.6135542566094,979.6769061298866,980.7414134308619,981.8070774150117,982.8738993391767,983.9418804615631,985.0110220417442,986.0813253406621,addressable_market
2,Remote Sensing Technologies,Drones,Hardware,Units,EU Europe,Latvia,8731.6224,8741.5296,8763.283905486032,8785.092349072469,8806.955065488224,8828.872189797497,8850.84385740061,8861.397255369026,8886.352760024543,8926.016204845377,8950.971709500895,8961.52510746931,8983.82689717081,9006.184187450384,9028.597116427627,9051.06582256586,9073.590444672991,9096.171121902358,9118.807993753604,9141.501200073537,9164.25088105698,addressable_market
2,Remote Sensing Technologies,Drones,Hardware,Units,EU Europe,Malta,0.0,0.0,0.0,0.0,0.0,0.0,0.0,0.0,0.0,0.0,0.0,0.0,0.0,0.0,0.0,0.0,0.0,0.0,0.0,0.0,0.0,addressable_market
2,Remote Sensing Technologies,Drones,Hardware,Units,EU Europe,Poland,60122.22,60198.3,60333.199387753564,60468.401073824796,60603.90573563909,60739.71405213993,60875.82670379222,60941.15560026979,61095.63812666226,61341.16748965976,61495.650016052234,61560.978912529805,61698.9319504862,61837.1941297366,61975.766143040964,62114.648684711654,62253.842450616925,62393.34813818444,62533.16644640469,62673.29807583464,62813.743728601024,addressable_market
2,Remote Sensing Technologies,Drones,Hardware,Units,EU Europe,Portugal,36674.88,36674.88,36691.30700786705,36707.74137353832,36724.18310030947,36740.63219147758,36757.08865034124,36764.944771680566,36783.52205581641,36813.04817017129,36831.62545430713,36839.48157564646,36855.98231003635,36872.49043525325,36889.005954607564,36905.52887141122,36922.05918897758,36938.59691062152,36955.14203965939,36971.69457940903,36988.254533189756,addressable_market
2,Remote Sensing Technologies,Drones,Hardware,Units,EU Europe,Romania,38294.549666666666,38294.549666666666,38449.41034386214,38604.897267600514,38761.01297038225,38917.75999494906,39075.140894325305,39151.08700055316,39330.67592662324,39616.10856194515,39795.69748801523,39871.64359424308,40032.88193707899,40194.77231732437,40357.317371776255,40520.51974789469,40684.382103845914,40848.907108545594,41014.09744170233,41179.95579386129,41346.48486644803,addressable_market
2,Remote Sensing Technologies,Drones,Hardware,Units,EU Europe,Slovakia,10110.975,10110.975,10117.138638353892,10123.306034054403,10129.477189392013,10135.652106658588,10141.830788147396,10144.78184942723,10151.760191732528,10162.851335702073,10169.82967800737,10172.780739287206,10178.982054346376,10185.187149719844,10191.396027712082,10197.608690628973,10203.8251407778,10210.045380467258,10216.269412007443,10222.497237709864,10228.72885988744,addressable_market
2,Remote Sensing Technologies,Drones,Hardware,Units,EU Europe,Slovenia,17020.1625,16992.157875,16993.988990214923,16995.82030275517,16997.65181264199,16999.483519896665,17001.31542454045,17002.189062563302,17004.254944832854,17007.538389048295,17009.604271317847,17010.477909340698,17012.310998765955,17014.14428572927,17015.97777025194,17017.811452355247,17019.645332060485,17021.479409388947,17023.31368436193,17025.148157000734,17026.982827326654,addressable_market
2,Remote Sensing Technologies,Drones,Hardware,Units,EU Europe,Sweden,55480.34285714287,55480.34285714287,55463.12260755936,55445.90770287785,55428.698141439374,55411.49392158546,55394.29504165817,55386.10315352619,55366.731885331144,55335.94383925596,55316.57257106091,55308.38068292893,55291.21380777332,55274.05226095309,55256.89604081442,55239.74514570401,55222.59957396902,55205.459323957184,55188.32439401671,55171.19478249633,55154.07048774527,addressable_market
2,Remote Sensing Technologies,Drones,Hardware,Units,EU Europe,Netherlands,3927.785,3937.7421209999998,3943.3655535959742,3948.997016934742,3954.636522484891,3960.2840817313877,3965.939706175598,3968.6475836744985,3975.0508719549775,3985.2280442819056,3991.6313325623846,3994.339210061285,4000.0434681419365,4005.7558723910884,4011.4764344421656,4017.205165945206,4022.942078566888,4028.6871839905475,4034.440493916207,4040.2020200605966,4045.971774157181,addressable_market
3,Decision Support Systems,Total,Software,Units,EU Europe,Austria,315654.8406086957,315945.4682782609,316196.68451111723,316448.1004923541,316699.7163807966,316951.532335396,317203.5485152299,315952.3056454561,312993.5053277499,308290.8870173947,305332.0866996885,304080.8438299147,304322.62619978696,304564.6008169367,304806.7678342248,305049.1274046332,305291.6796812659,305534.42481734866,305777.36296622857,306020.4942813752,306263.8189163799,addressable_market
3,Decision Support Systems,Total,Software,Units,EU Europe,Belgium,151610.33869421488,151610.33869421488,151844.6989238247,152079.42142897384,152314.5067696702,152549.95550678726,152785.76820206558,152223.52104109369,150893.98133405528,148780.85537106014,147451.31566402173,146889.06850304984,147116.13056305208,147343.5436170365,147571.30820757186,147799.42487806553,148027.89417276505,148256.71663675908,148485.89281597905,148715.42325720022,148945.30850804297,addressable_market
3,Decision Support Systems,Total,Software,Units,EU Europe,Bulgaria,474011.68,475594.56,478915.2979462389,482259.2222394949,485626.49477350863,489017.2785724096,492431.73779860826,492046.67471134115,491136.1202438869,489688.91541373945,488778.3609462852,488393.2978590181,491803.40027248807,495237.3130013767,498695.2022961514,502177.23556808813,505683.5813973768,509214.4095412821,512769.89094236324,516350.1977367494,519955.50326247374,addressable_market
3,Decision Support Systems,Total,Software,Units,EU Europe,Cyprus,16694.799092307694,16692.8638,16697.022228370493,16701.181692664282,16705.342193139433,16709.503730054075,16713.666303666392,16648.33903611147,16493.860361614556,16248.33712069109,16093.858446194175,16028.531178639254,16032.524112361663,16036.518040780313,16040.512964142998,16044.508882697568,16048.505796691945,16052.503706374104,16056.502611992088,16060.502513793996,16064.50341202799,addressable_market
3,Decision Support Systems,Total,Software,Units,EU Europe,Czechia,250414.99860000002,250584.30599999998,250771.17296887405,250958.17928910893,251145.3250646225,251332.61039941,251520.0353975443,250614.28554634424,248472.4687877981,245068.33683408334,242926.5200755372,242020.77022433715,242201.25115092946,242381.86666665153,242562.61687187004,242743.5018670261,242924.52175263595,243105.67662929092,243286.966597657,243468.39175847557,243649.95221256293,addressable_market
3,Decision Support Systems,Total,Software,Units,EU Europe,Germany,925395.76,925395.76,925647.3489285671,925899.0062570468,926150.732004035,926402.5261881327,926654.388827946,922993.9551793511,914338.1677986305,900580.9487042797,891925.1613235592,888264.7276749642,888506.2217262441,888747.7814329251,888989.4068128569,889231.097883894,889472.8546638961,889714.6771707278,889956.565422258,890198.519436361,890440.5392309157,addressable_market
3,Decision Support Systems,Total,Software,Units,EU Europe,Denmark,239108.8512,239466.5024,240567.1005064702,241672.75700808052,242783.4951534276,243899.3382979595,245020.309904467,244435.32816850097,243052.02826083283,240853.45763219503,239470.15772452689,238885.17598856086,239983.10229441902,241086.07471570946,242194.11644459073,243307.25077981345,244425.50112721042,245548.89100018845,246677.44402022313,247811.18391735526,248950.1345306899,addressable_market
3,Decision Support Systems,Total,Software,Units,EU Europe,Spain,3437337.2236,3438131.2167999996,3451775.142410671,3465473.2127570524,3479225.6427078326,3493032.6479843874,3506894.4451641655,3498098.9589823256,3477300.3690859363,3444243.7856149175,3423445.1957185282,3414649.7095366884,3428200.450821887,3441804.9670488792,3455463.47161886,3469176.1787798856,3482943.30363024,3496765.0621218043,3510641.671063446,3524573.3481244207,3538560.3118377854,addressable_market
3,Decision Support Systems,Total,Software,Units,EU Europe,Estonia,226789.488,226789.488,227713.22972989292,228640.73397449087,229572.0160589832,230507.09137098063,231445.97536076955,230902.2810892424,229616.613196789,227573.2156292321,226287.54773677868,225743.85346525154,226663.336195918,227586.56409385713,228513.5524135999,229444.31647181112,230378.87164754208,231317.23338248496,232259.4171812278,233205.4386115108,234155.31330448354,addressable_market
3,Decision Support Systems,Total,Software,Units,EU Europe,Finland,536322.0666666667,536322.0666666667,536280.3444225214,536238.6254240858,536196.9096711071,536155.1971633331,536113.4879005111,534148.3631778539,529501.454256981,522115.81256731437,517468.9036464415,515503.77892378427,515463.6762021943,515423.576600326,515383.4801179366,515343.3867547835,515303.2965106239,515263.20938521525,515223.125378315,515183.0444896805,515142.9667190691,addressable_market
3,Decision Support Systems,Total,Software,Units,EU Europe,France,4052298.375,4071886.95,4096341.0209933696,4120941.9530355576,4145690.628113358,4170587.9335104125,4195634.761839021,4188497.908428114,4171621.469289299,4144798.621112335,4127922.18197352,4120785.328562613,4145533.063018528,4170429.42214471,4195475.298519536,4220671.590081834,4246019.200163092,4271519.037519825,4297172.016366164,4322979.0564066395,4348941.082869141,addressable_market
3,Decision Support Systems,Total,Software,Units,EU Europe,Greece,2582283.273230769,2582283.273230769,2592193.6612960277,2602142.08383745,2612128.686825241,2622153.6167898164,2632217.0208239504,2624928.9194286233,2607694.825836653,2580303.533628463,2563069.4400364924,2555781.3386411653,2565590.016542018,2575436.338571775,2585320.44920255,2595242.493460921,2605202.616930051,2615200.965751828,2625237.6866290127,2635312.926827384,2645426.834177903,addressable_market
3,Decision Support Systems,Total,Software,Units,EU Europe,Croatia,545743.1183999999,546446.7183999999,547217.222874696,547988.8137812904,548761.4926516808,549535.2610199257,550310.1204222456,548267.7755206771,543438.2648880061,535762.4021421007,530932.8915094298,528890.5466078613,529636.2964112072,530383.0977417033,531130.9520820308,531879.8609169618,532629.825733362,533380.8480201932,534132.9292685171,534886.0709714976,535640.2746244044,addressable_market
3,Decision Support Systems,Total,Software,Units,EU Europe,Hungary,394319.76432727266,394040.63031745446,395274.6767247605,396512.5878871659,397754.37590821215,399000.05292934657,400249.63113004045,399094.22392174235,396362.0451436843,392019.6115323414,389287.43275428336,388132.02554598526,389347.5675353977,390566.916328245,391790.0838465772,393017.08204978146,394247.92293469905,395482.6185357426,396721.180925014,397963.6222124221,399209.9545458012,addressable_market
3,Decision Support Systems,Total,Software,Units,EU Europe,Ireland,57375.00273846153,57668.4735076923,58277.71308067383,58893.38897552604,59515.569188881236,60144.32243572328,60779.7181569767,60835.14026154702,60966.19630555889,61174.492400623116,61305.54844463499,61360.97054920531,62009.21957022618,62664.3170290976,63326.33527625813,63995.347426493834,64671.427367013166,65354.649765607246,66045.09007889636,66742.82456066352,67447.93027027616,addressable_market
3,Decision Support Systems,Total,Software,Units,EU Europe,Italy,776461.773278049,780829.4128585367,786025.1489349228,791255.4580856974,796520.5703643996,801820.7173553733,807156.1321839537,806216.494799789,803994.5445629837,800463.0511378379,798241.1009010326,797301.463516868,802606.8066680493,807947.4522327341,813323.6351175742,818735.5917923204,824183.5603002221,829667.7802684985,835188.4929188776,840745.9410782073,846340.3691891355,addressable_market
3,Decision Support Systems,Total,Software,Units,EU Europe,Lithuania,255152.86705882353,255346.08072694123,256400.9024871598,257460.0816627837,258523.6362540757,259591.58433565704,260663.94405681407,260075.09809492892,258682.66049452874,256469.56672254158,255077.1291221414,254488.28316025625,255539.56140206006,256595.18242117358,257655.16415739045,258719.52462461276,259788.28191115713,260861.45418006193,261939.0596693964,263021.1166925702,264107.6436386446,addressable_market
3,Decision Support Systems,Total,Software,Units,EU Europe,Luxembourg,13515.092285714287,13515.092285714287,13529.777652207544,13544.478975675751,13559.196273457597,13573.92956291062,13588.678861411208,13536.76050228202,13413.989726761849,13218.86196045646,13096.091184936287,13044.1728258071,13058.346495841957,13072.53556684742,13086.740055558032,13100.95997872652,13115.195353123812,13129.44619553906,13143.712522779668,13157.994351671288,13172.291699057865,addressable_market
3,Decision Support Systems,Total,Software,Units,EU Europe,Latvia,139978.8216,140137.6464,140486.39510982292,140836.01172106803,141186.4983936081,141537.85729269113,141890.09058895355,141539.21382887883,140709.49939512348,139390.77901200255,138561.0645782472,138210.18781817248,138554.13982481882,138898.94779573774,139244.6138610951,139591.140156358,139938.52882230782,140286.7820050536,140635.90185604515,140985.8905320865,141336.75019534898,addressable_market
3,Decision Support Systems,Total,Software,Units,EU Europe,Malta,0.0,0.0,0.0,0.0,0.0,0.0,0.0,0.0,0.0,0.0,0.0,0.0,0.0,0.0,0.0,0.0,0.0,0.0,0.0,0.0,0.0,addressable_market
3,Decision Support Systems,Total,Software,Units,EU Europe,Poland,1722492.12,1724671.8,1728536.6461816337,1732410.1531623872,1736292.3403503918,1740183.2271972706,1744082.8331982363,1738524.8745208527,1725382.0304753857,1704493.233523291,1691350.389477824,1685792.4308004405,1689570.1515466173,1693356.3378510533,1697151.0086843614,1700954.1830596656,1704765.8800326968,1708586.118701888,1712414.9182084708,1716252.2977365702,1720098.276513302,addressable_market
3,Decision Support Systems,Total,Software,Units,EU Europe,Portugal,1071078.72,1071078.72,1071558.4657703927,1072038.4264232214,1072518.6020547333,1072998.9927612196,1073479.5986390146,1068831.278185762,1057839.445691748,1040369.3945898263,1029377.5620958122,1024729.2416425596,1025188.2270656627,1025647.4180724556,1026106.8147550212,1026566.4172054835,1027026.2255160077,1027486.2397788006,1027946.4600861098,1028406.8865302246,1028867.5192034754,addressable_market
3,Decision Support Systems,Total,Software,Units,EU Europe,Romania,2295871.427,2295871.427,2305155.7822681447,2314477.682867326,2323837.28062843,2333234.7279963368,2342670.1780324024,2336720.925911318,2322652.7945427373,2300293.3768522395,2286225.2454836587,2280275.9933625744,2289497.2817077423,2298755.860345397,2308051.880075067,2317385.4923060997,2326756.849060135,2336166.1029735785,2345613.4073000867,2355098.915913064,2364622.7833081693,addressable_market
3,Decision Support Systems,Total,Software,Units,EU Europe,Slovakia,333977.6241379311,333977.6241379311,334181.2165010294,334384.9329737905,334588.7736318715,334792.7385509756,334996.8278068523,333639.0098001817,330428.1924228566,325325.0266230361,322114.2092457109,320756.39123904036,320951.9239542628,321147.5758659964,321343.3470469029,321539.23756968894,321735.24750710506,321931.37693194626,322127.625917052,322323.99453530594,322520.4828596364,addressable_market
3,Decision Support Systems,Total,Software,Units,EU Europe,Slovenia,290735.32125,290256.9513375,290288.23011467134,290319.5122625178,290350.79778140277,290382.08667168935,290413.37893374095,289131.45242505055,286100.09484226996,281282.1564404416,278250.798857661,276968.8723489706,276998.71917124896,277028.56920989143,277058.42246524495,277088.278937656,277118.1386274714,277148.0015350377,277177.8676607017,277207.73700481025,277237.60956770997,addressable_market
3,Decision Support Systems,Total,Software,Units,EU Europe,Sweden,604119.2888888889,604119.2888888889,603931.7795045351,603744.3283202254,603556.9353178954,603369.600479486,603182.3237869445,600844.9797473835,595317.8878822431,586533.3128460424,581006.2209809021,578668.8769413411,578489.2669754691,578309.7127577824,578130.2142709778,577950.7714977573,577771.3844208281,577592.053022903,577412.7772867001,577233.5571949427,577054.3927303599,addressable_market
3,Decision Support Systems,Total,Software,Units,EU Europe,Netherlands,68887.56454545454,69062.19778418182,69160.82451042121,69259.59208406252,69358.50070624788,69457.55057840669,69556.74190225599,69299.52960886146,68691.3025141878,67724.60670333836,67116.3796086647,66859.16731527017,66954.6479255456,67050.26489030024,67146.01840425993,67241.9086624286,67337.93586008874,67434.10019280158,67530.40185640774,67626.8410470275,67723.41796106118,addressable_market
4,Telematics Systems,Total,Hardware,Units,EU Europe,Austria,2749.988956954294,3017.0829469826613,3170.6653285009093,2956.286815751052,2996.0292048139136,3036.3058645977385,3077.1239774891415,3066.0168252326666,3039.75186387372,2998.0072123444434,2971.742250985497,2960.635098729022,3000.4359432681745,3040.7718443655326,3081.6499949719955,3123.077684735794,3165.062301302431,3207.6113316320884,3250.7323633347514,3294.433086023279,3338.721292684661,addressable_market
4,Telematics Systems,Total,Hardware,Units,EU Europe,Belgium,619.2432151059875,619.2432151059875,619.2432151059875,619.2432151059875,623.1511636336426,627.0837746223827,631.0412037132005,626.7547036619858,616.6184639120852,600.508263314639,590.3720235647384,586.0855235135236,589.7842189579342,593.5062562994598,597.2517828452169,601.0209468319549,604.813897431922,608.6307847587697,612.4717598734933,616.3369747904113,620.2265824831808,addressable_market
4,Telematics Systems,Total,Hardware,Units,EU Europe,Bulgaria,1199.5513446741097,1227.2338741915848,1326.8975507102293,1079.027994069683,1079.780207868158,1080.532946051173,1081.2862089842884,1071.300083887699,1047.6860031826616,1010.154572744055,986.5404920390176,976.5543669424283,977.2351441547083,977.9163959515365,978.5981226637557,979.2803246224398,979.9630021588935,980.6461556046522,981.3297852914825,982.0138915513827,982.6984747165823,addressable_market
4,Telematics Systems,Total,Hardware,Units,EU Europe,Cyprus,1.637828659306252,1.907409743333677,2.626989717271479,1.5431520867775796,1.4819766016577502,1.4232263084627566,1.3668050648267347,1.332295255243252,1.2506902862750433,1.1209900767038268,1.039385107735618,1.0048752981521354,0.9650388268307895,0.9267816006657872,0.8900410133272733,0.854756940400579,0.8208716409951656,0.7883296632541034,0.7570777536094562,0.7270647696350743,0.6982415963541806,addressable_market
4,Telematics Systems,Total,Hardware,Units,EU Europe,Czechia,5550.037384190027,5040.566177128127,4180.229580245309,3080.9846410057985,3114.2934886671,3147.962441769292,3181.9953934500118,3166.7383379749012,3130.6601459008257,3073.318673535569,3037.2404814614933,3021.983425986383,3054.654405332226,3087.678594057789,3121.0598107466703,3154.8019152655806,3188.908809210647,3223.384436358566,3258.232783122615,3293.4578790136025,3329.063797105802,addressable_market
4,Telematics Systems,Total,Hardware,Units,EU Europe,Germany,8198.28870867328,8645.064732417104,8827.164705348963,7617.214886145347,7690.431372918647,7764.351614806586,7838.9823762864435,7797.195417273346,7698.382252706601,7541.3319123321735,7442.518747765429,7400.731788752331,7471.867445186217,7543.686855843434,7616.196592953172,7689.403291916733,7763.313651914743,7837.934436520181,7913.272474317337,7989.334659526684,8066.127952635778,addressable_market
4,Telematics Systems,Total,Hardware,Units,EU Europe,Denmark,310.6066765970165,310.6066765970165,310.6066765970165,310.6066765970165,308.0095110950816,305.4340620247391,302.8801478021042,298.9235709145612,289.5674968583655,274.69726553305054,265.34119147685476,261.3846145893118,259.1990237604686,257.0317079447842,254.88251433410187,252.7512913979839,250.63788887302786,248.54215775227237,246.4639502746909,244.40311991477404,242.35952137219846,addressable_market
4,Telematics Systems,Total,Hardware,Units,EU Europe,Spain,1998.251532180729,2236.9800516941723,2254.9460751583742,2479.051657809899,2513.6745420819198,2548.7809758239714,2584.377712375497,2575.6613763474725,2555.0499519534105,2522.290843074728,2501.679418680666,2492.9630826526413,2527.7802564026047,2563.0836931046233,2598.8801839951207,2635.176615158158,2671.9799688500934,2709.2973248427406,2747.135861785289,2785.5028585852415,2824.405695808642,addressable_market
4,Telematics Systems,Total,Hardware,Units,EU Europe,Estonia,998.2942056106588,891.6553335522325,932.1818050936663,923.8606033105045,930.2738127524505,936.7315410917265,943.2340973673934,937.0891238740824,922.5581723190172,899.4631636964986,884.9322121414334,878.7872386481224,884.8875600560973,891.0302283708593,897.215537554053,903.443783607931,909.7152645895205,916.0302806248854,922.3891339234901,928.792128792661,935.2395716521507,addressable_market
4,Telematics Systems,Total,Hardware,Units,EU Europe,Finland,3894.2072578639754,4326.096762546876,4257.201830067254,4108.793745296628,4136.7786134818825,4164.95408574607,4193.321460287726,4165.761000050104,4100.589081410563,3997.0070126642404,3931.8350940247,3904.2746337870776,3930.866528576305,3957.6395399453863,3984.5949014737926,4011.7338551428647,4039.057651393044,4066.567549181481,4094.264816040045,4122.150728133725,4150.226570319433,addressable_market
4,Telematics Systems,Total,Hardware,Units,EU Europe,France,5652.9666152790605,6343.8006338708,5947.736714253414,5941.648226016989,5852.294837454789,5764.285188498814,5677.599071340959,5587.913614066203,5375.835394970232,5038.765363451028,4826.687144355056,4737.0016870803,4665.764357594502,4595.598329629687,4526.487492433851,4458.415977536291,4391.368155104068,4325.328630353255,4260.282240014149,4196.214048849657,4133.109346226027,addressable_market
4,Telematics Systems,Total,Hardware,Units,EU Europe,Greece,258.38434358751294,258.38434358751294,258.38434358751294,258.38434358751294,252.8075702709788,247.3511618348867,242.0125204141951,237.55839941894345,227.0257882575034,210.28560818950908,199.75299702806902,195.29887603281736,191.08369199539896,186.95948531960303,182.92429241848907,178.97619208570015,175.11330458075201,171.33379073406533,167.63585107131343,164.01772495666998,160.47768975454795,addressable_market
4,Telematics Systems,Total,Hardware,Units,EU Europe,Croatia,995.0292944396097,947.8666731411698,1015.7199278091136,988.5907171668615,1003.6945260635142,1019.0290927846389,1034.5979428762698,1031.7257639870593,1024.9339540074022,1014.1392782803325,1007.3474683006754,1004.4752894114649,1019.8217847297293,1035.4027456650538,1051.2217544115774,1067.2824478926357,1083.58851859692,1100.1437154274124,1116.9518445632887,1134.0167703349925,1151.3424161126761,addressable_market
4,Telematics Systems,Total,Hardware,Units,EU Europe,Hungary,705.4661673155633,849.0950054424542,705.4661673155633,705.4661673155633,700.2289190046049,695.0305510413391,689.870774785368,681.1277970839078,660.4533734162999,627.594135598349,606.9197119307411,598.1767342292809,593.7359825162428,589.3281981097689,584.9531362667678,580.6105540610749,576.3002103699637,572.0218658607578,567.7752829775415,563.5602259279692,559.3764606701743,addressable_market
4,Telematics Systems,Total,Hardware,Units,EU Europe,Ireland,266.48509239268697,266.48509239268697,266.48509239268697,266.48509239268697,270.9340019349518,275.45718503577683,280.05588167575706,279.45979120611054,278.0502225975074,275.8099013737832,274.40033276518005,273.8042422955335,278.37534342289473,283.02275807024165,287.7477602748729,292.55164534385756,297.4357302091289,302.40135378850704,307.4498773527483,312.58268489872245,317.80118352882005,addressable_market
4,Telematics Systems,Total,Hardware,Units,EU Europe,Italy,1993.2286606358257,1993.2286606358257,1993.2286606358257,1675.6891613717878,1678.373972184582,1681.06308463593,1683.7565056179722,1668.86321734142,1633.6452215798806,1577.6709164768502,1542.4529207153107,1527.5596324387586,1530.0071082074758,1532.458505353474,1534.9138301596352,1537.3730889189064,1539.836287934319,1542.3034335190014,1544.7745319961987,1547.2495896992853,1549.7286129717845,addressable_market
4,Telematics Systems,Total,Hardware,Units,EU Europe,Lithuania,903.1814732325258,938.3666767137804,988.5907171668615,1045.0572937214556,1058.4153877804747,1071.9442271928458,1085.6459944537335,1081.4027910288744,1071.3689343373803,1055.4214579502336,1045.3876012587396,1041.1443978338805,1054.452476614672,1067.9306614453103,1081.5811266492774,1095.4060743426157,1109.4077347891766,1123.58836676041,1137.9502578997542,1152.4957250916818,1167.227114835463,addressable_market
4,Telematics Systems,Total,Hardware,Units,EU Europe,Luxembourg,38.891843285358284,31.28919413755419,25.948321989733884,31.05364102323223,31.182576798572548,31.31204791964415,31.442056609220746,31.198740146822153,30.62337237159702,29.70890206457079,29.133534289345654,28.890217826947065,29.010170995481516,29.13062221365781,29.25157354939502,29.3730270791983,29.494984888194523,29.617449070168067,29.74042172759679,29.863904971688093,29.987900922415204,addressable_market
4,Telematics Systems,Total,Hardware,Units,EU Europe,Latvia,1683.7985059900325,1749.2229326825368,1692.6088052746345,1909.0810404990366,1925.413469928118,1941.885625353843,1958.4987021497602,1947.137786407253,1920.27275331065,1877.5743678223282,1850.709334725725,1839.348418983218,1855.084277027612,1870.954757325102,1886.9610115860683,1903.104201373916,1919.3854981893742,1935.806083555507,1952.367149103459,1969.069896658929,1985.9155383293864,addressable_market
4,Telematics Systems,Total,Hardware,Units,EU Europe,Malta,0.0,0.0,0.0,0.0,0.0,0.0,0.0,0.0,0.0,0.0,0.0,0.0,0.0,0.0,0.0,0.0,0.0,0.0,0.0,0.0,0.0,addressable_market
4,Telematics Systems,Total,Hardware,Units,EU Europe,Poland,7423.425556552861,7882.211874825099,8347.280444699956,7816.124100572548,7965.787821109184,8118.317313600905,8273.76745206039,8265.50764730856,8245.975777425996,8214.932476397686,8195.400606515122,8187.140801763291,8343.908777448254,8503.678557889652,8666.507621866283,8832.454548764825,9001.579039654378,9173.941938764514,9349.6052553746,9528.632186122253,9711.08713773897,addressable_market
4,Telematics Systems,Total,Hardware,Units,EU Europe,Portugal,1604.0277741473826,1824.2329842407544,1839.4256638907018,1723.1615195958739,1740.8276292740757,1758.6748545514906,1776.7050522523355,1767.7417459509102,1746.5463136547417,1712.8590021402122,1691.6635698440436,1682.7002635426184,1699.9515583708912,1717.3797160544805,1734.986549817837,1752.7738914748602,1770.743591619479,1788.8975198181886,1807.2375648045595,1825.7656346757412,1844.4836570909806,addressable_market
4,Telematics Systems,Total,Hardware,Units,EU Europe,Romania,3866.581075112304,3812.5520698670466,3744.024880932891,3744.024880932891,3790.6359576531004,3837.827316968141,3885.6061830812173,3869.836230789817,3832.545197228571,3773.2760751496808,3735.985041588435,3720.2150892970344,3766.529747040361,3813.4209971232144,3860.8960178071256,3908.9620767190854,3957.6265319640897,4006.8968332515506,4056.780523035717,4107.285237670292,4158.418708577444,addressable_market
4,Telematics Systems,Total,Hardware,Units,EU Europe,Slovakia,1653.1871049721078,1701.3313197735877,1650.422270329087,1576.208346218561,1585.947764149967,1595.7473621088864,1605.6075119487236,1594.6079244811483,1568.5973204010782,1527.2569358275196,1501.2463317474494,1490.246744279874,1499.4550040243926,1508.7201617610376,1518.0425690634615,1527.4225796776955,1536.8605495355737,1546.3568367682399,1555.911801719735,1565.525806960673,1575.1992173019964,addressable_market
4,Telematics Systems,Total,Hardware,Units,EU Europe,Slovenia,863.6297067176879,824.9351178332497,922.71828061589,972.9567644328563,1001.5221899221253,1030.9262791251501,1061.1936547042128,1065.251769237289,1074.8479482524183,1090.0997943725984,1099.6959733877277,1103.7540879208038,1136.1596441690883,1169.5166080608442,1203.8529123523288,1239.197309888724,1275.5793976814564,1313.029641692408,1351.5794023457802,1391.2609607889701,1432.1075459244485,addressable_market
4,Telematics Systems,Total,Hardware,Units,EU Europe,Sweden,4800.388086714006,5008.275847532286,5001.933844806257,4676.859404115013,4703.686615204322,4730.667711453016,4757.8035755709025,4724.283330356972,4645.0183734214,4519.037300746742,4439.77234381117,4406.25209859724,4431.527063044059,4456.947008716076,4482.512767248711,4508.225175047777,4534.085073316844,4560.093308084757,4586.250730233326,4612.558195525143,4639.016564631598,addressable_market
4,Telematics Systems,Total,Hardware,Units,EU Europe,Netherlands,239.7737055913753,243.3544012837922,240.61463389880146,240.61463389880146,251.88041540031182,263.6736703592061,276.0190955307167,279.4765044217273,287.6522013805531,300.64638080807737,308.82207776690313,312.27948665791376,326.90067742709823,342.20644476516605,358.2288411284498,375.0014196965088,392.5593046372636,410.93926466200696,430.1797900243198,450.32117312414346,471.4055928858031,addressable_market
1,Field Survey Technologies,Sensors,Hardware,%,EU Europe,Austria,0.0900571124689263,0.10304738184764323,0.11407375279969931,0.12631066222343598,0.1396927100922624,0.1542914932245419,0.17017578237827571,0.18207784068686195,0.21019476375143575,0.25480278417167646,0.2828190662027114,0.29465517722242124,0.32212714875278303,0.3516248186269172,0.3832140409730373,0.4169488174463182,0.4528691220284903,0.490998803016541,0.53134365136662,0.5738897311113085,0.6186020692296941,penetration
1,Field Survey Technologies,Sensors,Hardware,%,EU Europe,Belgium,0.09863505698739371,0.10932408226266085,0.12083843965490085,0.13338963435369502,0.1470334920521152,0.16182095152021744,0.1777961872817784,0.1910953137502704,0.222474720217924,0.27214976285610104,0.303280276298997,0.31641630872675564,0.3440477800825461,0.3734789975552298,0.4047443349807208,0.4383524588591889,0.47444735469190796,0.5109909413887536,0.5475237189697827,0.5864164546800013,0.6282874251260587,penetration
1,Field Survey Technologies,Sensors,Hardware,%,EU Europe,Bulgaria,0.06066766018310006,0.06699002941063471,0.07361112065581281,0.08077585138761288,0.08850593058900016,0.09681916976569005,0.10572844229733679,0.11349391681343174,0.13168721352195537,0.16012188678547626,0.1777166673086282,0.18508988136587384,0.19995906585741657,0.21567434703417984,0.23294615083227577,0.25088603160486445,0.26816378163759347,0.2857778430212705,0.30523625484659095,0.3256072989691642,0.34651669446906913,penetration
1,Field Survey Technologies,Sensors,Hardware,%,EU Europe,Cyprus,0.038934605563809996,0.043137987875254094,0.047717744754757416,0.05271144810305805,0.05814105564598531,0.06402643303388018,0.07038458372151259,0.07579407649167072,0.08860591913215947,0.10902688810067927,0.12191218166506546,0.12736980494890415,0.1385179644295754,0.1504006225870391,0.1635303090980604,0.17730365271935325,0.19078648847270585,0.20468560542087158,0.22009400799441634,0.2363632161255783,0.25323491134093734,penetration
1,Field Survey Technologies,Sensors,Hardware,%,EU Europe,Czechia,0.04956987380112103,0.05492805157898178,0.06079036879413619,0.06719290796522191,0.07416708386843489,0.08174226619128522,0.08994484316481732,0.09668895638102729,0.11265064127987486,0.1380600445282748,0.15407266742551162,0.1608501588903706,0.17521415408475172,0.19054687642185641,0.20686883747250587,0.22419418696600651,0.24253001667905852,0.26244858464356496,0.2831318733575257,0.3036099986861529,0.3248125935449566,penetration
1,Field Survey Technologies,Sensors,Hardware,%,EU Europe,Germany,0.06474138137344215,0.07185995096295023,0.07965512408832044,0.08819378483793805,0.09752473452533648,0.10769532276088928,0.11875031929720616,0.12727339191654485,0.14742485934713698,0.17944440090850408,0.19958514013697456,0.20810118287597715,0.2273517283009277,0.2479906368250347,0.27005771744879614,0.29358396807115994,0.3185901636826416,0.3450855474606969,0.3730666920088058,0.402516600098443,0.4334041119536302,penetration
1,Field Survey Technologies,Sensors,Hardware,%,EU Europe,Denmark,0.12916028662273119,0.14314785240696415,0.1579931407149298,0.17417631106559475,0.19177521479902532,0.21086336695371907,0.23150782469931294,0.24790452823412476,0.28655691486414914,0.3476428618770931,0.38586047195192325,0.4019722731807233,0.4372666976180446,0.4749085844878588,0.5149415339280846,0.5573913944894869,0.6022639662880869,0.6495429620176735,0.6991883450170732,0.7511351633111365,0.8052929899536375,penetration
1,Field Survey Technologies,Sensors,Hardware,%,EU Europe,Spain,0.025925601217165035,0.028728507920730378,0.03167766097357674,0.0348835638104057,0.03835886997587918,0.04211482989474761,0.0461608196221842,0.049557315369898096,0.05754089282579071,0.0700924149281861,0.07790449833598859,0.08118861053385094,0.08806549420777231,0.09536828408106497,0.10310253192964691,0.11139424805716096,0.12027576179935631,0.1292272360240294,0.1381320825682012,0.14758714694117533,0.15774351881023302,penetration
1,Field Survey Technologies,Sensors,Hardware,%,EU Europe,Estonia,0.12152096024428323,0.13474762017518324,0.14863465825152222,0.1637446610763765,0.18014130990115426,0.19788240845380883,0.21701771362391434,0.2330712035916541,0.2709463239566193,0.33089510238667313,0.3684581980175944,0.38430722498145004,0.4172387564147342,0.45224699617810676,0.48935872047062234,0.5285852094918144,0.5699208646961736,0.6146836990123279,0.6609287206963009,0.7063831531688413,0.75320903924509,penetration
1,Field Survey Technologies,Sensors,Hardware,%,EU Europe,Finland,0.13167724523300095,0.15080972679336477,0.16709255051610908,0.18517840491345658,0.20497601117025221,0.22659495929102183,0.25014106016270454,0.268060337539169,0.3106186746327236,0.37879898621776936,0.4220399916809686,0.44040661996545677,0.48188794111483463,0.5264743523148019,0.5742725780609202,0.6253719241854026,0.6798409356518926,0.7377241530209554,0.799039102331056,0.8637736639402737,0.9318839693879903,penetration
1,Field Survey Technologies,Sensors,Hardware,%,EU Europe,France,0.049569185269328304,0.05470000869512044,0.06022146696508229,0.06621606067663603,0.07270670408887066,0.0797137570959155,0.08725417668613059,0.09350949815986943,0.10816289038197732,0.13105977924788786,0.145224721980937,0.1511599178585769,0.16379765887653008,0.17719998825310693,0.1913728301951708,0.20631599774351225,0.2220227125218179,0.23900087644495216,0.25648818949971613,0.2736012204694236,0.29117773977875244,penetration
1,Field Survey Technologies,Sensors,Hardware,%,EU Europe,Greece,0.039909244299370566,0.044212722850504704,0.048731738021595826,0.05363910857049707,0.05895275836800189,0.06468821066025228,0.07085785320960444,0.0761730682659266,0.08868931157749797,0.10843145106901386,0.12075897816191171,0.12595052838628154,0.13648478001040384,0.1476632322206062,0.15997996864957345,0.17283418487262794,0.1853122763136027,0.1981018317317543,0.21225309014576893,0.22712780639335564,0.24247033193956552,penetration
1,Field Survey Technologies,Sensors,Hardware,%,EU Europe,Croatia,0.022623948279568016,0.025002131602092456,0.02758918928743244,0.030398613998919702,0.033440002966422105,0.03672138163523066,0.040248767165671655,0.04346107500998381,0.05105498105186252,0.06311811312288626,0.07070400843341382,0.07391106707663539,0.0803997119145409,0.08641126365876291,0.0924827057969298,0.09957745335795963,0.10724937231769535,0.11525461157143702,0.12356930615465808,0.13216415941199308,0.14100463681444683,penetration
1,Field Survey Technologies,Sensors,Hardware,%,EU Europe,Hungary,0.027586029259762886,0.030582324386631752,0.03373189227132749,0.037154885792179244,0.04086430193431404,0.044871508253741206,0.04918572697960292,0.05289478624335641,0.06163968887683189,0.07546418834333919,0.08411586982642988,0.08776384284996051,0.09517117616946734,0.10303841231097899,0.11171152232926247,0.1207723685612266,0.12958290265198635,0.1386237297015049,0.14863075543006393,0.15915875930872453,0.17002955597983618,penetration
1,Field Survey Technologies,Sensors,Hardware,%,EU Europe,Ireland,0.07175216050787528,0.07915696915798613,0.08675398632755865,0.09495936388361319,0.10379711000732947,0.11328709234478303,0.12344392545825121,0.1319982941617293,0.15188851782295756,0.18255718260835593,0.20128358544929792,0.20907489282391903,0.22553257224732257,0.2428855170201778,0.26112867036929743,0.2802486502383432,0.30022328784408403,0.3217235212763197,0.34370594114153014,0.36498418361980345,0.3866789517366058,penetration
1,Field Survey Technologies,Sensors,Hardware,%,EU Europe,Italy,0.0512886045367276,0.056528744316844855,0.06216545927646953,0.06827420620165554,0.07487578504642847,0.08198802164437258,0.08962489084257245,0.09609415745561439,0.111234241696511,0.13485105242373652,0.1494366568494095,0.15554250805749922,0.16826722681144593,0.1817345505735788,0.19594881223104282,0.21114258924906146,0.227368849982145,0.2436389260193068,0.2597328927916353,0.27677107612757024,0.29502815377488806,penetration
1,Field Survey Technologies,Sensors,Hardware,%,EU Europe,Lithuania,0.04611253890559714,0.05107105524797961,0.05630468895259821,0.06199290680588642,0.06815797110412714,0.07481963692734697,0.08199431709357487,0.08812280577021332,0.10258045326941825,0.125460179299975,0.13979390098070493,0.14584118369729251,0.15816869972071798,0.17125703964614344,0.18511580100137512,0.19997081765621827,0.21587963176528027,0.23190884019960237,0.2478491901208164,0.2647714647596824,0.2829461971512459,penetration
1,Field Survey Technologies,Sensors,Hardware,%,EU Europe,Luxembourg,0.045288750433953036,0.05017230985788474,0.05545243902925011,0.06120434043468429,0.0674522931874997,0.07421806807415308,0.08152004591359704,0.08770654549916863,0.10231442991615566,0.1254704012835124,0.1400012743056482,0.14613731033012575,0.15879515898362778,0.17227304223076562,0.18715544994801767,0.20274886651062138,0.217984140871335,0.23366900913622526,0.2510490404485421,0.269380880909746,0.2883679483483341,penetration
1,Field Survey Technologies,Sensors,Hardware,%,EU Europe,Latvia,0.030380035220389262,0.03364849915975923,0.03717496568828186,0.041018854618361925,0.04519762246847031,0.049727354413040104,0.05462220701617079,0.05870709711590274,0.06836910814259867,0.08373286691221399,0.09340404365890677,0.09749493979025328,0.10601664626703282,0.115093554666013,0.12473505923764733,0.13494664934273368,0.14572952480965132,0.15742386882159745,0.16953501265020812,0.18148093355411585,0.19381709867285096,penetration
1,Field Survey Technologies,Sensors,Hardware,%,EU Europe,Malta,0.0,0.0,0.0,0.0,0.0,0.0,0.0,0.0,0.0,0.0,0.0,0.0,0.0,0.0,0.0,0.0,0.0,0.0,0.0,0.0,0.0,penetration
1,Field Survey Technologies,Sensors,Hardware,%,EU Europe,Poland,0.04087721537659093,0.045249795958463665,0.049980958618220855,0.055134094036609446,0.06073137588130419,0.06679289796430123,0.07333590700349203,0.07883716599469971,0.0918261500301885,0.11241337244573103,0.12533072356086383,0.13078504334539592,0.14210739181364387,0.15415683348337209,0.1669460174032213,0.18068305254403194,0.19542525598072022,0.21033161136461462,0.22521274984123588,0.24104319287455195,0.2580749066012534,penetration
1,Field Survey Technologies,Sensors,Hardware,%,EU Europe,Portugal,0.07745352085616992,0.08584711505458807,0.09499293569354592,0.1049746943477521,0.11583909197728504,0.12762917420368752,0.14038282842035762,0.1509670086919436,0.17598700380196355,0.21572895781675297,0.24071877769788563,0.25128318501165964,0.2735266611782682,0.2972510687314806,0.3224885912676124,0.3496498604762714,0.37885609438403817,0.4084846915825299,0.4381692114593389,0.46980907796490945,0.5039064993230341,penetration
1,Field Survey Technologies,Sensors,Hardware,%,EU Europe,Romania,0.05726976562825415,0.06344525735545675,0.06991568988075189,0.07694052462080199,0.08454512427669614,0.09275138851598541,0.1015767040751462,0.10918871209290194,0.12710930272169352,0.155364056451103,0.17299978281909084,0.18042511988058063,0.1954753852994179,0.21144190808805008,0.22903146503389227,0.24738310404189467,0.2651889505296639,0.28343310209462547,0.30361760181730296,0.32482846163015494,0.3466995044118964,penetration
1,Field Survey Technologies,Sensors,Hardware,%,EU Europe,Slovakia,0.057472609657146095,0.06370088382278388,0.07047594023341139,0.07786889359128137,0.08591408040556753,0.09464310428717655,0.1040837238637665,0.11197849937116987,0.1306675928859562,0.16043056583781193,0.1791941974946062,0.18713781581051275,0.20367025565803532,0.22129988341548623,0.24005012233153059,0.2602260393952546,0.28191714364198744,0.303915472152009,0.32594828396335246,0.3494282886804986,0.37472824834660906,penetration
1,Field Survey Technologies,Sensors,Hardware,%,EU Europe,Slovenia,0.08598278071112939,0.09545775018754116,0.10566337578528652,0.11680608656617522,0.12893881729133508,0.14211050399942757,0.1563644031629819,0.16825972719981033,0.19643897741208227,0.24137277654621486,0.26973697351233933,0.2817534886272791,0.30679849230903095,0.33352213659688906,0.3619622485515038,0.3925816213792846,0.42551861686138626,0.4589525171332466,0.4924719638200289,0.5282125801722748,0.5667414523108966,penetration
1,Field Survey Technologies,Sensors,Hardware,%,EU Europe,Sweden,0.09275429739307446,0.10643225310942278,0.12155830576573727,0.13822315183214234,0.15655065937002824,0.17666806785540262,0.19524246891184846,0.20881013590515982,0.24104529670603136,0.29272239853332005,0.32551914922375746,0.33945482734493254,0.37198151306344046,0.40703657962237766,0.4447235297318044,0.485134486912261,0.5283475315883099,0.5744240238730168,0.6234060003551688,0.6753137418867943,0.730143615006923,penetration
1,Field Survey Technologies,Sensors,Hardware,%,EU Europe,Netherlands,0.10863737542574552,0.12027757291440987,0.13317102638405784,0.1472761078588841,0.16266996882842844,0.17942697608024627,0.19761684932401283,0.21168344229397437,0.24487997935683867,0.2974496850441752,0.330405524756029,0.3443143943908694,0.3757311307317422,0.40936668152874606,0.44527887353427636,0.48351073727913774,0.524088269227937,0.5670183788120886,0.612287129268191,0.6598583836683648,0.7096729626915099,penetration
1,Field Survey Technologies,GIS software,Software,%,EU Europe,Austria,0.22622766518539816,0.24256230599817374,0.25973442462384283,0.27770210074848595,0.2964436742502562,0.31592892541107237,0.33611879418163965,0.34687318250930677,0.3722715206026866,0.412545198139868,0.43782595268267355,0.4485032916513039,0.4738549393227779,0.49999066406593456,0.5268630798471546,0.5544172979776759,0.5825911554923331,0.6113155920935558,0.6405151766153553,0.6701087788354136,0.7000103771021753,penetration
1,Field Survey Technologies,GIS software,Software,%,EU Europe,Belgium,0.147438588899943,0.1582298593077531,0.16930469726394567,0.18088103035877443,0.1929436144872764,0.2054716826072364,0.21843878307488887,0.2253469099459854,0.24164195102314898,0.2674241301257384,0.2835728850856019,0.29038515365662887,0.3065692210149272,0.3232357575521572,0.3403530396738613,0.3578845941669143,0.3757893634867854,0.39402196609914003,0.412533051990097,0.4312697501578682,0.4501762014683265,penetration
1,Field Survey Technologies,GIS software,Software,%,EU Europe,Bulgaria,0.13804577384414957,0.1476631479003675,0.15715232934895473,0.16699847581712113,0.17718095922134092,0.18767447340351184,0.19844901797876302,0.20419368022069495,0.21762546413506859,0.2385426116168178,0.2514397174040085,0.2568339281512191,0.26968421115055674,0.28281038573806844,0.29617921317905277,0.30975400511929474,0.32349486818803763,0.3373590236714212,0.3513011993869468,0.36527408815390194,0.3792288645456248,penetration
1,Field Survey Technologies,GIS software,Software,%,EU Europe,Cyprus,0.08080764217401684,0.08673213924203066,0.09292300918537634,0.09940538747728841,0.10617198835632748,0.11321244232276038,0.12051318708837708,0.12440154068025482,0.13359261322149574,0.1481899774150246,0.15736769382902172,0.1612472955347315,0.1704547948708681,0.17995450011330855,0.18972981729286142,0.1997614124185247,0.21002728638063467,0.2205029036993556,0.23116137566833667,0.2419736965941157,0.25290902988874825,penetration
1,Field Survey Technologies,GIS software,Software,%,EU Europe,Czechia,0.15748206605033196,0.1688942442796916,0.18085998416707258,0.19338090016523557,0.2064419903953845,0.22002228885133387,0.23409466840599377,0.2415904188319454,0.2592943283940671,0.2873711411046732,0.30499816828211745,0.3124435397564363,0.33012070534125226,0.34834588562311153,0.3670861459228288,0.38630331739835305,0.4059541548898114,0.42599059833805836,0.44636013847784367,0.46700628393418175,0.48786912311288994,penetration
1,Field Survey Technologies,GIS software,Software,%,EU Europe,Germany,0.2131905237329269,0.22879428532037632,0.2451198593959301,0.2622136373927511,0.28005634875371443,0.2986205906929545,0.3178705414858118,0.3281230596334325,0.3523565028466202,0.3908417715110498,0.4150367855243879,0.4252641221206366,0.44953721085371956,0.4745798064582051,0.5003480954041498,0.526791042431935,0.5538505888966996,0.5814619930748979,0.6095543138602239,0.6380510343996696,0.6668708170975419,penetration
1,Field Survey Technologies,GIS software,Software,%,EU Europe,Denmark,0.2398537495326737,0.2570245870625005,0.27417925357396494,0.29203705454883966,0.31056656633623314,0.3297278432363609,0.34947229092913307,0.35999478010384456,0.3846934218140709,0.4234253284631064,0.4474715357382841,0.45756645455986644,0.4816013253068564,0.5062416525340324,0.5314317100559842,0.5571090186688749,0.5832047101451948,0.6096440326328755,0.6363469945659997,0.6632291391502361,0.6902024363832999,penetration
1,Field Survey Technologies,GIS software,Software,%,EU Europe,Spain,0.12424698217277742,0.13331002773241102,0.1422964783184007,0.1516592608917497,0.16138274175949005,0.17144681609748785,0.18182682818306303,0.18735847285953475,0.20035569602167708,0.22077507117565093,0.23347521360075513,0.2388121732431798,0.25151354006970533,0.2645470878875304,0.2778842857700496,0.2914929973363281,0.30533766016366964,0.3193795399728702,0.3335770583954623,0.3478861904796687,0.3622609253934905,penetration
1,Field Survey Technologies,GIS software,Software,%,EU Europe,Estonia,0.2549665017274883,0.273627915171576,0.2920427581423719,0.31122604325848996,0.33114545032371745,0.35175949910009097,0.37301739044509713,0.3843460887991514,0.4109596299381378,0.4527582292112351,0.47874762952768984,0.4896673096717543,0.5156567740384326,0.5423217837534318,0.569603644291026,0.5974362959220533,0.6257466852416098,0.6544552896856248,0.6834767924848896,0.712720900072806,0.7420932884422565,penetration
1,Field Survey Technologies,GIS software,Software,%,EU Europe,Finland,0.28564819838126015,0.30655525516493476,0.3285442981264569,0.3515786979836664,0.37563369614893205,0.4006735872380176,0.4266513151335875,0.4404858703511012,0.47320437390081743,0.52521787998472,0.5579512475717078,0.5717955427625044,0.604643670025819,0.6385500771084327,0.6734568902093702,0.7092964301255816,0.745991462332537,0.7834556388857021,0.8215941345355189,0.8603044728794218,0.8994775314522586,penetration
1,Field Survey Technologies,GIS software,Software,%,EU Europe,France,0.148670759482156,0.1587846586431544,0.1691451422295656,0.17990944735465209,0.19105648372539974,0.20256003907135553,0.2143887377831168,0.22069276775751978,0.23545589778332673,0.2585120197659939,0.27276800270736395,0.27873964898527726,0.29297011037640447,0.30752794533136757,0.32237788849326204,0.3374807773506035,0.3527938004111807,0.36827082882511153,0.3838628288837899,0.3995183498071431,0.4151840782202027,penetration
1,Field Survey Technologies,GIS software,Software,%,EU Europe,Greece,0.12747632887228635,0.13680652896250375,0.14604767392142282,0.15567752367576318,0.16568017943859417,0.17603514332213777,0.1867172334365312,0.1924097995638226,0.20578795380368514,0.2268138095988713,0.23989610606395437,0.24539478966764797,0.2584798742032455,0.27190978469708743,0.2856553262504587,0.2996835819766289,0.3139580950629409,0.32843912786963847,0.34308399691087677,0.3578474798335933,0.37268228772991174,penetration
1,Field Survey Technologies,GIS software,Software,%,EU Europe,Croatia,0.10133910568317285,0.10861624621513113,0.11623428177882295,0.12419872384748612,0.1324992443962318,0.14112171650608918,0.15004810074142447,0.15480344492546352,0.1660229070498896,0.18378149238031907,0.19490903806315435,0.199604151414756,0.2107572836852594,0.22224516503997968,0.23404611608003464,0.2461351790609269,0.2584842293657589,0.2710621524614022,0.28383508647838085,0.29676672828344963,0.3098186985507923,penetration
1,Field Survey Technologies,GIS software,Software,%,EU Europe,Hungary,0.13480085540786557,0.1447696301256825,0.1546574553367669,0.1649710375102467,0.17569440126239097,0.18680664446240133,0.19828183081460227,0.20439661267894765,0.21878344119210807,0.24144125648461906,0.2555678296584615,0.2615120646562307,0.2756504469196654,0.2901765937708363,0.30506012495210166,0.32026659591558865,0.3357576783750881,0.35149142409418566,0.36742261108235225,0.3835031684394173,0.39968267308513283,penetration
1,Field Survey Technologies,GIS software,Software,%,EU Europe,Ireland,0.21288603934025913,0.22730486024746566,0.24104385210938536,0.2552271356166318,0.2698180535058666,0.28477334976401253,0.30004326760888944,0.3081756522403011,0.32707902453875604,0.3562105274888476,0.3739890703547226,0.38138394331598474,0.3990463273307674,0.416985484690013,0.43514895467078635,0.4534799460794945,0.4719177772886645,0.4903984169023497,0.5088551182877996,0.5272191374178673,0.5454205198373778,penetration
1,Field Survey Technologies,GIS software,Software,%,EU Europe,Italy,0.12251006220616353,0.1307413459910992,0.13918231537182318,0.14794442771345614,0.1570097198331377,0.16635606751446463,0.17595716503792516,0.18107387619198775,0.19304382898063213,0.21170236312765361,0.22321771776617758,0.2280364725438785,0.2395239778901193,0.2512640657458704,0.26322743875835203,0.2753816943849033,0.28769153739397235,0.30011905957036183,0.3126240842240868,0.3251645706605002,0.33769707134415883,penetration
1,Field Survey Technologies,GIS software,Software,%,EU Europe,Lithuania,0.21467460047333142,0.2302126562783975,0.2456915528450645,0.2618151084378239,0.278556024125099,0.2958793023650008,0.3137421156046472,0.32326155727176403,0.3456226719557388,0.3807365801857771,0.40256594159931547,0.41173690849664807,0.4335651882637611,0.4559589196872009,0.4788686600767304,0.5022387865128246,0.5260078099370643,0.5501088177306166,0.5744700425844815,0.5990155509005325,0.6236660393256623,penetration
1,Field Survey Technologies,GIS software,Software,%,EU Europe,Luxembourg,0.19991673954719422,0.2145489712553095,0.2296710072181192,0.24548748895999956,0.2619786641876467,0.279117241014795,0.2968681510026553,0.30632397428018865,0.3286450656329329,0.3640091045720546,0.3861891194548198,0.3955524988151304,0.4177894288258891,0.44070448227208897,0.46425530609092835,0.48839298701584577,0.5130622622852791,0.538201860788456,0.5637449752223168,0.5896198613211765,0.6157505555136935,penetration
1,Field Survey Technologies,GIS software,Software,%,EU Europe,Latvia,0.17526587018271597,0.1878806887100837,0.20084178687537105,0.2143726910799695,0.22845370943255006,0.24305868780298207,0.2581548493216265,0.26619846619028364,0.28514311448477125,0.3150351270619659,0.33370685227413177,0.34157162453593626,0.3602693321036998,0.3794980158735624,0.3992189174890524,0.4193878556662814,0.43995544554281085,0.46086742804158326,0.4820651086553203,0.5034859012041015,0.5250639681487613,penetration
1,Field Survey Technologies,GIS software,Software,%,EU Europe,Malta,0.0,0.0,0.0,0.0,0.0,0.0,0.0,0.0,0.0,0.0,0.0,0.0,0.0,0.0,0.0,0.0,0.0,0.0,0.0,0.0,0.0,penetration
1,Field Survey Technologies,GIS software,Software,%,EU Europe,Poland,0.1696988157648532,0.18188918179196,0.19448500516848355,0.20763895106796354,0.2213323529402358,0.23554026323270877,0.2502312900658163,0.25805875051564364,0.27650166657923053,0.3056230707136931,0.32382653501041603,0.3314970853725311,0.3497297228929555,0.3684869223505489,0.387731426249477,0.4074206718859772,0.42750699795786296,0.4479379584138794,0.4686567431501164,0.4896027014132614,0.5107119599005501,penetration
1,Field Survey Technologies,GIS software,Software,%,EU Europe,Portugal,0.11410123013371427,0.12245248496749653,0.13116697547201972,0.14028939945816865,0.149809232468839,0.15971160800879108,0.16997716805347857,0.1754448262085437,0.1883648463247428,0.2088726618662087,0.22175894751476238,0.22720450042643536,0.240130545363882,0.25346301167656593,0.26717828786288167,0.2812489233485386,0.2956437377470824,0.3103280057724613,0.32526371847197444,0.34040991884526045,0.3557231071849528,penetration
1,Field Survey Technologies,GIS software,Software,%,EU Europe,Romania,0.15778082160164952,0.16932905686199465,0.1807299609220474,0.1926070901229234,0.2049404835303289,0.2177045087221067,0.2308677626407204,0.23788267355314435,0.25436298229372756,0.2802487725921839,0.2963453167025437,0.3031087354595286,0.31920574127772944,0.33572187609121096,0.35262084077301314,0.36986177231163025,0.387399473160543,0.4051847353459117,0.4231647577720278,0.4412836518003271,0.45948302675826,penetration
1,Field Survey Technologies,GIS software,Software,%,EU Europe,Slovakia,0.19018817349058073,0.20410835560719862,0.21859866308927908,0.2337640211894961,0.24958656747122335,0.2660412181437735,0.2830954249253905,0.2921791942310474,0.31363847427315344,0.3476844951416753,0.3690675602244121,0.3781013879743677,0.3995476359533438,0.4216630688147827,0.44440808654039,0.4677367299550024,0.491596867553389,0.515930507922418,0.5406742387273781,0.5657597889042517,0.5911147061674228,penetration
1,Field Survey Technologies,GIS software,Software,%,EU Europe,Slovenia,0.18544520586880942,0.19934624266576603,0.21360560222994382,0.22853918441986196,0.2441305214711071,0.26035604451778877,0.27718482775813297,0.28614748081887525,0.3073377046231599,0.3410061449765161,0.36218304190009165,0.37113696224147824,0.39238497489568075,0.41431173607911415,0.436879322390757,0.4600434787351536,0.48375378637919825,0.5079539551923016,0.5325822414595001,0.5575719883974103,0.5828522820215538,penetration
1,Field Survey Technologies,GIS software,Software,%,EU Europe,Sweden,0.299421902489999,0.32133707910623277,0.3444665405198501,0.3687030203393344,0.3940213169577519,0.420384719631654,0.44774457119931926,0.4623143212647024,0.496784401421516,0.5516196549140124,0.586152265213098,0.6007629894905093,0.6354230246786984,0.6712115658626712,0.7080685469400341,0.745923533803099,0.7846959753658557,0.8242956567699097,0.864623357616298,0.9055717111603643,0.9470262531108916,penetration
1,Field Survey Technologies,GIS software,Software,%,EU Europe,Netherlands,0.2264938461018828,0.24245666039922142,0.2594572042589786,0.2772303666927002,0.29575305258531465,0.31499368908488246,0.33491197275797496,0.3455230574526685,0.37055746040313875,0.4101807628599138,0.4350074552804903,0.4454824317730988,0.47036583900543333,0.4959954245780603,0.5223227659947867,0.5492921280701175,0.5768407123555407,0.6048990526698381,0.6333915570290886,0.6622371912024935,0.6913502938477661,penetration
2,Remote Sensing Technologies,Drones,Hardware,%,EU Europe,Austria,0.06608886504864293,0.07398685962914642,0.08273101455631696,0.09237530323448427,0.1029802275101353,0.11460273650714307,0.12729413911281764,0.13843554295522267,0.16474788476422136,0.2064708811810588,0.23266140798931012,0.243722989716438,0.2682834376711832,0.29475037830893447,0.32073123627615546,0.34710752524113475,0.3769054774130407,0.40955907632587696,0.44383489602207077,0.4796149253993312,0.5167500488658063,penetration
2,Remote Sensing Technologies,Drones,Hardware,%,EU Europe,Belgium,0.035283665322711856,0.0395058072645974,0.044103502037118374,0.049160767202911786,0.05470553422505981,0.060763198926950555,0.06735549044578838,0.07345084183300256,0.08782869028421891,0.11057746778798645,0.12482624141115559,0.13083701270405368,0.14257638436149506,0.15370449996395158,0.1664683397973396,0.18134314002286206,0.1970416115456373,0.21352171158526378,0.230726093623643,0.24858203971849543,0.2670019864867656,penetration
2,Remote Sensing Technologies,Drones,Hardware,%,EU Europe,Bulgaria,0.0399100113413581,0.04455312714287225,0.049489163916236124,0.05488964692670399,0.06077903721450653,0.06717860780105997,0.07410528677824653,0.08055201496466176,0.09562532237733737,0.11909879367486788,0.13357207894385498,0.1396255263012425,0.15257304237132147,0.16441631451716882,0.17653083999032287,0.19095953866587068,0.2065026276816375,0.2227171987033017,0.239534783195901,0.25687212102629625,0.2746319572925546,penetration
2,Remote Sensing Technologies,Drones,Hardware,%,EU Europe,Cyprus,0.02369162742436168,0.026529709107536062,0.029655637529885624,0.03309904643224588,0.036879984951203815,0.041016891384484035,0.04552581794128544,0.049676485222777005,0.05948760017858572,0.07506972266884968,0.08486658047467233,0.08900790545569909,0.09711989409346401,0.10483585147098311,0.11368876117831876,0.1240079872823906,0.1349177591952197,0.14639149710478291,0.15839197158793286,0.17087118851409613,0.1837706819289034,penetration
2,Remote Sensing Technologies,Drones,Hardware,%,EU Europe,Czechia,0.07641590951137063,0.08554713356850545,0.09563514836989019,0.10675542880989423,0.11897572494499421,0.13235927151024365,0.1469623442251982,0.15990234215186314,0.19046479954566484,0.23893411584050134,0.2693638503124087,0.28221687849053206,0.31112870398320863,0.3403969716759604,0.36836390321251294,0.39891403061409414,0.4343491341331619,0.4716935280315201,0.5108394504125394,0.5516436637404132,0.5939277744431479,penetration
2,Remote Sensing Technologies,Drones,Hardware,%,EU Europe,Germany,0.07963710419009914,0.08921351805262026,0.09978113201283813,0.11143626494779828,0.12425120945678753,0.13829367589786853,0.15362422690514868,0.1671886347024496,0.1992502513066294,0.2501674865493835,0.2821782600991471,0.2957093519025759,0.3261578552348306,0.35700897784954017,0.38652376678742684,0.4187782674894503,0.45619389764014634,0.49565114768178925,0.5370396051293861,0.5802113327477209,0.6249811162326802,penetration
2,Remote Sensing Technologies,Drones,Hardware,%,EU Europe,Denmark,0.06272901471327753,0.07015100097721541,0.07810279567337078,0.08682560203473737,0.09636343451007721,0.10675563316031579,0.1180349674166178,0.12844039830063322,0.15286427795284185,0.19116530834128387,0.21494401161863183,0.22492662869085162,0.24634903606982014,0.2660924101046792,0.2863738889794435,0.31051595417299993,0.33658791063521104,0.3638790524605231,0.39228549965483667,0.42167806363952504,0.4519032638630542,penetration
2,Remote Sensing Technologies,Drones,Hardware,%,EU Europe,Spain,0.01780510727396256,0.019936954260162572,0.02221073514152438,0.02470674713530612,0.0274379367682214,0.030415950633341828,0.033650590677148755,0.03662819937206834,0.04362442688863576,0.05461589733898989,0.061452210356807896,0.06432502275983713,0.07049549354086407,0.07619287982056834,0.0820515391888288,0.08902431637955102,0.09655942147926906,0.10445388811759118,0.11267854336344046,0.12119686641808163,0.1299652581352153,penetration
2,Remote Sensing Technologies,Drones,Hardware,%,EU Europe,Estonia,0.08359357838179744,0.09364576085345387,0.10434186556089103,0.1160885620346482,0.12894847878765264,0.14297846577443737,0.15822705186838673,0.17188369957505806,0.20396609282123981,0.2543539420749656,0.28568393896754374,0.29884751876606963,0.3283712690244041,0.35807100910796136,0.38620593151478416,0.4168497890295173,0.4523739994306379,0.4896401179819322,0.5285181503746563,0.5688431237356103,0.6104160083006518,penetration
2,Remote Sensing Technologies,Drones,Hardware,%,EU Europe,Finland,0.08917579952406247,0.09994622208553143,0.11188267997846808,0.12506746510136613,0.13958810157857904,0.15552801248732667,0.17296369700325429,0.18806076364690513,0.22376508668471978,0.2805252322313245,0.31624577576613044,0.3313534712318467,0.36398103756287253,0.40109657241800667,0.4397379433750696,0.476856820547114,0.5163139308584346,0.5618708116305069,0.609811709915289,0.6599891315751947,0.712211562153154,penetration
2,Remote Sensing Technologies,Drones,Hardware,%,EU Europe,France,0.02783690070204888,0.031034288270027896,0.03451256317131389,0.03832419125834095,0.04248784853319481,0.04702015967037387,0.05193488247351358,0.05636452574322603,0.06673811213546056,0.0829389227250173,0.09295615283746698,0.09715224055460495,0.10654504760269334,0.11595840326165437,0.12482942091939271,0.13447530941171656,0.14565505167925571,0.15735112776462715,0.16951874261335917,0.18210223601791248,0.19503548307515442,penetration
2,Remote Sensing Technologies,Drones,Hardware,%,EU Europe,Greece,0.010009033521844523,0.011210027244978233,0.012490139127396929,0.013895571084340565,0.015433654287742227,0.017110992412215194,0.018933154683597624,0.020609775874809843,0.024550019412838207,0.030742726638595976,0.034595831722070085,0.03621534904476309,0.039694521333331956,0.04290817958862997,0.0462135062951292,0.05014727316984765,0.054398862359544504,0.058854037268520606,0.0634964376404438,0.06830555348856156,0.07325687431865463,penetration
2,Remote Sensing Technologies,Drones,Hardware,%,EU Europe,Croatia,0.05622667873470486,0.06290687086333038,0.07027841604746483,0.07839822068136447,0.08731450665850558,0.09707205440425201,0.10771042306422852,0.11715704798192703,0.13944482492634064,0.1747227539663833,0.19682793631535378,0.20615491099103053,0.22712377029569583,0.24832474879316416,0.26854878462821885,0.2906278604479491,0.3162341018140595,0.3431954066897062,0.3714306909417759,0.4008333048039327,0.43127135010107054,penetration
2,Remote Sensing Technologies,Drones,Hardware,%,EU Europe,Hungary,0.023972842236024115,0.026868386819837147,0.029957652251585667,0.03335204549825849,0.03706981488909228,0.04112751063518814,0.04553924046460783,0.04958885258449157,0.05911675994179198,0.07412226062099936,0.08347780971601867,0.08741447444493788,0.09587973387886793,0.10371508210674767,0.11178314426512144,0.12138367967927112,0.13176751895675184,0.1426593977819912,0.15402068913216224,0.16580258282179683,0.17794641233197175,penetration
2,Remote Sensing Technologies,Drones,Hardware,%,EU Europe,Ireland,0.04726347162577002,0.052665281081841854,0.05828872171872482,0.06441591386610811,0.07106979407720643,0.07826921983055429,0.08602769887124954,0.09333837725966763,0.11033172934446045,0.13651974905724729,0.15250192587228512,0.15914961168564204,0.17327782748469822,0.18605957800096387,0.19905834058408733,0.21456471222615606,0.23120664419892112,0.2484770428060368,0.2662924708774951,0.28455423829672966,0.30314956210508326,penetration
2,Remote Sensing Technologies,Drones,Hardware,%,EU Europe,Italy,0.022504509898106307,0.025063862469169675,0.027847864148543088,0.030894722652890453,0.03421842006557719,0.03783116096768883,0.041742719400826835,0.04537713617972716,0.05387943305516298,0.06713265129082147,0.07531204560351581,0.07873482298730011,0.08605736303826696,0.09276429315310669,0.09963064808885658,0.10780890686852099,0.11662198314183765,0.125820135838937,0.13536504605610597,0.1452099829779977,0.1553002408023595,penetration
2,Remote Sensing Technologies,Drones,Hardware,%,EU Europe,Lithuania,0.04063563090851568,0.045487646730822756,0.050680271600960974,0.05638255566767286,0.06262482685138852,0.06943459983635822,0.07683534222603895,0.08346470064306433,0.09903702610374183,0.1234904227649731,0.13869243417337532,0.14507911405640955,0.1594025927708201,0.17380984783037692,0.18745591472064452,0.2023181214632516,0.21954715959089474,0.2376195507630559,0.25647206724640514,0.276024522912937,0.29618022533064303,penetration
2,Remote Sensing Technologies,Drones,Hardware,%,EU Europe,Luxembourg,0.02675342492447514,0.029954814474840344,0.03345630251306171,0.03730978025851278,0.04153693775793861,0.046157578264265975,0.051188754292259046,0.055833371995632375,0.06679729687162836,0.08416780354233634,0.09506243288998305,0.09966164294963248,0.10865361811828497,0.11718778643513705,0.1269774466528741,0.13838698443102812,0.15043581322920985,0.16309269239709123,0.17631462845740983,0.1900467964682644,0.2042229152887563,penetration
2,Remote Sensing Technologies,Drones,Hardware,%,EU Europe,Latvia,0.08219762824473094,0.09200104862833448,0.10270043085873687,0.11447892019531236,0.1274058079377277,0.14154551053315345,0.15695503479453052,0.17055395110152433,0.20258266291474414,0.25311950273724343,0.28468679797439506,0.29798335119271135,0.32745761748045527,0.3591545214789178,0.39015210759762425,0.4215241489394429,0.4569373007770851,0.4956857680971905,0.536262059911905,0.5785142334760351,0.6222538856645956,penetration
2,Remote Sensing Technologies,Drones,Hardware,%,EU Europe,Malta,0.0,0.0,0.0,0.0,0.0,0.0,0.0,0.0,0.0,0.0,0.0,0.0,0.0,0.0,0.0,0.0,0.0,0.0,0.0,0.0,0.0,penetration
2,Remote Sensing Technologies,Drones,Hardware,%,EU Europe,Poland,0.030493607728684695,0.034117311193675164,0.03808364297702273,0.04244851806099421,0.047237025008513206,0.052472307247142205,0.05817460967753849,0.06325152827865581,0.07521366902944485,0.09410191500508158,0.10590874649087283,0.11088389265275315,0.12206107041990823,0.13334428178931834,0.14408454169830304,0.15580136182356943,0.16938795014982116,0.1836771297882979,0.19862376522054953,0.21416920770375877,0.23024152094707379,penetration
2,Remote Sensing Technologies,Drones,Hardware,%,EU Europe,Portugal,0.024737814200895734,0.027706128725418246,0.030974587890821973,0.03457671597524957,0.038534097462624615,0.04286676436528234,0.04759239598547689,0.05189135942511263,0.06204976592085239,0.07817410046029018,0.08830598312462896,0.09258756624704806,0.10182622505400668,0.11044301283020763,0.11935377441148196,0.12995220147394998,0.14144748088876438,0.15355032540996796,0.16622369161413172,0.1794190937705949,0.19307680776113695,penetration
2,Remote Sensing Technologies,Drones,Hardware,%,EU Europe,Romania,0.0294767322672753,0.033013674206197545,0.03677606971826357,0.040905836986364,0.04542432641089182,0.05035073003882984,0.05570118072132287,0.06062774572056642,0.07220185025755889,0.0903814151949084,0.10168600221146348,0.10643594451855336,0.11663719248982037,0.12605422970205007,0.1357366412704992,0.1472605254643644,0.15971278605070316,0.17275752485467197,0.18634636214263658,0.20041878181951692,0.21490258165777162,penetration
2,Remote Sensing Technologies,Drones,Hardware,%,EU Europe,Slovakia,0.056940838893934385,0.06378801201095047,0.0713198169603542,0.0796235858337949,0.08875017155991911,0.09874708598355751,0.10965667420935012,0.11931967898115992,0.14214733107898928,0.17836432988682896,0.20111090710359436,0.21072078574738232,0.23233976823052227,0.2542308435202711,0.27515581513095244,0.29801630095623166,0.3245329123566317,0.3524834928042785,0.3817880876406831,0.4123401813643732,0.44400691850655494,penetration
2,Remote Sensing Technologies,Drones,Hardware,%,EU Europe,Slovenia,0.04237974789372448,0.047554184971830754,0.053195851129424696,0.05941924658121802,0.06626321090946921,0.07376416498381395,0.08195474034454675,0.08919800085900495,0.10632309878859009,0.13353259612627458,0.15064692379975728,0.15788312687699635,0.1741685596999097,0.190674367182484,0.20647174942489527,0.22373803959909921,0.24376784746399766,0.26489534421295696,0.28706205016382674,0.31018938579815397,0.33417878772165444,penetration
2,Remote Sensing Technologies,Drones,Hardware,%,EU Europe,Sweden,0.07886754251504353,0.08843012565921433,0.09906059840764461,0.11081770179922043,0.12378393003405946,0.1380390098607519,0.15365746639058903,0.16690412123258172,0.19824393503611554,0.2480995381129398,0.2794962036269136,0.29278011176712504,0.322033934776353,0.35357926089305053,0.38871582604581273,0.4259108318170194,0.4627863080047954,0.5012483987388182,0.5442130194958356,0.5899130196179516,0.6376328346600522,penetration
2,Remote Sensing Technologies,Drones,Hardware,%,EU Europe,Netherlands,0.06822186988119726,0.07617392973183787,0.08502632571159364,0.09475930637660018,0.10542522239551863,0.11707126850404638,0.1297372931314978,0.14189591225292814,0.1705813651698573,0.21598338171827747,0.24443083133081767,0.25643349205251137,0.27573528107310435,0.29641903699205463,0.3235101908331859,0.3522083152410836,0.38245363657457615,0.4141578670485917,0.4472033462766657,0.48144322492917657,0.5167028213731863,penetration
3,Decision Support Systems,Total,Software,%,EU Europe,Austria,0.04390288527676506,0.04938110413916254,0.05547290518878579,0.062220403049099024,0.06966994740129633,0.0778651480314359,0.08684514683080864,0.09335084070776209,0.10894171162900788,0.13433712529678232,0.15071637854420034,0.1577388774843389,0.17031630505216228,0.18390341951078593,0.2017642020348428,0.22077507545710492,0.2408997529338534,0.2620804524291635,0.2842370003909122,0.30726677007941694,0.3310455784587717,penetration
3,Decision Support Systems,Total,Software,%,EU Europe,Belgium,0.017988892017648334,0.020227432473846875,0.022674848518004723,0.02537553387103105,0.028345056562169603,0.031597336805954716,0.03514392994905114,0.037492119541597924,0.04311447351435242,0.052257226163404114,0.05814398388436227,0.060665488082403796,0.06668633869537102,0.07312388395370542,0.07997150057366585,0.08721529951911122,0.094833562282857,0.10279642518478646,0.11106587173414044,0.11959607879845267,0.1283341404630705,penetration
3,Decision Support Systems,Total,Software,%,EU Europe,Bulgaria,0.006732247684399499,0.007545351052989478,0.008413231531634464,0.009365117720954944,0.010405303696926544,0.01153737411017581,0.012763960917895665,0.013578589214191703,0.015510013522958112,0.018594534972629834,0.020544620347779794,0.021371476880884487,0.023365694727361833,0.02548297103480072,0.027718839276389358,0.030066401807815724,0.03251620330642073,0.035056193965343645,0.03767179950880369,0.04034610945975872,0.04306018717653225,penetration
3,Decision Support Systems,Total,Software,%,EU Europe,Cyprus,0.012282485398070843,0.013812520920641736,0.015503838100837187,0.017372913595588648,0.01943110242410321,0.02168868563477851,0.02415437032734712,0.025774192368478104,0.029655613435442017,0.035976482918370085,0.040052301878963935,0.04179955586217854,0.046007590221196173,0.050514319265952304,0.055316302201019914,0.06040504517597569,0.06576657766062631,0.0713811978736982,0.07722343056425898,0.08326223092714179,0.0894614535364346,penetration
3,Decision Support Systems,Total,Software,%,EU Europe,Czechia,0.017518573089137957,0.019685277627173273,0.022084738020531486,0.024734897715583317,0.02765154054015767,0.03084889105834104,0.03433890760980084,0.03663040895147402,0.0421155584299733,0.05103075987362785,0.056768097835302234,0.05922490435951107,0.06515483047847803,0.07150165090954025,0.07825987268892204,0.0854168677717253,0.09295229201137878,0.10083774471138274,0.10903672905373335,0.11750496003494934,0.12619104533997424,penetration
3,Decision Support Systems,Total,Software,%,EU Europe,Germany,0.032974728876880036,0.037123476837309995,0.041724955621491734,0.04682469070850829,0.05245835949708947,0.05865964912564977,0.06545894870156413,0.0703629643775245,0.08211564213571862,0.10125983248308848,0.11360768300550647,0.1189018503023536,0.12844973679817603,0.13876946744890806,0.1523264623623291,0.1667663443683751,0.182063063656902,0.19817426070411792,0.21504054556893765,0.23258540678399395,0.2507158459935177,penetration
3,Decision Support Systems,Total,Software,%,EU Europe,Denmark,0.021930025247120663,0.024652298850089745,0.027588701299378512,0.030827399080815422,0.03438771081433989,0.03828728890279938,0.04254130165588101,0.04565675654363806,0.053083498648654456,0.06506285561245288,0.07271278245282271,0.07597450432347418,0.08172201654782142,0.08790758941896262,0.0960803107850599,0.1047355325872397,0.1138502731033618,0.12339173490268561,0.13331707314873145,0.14357356129303464,0.1540992014026247,penetration
3,Decision Support Systems,Total,Software,%,EU Europe,Spain,0.003511134211546976,0.0039471485314595345,0.004414056330126919,0.0049278721553151815,0.0054912642053228785,0.006106554800039304,0.006775586147476805,0.007219813912463672,0.008279214544512171,0.009989318491251717,0.011082210529792805,0.011548387641035239,0.012663894929641333,0.013852891829600615,0.015113574980060118,0.01644278597646098,0.01783592179186409,0.019286893147485027,0.020788141273184818,0.02233072061837743,0.02390445084685475,penetration
3,Decision Support Systems,Total,Software,%,EU Europe,Estonia,0.034382427367803385,0.03870828629902933,0.043341496047005455,0.048454670635053564,0.054078937115008434,0.060242864906152584,0.06697117149989483,0.07187295111285398,0.08355648300856468,0.1023975415740833,0.11442638512813645,0.11955446814817301,0.12866580197616023,0.1384766498097044,0.1514295725180314,0.1651568012415001,0.1796232766216305,0.19477837055662936,0.2105554798239321,0.22687224644577325,0.24363148177598,penetration
3,Decision Support Systems,Total,Software,%,EU Europe,Finland,0.09141795054518191,0.10289522601298094,0.11565885328351093,0.12980206271571634,0.1454224144472675,0.16261156677411276,0.18145160741278213,0.19480867124378845,0.22678838843589602,0.27878723955647877,0.3122647053445265,0.3266035291072133,0.3516396148379013,0.38272581834167835,0.4200617610375503,0.4598074049620598,0.5018861910600815,0.5461766339801669,0.5925105885033334,0.6406732860433488,0.6904053880337875,penetration
3,Decision Support Systems,Total,Software,%,EU Europe,France,0.003935595234521061,0.004404052370158842,0.004915034077452592,0.005476054366505998,0.0060897619360026755,0.006758399982582755,0.007483661932362516,0.0079678667409723,0.009119451531094962,0.010969038947905093,0.012145084599995646,0.012645319034458926,0.013838703129267951,0.015107346630842136,0.016448814866997577,0.017859219223548353,0.01933313486080719,0.02086357138864853,0.02244200702834386,0.024058493509642433,0.02570183428208294,penetration
3,Decision Support Systems,Total,Software,%,EU Europe,Greece,0.0016101873314026242,0.001811728806842834,0.002027756331022937,0.0022658919878761575,0.0025274936679037436,0.002813780986995321,0.0031257737277870386,0.0033484139939328156,0.003879839850604285,0.0047390779101318505,0.005289107209698811,0.005523940079760579,0.005892208845406549,0.006453847830286316,0.0070509673688470735,0.00768237278738978,0.008346187135399169,0.009039818816961443,0.009759955098262768,0.010502585897647198,0.011263060537401167,penetration
3,Decision Support Systems,Total,Software,%,EU Europe,Croatia,0.003777532235332315,0.004242139736739134,0.004756061763462596,0.00532325365370273,0.00594700333559717,0.006630254743995817,0.007375457102773333,0.007868505446994174,0.009049154519976335,0.010969438205025574,0.012206102728714266,0.012735868982190677,0.014001760404823748,0.01535549779858255,0.01679572579512206,0.018319562111001494,0.019922478087693908,0.021598231244846996,0.02333886251429259,0.025134767829631654,0.02697484916218843,penetration
3,Decision Support Systems,Total,Software,%,EU Europe,Hungary,0.004104579250756578,0.00461862318179249,0.00516926736328424,0.005775806280654484,0.0064415085614408975,0.007169247435798341,0.007961341340353529,0.008486532372845952,0.009740626756041674,0.011769813165334528,0.013069741912198857,0.013624973060836123,0.014953527710534513,0.0163711378934033,0.017875890706989438,0.019464262456158874,0.02113100582187543,0.022869093337067475,0.024669729890185302,0.02652244363987978,0.028415259760899914,penetration
3,Decision Support Systems,Total,Software,%,EU Europe,Ireland,0.023712892420388213,0.02652803853508896,0.02947240291132452,0.03268835840064197,0.03618778675778438,0.039979922290358266,0.04407055931887715,0.046799505063791456,0.053232874983830815,0.06340113720203124,0.06976340553034521,0.07244575954260103,0.07892505977011595,0.08577170989128927,0.09296657556610026,0.1004826400479764,0.10828472465627685,0.11632951453631363,0.12456593864889659,0.13293593287047686,0.14137558815589515,penetration
3,Decision Support Systems,Total,Software,%,EU Europe,Italy,0.012987904006556724,0.014522431291192066,0.01619695980237709,0.018034115118626255,0.020042298088869023,0.022228553799439058,0.02459810170892803,0.026175560721468753,0.029920429231814757,0.03591517868333981,0.03971414969026701,0.04132706166698985,0.04519810696798434,0.04930979104201262,0.05365370240733186,0.058216711157868646,0.06298071614533145,0.06792256557767987,0.07301418450725043,0.07822293184368348,0.08351219423530659,penetration
3,Decision Support Systems,Total,Software,%,EU Europe,Lithuania,0.007808737962877073,0.008773814559388552,0.00981008000153149,0.010950244250012713,0.012200184824113391,0.013565007092256628,0.015048746759495697,0.01603138539815251,0.01837281724694842,0.022146527294514277,0.024554437308380396,0.025580642619650946,0.028047043739612927,0.03067537865733307,0.03346157588801309,0.036398566965532765,0.03947609060537871,0.04268060316733891,0.04599531839855895,0.04940039303590401,0.05287326547556758,penetration
3,Decision Support Systems,Total,Software,%,EU Europe,Luxembourg,0.01126044478339104,0.012661696243329808,0.01420020773669235,0.015898811649772197,0.01776748580680295,0.019815192767682597,0.022049427596810778,0.02352601335187826,0.02706315116602706,0.0328201578388277,0.03653028622304974,0.03812026900103417,0.04192280252144989,0.04599089457595209,0.050320740625602454,0.054903954865408826,0.059727204688938135,0.06477200043660797,0.07001467878109859,0.07542660922133598,0.08097463947149298,penetration
3,Decision Support Systems,Total,Software,%,EU Europe,Latvia,0.02259871611393848,0.025382104369916225,0.02842645004317256,0.031782260911641665,0.03546813036013535,0.03950052019530471,0.043892874941231876,0.046768974171602036,0.053627117463941484,0.06469522480924825,0.07176704964925537,0.07478318927436145,0.08212786401714682,0.08997135729970963,0.09830410060188856,0.1071076357796599,0.11635396530538969,0.12600521030520107,0.1360136479148334,0.14632218142798584,0.15686526958134198,penetration
3,Decision Support Systems,Total,Software,%,EU Europe,Malta,0.0,0.0,0.0,0.0,0.0,0.0,0.0,0.0,0.0,0.0,0.0,0.0,0.0,0.0,0.0,0.0,0.0,0.0,0.0,0.0,0.0,penetration
3,Decision Support Systems,Total,Software,%,EU Europe,Poland,0.0098924571910178,0.011116594019263744,0.01246194283836004,0.013947636673856048,0.015582707957181863,0.017375390710873635,0.01933273322745516,0.02071843384134407,0.024030700455256012,0.029400214570198435,0.03284659009487201,0.034320190520724166,0.03666657088764365,0.040225580371572596,0.044017334036631904,0.04803544753785123,0.05226921949377571,0.05670339422908059,0.06131808498241158,0.06608888710957246,0.07098720029048812,penetration
3,Decision Support Systems,Total,Software,%,EU Europe,Portugal,0.0046917933719580725,0.0052756408521112885,0.005920456478300008,0.006632882784993258,0.007417213814245546,0.008277330305862423,0.009216509331303855,0.009838743475148612,0.011331888244546071,0.013769966144724581,0.015346373904161012,0.01602319355756953,0.017632772032348004,0.019356164557464084,0.021191984907605016,0.02313691246326958,0.025185531904653,0.027330237824528012,0.029561220744968298,0.03186654735370715,0.034232342055058276,penetration
3,Decision Support Systems,Total,Software,%,EU Europe,Romania,0.002698645106688535,0.0030344649138405165,0.0033931562154193204,0.0037878497833831373,0.004220588266090802,0.004693147873791961,0.005206935322329072,0.00554849263650496,0.006363130302456275,0.0076783920185787965,0.008519115897150022,0.008877769465017933,0.009734578254091393,0.01064774439806729,0.011615869152691267,0.012636512822445383,0.013706126314821068,0.014820019569670452,0.015972374866278994,0.01715631079310686,0.018363999414401238,penetration
3,Decision Support Systems,Total,Software,%,EU Europe,Slovakia,0.008429520989286229,0.009478491862110376,0.010635282442795789,0.01191313254595442,0.01331969455524208,0.01486187380853792,0.016545487454100533,0.017657611903096827,0.020323801499011956,0.02466964870261667,0.027474550046636577,0.02867760566286682,0.03155325872328145,0.03463161521820113,0.037910096854446,0.04138266711731729,0.045039547388270304,0.04886704941573236,0.052847553478104846,0.056959654981749874,0.06117849198318329,penetration
3,Decision Support Systems,Total,Software,%,EU Europe,Slovenia,0.013874823090618623,0.015627120727123696,0.017543111369255984,0.019660811204956746,0.021993157862315243,0.024551880510268707,0.027346932940452297,0.02919566940068381,0.033633264419551716,0.04088304552793346,0.04557314876348041,0.04758742756088842,0.05238554002614281,0.05752515810172856,0.06300250740763506,0.06880805539828024,0.07492602467020767,0.08133409848389449,0.08800336803363218,0.09489856020715876,0.10197856763881687,penetration
3,Decision Support Systems,Total,Software,%,EU Europe,Sweden,0.0592785033436655,0.06672075848214444,0.07501457691478736,0.08420723531019773,0.09436266517662159,0.10554102671154435,0.11779632267711677,0.12649417730207596,0.1473336084292288,0.18126328241612202,0.20313705853019695,0.21251294370815027,0.22885654775441794,0.24914624141856656,0.2735147558506787,0.299463989611651,0.3269451689889442,0.3558802010903237,0.38616050993207146,0.4176470248140014,0.4501714837925277,penetration
3,Decision Support Systems,Total,Software,%,EU Europe,Netherlands,0.038626215496342334,0.04332304165975431,0.0485706174338124,0.05436200517544207,0.06073075175626692,0.06770688883360895,0.0753153940949886,0.08034913891606843,0.09240234872642357,0.1120048091328411,0.12462772655800272,0.13003491155467783,0.1429572528791862,0.15677601477115746,0.17147731098040497,0.18703166737549895,0.20339280375692195,0.22049694680684326,0.23826280342897702,0.25659229316218257,0.27537209154123216,penetration
4,Telematics Systems,Total,Hardware,%,EU Europe,Austria,0.15747346312629149,0.1537456112272014,0.15642459537631045,0.179042804290429,0.18817354428534633,0.19737240223382127,0.2065932808111048,0.2135086402809411,0.2300623624603845,0.25696913432648344,0.2742858097645004,0.28170127265696765,0.2885323962669778,0.29423167687461943,0.3013485739864771,0.3078505874047519,0.3137204322035512,0.31894951884726963,0.3235374331601976,0.32749122314808704,0.33082454542282763,penetration
4,Telematics Systems,Total,Hardware,%,EU Europe,Belgium,0.20526329713245786,0.21854274756773626,0.23225125066969413,0.24634971879662398,0.2591579611781177,0.27208760759030154,0.2850814046954378,0.2944521781545483,0.3171294429988328,0.3547472401312354,0.3794678990300402,0.3901792437116373,0.40068805556700615,0.4096983147245803,0.4203640288346359,0.4302975952540214,0.4394824521469203,0.44791186960211665,0.4555881179966443,0.46252147922833925,0.4687291617275105,penetration
4,Telematics Systems,Total,Hardware,%,EU Europe,Bulgaria,0.11419940143328522,0.11624401230383671,0.11183761966348038,0.14289823071362845,0.14820441853811123,0.15353064490290289,0.15886443480963278,0.16303238385818686,0.17320437478884196,0.19035000066090246,0.20180633014925142,0.206817773925213,0.2114875885378657,0.21564583993133893,0.22048053565009118,0.2251181615522407,0.2295541460668215,0.23378562129012764,0.23781131675545436,0.24163143592583933,0.24524752038491202,penetration
4,Telematics Systems,Total,Hardware,%,EU Europe,Cyprus,0.1338174102630789,0.11926906399942161,0.0898483072262585,0.1586196300319707,0.17120556769520762,0.18470146705753449,0.19916349811733028,0.20809727396851724,0.23118418851356293,0.27479444916434176,0.3078114708806104,0.32338738170100517,0.3459478105696925,0.3695906709129822,0.39685527511894686,0.42589535787899846,0.4568045522822524,0.4896797284058636,0.5246210165329708,0.5617318316802071,0.6011189005682316,penetration
4,Telematics Systems,Total,Hardware,%,EU Europe,Czechia,0.0769154461041403,0.09107871047334495,0.11786530177867717,0.17125869880515968,0.18103829274125025,0.19093641251909682,0.20090005063004113,0.2080516725472428,0.22524034000929197,0.25338985189922464,0.27164576415443353,0.27949712640074614,0.28714708885546836,0.29357806647742657,0.30135908713025195,0.30848280159613184,0.31493295416143086,0.3207034802372708,0.32579766458629617,0.3302270903690248,0.33401045630248344,penetration
4,Telematics Systems,Total,Hardware,%,EU Europe,Germany,0.23900651086326694,0.23875492772769633,0.24598860265982367,0.2994812036507207,0.31120446336666957,0.32293259572841304,0.3346246511951303,0.3439745569096186,0.36648797771119773,0.4034840761243452,0.42756157584389226,0.43793711648525796,0.44693637132908187,0.4545942179418926,0.4641208174955329,0.47301326099416324,0.48125463952807274,0.48883441321140136,0.49574812963451287,0.501997037141519,0.5075876149141821,penetration
4,Telematics Systems,Total,Hardware,%,EU Europe,Denmark,0.312567494006012,0.3288429967734697,0.3452591072997843,0.3617493372239686,0.3814353946239422,0.4013652995056708,0.42147273376479155,0.4346998204986413,0.46741574814025266,0.5239991609482009,0.5628508765812619,0.5801176215985293,0.5985268507033231,0.6149177700350781,0.6326518943914012,0.649653963498375,0.6659397986862714,0.6815328015958543,0.6964623254354257,0.7107621722557336,0.7244692478455595,penetration
4,Telematics Systems,Total,Hardware,%,EU Europe,Spain,0.20798578323391378,0.20247625639941028,0.2183780038877662,0.21541073883153555,0.22977146409004967,0.24440954405460705,0.2592311803470773,0.2696834475759476,0.2946835125584606,0.33525853920002224,0.36133222809415927,0.37248820879486333,0.38365763601647707,0.3929251970034301,0.4041923030854156,0.4143374452836208,0.4233318008361197,0.431167744188901,0.4378568625694634,0.4434274521306064,0.44792171281406884,penetration
4,Telematics Systems,Total,Hardware,%,EU Europe,Estonia,0.2595736125776803,0.30876753829902365,0.31324473392553015,0.3346246887506521,0.35118681761800025,0.36787960815566806,0.3846324829975436,0.3972045984971646,0.4276000175149435,0.47793034124865447,0.5109436768152121,0.5252331101210703,0.5398516557358513,0.5531896521263139,0.5696721636455391,0.5855684872407857,0.6008233104889679,0.6153884636337269,0.6292233095518244,0.6422949498185675,0.6545782533564943,penetration
4,Telematics Systems,Total,Hardware,%,EU Europe,Finland,0.3995588014528908,0.3828012562811993,0.4132620975189197,0.45404853673536105,0.477294335781968,0.500745067040247,0.5242974297276175,0.541382670291897,0.5826976025403243,0.6511345386779409,0.6960418900016131,0.7154837562398841,0.7343895519847693,0.7505761067972662,0.7698223089328026,0.7877347401048487,0.8042825805275028,0.819452681492265,0.8332481318166933,0.8456865351941484,0.8567981049128212,penetration
4,Telematics Systems,Total,Hardware,%,EU Europe,France,0.22730695958452202,0.21186611055800642,0.23584192320312397,0.24585321408409658,0.259374689907393,0.2730590125468911,0.28686827502950113,0.29551525629937336,0.31711046065048276,0.35517380466433146,0.3818472845798406,0.393845764634542,0.40678470293910296,0.4184078558242412,0.43047544398377013,0.44217597266067776,0.4535431173884572,0.46461157445071566,0.4754161124291426,0.48599084454806496,0.49636869391698035,penetration
4,Telematics Systems,Total,Hardware,%,EU Europe,Greece,0.1375165603994571,0.143294645347865,0.14890893667646127,0.1543348779270598,0.16307125327777067,0.1718817959261838,0.1807464805237133,0.18586772040174068,0.19877729114998863,0.22195639895690278,0.23853143684368588,0.24607871394819647,0.2539874893115295,0.26102083034550805,0.26789352562395563,0.27469205425436943,0.28145928911023205,0.2882307458328299,0.2950357839197799,0.30189868651952906,0.3088395973792604,penetration
4,Telematics Systems,Total,Hardware,%,EU Europe,Croatia,0.12441345498297128,0.14013528424633717,0.1400652161747411,0.15384453719789723,0.16167572659544802,0.16956327642442007,0.1774665241533279,0.18345730082917025,0.1977571975599627,0.2208791044085136,0.23568095972299494,0.2420007178918287,0.24773412546849805,0.2524836257407501,0.25850539746396906,0.2639786017385884,0.26888702247991786,0.2732223513200196,0.2769837614836428,0.28017729360359606,0.2828151011017647,penetration
4,Telematics Systems,Total,Hardware,%,EU Europe,Hungary,0.18851701343130103,0.16352812800061609,0.20517119137623915,0.21354010361031284,0.2235617358571382,0.23368777116863287,0.24389268489193724,0.25097105861118546,0.26845474927175905,0.29861305332031235,0.31926180308601354,0.32842335569159703,0.3379516278356505,0.34654411986666867,0.3559595678863645,0.3650524968291403,0.3738245425808144,0.3822805846737855,0.3904282490290802,0.39827742391364723,0.40583980191531227,penetration
4,Telematics Systems,Total,Hardware,%,EU Europe,Ireland,0.34946151950707344,0.3752206351541593,0.4021641399590466,0.4302446570843123,0.4518563660443257,0.47360752963475117,0.49538453803516674,0.5120698347772972,0.5518099778938348,0.6158074733110144,0.6566091037084486,0.6739900395586019,0.6894755607817591,0.7022232496762716,0.7186127317086005,0.7334502512847414,0.7466888956301383,0.758304136169068,0.7682927308206394,0.7766710738143365,0.7834731240409225,penetration
4,Telematics Systems,Total,Hardware,%,EU Europe,Italy,0.19305092376905672,0.20043413269052895,0.2078980360305577,0.25625214001528945,0.26484821942818654,0.2734610338034323,0.2820726520020753,0.2891021787008498,0.3062347152001681,0.3350385334988863,0.3542328131664319,0.36261613277848687,0.3701363944204374,0.37683690444419876,0.3847174047026288,0.39228871936835347,0.39954297324655497,0.40647467333537474,0.41308059333884667,0.4193596334809625,0.425312661148657,penetration
4,Telematics Systems,Total,Hardware,%,EU Europe,Lithuania,0.17807723871587214,0.18582525548745743,0.19079561597482006,0.1947678187445479,0.2070103634534457,0.2194536549320175,0.23202297742493289,0.2409463178253768,0.26232843407906953,0.2971490402158076,0.3196020185546284,0.329227331741212,0.3387707155405105,0.3467287944261872,0.35639154380025956,0.36514965162461366,0.37297988934290005,0.379874926380629,0.3858419229630474,0.39090075528656587,0.39508201882697763,penetration
4,Telematics Systems,Total,Hardware,%,EU Europe,Luxembourg,0.1828282024238046,0.24008377527965127,0.30535796725093406,0.26869352661198276,0.2813097306090958,0.29401959539192035,0.3067766026994695,0.31636651341767424,0.3396499206917798,0.3785115552537929,0.4042129582507797,0.4153897864700902,0.42687442163878075,0.4374503809389002,0.45033634089879243,0.46285472046160187,0.4749688844818399,0.4866463892005332,0.4978592131807373,0.5085838912712235,0.5188015546709904,penetration
4,Telematics Systems,Total,Hardware,%,EU Europe,Latvia,0.2269510789776253,0.23616285572877843,0.2632143317453984,0.25106196412570564,0.2671212806831901,0.28345662115800063,0.2999733988959056,0.3114009811506873,0.33896158732472415,0.3843884115242803,0.4140444411360209,0.4268462727368707,0.43992121572249054,0.45095031583844575,0.4639659022488087,0.4758815091622974,0.4866748575582809,0.496342413866055,0.5048973621122234,0.51236723987167,0.5187914120899256,penetration
4,Telematics Systems,Total,Hardware,%,EU Europe,Malta,0.0,0.0,0.0,0.0,0.0,0.0,0.0,0.0,0.0,0.0,0.0,0.0,0.0,0.0,0.0,0.0,0.0,0.0,0.0,0.0,0.0,penetration
4,Telematics Systems,Total,Hardware,%,EU Europe,Poland,0.13675868873116617,0.13855764092347367,0.14050370135366463,0.16084022038851709,0.16884007317210503,0.17688408618832185,0.18492865143780512,0.19117615062620136,0.20599933480664043,0.22970385191771747,0.24471033441314982,0.25107794657588767,0.2565821359383803,0.2610564568638506,0.2669489358967862,0.2722388935024714,0.27690792570810324,0.2809464381742056,0.28435326077937695,0.2871350318824241,0.28930540298133106,penetration
4,Telematics Systems,Total,Hardware,%,EU Europe,Portugal,0.20849078980542163,0.1955903730612927,0.20658611903829924,0.23442982521705344,0.24621461658909305,0.2580880714766038,0.26999504587267137,0.2788215398955549,0.3000538624548696,0.33488108016484464,0.35750463343445826,0.36724334777789375,0.3764122040429741,0.3841634351657336,0.39362244435227034,0.4023506662090225,0.4103289725718655,0.41754806942736017,0.4240078345380553,0.4297164640619719,0.4346894858430336,penetration
4,Telematics Systems,Total,Hardware,%,EU Europe,Romania,0.11044915796773859,0.11959128890995786,0.12979421622864146,0.13808918043706492,0.14484071922846328,0.15163463964427523,0.15843899699462952,0.16358655944916353,0.1759274687901444,0.19604363615054637,0.20902748116619896,0.21459651445362748,0.2197057149701348,0.22399104329823757,0.22932598666841159,0.23422541822884801,0.23867697990262204,0.2426741476327842,0.24621590064959709,0.2493062672476408,0.25195377931856755,penetration
4,Telematics Systems,Total,Hardware,%,EU Europe,Slovakia,0.11029586895790769,0.11331328815424244,0.12330529714627307,0.13607297802597113,0.14229573474055573,0.1485543550472226,0.1548251803344993,0.15951964603160135,0.17088251853076375,0.18973871173155823,0.20213493686416167,0.20750734920966915,0.21259291472699893,0.21697776477043645,0.22221451124542968,0.2271232619455544,0.23169592823855906,0.23592823937544433,0.23981948227594993,0.2433721821151477,0.24659174189321706,penetration
4,Telematics Systems,Total,Hardware,%,EU Europe,Slovenia,0.10599884381533867,0.12196584552059433,0.11959812047672068,0.12413031214221107,0.1316641297626723,0.13930702293912944,0.14700546322512828,0.15300421533490197,0.16700919780002507,0.18876086999726116,0.20213738474752488,0.2077241814023866,0.21251562224781395,0.2162808995555654,0.22153350863487806,0.22605770166357814,0.22982716412886958,0.2328301697759783,0.2350689950797222,0.23655878324862878,0.23732598290523776,penetration
4,Telematics Systems,Total,Hardware,%,EU Europe,Sweden,0.3850415532156289,0.3902997482624218,0.4126267001314791,0.46519899725698194,0.48677289041774585,0.508481092279715,0.5302409965749645,0.546418672230191,0.5856027145841106,0.650709060413207,0.6935664763057666,0.7121542991809585,0.7298768390479192,0.7451745098609016,0.7633669226889588,0.7804276614972334,0.7963296655494845,0.811059182995161,0.8246148164747436,0.8370063674061083,0.8482535441749902,penetration
4,Telematics Systems,Total,Hardware,%,EU Europe,Netherlands,0.27709879069235654,0.30012666626266155,0.33314555636716126,0.36500347303607417,0.38131416320330247,0.39756482350053907,0.4136333022947257,0.4283429140458532,0.461719866298062,0.5110327129810144,0.5399325478554429,0.5516986833080136,0.5575457276237805,0.5610954318988954,0.5693673492073802,0.5757544328921219,0.5801998108304253,0.5826802399942814,0.583206043462762,0.5818196859918743,0.5785931334961256,penetration
1,Field Survey Technologies,Sensors,Hardware,Units,EU Europe,Austria,32230.30305929093,35607.520271407455,39279.0978232386,43258.108436317205,47555.5654379246,52179.83699751309,57136.035345459735,60019.99970617048,66839.67866127731,77678.64840624903,84498.32736135587,87382.29172206661,94736.0100011414,102504.79494636343,110678.65592968639,119241.878581494,128172.76295840305,137443.5220057605,147020.36587833497,156863.78996664504,166929.0741828446,shipments
1,Field Survey Technologies,Sensors,Hardware,Units,EU Europe,Belgium,10217.24310435304,11287.845798002023,12451.762884184378,13713.138511768047,15075.463986497629,16541.39207963238,18112.54340579921,19026.78131797353,21188.669701392904,24624.702824673746,26786.59120809312,27700.82912026744,30032.01189692374,32494.77385931522,35085.94790487612,37800.55246286832,40631.70849164925,43570.60729053679,46606.53723008852,49726.97505856612,52917.744179232934,shipments
1,Field Survey Technologies,Sensors,Hardware,Units,EU Europe,Bulgaria,12765.541158237875,14104.03753589952,15559.294631494922,17136.507998938574,18840.056903165485,20673.27163834661,22638.190840162446,23782.537629400093,26488.561955576148,30789.426555458213,33495.45088163427,34639.797670871914,37554.93423110264,40634.61013966031,43874.864944978486,47269.46920888034,50809.820711929286,54484.90420226959,58281.3248217546,62183.42228438662,66173.46880156817,shipments
1,Field Survey Technologies,Sensors,Hardware,Units,EU Europe,Cyprus,1063.9468038439009,1175.4313112066757,1296.6328771413678,1427.9830421230024,1569.8453644569138,1722.4960837777846,1886.1039586964223,1981.3058144882623,2206.4286007735695,2564.231231295192,2789.3540175804997,2884.5558733723396,3127.307703691685,3383.7612001733723,3653.5865645912195,3936.265053658919,4231.080335750184,4537.115139068594,4853.254035137722,5178.192946769164,5510.45562986916,shipments
1,Field Survey Technologies,Sensors,Hardware,Units,EU Europe,Czechia,16410.96657471487,18130.571838172644,20000.058959306156,22026.084282479314,24214.255553469677,26568.833661444845,29092.421642488138,30560.873324100536,34033.30494153402,39552.271668649555,43024.70328608304,44493.15496769543,48237.50774823739,52193.20341227287,56355.15495014434,60715.360947963694,65262.77226837473,69983.24034987361,74859.56014106394,79871.61675737405,84996.63970652812,shipments
1,Field Survey Technologies,Sensors,Hardware,Units,EU Europe,Germany,81343.5872179747,89867.08643368109,99133.49910952595,109175.81848364997,120021.84024716477,131692.684180435,144201.2526491874,151479.86886565454,168691.53295900245,196047.17647191492,213258.8405652629,220537.45678173,239096.94172079265,258703.9815493303,279333.36168830685,300945.42184681207,323485.39520388324,346883.1521457982,371053.413076594,395896.47534560197,421299.4733567583,shipments
1,Field Survey Technologies,Sensors,Hardware,Units,EU Europe,Denmark,9961.743621885173,11005.574080464261,12140.385447019724,13370.21823895256,14698.476455989321,16127.746532347366,17659.608556437855,18550.984399947734,20658.811099850776,24008.920390667783,26116.747090570825,27008.122934080704,29281.010533956887,31682.18695899686,34208.564305402884,36855.28557505712,39615.64374841352,42481.050401281616,45441.06176666986,48483.467757977065,51594.44628829789,shipments
1,Field Survey Technologies,Sensors,Hardware,Units,EU Europe,Spain,71029.69589600297,78472.46523981256,86563.95096011141,95332.96294532352,104803.7725554221,114994.82170608845,125917.37681850279,132273.10704975,147302.4327560118,171189.54059347234,186218.86629973416,192574.59653098136,208780.84727912594,225901.82908080018,243915.5244181845,262787.3016934008,282469.3381982157,302900.39634394704,324006.0094888527,345699.1166955038,367881.16306560155,shipments
1,Field Survey Technologies,Sensors,Hardware,Units,EU Europe,Estonia,27975.412090493086,30906.785185380282,34093.65857114173,37547.37917093085,41277.50638506157,45291.30365714597,49593.208325276595,52096.44545887597,58015.82290757733,67423.8835359294,73343.26098463078,75846.49811823014,82229.41356510198,88972.60055546922,96067.3873763752,103500.13419437033,111252.00578915371,119298.88342056735,127611.438017672,136155.3801812124,144891.89355616024,shipments
1,Field Survey Technologies,Sensors,Hardware,Units,EU Europe,Finland,312292.26974161045,345015.4751871849,380590.8554460797,419145.0773346657,460784.85337648843,505591.26610518224,553613.8499612065,581557.7316679176,647636.3228583743,752659.4266464756,818738.0178369323,846681.8995436433,917935.0108838617,993209.8688091727,1072409.6701370873,1155382.152068649,1241917.0551917776,1331745.1396438796,1424539.0021286812,1519915.8667182757,1617442.4226333394,shipments
1,Field Survey Technologies,Sensors,Hardware,Units,EU Europe,France,122721.97722018765,135581.26597743417,149561.37829127375,164712.0906168394,181075.33793988836,198682.98338932166,217554.49259097356,228535.6430917273,254502.64947817073,295773.7413349777,321740.7477214212,332721.8982221749,360722.3438111636,390303.22138846084,421426.4900574216,454032.31486996834,488038.069859083,523337.9514187036,559803.2993680949,597283.6936576548,635608.8554789019,shipments
1,Field Survey Technologies,Sensors,Hardware,Units,EU Europe,Greece,28224.06313169593,31181.49085519199,34396.68980709659,37881.107764278815,41644.389092908816,45693.86179553388,50034.00265019237,52559.489054602614,58531.47911044381,68023.16045771047,73995.15051355168,76520.63691796192,82960.28499013488,89763.40677112315,96921.25347205605,104420.06402592442,112240.83580123344,120359.23568565308,128745.67392561308,137365.55635084,146179.7215988018,shipments
1,Field Survey Technologies,Sensors,Hardware,Units,EU Europe,Croatia,10421.387388803778,11513.381119016514,12700.55369773163,13987.132075439442,15376.677315460622,16871.895192402288,18474.43870136914,19406.943424119698,21612.02713455517,25116.7134665477,27321.79717698317,28254.301899733728,30632.06256780396,33144.03142225527,35786.97808064486,38555.82143861452,41443.54500873325,44441.16408923143,47537.75302836087,50720.53835519604,53975.0602193704,shipments
1,Field Survey Technologies,Sensors,Hardware,Units,EU Europe,Hungary,9219.714597101585,10185.792352276701,11236.074041739437,12374.299213371753,13603.618310224447,14926.42510854928,16344.18199934346,17169.161158399205,19119.9803453699,22220.547143994863,24171.366330965557,24996.3454900213,27099.930542753664,29322.248459822058,31660.441348793287,34110.013998974835,36664.75898239437,39316.72760825232,42056.254043474124,44872.037704754104,47751.28608294522,shipments
1,Field Survey Technologies,Sensors,Hardware,Units,EU Europe,Ireland,7521.428996454798,8309.553744143665,9166.37193199234,10094.934277414764,11097.810907009158,12176.95465976217,13333.558552001441,14006.575281862411,15598.050575938707,18127.488204295903,19718.9634983722,20391.98022823317,22108.081680777486,23921.045221539796,25828.53938626604,27826.896988982953,29911.05401949232,32074.52594805798,34309.42740291531,36606.53938557396,38955.42578673546,shipments
1,Field Survey Technologies,Sensors,Hardware,Units,EU Europe,Italy,76033.28851598622,84000.35386432114,92661.83355297463,102048.56694470937,112186.53516322629,123095.47924047124,134787.45924570583,141590.91045447538,157678.95705540752,183248.7604891333,199336.80709006547,206140.25829883502,223488.13686360072,241815.18349645694,261097.82968477454,281299.0042537437,302367.51568794483,324237.81259806716,346830.18263866176,370051.4319801549,393796.0631552905,shipments
1,Field Survey Technologies,Sensors,Hardware,Units,EU Europe,Lithuania,14146.471590348747,15628.794212564082,17240.316990776653,18986.777782413123,20873.010538963626,22902.688203596033,25078.054628056307,26343.87952028028,29337.161786855424,34094.5845539892,37087.86682056435,38353.69171278832,41581.37364078595,44991.235946980785,48578.89356134832,52337.44915863139,56257.37823538308,60326.484543293045,64529.9370990867,68850.39660456726,73268.23459235522,shipments
1,Field Survey Technologies,Sensors,Hardware,Units,EU Europe,Luxembourg,684.6720885605087,756.4147078554198,834.4104581932204,918.9370449227742,1010.2284254405672,1108.4623657466834,1213.7474655475235,1275.0118569666633,1419.883092738651,1650.1365917356045,1795.007827507592,1856.272218926732,2012.488114370145,2177.5213194330213,2351.159602038053,2533.06913999791,2722.7889588833254,2919.728775050077,3123.1707868732738,3332.2757933242538,3546.093800358907,shipments
1,Field Survey Technologies,Sensors,Hardware,Units,EU Europe,Latvia,13379.925259188098,14781.9261587464,16306.126323307135,17957.952696474327,19741.97729532172,21661.674039459147,23719.165194390178,24916.399595986924,27747.48668018622,32247.121846741597,35078.20893094089,36275.44333253764,39328.22880495915,42553.32295720952,45946.578330411125,49501.47134051405,53208.993582600066,57057.60967911633,61033.29228434154,65119.64165418137,69298.09291718973,shipments
1,Field Survey Technologies,Sensors,Hardware,Units,EU Europe,Malta,3.338390447219048,3.688200055225928,4.06849928488904,4.48064219883088,4.925769549172847,5.4047481045862975,5.918107386032405,6.216826236246305,6.923203431488551,8.0458957309604,8.752272926202645,9.050991776416545,9.81268436147359,10.61736923830884,11.464011585215214,12.35098371965698,13.276037977888546,14.23629619777661,15.228258452673698,16.247832884967696,17.290387421736753,shipments
1,Field Survey Technologies,Sensors,Hardware,Units,EU Europe,Poland,52233.78636163224,57707.04679080059,63657.35998207628,70105.91213847004,77070.55192194712,84564.84114030705,92597.06488937576,97270.93897659166,108323.19786912184,125889.28866875134,136941.54756128154,141615.42164849743,153533.16715793972,166123.58718507065,179370.4904973714,193248.40972570688,207722.17702804186,222746.75953348778,238267.3959959664,254220.06358180597,270532.2870334725,shipments
1,Field Survey Technologies,Sensors,Hardware,Units,EU Europe,Portugal,42716.169225236896,47192.13650602131,52058.23186165867,57331.781116985425,63027.3806954673,69156.12128222051,75724.77833006975,79547.01696819389,88585.42283649229,102950.76296381596,111989.16883211436,115811.4074702385,125557.59799987191,135853.8937493751,146687.0537213703,158036.2510042842,169872.7257551817,182159.65062786482,194852.24252661332,207898.14433952898,221238.08666301102,shipments
1,Field Survey Technologies,Sensors,Hardware,Units,EU Europe,Romania,63117.38944696686,69731.07637482561,76921.21634333156,84713.40998225858,93129.22495933363,102185.04886512042,111890.89310519143,117538.63093040806,130893.7747440087,152119.9938502563,165475.13766385693,171122.87548907357,185523.8415504164,200737.64279874074,216744.71434320274,233514.28235008576,251003.85129041583,269159.00509659055,287913.5722896481,307190.19002825866,326901.2818724647,shipments
1,Field Survey Technologies,Sensors,Hardware,Units,EU Europe,Slovakia,16211.801517665683,17910.537487481346,19757.336334439286,21758.773620872755,23920.38903642121,26246.391759694525,28739.353236081624,30189.983647897952,33620.273503721175,39072.2615237597,42502.551379582925,43953.18179139925,47652.09274913609,51559.7817129562,55671.22340963687,59978.513531212855,64470.73703371367,69133.91706392865,73951.05737260763,78902.28719133844,83965.1123727133,shipments
1,Field Survey Technologies,Sensors,Hardware,Units,EU Europe,Slovenia,16579.882183473022,18317.187085070833,20205.916555745065,22252.795452610244,24463.48924112715,26842.302667154207,29391.865559433343,30875.431793171738,34383.60462656952,39959.37724748676,43467.550080884546,44951.11631462294,48734.009154731226,52730.42019882129,56935.21007741088,61340.29501926315,65934.51215991417,70703.56730884625,75630.07832565867,80693.72328630062,85871.49732524666,shipments
1,Field Survey Technologies,Sensors,Hardware,Units,EU Europe,Sweden,205754.22460275432,227313.95699235718,250752.84898341857,276154.3551955705,303588.78333305323,333109.5547432813,364749.3052657403,383160.1731290806,426696.15083510603,495890.7783651904,539426.7560712158,557837.6239345561,604782.8419076762,654377.7935768919,706558.7000219993,761225.2426723178,818238.8918026837,877422.2583307291,938559.6321096324,1001398.8206521822,1065654.3365094399,shipments
1,Field Survey Technologies,Sensors,Hardware,Units,EU Europe,Netherlands,5265.748812296231,5817.51456798442,6417.372567992741,7067.458618111121,7769.572062731213,8525.080083485582,9334.81791052973,9805.996598461414,10920.18768416216,12691.045747646818,13805.236833347564,14276.415521279248,15477.857320407371,16747.112220773415,18082.547965377744,19481.597159089422,20940.71449081142,22455.36014440339,24020.013574896602,25628.22056589494,27272.674802312627,shipments
1,Field Survey Technologies,GIS software,Software,Units,EU Europe,Austria,1004.2319146517808,1077.7332837574943,1154.9486561797075,1235.826519353305,1320.278995530016,1408.1797613171127,1499.362643099859,1547.923432281215,1662.7545988986333,1845.2634162402414,1960.09458285766,2008.6553720390157,2123.8820235737708,2242.807778419886,2365.228514281775,2490.905737655933,2619.5674753767044,2750.9098392804185,2884.5992720216464,3020.275459008151,3157.5548671304714,shipments
1,Field Survey Technologies,GIS software,Software,Units,EU Europe,Belgium,82.8670649911189,88.93224041698791,95.30388743543955,101.97775534001941,108.94659264730925,116.19997542171971,123.72419137276165,127.73132360427094,137.20694532895112,152.2671817219994,161.7428034466796,165.74993567818888,175.25819197051206,185.0716903389324,195.17358704916137,205.5442021285088,216.16109293432876,226.9991832667499,238.0309486886192,249.2266568121321,260.55465930721243,shipments
1,Field Survey Technologies,GIS software,Software,Units,EU Europe,Bulgaria,644.8946370903292,692.1267068386026,741.7475817979644,793.7242614593882,848.0003433042158,904.4946804332664,963.100474254693,994.3252631657751,1068.162179708697,1185.5161064461754,1259.3530229890976,1290.5778119001795,1364.6118955366132,1441.0226838701408,1519.6790266251778,1600.427689738683,1683.0939281857443,1767.4824912893207,1853.3790656758995,1940.5521462179613,2028.7553096972238,shipments
1,Field Survey Technologies,GIS software,Software,Units,EU Europe,Cyprus,57.625869017703586,61.843600207989866,66.27445215805817,70.91546892089384,75.76160780512497,80.80561999185129,86.03796993572983,88.82453510651656,95.41389526336837,105.88680401009982,112.47616416695163,115.26272933773836,121.87478361704575,128.69910364870907,135.72397627713406,142.93571602270785,150.31871624139558,157.8555389099078,165.5270434974397,173.3125540613186,181.1900623100261,shipments
1,Field Survey Technologies,GIS software,Software,Units,EU Europe,Czechia,646.4436184441142,693.7578795346609,743.4629168072852,795.5255706217652,849.8892723620838,906.4727052030156,965.1688999562361,996.4284245888332,1070.3474803121949,1187.831956317098,1261.7510120404597,1293.0105366730568,1367.184173730942,1443.738995547751,1522.5436046310942,1603.4444780734316,1686.2665414574294,1770.8141760606989,1856.8726645314096,1944.2100653574616,2032.5794908155551,shipments
1,Field Survey Technologies,GIS software,Software,Units,EU Europe,Germany,584.2614217215101,627.0244665776105,671.9483159513894,719.0029998686887,768.1373911173641,819.2779948363636,872.3281313334941,900.5807643289866,967.3894563123484,1073.5729578929518,1140.3816498763135,1168.6342828718061,1235.6730677019505,1304.863988237262,1376.0882862697167,1449.2072064466945,1524.0625149716818,1600.4774099247636,1678.2578278769422,1757.1941380518438,1837.063201156103,shipments
1,Field Survey Technologies,GIS software,Software,Units,EU Europe,Denmark,229.11520934159648,245.88452460020278,263.5011885986171,281.9534487605989,301.2212558043063,321.27578908567557,342.0791361444753,353.1582655933113,379.3569617257803,420.99629351938245,447.19498965185153,458.27411910068747,484.5630449981191,511.69592020366684,539.6261742769751,568.2993949969373,597.6535317675953,627.6192525957908,658.1204564734697,689.0749377347641,720.3951934160848,shipments
1,Field Survey Technologies,GIS software,Software,Units,EU Europe,Spain,353.82219815130145,379.7190209914036,406.9244029384336,435.42019451042836,465.1754336381608,496.1456126537896,528.2721834144178,545.3816627303257,585.8402611835942,650.1438050081239,690.6024034613923,707.7118827773003,748.3098228913407,790.211072376173,833.3437125860524,877.6237148275824,922.9552544790731,969.231262270475,1016.3342155544321,1064.1371642717093,1112.5049777559,shipments
1,Field Survey Technologies,GIS software,Software,Units,EU Europe,Estonia,1834.045437546307,1968.282209645394,2109.3019277336257,2257.010513557116,2411.2474745235413,2571.782104121081,2738.3109167150906,2826.9982931490454,3036.7163614060414,3370.0352480831457,3579.7533163401417,3668.4406927740965,3878.8810417091677,4096.077124506337,4319.656149224362,4549.182551213676,4784.159621361246,5024.032363662691,5268.1915967938385,5515.979272225924,5766.694937066255,shipments
1,Field Survey Technologies,GIS software,Software,Units,EU Europe,Finland,2987.175556178641,3205.811799395811,3435.4956699197296,3676.073939125508,3927.285206974236,4188.7537134990935,4459.985160766724,4604.433470280558,4946.008806617057,5488.897227106032,5830.472563442532,5974.920872956365,6317.6726137276055,6671.427660438696,7035.5788334900335,7409.416713121518,7792.132291393322,8182.821626416037,8580.492522727334,8984.07319309683,9392.422784786379,shipments
1,Field Survey Technologies,GIS software,Software,Units,EU Europe,France,480.940615002307,516.1414417689716,553.1209563198995,591.8544885720287,632.2999526508903,674.3968505287864,718.0655993530885,741.3220359123438,796.3162768726738,883.7222849620038,938.7165259223339,961.9729624815891,1017.1566066630205,1074.1118028092585,1132.7407939172215,1192.9293621348613,1254.5472557348173,1317.448938453806,1381.4746650452284,1446.4518758452693,1512.196891519657,shipments
1,Field Survey Technologies,GIS software,Software,Units,EU Europe,Greece,427.7529403947427,459.06087464707156,491.950789929967,526.4007444480386,562.3733066432279,599.8146690215765,638.6540498729216,659.338535256377,708.2509114245768,785.9906069339655,834.9029831021653,855.5874684856207,904.6683015946966,955.3247690718625,1007.4699249528816,1061.0021828453068,1115.8056956827181,1171.7510221939665,1228.6960835094046,1286.4874035006123,1344.9616161035192,shipments
1,Field Survey Technologies,GIS software,Software,Units,EU Europe,Croatia,733.6286466928432,787.3241219713734,843.7328143735012,902.8170920605228,964.5127570791591,1028.7275255074392,1095.3400013587222,1130.8154583021592,1214.703883012211,1348.0333408021113,1431.9217655121631,1467.3972224556,1551.5745635608191,1638.4542367834465,1727.887123218491,1819.6989945192238,1913.6911642044192,2009.6416307035172,2107.3067180086637,2206.4232029511572,2306.71090037461,shipments
1,Field Survey Technologies,GIS software,Software,Units,EU Europe,Hungary,154.97860233010516,166.32173859888482,178.2380403234149,190.7195578008154,203.75272925277187,217.31805975728378,231.38990448651776,238.884073040186,256.6054513858183,284.7712176912347,302.492596036867,309.98676459053524,327.7691763477105,346.12245410974475,365.015096599281,384.4102981847725,404.26608646873865,424.5355637553552,445.16725363719326,466.1055503810659,487.2912650442755,shipments
1,Field Survey Technologies,GIS software,Software,Units,EU Europe,Ireland,156.49227205577728,167.94619627661018,179.97888403696206,192.58230798952707,205.74277389865193,219.4405964362232,233.64988030241386,241.21724409651026,259.11170642596784,287.55256662896664,305.44702895842426,313.0143927525206,330.97048460437713,349.5030180862176,368.5801842489862,388.164817982025,408.21453694514895,428.6819853946399,449.5151841550848,470.6579843943552,492.05061907374954,shipments
1,Field Survey Technologies,GIS software,Software,Units,EU Europe,Italy,515.6567598037888,553.3985177395906,593.0473559903527,634.576823691459,677.9417970480267,723.0774110518528,769.8983382536802,794.833513921201,853.7974508749069,947.5127610666058,1006.4766980203117,1031.4118736878324,1090.5788857161795,1151.6453271491148,1214.5063845067937,1279.0395952529657,1345.1053055892314,1412.5474738846333,1481.19482386579,1550.862339848145,1621.35308381607,shipments
1,Field Survey Technologies,GIS software,Software,Units,EU Europe,Lithuania,368.5490606006059,395.5237664843183,423.86149659917965,453.54334604164575,484.5370640326882,516.7962903968909,550.2600400881561,568.0816537748896,610.2242285796309,677.2042281207738,719.3468029255151,737.1684166122486,779.4561327858705,823.1014049488766,868.0293210424205,914.1523549130372,961.3706935063434,1009.5728110924606,1058.6362934715205,1108.4289066420422,1158.8098955004095,shipments
1,Field Survey Technologies,GIS software,Software,Units,EU Europe,Luxembourg,187.96571685706294,201.7232337536671,216.17591407378933,231.31411602444535,247.1213912098929,263.57409522416987,280.64112475123864,289.73042316572224,311.2237876324951,345.3846225789184,366.87798704569127,375.9672854601749,397.5346742682466,419.79443761202424,442.70836918372527,466.2318292923597,490.31391173757464,514.8977366734945,539.9208709662663,565.3158732314496,591.0109561908204,shipments
1,Field Survey Technologies,GIS software,Software,Units,EU Europe,Latvia,1147.766548532171,1231.7734512206869,1320.025198855496,1412.462916192537,1508.9861651374288,1609.4505669243154,1713.666196782374,1769.167768261518,1900.4117268028065,2109.006486937972,2240.2504454792606,2295.7520169584045,2427.447986984236,2563.3717722969545,2703.290075448763,2846.9303151151976,2993.9816450693224,3144.0967424829464,3296.894374736876,3451.9627275580506,3608.8634495389197,shipments
1,Field Survey Technologies,GIS software,Software,Units,EU Europe,Malta,45.62223556959019,48.96140128131825,52.46929408859014,56.143573776614595,59.98024806106523,63.97357807276563,68.11601454775958,70.32213021800814,75.538907794697,83.83027967484021,89.04705725152905,91.25317292177763,96.48791737026144,101.89071200735695,107.45228356130458,113.16179727706417,119.00689741922132,124.97377835464734,131.04728657988642,137.21105301030147,143.44765374448758,shipments
1,Field Survey Technologies,GIS software,Software,Units,EU Europe,Poland,289.66569658165855,310.86680060063884,333.13919038746246,356.468007399158,380.8279037367043,406.1824420463233,432.4836903760787,446.4908082733923,479.61328663941083,532.2570464485016,565.3795248145201,579.3866427118337,612.6231967334817,646.9267386906645,682.2383905233686,718.4893599677597,755.6011977181233,793.4862487464443,832.0483000969258,871.1834208191316,910.780982696916,shipments
1,Field Survey Technologies,GIS software,Software,Units,EU Europe,Portugal,366.5661759767758,393.395751305978,421.5810174606073,451.1031712501516,481.9301354127089,514.0157992020131,547.2995056865195,565.0252347067891,606.9410720903231,673.5607027541778,715.4765401377119,733.2022691579815,775.2624670141208,818.6729168744087,863.3591097253063,909.2339903255895,956.1982826396651,1004.1410609735216,1052.9405697458046,1102.4652864064958,1152.5752131490685,shipments
1,Field Survey Technologies,GIS software,Software,Units,EU Europe,Romania,120.25983221108007,129.06184515945645,138.30862132353738,147.9939919166639,158.1074333106702,168.63381789430215,179.55324587077527,185.36854836592897,199.1199305203209,220.97591759891833,234.72729975331023,240.54260224846394,254.34134492696086,268.5830665001386,283.24332270103093,298.29355320577594,313.70118839893865,329.4298367468098,345.4395537407469,361.68719061025814,378.12681809665526,shipments
1,Field Survey Technologies,GIS software,Software,Units,EU Europe,Slovakia,732.5668066510189,786.1845641278077,842.5116116697334,901.5103719056942,963.1167398012981,1027.2385650045542,1093.754627235046,1129.1787376820582,1212.945743894067,1346.0822231822767,1429.8492293942854,1465.2733398412977,1549.3288442764213,1636.0827695252415,1725.3862125146125,1817.065197072575,1910.9213242929086,2006.7329139258702,2104.2566426555895,2203.2296682975348,2303.372211229943,shipments
1,Field Survey Technologies,GIS software,Software,Units,EU Europe,Slovenia,2152.027867318016,2309.5382912486984,2475.0076721890186,2648.3256208214984,2829.3038187304082,3017.671560058386,3213.072741554273,3317.136524085492,3563.215011526326,3954.323932901909,4200.402420342743,4304.466202873962,4551.392198296563,4806.245220627978,5068.58784414808,5337.9089870457565,5613.625821964981,5895.087129015979,6181.578108467494,6472.3266209041385,6766.510770578965,shipments
1,Field Survey Technologies,GIS software,Software,Units,EU Europe,Sweden,2122.3822906897767,2277.7229065927395,2440.9128397216296,2611.843221443261,2790.3283275499552,2976.1011813327327,3168.810585093183,3271.4408216717197,3514.1294186902333,3899.850561554808,4142.539158573321,4245.169395151858,4488.693825181197,4740.036082193444,4998.76476629086,5264.3758361450455,5536.294493223999,5813.878488613385,6096.422869410853,6383.1661329211765,6673.29770554324,shipments
1,Field Survey Technologies,GIS software,Software,Units,EU Europe,Netherlands,94.84807295259846,101.79015786081604,109.08302434883605,116.72180713856608,124.69820631944033,133.00029085222954,141.61236590897275,146.19885355959286,157.04447070206095,174.28213201230898,185.12774915477706,189.71423680539718,200.5972068558379,211.82955120480085,223.3919908330669,235.26200041666544,247.41389253192386,259.81896543545315,272.44571517784544,285.26011063119904,298.2259277163794,shipments
2,Remote Sensing Technologies,Drones,Hardware,Units,EU Europe,Austria,314.93817720618995,352.18905046582904,393.24690853820067,438.35636332752614,487.74346544569886,541.6063763937466,600.1049674142164,635.4568617558147,719.0530993338484,851.9181646641241,935.514402242158,970.8662965837563,1063.7713335731485,1162.874498003542,1268.085885429057,1379.2174655026386,1495.9758983382421,1617.9584498733047,1744.6527119739005,1875.4406674916631,2009.6073930728335,shipments
2,Remote Sensing Technologies,Drones,Hardware,Units,EU Europe,Belgium,98.47959058139706,110.12775207122193,122.96633864394184,137.07183921681903,152.5149386839728,169.35760115424296,187.64981756442683,198.70417785799677,224.84430264013815,266.3905430876076,292.53066786974904,303.58502816331895,332.6359678964046,363.625031035728,396.52410491136675,431.27439337558457,467.78417051526696,505.9275034062246,545.544164591478,586.4409032041954,628.3941662924933,shipments
2,Remote Sensing Technologies,Drones,Hardware,Units,EU Europe,Bulgaria,189.19414812182902,211.58646412867915,236.2690682470191,263.3893433194785,293.08352959481624,325.4711070132044,360.64852914143574,381.9273130683158,432.2450204967968,512.2183025301443,562.5360099586254,583.8147938855054,639.6817399436205,699.2758300041354,762.543001478076,829.3701853479099,899.5809864027705,972.9332270075358,1049.1187787925776,1127.7660071102,1208.4450043285408,shipments
2,Remote Sensing Technologies,Drones,Hardware,Units,EU Europe,Cyprus,12.204259795822399,13.647779088766843,15.238823944047027,16.986873387847552,18.90068717238083,20.98794431091075,23.254840019892917,24.624771435152436,27.864233257171147,33.012925579785275,36.25238740180399,37.62231881706351,41.2225085997608,45.062883799826736,49.13996050424691,53.44645229501596,57.97099187392472,62.69797277759758,67.607538531207,72.67574017466234,77.87487350766375,shipments
2,Remote Sensing Technologies,Drones,Hardware,Units,EU Europe,Czechia,210.3501872159211,235.23039778179233,262.65332951024317,292.7823610056228,325.76847360958334,361.74402126285673,400.8157834803896,424.4276480665142,480.26236579136935,569.0041995525539,624.838917277409,648.4507818635336,710.5029347571054,776.6948755899123,846.9665563322417,921.1923897369196,999.1764513196723,1080.6497511910873,1165.2700471122007,1252.6245595844618,1342.2357845382082,shipments
2,Remote Sensing Technologies,Drones,Hardware,Units,EU Europe,Germany,684.9083522668043,765.9192809864921,855.2094082407109,953.3107010896349,1060.7147606261972,1177.8525364048648,1305.071706659757,1381.9528517714912,1563.7528540550827,1852.6996999930475,2034.499702276639,2111.3808473883732,2313.425059259301,2528.9485809122757,2757.7558936380883,2999.438080498434,3253.357203788247,3518.637422014957,3794.1643812002408,4078.594055318055,4370.37167263331,shipments
2,Remote Sensing Technologies,Drones,Hardware,Units,EU Europe,Denmark,119.82674266694711,133.99984433343542,149.62141627919897,166.78452771534575,185.5751857075843,206.06878615551864,228.32615639488338,241.77674020037236,273.58318849142813,324.1352940951089,355.9417423861647,369.39232619165364,404.7405588465428,442.4470366290258,482.4775529624451,524.7605666185823,569.1844685084702,615.5960275716319,663.8002842825217,713.5620973113139,764.609454742853,shipments
2,Remote Sensing Technologies,Drones,Hardware,Units,EU Europe,Spain,722.7195249871683,808.2027574945369,902.4222514481959,1005.9393417767757,1119.272768990874,1242.877273722967,1377.1197281938112,1458.2451875223865,1650.081673175113,1954.9801702538552,2146.816655906582,2227.9421152351574,2441.140415922373,2668.5621675729108,2910.0010576368068,3165.0255944342903,3432.962622157505,3712.887947452143,4003.6256971152948,4303.757646580272,4611.6431911061245,shipments
2,Remote Sensing Technologies,Drones,Hardware,Units,EU Europe,Estonia,174.9595670356353,195.65377665804914,218.4629042635909,243.52284062686905,270.95916505216445,300.8819634323038,333.3800500343461,353.0193080714755,399.4600465751638,473.2714038090226,519.712142312711,539.3514003498403,590.963514166235,646.0189123222075,704.4676496410085,766.2052684528751,831.0688078239763,898.8345343922862,969.2177868758592,1041.8752343592187,1116.4097110190685,shipments
2,Remote Sensing Technologies,Drones,Hardware,Units,EU Europe,Finland,1299.012234162611,1452.659342070496,1622.0089598832794,1808.070028019122,2011.7749279155312,2233.941007969131,2475.227682360196,2621.042151910817,2965.8480319319447,3513.870970554104,3858.6768505752325,4004.4913201258532,4387.6928129875405,4796.459461036775,5230.420439192459,5688.80018660203,6170.388776593151,6673.525068941333,7196.095555399474,7735.5511266669055,8288.942968499323,shipments
2,Remote Sensing Technologies,Drones,Hardware,Units,EU Europe,France,971.4202883436892,1086.3198358165944,1212.9619491394426,1352.1011286673156,1504.4346228333306,1670.5736566854468,1851.0113497619516,1960.0535360711954,2217.904400430949,2627.7239441232937,2885.574808483047,2994.616994792291,3281.1806582433883,3586.8623174844524,3911.384664113202,4254.167722416387,4614.306691587667,4990.559346747699,5381.345175614282,5784.757917086292,6198.592404878034,shipments
2,Remote Sensing Technologies,Drones,Hardware,Units,EU Europe,Greece,129.82577424727404,145.18156091379024,162.10668653833642,180.7019865614975,201.06064497248852,223.26434913777962,247.37900217533416,261.95197994106564,296.41254094387443,351.1830045629122,385.64356556572096,400.21654333145244,438.5144355260937,479.367358365319,522.738250879264,568.5496020287623,616.6804894214853,666.964895517255,719.1915922480497,773.1058167410522,828.4128588447259,shipments
2,Remote Sensing Technologies,Drones,Hardware,Units,EU Europe,Croatia,122.53416742981918,137.02750317398093,153.0020366522006,170.55293992743057,189.76816335161323,210.72480635664493,233.48507064120602,247.2395635980225,279.7646625325494,331.4589674440077,363.98406637853464,377.7385593353511,413.8854674635422,452.4439040775598,493.37888972041395,536.6172667259481,582.0449042541694,629.5051090661393,678.7985166242466,729.6846726990158,781.8854194033784,shipments
2,Remote Sensing Technologies,Drones,Hardware,Units,EU Europe,Hungary,101.96091638355817,114.02084893074493,127.31328896117135,141.91742933146085,157.90645369861616,175.34451664820065,194.28337633331623,205.7285163761641,232.7927137538406,275.8076442923094,302.8718416699859,314.31698171283375,344.39489348624517,376.47944275071194,410.54152303279795,446.5202596977933,484.32068425423626,523.8124119566444,564.829551189841,607.1720195270236,650.6083612553919,shipments
2,Remote Sensing Technologies,Drones,Hardware,Units,EU Europe,Ireland,81.83265389232682,91.5118164685655,102.18017531601306,113.90128970675795,126.73389599867622,140.72948392118795,155.9295939701922,165.1153311829916,186.83674342049636,221.3600298699365,243.08144210744126,252.26717932024064,276.40736392488225,302.1580526041948,329.4958848387634,358.37200334984135,388.7101875230196,420.4057920674517,453.32567428876166,487.30925034204853,522.1707565454155,shipments
2,Remote Sensing Technologies,Drones,Hardware,Units,EU Europe,Italy,593.0871034360051,663.2374190249498,740.5569943569903,825.5064790968565,918.5115685471222,1019.9454376327824,1130.1091536077543,1196.6833390622842,1354.1105866672954,1604.3201911160656,1761.7474387210768,1828.3216241756068,2003.2790706543199,2189.908742721307,2388.0413336006623,2597.322747212696,2817.20057004921,3046.916379042097,3285.505214469347,3531.8032352125224,3784.4641077631836,shipments
2,Remote Sensing Technologies,Drones,Hardware,Units,EU Europe,Lithuania,119.3310069766492,133.44547304826182,149.00241692703702,166.09452278708213,184.80744187393438,205.2162581665239,227.38154735157434,240.77648469368512,272.4513464019119,322.7943126898689,354.46917439809573,367.8641117402065,403.0661050821857,440.6165872465285,480.4814931727405,522.5895776061012,566.829693196046,613.0492428149236,661.0540735050112,710.6100167406072,761.4461859481248,shipments
2,Remote Sensing Technologies,Drones,Hardware,Units,EU Europe,Luxembourg,9.608758300319936,10.745281794559206,11.997956329117052,13.374245008930112,14.881044634229445,16.52440110895942,18.30919210194519,19.387777782475467,21.938297534730363,25.992008363440547,28.542528115695447,29.62111379622572,32.45564485636116,35.47928067674981,38.689278274314034,42.079900846440665,45.6421985983165,49.36388412070838,53.2293238503764,57.21966209488979,61.31308655517939,shipments
2,Remote Sensing Technologies,Drones,Hardware,Units,EU Europe,Latvia,193.20815483424474,216.0608065905519,241.24896596195666,268.9226973677186,299.2206782524414,332.2644766594547,368.1521703386763,389.83983722056195,441.1244256969997,522.6344361445114,573.9190246209491,595.6066915028348,652.6020387508646,713.3998108967794,777.9448533948398,846.1218134582555,917.750733043754,992.58454300968,1070.3088914062123,1150.54463730496,1232.853189794992,shipments
2,Remote Sensing Technologies,Drones,Hardware,Units,EU Europe,Malta,0.010175437583837026,0.011378987877927673,0.012705539253335984,0.014162994953758059,0.015758658520201585,0.017498932415534397,0.01938898197050306,0.020531177551662547,0.0232321149396439,0.027524894530018933,0.03022583191800029,0.031368027499159776,0.0343697258435644,0.03757168145583047,0.04097098958466467,0.044561575097870246,0.04833396038391159,0.0522751333800631,0.05636853852919777,0.060594208119002235,0.06492904346379814,shipments
2,Remote Sensing Technologies,Drones,Hardware,Units,EU Europe,Poland,539.377445530877,603.1749852284039,673.4925402561844,750.749044086228,835.3316412771444,927.5797122278901,1027.7670596993244,1088.3123217371085,1231.4830401327918,1459.033793661242,1602.2045120569255,1662.7497740947094,1821.8631657223118,1991.591752293439,2171.781559365263,2362.1105576138816,2562.0763598094886,2770.9892252803725,2987.9715805522783,3211.9649813497713,3441.7450174228075,shipments
2,Remote Sensing Technologies,Drones,Hardware,Units,EU Europe,Portugal,298.0254040601102,333.27583528213273,372.12880906387323,414.81580118969094,461.5507229279663,512.5210941339826,567.8782006635242,601.3316317111947,680.4385939191782,806.1685550556728,885.2755172636562,918.7289483113267,1006.6448098737586,1100.425947762506,1199.9872855697236,1305.1508905320547,1415.639175667697,1531.071034491596,1650.961576151485,1774.7259721835944,1901.6876919644656,shipments
2,Remote Sensing Technologies,Drones,Hardware,Units,EU Europe,Romania,370.79986226600903,414.65805309093304,462.9984869285412,516.1091633513166,574.2562283581306,637.6729920479343,706.5476825842442,748.1700659643526,846.5940603332567,1003.0258666054488,1101.449860974353,1143.0722443544614,1252.4561724164196,1369.1376114432867,1493.0107103234407,1623.8540871100868,1761.3223711965009,1904.9413941720663,2054.107860281505,2208.0941325151493,2366.058479065645,shipments
2,Remote Sensing Technologies,Drones,Hardware,Units,EU Europe,Slovakia,169.381456208257,189.41588713600072,211.49780762840638,235.75877595164056,262.3203676547807,291.2891588408138,322.7511321750004,341.7642457848525,386.72434741530697,458.18242990149554,503.14253153195,522.1556451418021,572.1222468219887,625.4223530681647,682.0076110699534,741.7768935068186,804.5724350119096,870.1776353540739,938.3169089035626,1008.657870919089,1080.8160181314363,shipments
2,Remote Sensing Technologies,Drones,Hardware,Units,EU Europe,Slovenia,212.21253611245896,237.31302522101294,264.9787476373175,295.37452844869165,328.6526857197958,364.946745195479,404.3644317699838,428.1853455161716,484.5143995015185,574.041914789148,630.3709687744949,654.1918825206827,716.7934181364582,783.5713935699507,854.4652291523591,929.3482257417483,1008.0227242238354,1090.217353189941,1175.586840337451,1263.7147515980053,1354.1193552889831,shipments
2,Remote Sensing Technologies,Drones,Hardware,Units,EU Europe,Sweden,952.8754384671035,1065.5815019410225,1189.8059604055086,1326.2889104647802,1475.7142897660121,1638.6816547963026,1815.6747112203382,1922.6352331876033,2175.5636086643494,2577.559513088027,2830.487888564773,2937.448410532038,3218.5414448614742,3518.3875038493097,3836.7145730352863,4172.953748703173,4526.217503100654,4895.287325979607,5278.612877747609,5674.324288684658,6080.258490120496,shipments
2,Remote Sensing Technologies,Drones,Hardware,Units,EU Europe,Netherlands,116.95092985675987,130.78388051500576,146.03053851654437,162.7817394339522,181.12142618418568,201.1231851835142,222.84638392634287,235.97415697730906,267.01725821072006,316.3561255201657,347.39922675357667,360.52699980454287,395.02688343463245,431.82841488025883,470.8982085143219,512.1664400807579,555.5241790817109,600.8218719650534,647.8692381866471,696.4367797516468,746.2590129649981,shipments
3,Decision Support Systems,Total,Software,Units,EU Europe,Austria,5178.910136762669,5823.374501148545,6538.064062982403,7328.089792625111,8198.29872664805,9153.08946481289,10196.200554597735,10837.444810628172,12353.788083627629,14763.81338939732,16280.156662396777,16921.400918427214,18629.547657294075,20459.52297645088,22410.023653147007,24477.697491284023,26656.969063547036,28939.93373398393,31316.337639433044,33773.65748252785,36297.28797220459,shipments
3,Decision Support Systems,Total,Software,Units,EU Europe,Belgium,2727.3020115293225,3066.6878882742853,3443.05554635976,3859.096509557731,4317.363309625267,4820.172323881363,5369.492334905358,5707.182447915631,6505.714561702315,7774.874807910208,8573.406921696893,8911.097034707165,9810.636110280115,10774.33218477991,11801.498958978453,12890.371109492864,14038.01252163308,15240.260479892691,16491.715125828854,17785.78147841336,19114.76814338656,shipments
3,Decision Support Systems,Total,Software,Units,EU Europe,Bulgaria,3191.164035058316,3588.5279140920675,4029.225285663411,4516.414388289042,5053.091161392268,5641.97528922995,6285.379455992881,6681.29967011431,7617.527866595867,9105.53766336995,10041.765859851508,10437.686073972936,11491.328116645496,12620.118102566621,13823.252160353497,15098.662543328268,16442.91014143606,17851.11911082712,19316.964525731844,20832.721597454954,22389.381293950144,shipments
3,Decision Support Systems,Total,Software,Units,EU Europe,Cyprus,205.0536260749956,230.5705304629231,258.8679293947359,290.1481864908835,324.6032151845853,362.40717351430175,403.7080854264609,429.0974929323803,489.13554694220113,584.5580228744616,644.5960768842825,669.9854843902019,737.6177995729823,810.0737922261807,887.3018625839118,969.1692838856899,1055.4553028151522,1145.8469434329638,1239.9382145620139,1337.2332691094568,1437.1538255810372,shipments
3,Decision Support Systems,Total,Software,Units,EU Europe,Czechia,4386.913455590479,4932.821632622541,5538.21565811897,6207.424895605129,6944.555137495486,7753.332317619872,8636.92325753011,9180.103768644074,10464.556777472228,12506.023449609454,13790.476458437608,14333.656969551572,15780.581460414092,17330.70361720165,18982.919515484322,20734.38960142132,22580.391082675553,24514.228157832404,26527.215059213402,28608.74364335306,30746.44216673809,shipments
3,Decision Support Systems,Total,Software,Units,EU Europe,Germany,11403.590080269521,12822.654562703656,14396.349912222757,16135.930120374984,18052.068015362496,20154.448999573953,22451.30508743133,23863.279121348347,27202.158663496397,32508.862186885457,35847.74172903351,37259.715762950524,41020.932832293845,45050.40773060119,49345.2708544929,53898.140907679655,58696.7411975867,63723.66628064554,68956.33788282808,74367.18059814155,79924.03461923348,shipments
3,Decision Support Systems,Total,Software,Units,EU Europe,Denmark,1959.6009592305686,2203.454000370594,2473.8789187294124,2772.8096081490244,3102.080094952319,3463.354725514233,3858.0480949968282,4100.682708464717,4674.438122987122,5586.345797814703,6160.101212337108,6402.735825804996,7049.06601875993,7741.493826173008,8479.526133376326,9261.894533211514,10086.48939017113,10950.319740561055,11849.505717854014,12779.30874484281,13734.202457558467,shipments
3,Decision Support Systems,Total,Software,Units,EU Europe,Spain,12068.952322405858,13570.814583357302,15236.32991753257,17077.408950136123,19105.34723404301,21330.395283243062,23761.265423317676,25255.62353123528,28789.315791373825,34405.64813602191,37939.34039616046,39433.698504078064,43414.370306957426,47678.95190711023,52224.406269170475,57042.92142231439,62121.504369045695,67441.73411500208,72979.71501759654,78706.26273594558,84587.34104295736,shipments
3,Decision Support Systems,Total,Software,Units,EU Europe,Estonia,2914.0185602749452,3276.639472718537,3678.7740131955165,4123.297972576801,4612.938634047141,5150.170958748215,5737.098516051176,6097.90756938425,6951.108788285989,8307.158282540233,9160.359501441973,9521.168554775046,10482.291874022798,11511.96450862105,12609.453173924343,13772.871688981368,14999.082926819845,16283.639184106754,17620.770917293637,19003.431639764935,20423.403389031606,shipments
3,Decision Support Systems,Total,Software,Units,EU Europe,Finland,21485.327862052807,24158.965326033882,27123.94041733483,30401.456607534932,34011.62240733342,37972.685933712026,42300.15699784214,44960.435457333675,51251.166810354756,61249.44491963156,67540.17627265264,70200.45473214418,77286.90569419776,84878.77708668463,92970.66233421823,101548.65445051563,110589.62310879606,120060.77498178091,129919.57069225317,140114.05584387676,150583.63864055203,shipments
3,Decision Support Systems,Total,Software,Units,EU Europe,France,15948.206173507437,17932.80337316636,20133.655711049352,22566.50217603812,25246.26898552775,28186.501417196618,31398.712149271552,33373.39317919641,38042.89979525891,45464.457506204526,50133.964122267025,52108.645152191886,57368.80137167826,63004.1228798028,69010.59646440925,75377.89919787389,82088.86181832975,89119.14237726612,96437.16459329201,104004.3635708793,111775.76301444501,shipments
3,Decision Support Systems,Total,Software,Units,EU Europe,Greece,2202.178766595447,2476.218226945142,2780.1188809854057,3116.0540180972416,3486.0846976032753,3892.081294300925,4335.6335152244465,4608.303719483725,5253.083966772707,6277.876136393418,6922.656383682401,7195.326587941679,7921.665601213932,8699.80862451805,9529.201500822188,10408.418807619591,11335.089758910246,12305.853141428865,13316.348802337523,14361.251578847123,15434.351001764115,shipments
3,Decision Support Systems,Total,Software,Units,EU Europe,Croatia,2061.56222196678,2318.103338135339,2602.598910022531,2917.083455149479,3263.486427246828,3643.5587713703417,4058.788686396299,4314.047978095827,4917.656831039398,5877.012562873835,6480.621415817406,6735.880707516933,7415.840524047934,8144.296489778118,8920.729832471903,9743.806147659117,10611.30603202513,11520.082897112723,12466.055000554288,13444.23720917247,14448.815613186496,shipments
3,Decision Support Systems,Total,Software,Units,EU Europe,Hungary,1618.5167228209473,1819.9251897523195,2043.2804859260332,2290.1798954772557,2562.1382177633295,2860.53010634712,3186.5239347768415,3386.926051127698,3860.8147420059695,4613.997584882679,5087.886275760951,5288.288392111807,5822.119640169777,6394.024843811008,7003.596718923643,7649.787634770672,8330.855154795421,9044.328916481749,9787.00437513543,10554.967740851374,11343.654557555989,shipments
3,Decision Support Systems,Total,Software,Units,EU Europe,Ireland,1360.5272675566175,1529.8314874718183,1717.5842406641864,1925.128206260412,2153.7367265753965,2404.5653371864682,2678.596174421676,2847.054454726733,3245.4059061735047,3878.5323859565233,4276.883837403295,4445.342117708352,4894.081360878345,5374.825620755537,5887.232533784451,6430.421460201573,7002.927705565428,7602.6746799238945,8226.968638828654,8872.51964538238,9535.490811858097,shipments
3,Decision Support Systems,Total,Software,Units,EU Europe,Italy,10084.61097609611,11339.541498379942,12731.217740956408,14269.592019358817,15964.10270515927,17823.314953238736,19854.50863444585,21103.168814281576,24055.86187336189,28748.77351102682,31701.466570107135,32950.12674994286,36276.30830101482,39839.72004252259,43637.82427944769,47664.09346204017,51907.67086291696,56353.16421297518,60980.606720311356,65765.61244681414,70679.74130090418,shipments
3,Decision Support Systems,Total,Software,Units,EU Europe,Lithuania,1992.4218793391622,2240.359160764842,2515.313365863912,2819.2507788357007,3154.036143701585,3521.361682603322,3922.6656834423484,4169.364130022125,4752.72924622038,5679.910259633018,6263.275375831272,6509.973822411049,7167.129255845082,7871.154382416954,8621.54782839099,9417.019942339772,10255.425754940507,11133.724207514186,12047.97045051302,12993.346541355342,13964.233556232653,shipments
3,Decision Support Systems,Total,Software,Units,EU Europe,Luxembourg,152.1859504257199,171.12399322228424,192.12565329260482,215.34112012856824,240.91282734031333,268.9700309040195,299.6225906909996,318.4660083178651,363.02483171488996,433.8451359918563,478.4039593888812,497.2473770157467,547.4424814018496,601.2176050952638,658.534451970418,719.2945153655282,783.3339573914362,850.4204947098768,920.2528102735213,992.4628981000563,1066.6215713445504,shipments
3,Decision Support Systems,Total,Software,Units,EU Europe,Latvia,3163.3416513020397,3556.9883670792146,3993.5294923347833,4476.086870274008,5007.621130115533,5590.818990390102,6227.964001621,6619.643835831692,7545.84485235469,9017.917784517747,9944.118801040746,10335.798635251438,11379.155554545467,12496.926860684036,13688.316529272219,14951.276997934649,16282.40272747808,17676.865469586675,19128.402039233188,20629.36305322211,22170.827421144208,shipments
3,Decision Support Systems,Total,Software,Units,EU Europe,Malta,0.17032278220441507,0.191517775103523,0.21502231782958947,0.24100449877740027,0.26962372614916064,0.30102466006242956,0.3353302529900359,0.3564193437206151,0.4062884857242375,0.4855488328671467,0.535417974870769,0.5565070656013483,0.6126841950155048,0.6728679942113399,0.7370156031046169,0.8050167754560879,0.8766881479195712,0.9517697546813872,1.029924369094246,1.110740127890874,1.1937366956834794,shipments
3,Decision Support Systems,Total,Software,Units,EU Europe,Poland,9024.719382854504,10147.75683421833,11393.168044507762,12769.859341900523,14286.277126071445,15950.086354990119,17767.801785815554,18885.227907088145,21527.593224408258,25727.280323776504,28369.64564109662,29487.071762369207,32463.671968961662,35652.569496977725,39051.493362888585,42654.60206176258,46452.17990716614,50430.452355921705,54571.55112393468,58853.653232721845,63251.30764145134,shipments
3,Decision Support Systems,Total,Software,Units,EU Europe,Portugal,5025.280039341336,5650.626651059068,6344.115260547539,7110.705223473847,7955.099791195689,8881.567080942299,9893.734737820796,10515.956764284916,11987.318379251452,14325.851341509517,15797.212956476053,16419.434982940173,18076.910298095852,19852.600202148613,21745.240131879065,23751.577332615554,25866.20176964876,28081.443294584635,30387.352220614237,32771.77674849394,35220.54484671261,shipments
3,Decision Support Systems,Total,Software,Units,EU Europe,Romania,6195.742192059574,6966.741291920459,7821.753670112941,8766.893789694106,9807.96035892471,10950.215602753571,12198.13209856385,12965.278850986,14779.342379039641,17662.554305211903,19476.617833265547,20243.764585687695,22287.290451313544,24476.564834517056,26810.02863657505,29283.67148807494,31890.823277093266,34622.02736406919,37465.016632766936,40404.80894991356,43423.931407951044,shipments
3,Decision Support Systems,Total,Software,Units,EU Europe,Slovakia,2815.271392622637,3165.604192518338,3554.111624565536,3983.572027886851,4456.620266389564,4975.647432359428,5542.685811641751,5891.268150785128,6715.556992479464,8025.654120959715,8849.942962654051,9198.525301797428,10127.079094263807,11121.859275649244,12182.157410079943,13306.15123350244,14490.809926573133,15731.83650500818,17023.656937426356,18359.46352107046,19731.316775040672,shipments
3,Decision Support Systems,Total,Software,Units,EU Europe,Slovenia,4033.9011485379233,4535.88042043798,5092.558750085888,5707.917119708488,6385.730931055561,7129.426294285809,7941.915198711175,8441.386298341315,9622.48014028889,11499.671207949876,12680.76504989745,13180.23614952759,14510.727490335754,15936.112242494657,17455.37531371428,19065.90564735636,20763.360491363954,22541.582851465297,24392.585898522124,26306.615120041213,28272.294319324614,shipments
3,Decision Support Systems,Total,Software,Units,EU Europe,Sweden,15692.956502480549,17645.79039429013,19811.41827939695,22205.32724551648,24842.20461721546,27735.378881165576,30896.178456166737,32839.254885687784,37434.02644912801,44736.8027658769,49331.574329317125,51274.65075883817,56450.61862949292,61995.74730054033,67906.08779094026,74171.48239063965,80775.03663033413,87692.79815230968,94893.69605084894,102339.78265826678,109986.8015207309,shipments
3,Decision Support Systems,Total,Software,Units,EU Europe,Netherlands,2660.865913150919,2991.984471718301,3359.1839487027046,3765.0903033228133,4212.193888578004,4702.754655666953,5238.693428331817,5568.157531360606,6347.237689388237,7585.481647404144,8364.561805431775,8694.025908460564,9571.652534929104,10511.87331885173,11514.018679003275,12576.366294645028,13696.051573787225,14869.013203179507,16089.982862993102,17352.5262235712,18649.139250258464,shipments
4,Telematics Systems,Total,Hardware,Units,EU Europe,Austria,154.4767182231883,165.18660873022122,176.3067141310417,187.80855891762815,199.65816120357206,211.81626229109514,224.23871447733077,230.19101522833418,244.26635565871334,266.6372311910303,280.7125716214095,286.6648723724129,298.3455285629139,309.6809978254732,320.6243051218581,331.13599680925546,341.1844111846516,350.7456828791974,359.8035106602594,368.348727381834,376.37871590382497,shipments
4,Telematics Systems,Total,Hardware,Units,EU Europe,Belgium,45.08071440604321,47.91304265184492,50.82625411919988,53.811095137032574,56.857235816833935,59.95339304183347,63.087483916591694,64.54202670386678,67.98156811111141,73.44826023769377,76.8878016449384,78.3423444322135,81.08934582120813,83.72682273096187,86.24699711331446,88.64404827480892,90.91404934779364,93.05485507610142,95.0659519829624,96.9482822241169,98.7040518813807,shipments
4,Telematics Systems,Total,Hardware,Units,EU Europe,Bulgaria,47.54529311568064,49.45948556829697,51.392284924756694,53.3394207499796,55.296492181324915,57.25900711476563,59.222423161648884,60.11920764243418,62.23982408769798,65.61026097222192,67.73087741748571,68.62766189827101,70.31456475597611,71.94137593334976,73.50589758175259,75.00651280818278,76.44215974772817,77.81229819789787,79.11687046588874,80.35625805089545,81.53123569349276,shipments
4,Telematics Systems,Total,Hardware,Units,EU Europe,Cyprus,0.07580823306207624,0.07865372156580953,0.08156862456974408,0.0845518669521696,0.08760215387591601,0.09071796629986459,0.09389755777959627,0.095494372688055,0.09927034342291287,0.10527174507575383,0.1090477158106117,0.11064453071907043,0.11416082272717407,0.11772448013363133,0.1213321683503359,0.1249803645474951,0.1286653695481635,0.13238332130089664,0.1361302098440308,0.13990189365233072,0.14369411723507042,shipments
4,Telematics Systems,Total,Hardware,Units,EU Europe,Czechia,152.87186711019274,164.08660731365399,175.74554655591962,187.81326678776148,200.2475629398028,212.99982564872064,226.01564706014148,232.16316920929282,246.70014754292538,269.80473492581984,284.34171325945243,290.48923540860375,302.3041712826243,313.6813048559965,324.5742593069129,334.9465691390595,344.7716433901475,354.0323943536387,362.72059367606965,370.8360246098933,378.3854996454244,shipments
4,Telematics Systems,Total,Hardware,Units,EU Europe,Germany,687.7137511374383,723.5151664649884,760.1529937144788,797.5445223895283,835.5990523633402,874.2186463647174,913.2990446615672,931.792971046806,975.5253563303831,1045.032147498196,1088.7645327817734,1107.258459167012,1143.4263310546398,1178.631636409029,1212.7774214644496,1245.7806683353092,1277.5726232958368,1308.0987894346326,1337.3186157006242,1365.2049226791848,1391.7431106912004,shipments
4,Telematics Systems,Total,Hardware,Units,EU Europe,Denmark,34.042064369592026,35.74402255060251,37.45369696304417,39.16403988266358,40.86799256677222,42.55860133435723,44.22912999610754,44.928298512677735,46.581614650520685,49.20934004858124,50.86265618642419,51.561824702994386,52.71309450731052,53.778445467409256,54.76036556599327,55.66206720263043,56.487312490632526,57.240253394322,57.92529005935782,58.5469489630235,59.1097811343451,shipments
4,Telematics Systems,Total,Hardware,Units,EU Europe,Spain,150.73629121326795,163.91012708340415,177.78420447096653,192.3200176560027,207.46645765307855,223.159920887112,239.32490630158907,247.09745795201525,265.4771257592932,294.689155328007,313.068823135285,320.8413747857112,335.89199961955137,350.3667906441507,364.18857674833447,377.2969792032852,389.64853605972934,401.2161006264542,411.9876528071821,421.9646820513383,431.16030208989855,shipments
4,Telematics Systems,Total,Hardware,Units,EU Europe,Estonia,91.7152289552061,97.28248239840227,103.00333015317753,108.86075428018746,114.8358153805315,120.90786262316045,127.05479491467534,130.02188589709618,137.0381334646341,148.18952279078798,155.2057703583259,158.17286134074675,164.32938273726893,170.40645798849,176.38287580905381,182.23887587684408,187.95638518712516,193.5192059717507,198.91315238310358,204.12613539990826,209.14819749892897,shipments
4,Telematics Systems,Total,Hardware,Units,EU Europe,Finland,551.6507577731861,586.1177505554031,621.5716495263878,657.9023877175468,694.9869633549511,732.6908618139686,770.8698384815946,788.6138183128742,830.5728131894252,897.2610369298982,939.2200318064492,956.9640116377288,990.6032653888997,1022.9424009725034,1053.8843808530246,1083.355343925259,1111.3039859834685,1137.700352737466,1162.534170407251,1185.812843678729,1207.559246322548,shipments
4,Telematics Systems,Total,Hardware,Units,EU Europe,France,448.0555341906789,467.64693200217744,487.0231992024984,506.1031821186716,524.8107773903026,543.0760621011818,560.8362124131941,567.5944938515476,583.5757279908177,608.9757672687875,624.9570014080576,631.7152828464111,641.2892839334653,649.8298765499459,657.4225525090334,664.1519923340367,670.100257823227,675.3454948079197,679.9610677672993,684.0150469296809,687.5699733052975,shipments
4,Telematics Systems,Total,Hardware,Units,EU Europe,Greece,12.346433125643006,12.830689567464686,13.298615164354285,13.748411394023313,14.178620763819,14.588129762766151,14.976160780953942,15.091680524661705,15.364848798096611,15.799013319702123,16.07218159313703,16.187701336844793,16.272984248307157,16.339634513939657,16.391614856009646,16.432088496696284,16.46356286833607,16.488014924613307,16.506996940935053,16.52172386479169,16.533144286421706,shipments
4,Telematics Systems,Total,Hardware,Units,EU Europe,Croatia,44.231565030863656,47.379398512401735,50.65606771831053,54.05381512996085,57.563158932921105,61.172937681485784,64.87040420402799,66.65915618358585,70.88899840947596,77.61176823694628,81.84161046283639,83.63036244239424,87.17268506851173,90.61919181653457,93.95462056188939,97.16591587641179,100.2423539206498,103.17558292195854,105.95958646062444,108.59058023096598,111.06685512406615,shipments
4,Telematics Systems,Total,Hardware,Units,EU Europe,Hungary,46.28008243263802,48.24559756236106,50.21565402876429,52.18406687101035,54.14467173026223,56.09140176568467,58.01836199493748,58.84498004065525,60.79967468497594,63.90640100595395,65.86109565027465,66.68771369599241,68.10523244969653,69.43527558087067,70.67915758872519,71.8388992757501,72.91710566630348,73.9168483853866,74.84155552322196,75.69491109417604,76.48076537707402,shipments
4,Telematics Systems,Total,Hardware,Units,EU Europe,Ireland,33.29502375461945,35.68976912427558,38.18595511511698,40.77806295518033,43.459235481876334,46.22129848788015,49.05481959821976,50.434115420720374,53.69572115403674,58.879608268982096,62.14121400229846,63.52050982479908,66.27127218721756,68.95337889240966,71.55455297453075,74.06414592427647,76.47325801199099,78.77479342468307,80.96345442513955,83.03568168623653,84.98954997185116,shipments
4,Telematics Systems,Total,Hardware,Units,EU Europe,Italy,133.152435657775,138.11458698338447,143.12130126484774,148.16304535371415,153.23001144913735,158.31219221047672,163.39945920579459,165.7508567182112,171.31118067677983,180.1485736913052,185.70889764987385,188.06029516229043,192.54212165739077,196.88450252690558,201.08144099689,205.128176719572,209.0211510777542,212.75795652633664,216.3372726476381,219.7587916658871,223.0231361277216,shipments
4,Telematics Systems,Total,Hardware,Units,EU Europe,Lithuania,58.04473525529836,62.797143517721864,67.77689605582023,72.96948998766612,78.35656806566939,83.91602048741143,89.6222275095266,92.34955408456996,98.79883338250936,109.04910229507907,115.49838159301846,118.22570816806183,123.49353024513556,128.56307236049568,133.40976486612874,138.01430920706744,142.36270008462833,146.44603881354612,150.26017684616244,153.80523374316823,157.08503436945253,shipments
4,Telematics Systems,Total,Hardware,Units,EU Europe,Luxembourg,2.502893993895087,2.6401840695014047,2.78044879296136,2.9232794582120447,3.0682340277304805,3.214842174283669,3.3626111064469937,3.4332005040932434,3.6001224800163993,3.8654226882391245,4.032344664162281,4.10293406180853,4.248421239367494,4.391846483175772,4.532778875223188,4.6708188794544325,4.805602315476857,4.936803452396689,5.064137193091097,5.187360353567383,5.306272073210157,shipments
4,Telematics Systems,Total,Hardware,Units,EU Europe,Latvia,137.53783182936365,148.3541296112054,159.62693414617098,171.31657194545753,183.37540584023537,195.74836025239844,208.3737463244496,214.2780461553691,228.2398793354572,250.4303502387823,264.3921834188704,270.2964832497899,281.4022637490042,292.0088917364033,302.0744127634473,311.5687949430773,320.4734562242191,328.7804131212381,336.49115411144106,343.61534083285073,350.1694314769355,shipments
4,Telematics Systems,Total,Hardware,Units,EU Europe,Malta,0.0,0.0,0.0,0.0,0.0,0.0,0.0,0.0,0.0,0.0,0.0,0.0,0.0,0.0,0.0,0.0,0.0,0.0,0.0,0.0,0.0,shipments
4,Telematics Systems,Total,Hardware,Units,EU Europe,Poland,363.62742952126746,390.5350718762716,418.6612973198685,447.9507537239485,478.33214754572083,509.71823813345884,542.0062715403532,557.8592299565546,595.34654719251,654.927635982094,692.4149532180494,708.2679116342508,740.2150713403724,771.457211657148,801.8427046010712,831.2377370083866,859.5281383587757,886.6204363456945,912.4421666612965,936.9415035511147,960.0863075579822,shipments
4,Telematics Systems,Total,Hardware,Units,EU Europe,Portugal,118.84263096115573,126.58141032725041,134.57576787422093,142.80327565814164,151.2381637570538,159.8515621503955,168.61183617762697,172.74951513384005,182.53383926942703,198.0847169542494,207.86904108983637,212.00672004604945,220.00675171679,227.74101944060195,235.18187550021713,242.30684800787176,249.098675129347,255.54518266625857,261.6390285530041,267.37734151945887,272.76128247429375,shipments
4,Telematics Systems,Total,Hardware,Units,EU Europe,Romania,151.85800983070567,161.86688220983237,172.2278829206791,182.914562213491,193.89599330557965,205.13700670634907,216.5985463515901,222.08037932968912,235.04320976735076,255.6458991091706,268.60872954683225,274.0905625249313,284.82881895802007,295.2527661980828,305.3222035516575,315.00330751049376,324.26883716952557,333.0981289818029,341.4769040656541,349.3969180774626,356.85548747200704,shipments
4,Telematics Systems,Total,Hardware,Units,EU Europe,Slovakia,64.23006781490763,67.80724423970466,71.46849640514237,75.2036230145035,79.00148294021528,82.85011424167362,86.73687540199897,88.54607118695083,92.82425665567257,99.62386161715366,103.90204708587541,105.71124287082726,109.1602198508269,112.48726564134711,115.68360204201953,118.74233098232503,121.65839857352218,124.428516389065,127.05104779288014,129.52586761565132,131.85420341479994,shipments
4,Telematics Systems,Total,Hardware,Units,EU Europe,Slovenia,33.46309927814763,36.7096193800081,40.18265343301604,43.881154056902034,47.80074008418439,51.93337667355223,56.267148023622994,58.498818748045124,63.77602608160555,72.16344299711461,77.44065033067504,79.67232105509717,84.33870236767648,88.93308061379933,93.42197657225189,97.77503859508253,101.96578042300627,105.97209537804649,109.77653607882134,113.36636860868919,116.73342627501718,shipments
4,Telematics Systems,Total,Hardware,Units,EU Europe,Sweden,651.2613633755726,687.6941696707719,724.9759236120237,763.0002118233942,801.6509938668536,840.803879441761,880.32763611003,898.666220478761,942.0312701963188,1010.954230495766,1054.3192802133237,1072.6578645820548,1107.4918201345283,1141.0536179794303,1173.256538934658,1204.0334739514042,1233.3364371212497,1261.1356417642703,1287.4182253329927,1312.186712588511,1335.4573045137367,shipments
4,Telematics Systems,Total,Hardware,Units,EU Europe,Netherlands,24.287091657710818,26.6594053734975,29.213199049088704,31.952572613779818,34.8797981628016,37.99500544151567,41.29588637645645,43.08183355152605,47.305043286944915,54.017271655788704,58.24048139120757,60.02642856627717,63.995166099313515,67.98887825850568,71.979761325118,75.94009014748035,79.84298281766529,83.6631163911861,87.3773541088739,90.96525304252161,94.4094319840002,shipments
1,Field Survey Technologies,Sensors,Hardware,Units,EU Europe,Austria,245064.926059075,280672.44633048243,310952.2677627145,344582.48022769275,381392.46162168734,421585.3640757035,465357.2457976925,498050.2496015278,575359.0378298596,698231.0413572144,775539.8295855464,808232.8333893816,884290.4253251916,966033.7436866505,1053657.2749086202,1147323.487970652,1247156.7156198716,1353237.21944843,1465595.6858747501,1584208.4197326694,1708993.5084508585,installed_base
1,Field Survey Technologies,Sensors,Hardware,Units,EU Europe,Belgium,54634.85294173541,60555.60101895659,67036.97428779228,74114.33127280863,81821.45554151549,90189.60741628951,99246.45575826266,106739.67715130694,124458.81575657966,152621.0222935445,170340.16089881724,177833.3822918615,193661.81850611453,210553.39426540362,228532.3356132273,247891.21902191365,268717.8663775584,289862.83204232116,311066.386629705,333677.6448317952,358055.33409116446,installed_base
1,Field Survey Technologies,Sensors,Hardware,Units,EU Europe,Bulgaria,60178.46043844762,66671.74638289891,73772.91151287575,81518.62954137019,89943.44751048127,99078.709866083,108951.35954800757,117277.64563745538,136966.7232113586,168259.88488873176,187948.96246263498,196275.24855208278,213523.55409187503,231912.95723173607,252234.153905162,273556.26602370135,294436.8331001488,315967.4912860193,339837.8877947496,365049.4031600798,391204.19700369914,installed_base
1,Field Survey Technologies,Sensors,Hardware,Units,EU Europe,Cyprus,5016.27628794983,5557.189497175776,6148.701464116772,6793.860426944175,7495.537155386731,8256.335482549644,9078.492637402165,9771.678671919746,11410.848099938778,14016.089190338836,15655.258618357871,16348.44465287545,17783.786416653526,19314.165233114207,21005.48635437553,22780.347364517937,24518.756995077252,26311.542673822412,28299.28120674616,30398.71681588751,32576.701944879635,installed_base
1,Field Survey Technologies,Sensors,Hardware,Units,EU Europe,Czechia,96917.52262809117,107466.27990066525,119024.54861781005,131658.51291293176,145432.16042285194,160405.65293535756,176633.47293579084,189828.2117486023,221029.66618602318,270620.21478407225,301821.66922149307,315016.40803430456,343403.41579292645,373732.61694857385,406048.5700469277,440383.46358208463,476755.7012464546,516295.5444067567,557399.5941356813,598160.4565625751,640410.1875124149,installed_base
1,Field Survey Technologies,Sensors,Hardware,Units,EU Europe,Germany,586702.9347676943,651213.2306698096,722051.3326132186,799669.2429974807,884515.0866145163,977024.3025676745,1077609.3891671519,1155002.9363115919,1338014.610073029,1628887.246150921,1811898.9199123583,1889292.4670567983,2064623.9479846046,2252662.039661148,2453778.776592829,2668266.511692242,2896324.9728569374,3138049.234268735,3393419.21580357,3662291.344542045,3944392.992637117,installed_base
1,Field Survey Technologies,Sensors,Hardware,Units,EU Europe,Denmark,71850.58365697326,79750.83800679396,88426.02721784059,97931.50577071683,108322.15327474901,119651.29578622326,131969.44991685025,141447.45182221534,163859.97917902053,199481.70089465173,221894.22825145692,231372.230156822,252844.2025837069,275872.2902854543,300502.0544734396,326769.29815146414,354698.4809994801,384301.2462785823,415575.1348760776,448502.5641322505,483050.14667374664,installed_base
1,Field Survey Technologies,Sensors,Hardware,Units,EU Europe,Spain,379818.40601609496,420979.11161021853,466037.2518122209,515238.6370840451,568818.1288753013,626993.0471782169,689955.7443496771,742048.1954534977,865230.6443604272,1061012.7105842198,1184195.1594911495,1236287.61059497,1346326.003469137,1463755.2823002748,1588743.8651719019,1723325.7271635511,1868111.4010577626,2015110.0058242118,2162515.917465338,2319708.1049778587,2489180.4212431465,installed_base
1,Field Survey Technologies,Sensors,Hardware,Units,EU Europe,Estonia,165213.1592594903,183195.39268853943,202898.51797020182,224435.35773423908,247914.9902912206,273439.9721114054,301103.1782836692,323595.9579767043,376784.38790468115,461320.3003086188,514508.73023659573,537001.5099296308,585392.214794452,637093.7338269735,692182.0249954175,750711.9593144087,812714.9091517362,880117.6060841156,950186.7713901064,1019670.9128856576,1091693.0956530832,installed_base
1,Field Survey Technologies,Sensors,Hardware,Units,EU Europe,Finland,2374531.876174427,2719547.351361612,3012940.6261641127,3338797.176853702,3695463.7777705444,4084908.8509917706,4509032.08274279,4825807.644666267,5574883.348434422,6765439.229918616,7514514.933686772,7831290.495610249,8568242.859136607,9360286.495224984,10209305.860564012,11116875.181939386,12084199.168960305,13112055.508226229,14200741.532692485,15350027.65043717,16559120.177864648,installed_base
1,Field Survey Technologies,Sensors,Hardware,Units,EU Europe,France,724753.7766926612,803637.8779923809,890071.1531899386,984548.5303369656,1087548.5119806842,1199520.990789922,1320873.3893436359,1419544.2646171912,1652870.2032980705,2023710.6500005287,2257036.588681408,2355707.4639549633,2567986.83845996,2794790.026217627,3036450.2381210043,3293208.1812376054,3565201.479241847,3860882.279608883,4168260.290009723,4473071.929680945,4789017.397949341,installed_base
1,Field Survey Technologies,Sensors,Hardware,Units,EU Europe,Greece,133070.27957188868,147419.4636765869,163110.9165178191,180225.50084763084,198839.37158821174,219021.60244670603,240831.5419652025,259220.17411255237,302703.5712643735,371814.62901940744,415298.02617122856,433686.65831857844,471762.9760537045,512360.40834556695,557227.2700439024,604310.2529705513,650426.2645835275,697984.7477667972,750714.8820553303,806408.0830304701,864185.0222143464,installed_base
1,Field Survey Technologies,Sensors,Hardware,Units,EU Europe,Croatia,32502.645903237502,35965.566729645805,39743.00905340582,43851.81013187048,48307.21330587547,53122.27018826106,58307.19257291069,62966.19627186165,73983.2913200371,91493.49388099922,102510.58892917466,107169.59262812561,116742.37803603968,125648.21832269133,134666.14920101827,145201.4203926986,156608.9378697655,168535.74763883394,180949.03199222597,193807.81693385655,207063.19996079,installed_base
1,Field Survey Technologies,Sensors,Hardware,Units,EU Europe,Hungary,43468.9361799061,48156.26208083264,53282.0554910512,58872.73115786153,64953.165961834566,71545.9236232632,78670.39102550507,84677.24905436416,98881.60048248971,121457.52178170379,135661.87320982935,141668.73123868843,154106.79803255777,167368.41587119523,182024.69189340042,197404.88938439955,212469.21458252403,228004.73969720496,245229.64408246888,263422.4682550158,282295.9694615526,installed_base
1,Field Survey Technologies,Sensors,Hardware,Units,EU Europe,Ireland,44418.97201122989,49253.64938780486,54551.00326895245,60341.366984390945,66654.06717157422,73516.67701536494,80954.16677837292,87001.5431261035,101301.7077793398,124029.9114154469,138330.0760686832,144377.45241641378,157387.7076202268,171288.10355198564,186099.06216161005,201835.33599105108,218505.35976992105,236627.15177450553,255465.84662500824,274147.2528165549,293511.0331284442,installed_base
1,Field Survey Technologies,Sensors,Hardware,Units,EU Europe,Italy,406574.20933613816,450634.42618602724,498866.6272500528,551533.9387817824,608887.7667338143,671160.7399166885,738558.7606936817,794320.7953514223,926180.6683200373,1135754.3422555784,1267614.2152241934,1323376.249881934,1441166.151242159,1566867.5797075818,1700660.8173500006,1844723.1199228812,1999708.0283800152,2157061.7546865335,2314851.480059726,2483116.8625146584,2664527.4310877984,installed_base
1,Field Survey Technologies,Sensors,Hardware,Units,EU Europe,Lithuania,75645.6890659529,83843.36955691985,92817.27395339703,102616.35854996831,113287.39900549958,124873.67737346547,137413.5030837135,147788.380384199,172321.73917040112,211314.23945915035,235847.59824535245,246222.47554583795,268138.02761185257,291525.56906060205,316418.64250554866,343222.34007492306,372058.2571740588,401334.90773432824,430692.67866345873,461999.511486261,495752.0888717487,installed_base
1,Field Survey Technologies,Sensors,Hardware,Units,EU Europe,Luxembourg,3228.0790265629344,3576.168024389402,3956.8183843048073,4371.991711520684,4823.535406582674,5313.125090719173,5842.200467706189,6288.280223103208,7343.120137779041,9019.647434184708,10074.48734886054,10520.567104257561,11444.239640942249,12429.070514787914,13517.471138143128,14659.631432556787,15778.334499503899,16932.02969420078,18211.181140431152,19562.21199847394,20963.791120412403,installed_base
1,Field Survey Technologies,Sensors,Hardware,Units,EU Europe,Latvia,79017.23540571291,87617.67848392998,97041.18019279848,107341.70071524165,118571.40942192313,130779.35645381932,144009.96159440215,154767.68377524774,180206.35165931215,220637.7199631355,246076.38784719992,256834.11002804548,279978.14852286235,304705.6648934509,331052.9878964481,359046.3609370341,388700.7886176384,420937.77745289553,454450.0700237868,487682.56064455095,522128.9315975358,installed_base
1,Field Survey Technologies,Sensors,Hardware,Units,EU Europe,Malta,15.739780203108824,17.437026234517962,19.293038107214265,21.317380405775978,23.519060864616122,25.906249639924038,28.485966578737397,30.661005431637285,35.804295998517084,43.97887008198802,49.12216064886782,51.29719950176771,55.80093146973769,60.602865178303354,65.90979429731505,71.47885002453192,76.93353073135444,82.55882944197684,88.79583988827679,95.3833269287823,102.21728208757725,installed_base
1,Field Survey Technologies,Sensors,Hardware,Units,EU Europe,Poland,279310.6914762509,309579.43295650935,342714.2681754266,378895.96112181916,418297.22410465544,461077.8698037297,507379.35021019826,545687.0738698164,636272.9286808524,780247.0579738403,870832.9127848764,909140.6364444945,990060.6211419124,1076415.7122864265,1168329.7610938258,1267298.5112587593,1373770.9361088986,1481870.705085398,1590269.999211302,1705865.9205604286,1830492.3975620046,installed_base
1,Field Survey Technologies,Sensors,Hardware,Units,EU Europe,Portugal,228416.96140721106,253170.37817761395,280267.65231857635,309856.610470171,342078.4947044562,377063.99793017836,414928.7979032948,446256.3986854544,520336.43333450606,638076.7638622718,712156.7985113235,743484.3992934831,809659.8003281162,880279.9667707928,955446.1826727169,1036381.6494372067,1123453.532111607,1211856.2374571427,1300503.8909073528,1395036.8605050426,1496954.9111071473,installed_base
1,Field Survey Technologies,Sensors,Hardware,Units,EU Europe,Romania,297584.67518886155,329673.71343811956,364764.4633187253,403037.7579654686,444663.9024070663,489797.3659718366,538570.8696300612,579693.3136674643,676935.1069451465,831487.9623246968,928729.755602379,969852.1996397821,1055002.1571062356,1145790.0756477988,1246125.706625637,1351417.242994434,1454546.3442558432,1560901.240451297,1678821.484816915,1803368.0265070256,1932574.4258304145,installed_base
1,Field Survey Technologies,Sensors,Hardware,Units,EU Europe,Slovakia,86689.665968788,96084.17598324735,106368.2355796664,117597.94848156131,129826.91941238186,143104.7494373638,157475.3410143727,169364.91011938936,197480.04403553376,242165.29797475575,270280.43189090025,282170.00099591684,307285.13857458276,334087.1702707394,362614.53578918235,393331.4691360597,426377.31817377906,459928.24604677263,493572.1375475243,529449.6464110259,568129.9690475547,installed_base
1,Field Survey Technologies,Sensors,Hardware,Units,EU Europe,Slovenia,88657.91051789852,98265.71807965933,108783.27199189067,120267.94978447031,132774.57324869066,146353.86961661704,161050.73812897748,173210.253822445,201963.72748138977,247663.53726770845,276417.0109266532,288576.52662012074,314261.8905583756,341672.4486827,370847.5134517362,402261.8590674202,436057.99721413944,470370.681752886,504778.4406110347,541470.5299723049,581029.0695604896,installed_base
1,Field Survey Technologies,Sensors,Hardware,Units,EU Europe,Sweden,1541483.7425789426,1768797.6995712998,2019550.5485547185,2295704.903750289,2599293.6870833426,2932403.2418266237,3239702.291895845,3459982.8375098663,3980877.832472,4808770.923608473,5329665.918570606,5549946.464184628,6079856.683984377,6650749.743934368,7264277.980775312,7921905.841872734,8624866.688980762,9374119.46552839,10170306.652225578,11013715.090214618,11904241.338995267,installed_base
1,Field Survey Technologies,Sensors,Hardware,Units,EU Europe,Netherlands,37980.0103190067,42156.061875685264,46741.7417544723,51766.31017341373,57258.7763349743,63247.32823798352,69758.66881700918,74768.71315969553,86615.91017552474,105445.44905303048,117292.6460688597,122302.69041154603,133652.71281687368,145825.29324732473,158844.51522720902,172729.3041205893,187492.58924341132,203140.52518975097,219671.81207976438,237077.15577047548,255338.907793076,installed_base
1,Field Survey Technologies,GIS software,Software,Units,EU Europe,Austria,1004.2319146517808,1077.7332837574943,1154.9486561797075,1235.826519353305,1320.278995530016,1408.1797613171127,1499.362643099859,1547.923432281215,1662.7545988986333,1845.2634162402414,1960.09458285766,2008.6553720390157,2123.8820235737708,2242.807778419886,2365.228514281775,2490.905737655933,2619.5674753767044,2750.9098392804185,2884.5992720216464,3020.275459008151,3157.5548671304714,installed_base
1,Field Survey Technologies,GIS software,Software,Units,EU Europe,Belgium,82.8670649911189,88.93224041698791,95.30388743543955,101.97775534001941,108.94659264730925,116.19997542171971,123.72419137276165,127.73132360427094,137.20694532895112,152.2671817219994,161.7428034466796,165.74993567818888,175.25819197051206,185.0716903389324,195.17358704916137,205.5442021285088,216.16109293432876,226.9991832667499,238.0309486886192,249.2266568121321,260.55465930721243,installed_base
1,Field Survey Technologies,GIS software,Software,Units,EU Europe,Bulgaria,644.8946370903292,692.1267068386026,741.7475817979644,793.7242614593882,848.0003433042158,904.4946804332664,963.100474254693,994.3252631657751,1068.162179708697,1185.5161064461754,1259.3530229890976,1290.5778119001795,1364.6118955366132,1441.0226838701408,1519.6790266251778,1600.427689738683,1683.0939281857443,1767.4824912893207,1853.3790656758995,1940.5521462179613,2028.7553096972238,installed_base
1,Field Survey Technologies,GIS software,Software,Units,EU Europe,Cyprus,57.625869017703586,61.843600207989866,66.27445215805817,70.91546892089384,75.76160780512497,80.80561999185129,86.03796993572983,88.82453510651656,95.41389526336837,105.88680401009982,112.47616416695163,115.26272933773836,121.87478361704575,128.69910364870907,135.72397627713406,142.93571602270785,150.31871624139558,157.8555389099078,165.5270434974397,173.3125540613186,181.1900623100261,installed_base
1,Field Survey Technologies,GIS software,Software,Units,EU Europe,Czechia,646.4436184441142,693.7578795346609,743.4629168072852,795.5255706217652,849.8892723620838,906.4727052030156,965.1688999562361,996.4284245888332,1070.3474803121949,1187.831956317098,1261.7510120404597,1293.0105366730568,1367.184173730942,1443.738995547751,1522.5436046310942,1603.4444780734316,1686.2665414574294,1770.8141760606989,1856.8726645314096,1944.2100653574616,2032.5794908155551,installed_base
1,Field Survey Technologies,GIS software,Software,Units,EU Europe,Germany,584.2614217215101,627.0244665776105,671.9483159513894,719.0029998686887,768.1373911173641,819.2779948363636,872.3281313334941,900.5807643289866,967.3894563123484,1073.5729578929518,1140.3816498763135,1168.6342828718061,1235.6730677019505,1304.863988237262,1376.0882862697167,1449.2072064466945,1524.0625149716818,1600.4774099247636,1678.2578278769422,1757.1941380518438,1837.063201156103,installed_base
1,Field Survey Technologies,GIS software,Software,Units,EU Europe,Denmark,229.11520934159648,245.88452460020278,263.5011885986171,281.9534487605989,301.2212558043063,321.27578908567557,342.0791361444753,353.1582655933113,379.3569617257803,420.99629351938245,447.19498965185153,458.27411910068747,484.5630449981191,511.69592020366684,539.6261742769751,568.2993949969373,597.6535317675953,627.6192525957908,658.1204564734697,689.0749377347641,720.3951934160848,installed_base
1,Field Survey Technologies,GIS software,Software,Units,EU Europe,Spain,353.82219815130145,379.7190209914036,406.9244029384336,435.42019451042836,465.1754336381608,496.1456126537896,528.2721834144178,545.3816627303257,585.8402611835942,650.1438050081239,690.6024034613923,707.7118827773003,748.3098228913407,790.211072376173,833.3437125860524,877.6237148275824,922.9552544790731,969.231262270475,1016.3342155544321,1064.1371642717093,1112.5049777559,installed_base
1,Field Survey Technologies,GIS software,Software,Units,EU Europe,Estonia,1834.045437546307,1968.282209645394,2109.3019277336257,2257.010513557116,2411.2474745235413,2571.782104121081,2738.3109167150906,2826.9982931490454,3036.7163614060414,3370.0352480831457,3579.7533163401417,3668.4406927740965,3878.8810417091677,4096.077124506337,4319.656149224362,4549.182551213676,4784.159621361246,5024.032363662691,5268.1915967938385,5515.979272225924,5766.694937066255,installed_base
1,Field Survey Technologies,GIS software,Software,Units,EU Europe,Finland,2987.175556178641,3205.811799395811,3435.4956699197296,3676.073939125508,3927.285206974236,4188.7537134990935,4459.985160766724,4604.433470280558,4946.008806617057,5488.897227106032,5830.472563442532,5974.920872956365,6317.6726137276055,6671.427660438696,7035.5788334900335,7409.416713121518,7792.132291393322,8182.821626416037,8580.492522727334,8984.07319309683,9392.422784786379,installed_base
1,Field Survey Technologies,GIS software,Software,Units,EU Europe,France,480.940615002307,516.1414417689716,553.1209563198995,591.8544885720287,632.2999526508903,674.3968505287864,718.0655993530885,741.3220359123438,796.3162768726738,883.7222849620038,938.7165259223339,961.9729624815891,1017.1566066630205,1074.1118028092585,1132.7407939172215,1192.9293621348613,1254.5472557348173,1317.448938453806,1381.4746650452284,1446.4518758452693,1512.196891519657,installed_base
1,Field Survey Technologies,GIS software,Software,Units,EU Europe,Greece,427.7529403947427,459.06087464707156,491.950789929967,526.4007444480386,562.3733066432279,599.8146690215765,638.6540498729216,659.338535256377,708.2509114245768,785.9906069339655,834.9029831021653,855.5874684856207,904.6683015946966,955.3247690718625,1007.4699249528816,1061.0021828453068,1115.8056956827181,1171.7510221939665,1228.6960835094046,1286.4874035006123,1344.9616161035192,installed_base
1,Field Survey Technologies,GIS software,Software,Units,EU Europe,Croatia,733.6286466928432,787.3241219713734,843.7328143735012,902.8170920605228,964.5127570791591,1028.7275255074392,1095.3400013587222,1130.8154583021592,1214.703883012211,1348.0333408021113,1431.9217655121631,1467.3972224556,1551.5745635608191,1638.4542367834465,1727.887123218491,1819.6989945192238,1913.6911642044192,2009.6416307035172,2107.3067180086637,2206.4232029511572,2306.71090037461,installed_base
1,Field Survey Technologies,GIS software,Software,Units,EU Europe,Hungary,154.97860233010516,166.32173859888482,178.2380403234149,190.7195578008154,203.75272925277187,217.31805975728378,231.38990448651776,238.884073040186,256.6054513858183,284.7712176912347,302.492596036867,309.98676459053524,327.7691763477105,346.12245410974475,365.015096599281,384.4102981847725,404.26608646873865,424.5355637553552,445.16725363719326,466.1055503810659,487.2912650442755,installed_base
1,Field Survey Technologies,GIS software,Software,Units,EU Europe,Ireland,156.49227205577728,167.94619627661018,179.97888403696206,192.58230798952707,205.74277389865193,219.4405964362232,233.64988030241386,241.21724409651026,259.11170642596784,287.55256662896664,305.44702895842426,313.0143927525206,330.97048460437713,349.5030180862176,368.5801842489862,388.164817982025,408.21453694514895,428.6819853946399,449.5151841550848,470.6579843943552,492.05061907374954,installed_base
1,Field Survey Technologies,GIS software,Software,Units,EU Europe,Italy,515.6567598037888,553.3985177395906,593.0473559903527,634.576823691459,677.9417970480267,723.0774110518528,769.8983382536802,794.833513921201,853.7974508749069,947.5127610666058,1006.4766980203117,1031.4118736878324,1090.5788857161795,1151.6453271491148,1214.5063845067937,1279.0395952529657,1345.1053055892314,1412.5474738846333,1481.19482386579,1550.862339848145,1621.35308381607,installed_base
1,Field Survey Technologies,GIS software,Software,Units,EU Europe,Lithuania,368.5490606006059,395.5237664843183,423.86149659917965,453.54334604164575,484.5370640326882,516.7962903968909,550.2600400881561,568.0816537748896,610.2242285796309,677.2042281207738,719.3468029255151,737.1684166122486,779.4561327858705,823.1014049488766,868.0293210424205,914.1523549130372,961.3706935063434,1009.5728110924606,1058.6362934715205,1108.4289066420422,1158.8098955004095,installed_base
1,Field Survey Technologies,GIS software,Software,Units,EU Europe,Luxembourg,187.96571685706294,201.7232337536671,216.17591407378933,231.31411602444535,247.1213912098929,263.57409522416987,280.64112475123864,289.73042316572224,311.2237876324951,345.3846225789184,366.87798704569127,375.9672854601749,397.5346742682466,419.79443761202424,442.70836918372527,466.2318292923597,490.31391173757464,514.8977366734945,539.9208709662663,565.3158732314496,591.0109561908204,installed_base
1,Field Survey Technologies,GIS software,Software,Units,EU Europe,Latvia,1147.766548532171,1231.7734512206869,1320.025198855496,1412.462916192537,1508.9861651374288,1609.4505669243154,1713.666196782374,1769.167768261518,1900.4117268028065,2109.006486937972,2240.2504454792606,2295.7520169584045,2427.447986984236,2563.3717722969545,2703.290075448763,2846.9303151151976,2993.9816450693224,3144.0967424829464,3296.894374736876,3451.9627275580506,3608.8634495389197,installed_base
1,Field Survey Technologies,GIS software,Software,Units,EU Europe,Malta,45.62223556959019,48.96140128131825,52.46929408859014,56.143573776614595,59.98024806106523,63.97357807276563,68.11601454775958,70.32213021800814,75.538907794697,83.83027967484021,89.04705725152905,91.25317292177763,96.48791737026144,101.89071200735695,107.45228356130458,113.16179727706417,119.00689741922132,124.97377835464734,131.04728657988642,137.21105301030147,143.44765374448758,installed_base
1,Field Survey Technologies,GIS software,Software,Units,EU Europe,Poland,289.66569658165855,310.86680060063884,333.13919038746246,356.468007399158,380.8279037367043,406.1824420463233,432.4836903760787,446.4908082733923,479.61328663941083,532.2570464485016,565.3795248145201,579.3866427118337,612.6231967334817,646.9267386906645,682.2383905233686,718.4893599677597,755.6011977181233,793.4862487464443,832.0483000969258,871.1834208191316,910.780982696916,installed_base
1,Field Survey Technologies,GIS software,Software,Units,EU Europe,Portugal,366.5661759767758,393.395751305978,421.5810174606073,451.1031712501516,481.9301354127089,514.0157992020131,547.2995056865195,565.0252347067891,606.9410720903231,673.5607027541778,715.4765401377119,733.2022691579815,775.2624670141208,818.6729168744087,863.3591097253063,909.2339903255895,956.1982826396651,1004.1410609735216,1052.9405697458046,1102.4652864064958,1152.5752131490685,installed_base
1,Field Survey Technologies,GIS software,Software,Units,EU Europe,Romania,120.25983221108007,129.06184515945645,138.30862132353738,147.9939919166639,158.1074333106702,168.63381789430215,179.55324587077527,185.36854836592897,199.1199305203209,220.97591759891833,234.72729975331023,240.54260224846394,254.34134492696086,268.5830665001386,283.24332270103093,298.29355320577594,313.70118839893865,329.4298367468098,345.4395537407469,361.68719061025814,378.12681809665526,installed_base
1,Field Survey Technologies,GIS software,Software,Units,EU Europe,Slovakia,732.5668066510189,786.1845641278077,842.5116116697334,901.5103719056942,963.1167398012981,1027.2385650045542,1093.754627235046,1129.1787376820582,1212.945743894067,1346.0822231822767,1429.8492293942854,1465.2733398412977,1549.3288442764213,1636.0827695252415,1725.3862125146125,1817.065197072575,1910.9213242929086,2006.7329139258702,2104.2566426555895,2203.2296682975348,2303.372211229943,installed_base
1,Field Survey Technologies,GIS software,Software,Units,EU Europe,Slovenia,2152.027867318016,2309.5382912486984,2475.0076721890186,2648.3256208214984,2829.3038187304082,3017.671560058386,3213.072741554273,3317.136524085492,3563.215011526326,3954.323932901909,4200.402420342743,4304.466202873962,4551.392198296563,4806.245220627978,5068.58784414808,5337.9089870457565,5613.625821964981,5895.087129015979,6181.578108467494,6472.3266209041385,6766.510770578965,installed_base
1,Field Survey Technologies,GIS software,Software,Units,EU Europe,Sweden,2122.3822906897767,2277.7229065927395,2440.9128397216296,2611.843221443261,2790.3283275499552,2976.1011813327327,3168.810585093183,3271.4408216717197,3514.1294186902333,3899.850561554808,4142.539158573321,4245.169395151858,4488.693825181197,4740.036082193444,4998.76476629086,5264.3758361450455,5536.294493223999,5813.878488613385,6096.422869410853,6383.1661329211765,6673.29770554324,installed_base
1,Field Survey Technologies,GIS software,Software,Units,EU Europe,Netherlands,94.84807295259846,101.79015786081604,109.08302434883605,116.72180713856608,124.69820631944033,133.00029085222954,141.61236590897275,146.19885355959286,157.04447070206095,174.28213201230898,185.12774915477706,189.71423680539718,200.5972068558379,211.82955120480085,223.3919908330669,235.26200041666544,247.41389253192386,259.81896543545315,272.44571517784544,285.26011063119904,298.2259277163794,installed_base
2,Remote Sensing Technologies,Drones,Hardware,Units,EU Europe,Austria,1169.9144076210491,1310.9317035327094,1467.0300303896922,1639.3501023334602,1829.0048763803497,2037.0476389380867,2264.434626850288,2463.5639925476057,2934.443023887333,3682.842414508343,4153.72144584807,4352.850811545388,4795.30604109936,5272.565934800268,5741.879681697311,6219.021239989005,6758.271599480129,7349.620730576044,7971.040210318559,8620.479547351371,9295.322106950998,installed_base
2,Remote Sensing Technologies,Drones,Hardware,Units,EU Europe,Belgium,264.85602222063415,296.5494335981333,331.57368129656084,370.16592993198276,412.55311654473365,458.9443790550348,509.52235740264257,556.042452007878,666.0480104991475,840.8871676082533,950.8927260995231,997.4128207047584,1088.5859897820371,1175.3644278173008,1274.9361207414906,1391.005110060522,1513.7576874236552,1642.900530243896,1778.0204745383203,1918.5830735110578,2063.935736131901,installed_base
2,Remote Sensing Technologies,Drones,Hardware,Units,EU Europe,Bulgaria,575.9035921897355,645.0508675250187,721.518913229429,805.8419497560913,898.5351732256535,1000.0785140510087,1110.8978374091957,1211.6156442415902,1449.7819395733818,1828.315487320549,2066.4817826523404,2167.199589484735,2384.699850417255,2587.752034297916,2797.8225673030624,3047.633715550843,3318.7063512216164,3604.2825662371197,3903.5117778464087,4215.273036382666,4538.179214519409,installed_base
2,Remote Sensing Technologies,Drones,Hardware,Units,EU Europe,Cyprus,32.82275733058672,36.750420148672596,41.09086282863627,45.87347642066142,51.12638450427541,56.87550487113913,63.14347150318449,68.9085576183554,82.5411936486843,104.20844960745563,117.84108563778454,123.60617175295545,134.90497016649945,145.6591436577334,157.99874419407251,172.38280175894607,187.59513495308363,203.59939324908638,220.34437455973887,237.76384660782173,255.77693588009163,installed_base
2,Remote Sensing Technologies,Drones,Hardware,Units,EU Europe,Czechia,714.9800738423143,800.9568953277591,896.0762398602201,1001.0162755135793,1116.4345619072415,1242.948185388306,1381.1106393584525,1503.2521352510876,1792.078793594046,2251.130228702484,2539.9568870454427,2662.0983829380775,2937.0067260836977,3215.6908691300027,3482.48628236472,3774.1173819070063,4112.43262078443,4469.341049051851,4843.861884425673,5234.674720996958,5640.1213034816965,installed_base
2,Remote Sensing Technologies,Drones,Hardware,Units,EU Europe,Germany,2328.00279743166,2607.9466563657493,2917.6589242495556,3259.347742583642,3635.1541509430353,4047.0874063614074,4496.949704780454,4894.647143525068,5835.077923619079,7329.767166291711,8270.197946385722,8667.895385130336,9563.007592161428,10470.413949831027,11339.11014301935,12288.672292218798,13390.239806244486,14552.347464669545,15771.801802412348,17044.303526720247,18364.45329419716,installed_base
2,Remote Sensing Technologies,Drones,Hardware,Units,EU Europe,Denmark,364.7795582993337,408.5498143274353,456.95053227624453,510.3191596614537,568.9810518688467,633.2392077180482,703.3623921156592,767.0601737448277,917.6856207099129,1157.084670610176,1307.7101175752614,1371.40789920443,1508.9265592177558,1637.3487228724086,1770.2458231069002,1928.3041802949267,2099.817736487832,2280.5080229869345,2469.8368575736954,2667.0949909976543,2871.4047576100147,installed_base
2,Remote Sensing Technologies,Drones,Hardware,Units,EU Europe,Spain,2200.1208013463247,2464.115448460454,2756.03812871078,3077.9241132130924,3431.735740963114,3819.300510214715,4242.2394417960395,4626.424386301483,5534.9023191796,6978.806774691625,7887.284707569743,8271.469652075186,9100.895691952992,9875.457388687795,10677.009087548566,11630.317658613412,12664.779524985988,13754.589655195328,14896.502072686595,16086.239032192074,17318.507006685337,installed_base
2,Remote Sensing Technologies,Drones,Hardware,Units,EU Europe,Estonia,594.6873916026152,666.1989393758181,745.3148154127146,832.5990885841444,928.5986866006735,1033.8268733749283,1148.7440191456833,1250.3356721948107,1490.5683421099498,1872.3861165396515,2112.618786454791,2214.210439503918,2442.8664978979396,2674.6630921982114,2896.5711903294596,3139.136464862198,3420.531449573055,3717.391390167912,4028.900517257803,4353.9605782136405,4691.192312905614,installed_base
2,Remote Sensing Technologies,Drones,Hardware,Units,EU Europe,Finland,5235.652087820956,5868.000613672446,6568.297907083752,7341.766069496918,8193.52549205104,9128.45426585756,10151.02260614726,11036.641251223264,13130.853967009602,16459.325646595804,18553.538362382144,19439.157007458147,21351.622138085495,23527.03944721145,25791.611854471965,27966.541070519892,30278.25299653781,32947.28674535329,35755.68948776522,38694.78115339535,41753.303682702215,installed_base
2,Remote Sensing Technologies,Drones,Hardware,Units,EU Europe,France,3301.856578710589,3698.9069917560173,4138.17858126945,4622.803201967042,5155.817536456683,5740.071357325535,6378.120757948044,6942.18361298583,8276.016871906775,10395.966862727808,11729.800121648752,12293.862976686538,13563.419925986778,14850.413934301814,16082.504481419772,17429.28895809126,18991.66592219642,20639.908278852516,22369.486667656594,24174.30330896905,26046.70019759644,installed_base
2,Remote Sensing Technologies,Drones,Hardware,Units,EU Europe,Greece,395.21885959479357,442.6415571610954,495.0811089837902,552.9031211372612,616.4600985292176,686.0803239409338,762.054989566351,831.068079914852,994.2625792257135,1253.6384607328105,1416.8329600436723,1485.846050392173,1634.8400571749542,1773.9785037011684,1917.9653012152733,2089.2129554657295,2275.0385878000493,2470.80670951983,2675.934229391405,2889.6527143335948,3111.011261235379,installed_base
2,Remote Sensing Technologies,Drones,Hardware,Units,EU Europe,Croatia,416.4935113047885,466.57712843115246,521.9864905192936,583.1166471834313,650.3506431052253,724.0479462878893,804.5309802768948,875.681411402843,1043.9300570542148,1311.3388297915403,1479.5874754429124,1550.7379065688606,1710.8787906474752,1873.219171210194,2028.634073699695,2198.516375455745,2395.593338748925,2603.5012930287185,2821.6689084468344,3049.327016024329,3285.5096411961154,installed_base
2,Remote Sensing Technologies,Drones,Hardware,Units,EU Europe,Hungary,310.39196438449966,347.6361998167563,388.8205084764623,434.2320254151562,484.1475964566208,538.8250441588633,598.4930613458635,652.6936850293552,780.8613065587972,984.5666394912687,1112.7342610207106,1166.9348847042024,1283.9499039121422,1393.2246884782387,1506.3072093165858,1640.799515310115,1786.7408884327886,1940.4907674916144,2101.5912117050743,2269.438718867304,2443.286480779748,installed_base
2,Remote Sensing Technologies,Drones,Hardware,Units,EU Europe,Ireland,249.11700574448864,279.00879895029846,312.06284942260226,348.5096084374999,388.57126925572993,432.45475728462867,480.3436187434354,523.8444133219614,626.7102660901586,790.2018136079898,893.0676663761872,936.5684609547131,1030.4833639066,1118.186043930746,1208.9447691095693,1316.88674058173,1434.0176011007957,1557.4154782999153,1686.7128341968273,1821.4253048912497,1960.9535107482814,installed_base
2,Remote Sensing Technologies,Drones,Hardware,Units,EU Europe,Italy,1805.4905508509146,2022.1331281803564,2261.694356113164,2525.844444196799,2816.193751513444,3134.241982455256,3481.319399336087,3796.5940363739014,4542.120519494467,5727.035388334121,6472.561871454687,6787.836508492501,7468.490442000529,8104.120914495524,8761.90025889611,9544.216219024107,10393.129207714741,11287.462778448928,12224.553177493484,13200.889948215718,14212.129050496995,installed_base
2,Remote Sensing Technologies,Drones,Hardware,Units,EU Europe,Lithuania,405.60597216043107,454.3803555840994,508.3412638972738,567.8734197390302,633.3498546363154,705.1206397545774,783.4997701791148,852.7902609146477,1016.6407258842228,1277.059177279923,1440.9096422494983,1510.2001329850311,1666.1547810318864,1824.2514286189114,1975.6036367601378,2141.0450524997214,2332.9702352871645,2535.443276587034,2747.907781660275,2969.6146883414685,3199.6232735655035,installed_base
2,Remote Sensing Technologies,Drones,Hardware,Units,EU Europe,Luxembourg,25.84228353182229,28.934643358270705,32.3519964239962,36.11748313260637,40.25324597227661,44.77969075211898,49.71463784513405,54.25365290938023,64.98701214649783,82.04625449483615,92.77961373195376,97.31862879619993,106.21449178634666,114.68155619875395,124.39687208516042,135.7218467113212,147.69894612512107,160.29955053005395,173.48334707726565,187.19818922496447,201.3804029728706,installed_base
2,Remote Sensing Technologies,Drones,Hardware,Units,EU Europe,Latvia,717.7186520085654,804.2298898156253,899.9930328308499,1005.7078859379164,1122.057225589791,1249.6872215368473,1389.1845055992694,1511.3463141833906,1800.2210057255584,2259.348783195039,2548.2234747372067,2670.3852833213277,2941.8225516043844,3234.611772194739,3522.5261936240718,3815.242817851953,4146.061926145628,4508.842569303653,4890.070758671453,5288.488559580797,5702.4907199429,installed_base
2,Remote Sensing Technologies,Drones,Hardware,Units,EU Europe,Malta,0.02736633963340734,0.030641072269750498,0.034259964715100684,0.03824752208502172,0.04262719272729563,0.047420585889494035,0.05264657290623904,0.0574532776889779,0.06881963987320996,0.0868849559439944,0.09825131812822646,0.10305802291096533,0.11247852197873581,0.12144493394935481,0.1317332133835554,0.143726081644504,0.1564095339399448,0.16975326261264373,0.1837145773518946,0.19823825625861005,0.21325687014003597,installed_base
2,Remote Sensing Technologies,Drones,Hardware,Units,EU Europe,Poland,1833.3433924576816,2053.8041344302155,2297.708025144733,2566.7940151016933,2862.7482108479608,3187.152937847447,3541.427457290587,3854.621226784428,4595.227105201508,5772.321329424436,6512.927207841515,6826.120977335356,7531.037677641421,8245.636239096379,8929.749861121263,9677.546854270662,10545.05076165992,11460.231103903758,12420.572970748231,13422.690593083014,14462.331892452818,installed_base
2,Remote Sensing Technologies,Drones,Hardware,Units,EU Europe,Portugal,907.256367280147,1016.1189462692671,1136.49811374431,1269.233147565752,1415.133250822597,1574.9520227835765,1749.3579183203185,1907.7829633916917,2282.408933307919,2877.8269259044723,3252.4528958207,3410.877940892073,3752.9055492882503,4072.3089342223825,4402.842094970046,4795.9547234003085,5222.532261506733,5671.933575813572,6142.820133956778,6633.427936600783,7141.574109924681,installed_base
2,Remote Sensing Technologies,Drones,Hardware,Units,EU Europe,Romania,1128.79818782021,1264.2437865683842,1414.0181954319985,1579.1656345037954,1760.692905183455,1959.537627221652,2176.5314846659676,2373.6421473533105,2839.7475737826276,3580.55995634373,4046.665382773048,4243.77604546039,4669.322956417335,5066.72106250961,5477.9667107324785,5967.073030164126,6497.816014556599,7056.956085090752,7642.827854824847,8253.236575587238,8885.466340273666,installed_base
2,Remote Sensing Technologies,Drones,Hardware,Units,EU Europe,Slovakia,575.7273985355982,644.9589947424199,721.5524758499266,806.0539269243046,898.9928383708284,1000.8661100756415,1112.1194346222355,1210.472113607555,1443.0456170087073,1812.690168231965,2045.2636716331172,2143.6163506184366,2364.9823313294823,2589.3887204851017,2804.221881327469,3039.0536205803674,3311.477090114437,3598.8724573972872,3900.449961632328,4215.14636499409,4541.626381317689,installed_base
2,Remote Sensing Technologies,Drones,Hardware,Units,EU Europe,Slovenia,721.3101958602233,808.0482186583006,904.0097084185553,1009.8788374194811,1126.318987026818,1253.952707001284,1393.3383911339504,1516.561274607486,1807.945078325835,2271.0607548068965,2562.4445585252456,2685.667441998781,2963.0097038219983,3244.161194832905,3513.3186983990463,3807.5317726170624,4148.84230719706,4508.910647163844,4886.747326814862,5281.0202499426305,5690.056479793449,installed_base
2,Remote Sensing Technologies,Drones,Hardware,Units,EU Europe,Sweden,4375.598299034907,4906.133690473438,5494.210115061393,6144.388065804616,6861.182092618933,7648.94775584073,8511.747028593963,9244.168875336412,10976.118799037615,13728.82210756298,15460.772031264183,16193.193878006632,17805.64714107786,19543.75854499164,21479.229989232776,23527.205804366953,25556.26297526431,27671.648087774498,30034.204659383515,32546.206110072588,35168.04630814135,installed_base
2,Remote Sensing Technologies,Drones,Hardware,Units,EU Europe,Netherlands,267.9608371913184,299.95329162715217,335.2898839599301,374.2042182079994,416.91843487641006,463.63548108467603,514.5302822019498,563.1348692958719,678.0696043577117,860.7430299225232,975.6777649843632,1024.2823520782852,1102.953109992752,1187.3822981194342,1297.7535068292132,1414.8930634753385,1538.5888276767905,1668.5124911275225,1804.2152892334116,1945.1278899033473,2090.5650309032917,installed_base
3,Decision Support Systems,Total,Software,Units,EU Europe,Austria,13858.158254299127,15601.736071345276,17540.348700893617,19689.528356756062,22064.452582255566,24679.47798408605,27547.588746058675,29494.413355559132,34098.04819916807,41414.91151711191,46018.54636072085,47965.37097022131,51831.10523811807,56010.47155217217,61499.09428689196,67347.24412088191,73544.69020797807,80074.60028881498,86913.24043696401,94029.92885594483,101387.28309416548,installed_base
3,Decision Support Systems,Total,Software,Units,EU Europe,Belgium,2727.3020115293225,3066.6878882742853,3443.05554635976,3859.096509557731,4317.363309625267,4820.172323881363,5369.492334905358,5707.182447915631,6505.714561702315,7774.874807910208,8573.406921696893,8911.097034707165,9810.636110280115,10774.33218477991,11801.498958978453,12890.371109492864,14038.01252163308,15240.260479892691,16491.715125828854,17785.78147841336,19114.76814338656,installed_base
3,Decision Support Systems,Total,Software,Units,EU Europe,Bulgaria,3191.164035058316,3588.5279140920675,4029.225285663411,4516.414388289042,5053.091161392268,5641.97528922995,6285.379455992881,6681.29967011431,7617.527866595867,9105.53766336995,10041.765859851508,10437.686073972936,11491.328116645496,12620.118102566621,13823.252160353497,15098.662543328268,16442.91014143606,17851.11911082712,19316.964525731844,20832.721597454954,22389.381293950144,installed_base
3,Decision Support Systems,Total,Software,Units,EU Europe,Cyprus,205.0536260749956,230.5705304629231,258.8679293947359,290.1481864908835,324.6032151845853,362.40717351430175,403.7080854264609,429.0974929323803,489.13554694220113,584.5580228744616,644.5960768842825,669.9854843902019,737.6177995729823,810.0737922261807,887.3018625839118,969.1692838856899,1055.4553028151522,1145.8469434329638,1239.9382145620139,1337.2332691094568,1437.1538255810372,installed_base
3,Decision Support Systems,Total,Software,Units,EU Europe,Czechia,4386.913455590479,4932.821632622541,5538.21565811897,6207.424895605129,6944.555137495486,7753.332317619872,8636.92325753011,9180.103768644074,10464.556777472228,12506.023449609454,13790.476458437608,14333.656969551572,15780.581460414092,17330.70361720165,18982.919515484322,20734.38960142132,22580.391082675553,24514.228157832404,26527.215059213402,28608.74364335306,30746.44216673809,installed_base
3,Decision Support Systems,Total,Software,Units,EU Europe,Germany,30514.674289814346,34353.90806170488,38622.59455519594,43354.9345953014,48584.34804796024,54342.447135311435,60657.822102367776,64944.59078895512,75081.465777981,91192.67600325626,101329.55099228214,105616.31967886949,114128.39032427789,123331.05632584555,135416.61141738793,148293.81949277373,161940.15295975926,176318.5483859119,191376.7453610603,207047.18476161518,223247.55310020313,installed_base
3,Decision Support Systems,Total,Software,Units,EU Europe,Denmark,5243.663143626018,5903.399781750533,6636.933878330575,7450.1425272490305,8348.768621830757,9338.244428615577,10423.48291546338,11160.124268853522,12902.052013736644,15670.613737683543,17412.541482566667,18149.182835956806,19611.903056902032,21193.295670737934,23270.085978309264,25482.91449276085,27827.91005675897,30298.7036639437,32886.3148485862,35579.13420325788,38363.01692025529,installed_base
3,Decision Support Systems,Total,Software,Units,EU Europe,Spain,12068.952322405858,13570.814583357302,15236.32991753257,17077.408950136123,19105.34723404301,21330.395283243062,23761.265423317676,25255.62353123528,28789.315791373825,34405.64813602191,37939.34039616046,39433.698504078064,43414.370306957426,47678.95190711023,52224.406269170475,57042.92142231439,62121.504369045695,67441.73411500208,72979.71501759654,78706.26273594558,84587.34104295736,installed_base
3,Decision Support Systems,Total,Software,Units,EU Europe,Estonia,7797.573098941318,8778.632431114278,9869.432046188998,11078.711458490856,12415.010619819459,13886.407565372156,15500.208108846531,16595.628360573588,19185.956639061667,23302.937808542116,25893.2660870302,26988.686338757252,29163.819930239817,31515.424937418895,34603.709556568196,37894.28937152676,41381.407789725556,45055.59379990797,48903.49302822024,52907.84174116532,57047.605946090174,installed_base
3,Decision Support Systems,Total,Software,Units,EU Europe,Finland,49029.46416682309,55184.980265415696,62025.56967439511,69604.8796878867,77975.04922353578,87185.03664481292,97278.65413522087,104056.73287772226,120084.78148540405,145559.22611442945,161587.27472211124,168365.35346461262,181257.44856266826,197265.9101469545,216492.89226800174,236958.70532807615,258623.60872642082,281424.7253158348,305275.15722843213,330064.01402702037,355657.4798305554,installed_base
3,Decision Support Systems,Total,Software,Units,EU Europe,France,15948.206173507437,17932.80337316636,20133.655711049352,22566.50217603812,25246.26898552775,28186.501417196618,31398.712149271552,33373.39317919641,38042.89979525891,45464.457506204526,50133.964122267025,52108.645152191886,57368.80137167826,63004.1228798028,69010.59646440925,75377.89919787389,82088.86181832975,89119.14237726612,96437.16459329201,104004.3635708793,111775.76301444501,installed_base
3,Decision Support Systems,Total,Software,Units,EU Europe,Greece,4157.9598126490855,4678.396993540589,5256.337107930547,5896.172899082647,6602.138715700517,7378.1659919042,8227.714809525372,8789.348726893746,10117.438303495646,12228.259477653804,13556.349054255707,14117.982971624078,15116.992189155611,16621.47422573198,18229.01012534024,19937.62030844178,21743.50856652984,23640.942900339112,25622.201943766388,27677.600381184646,29795.602580611237,installed_base
3,Decision Support Systems,Total,Software,Units,EU Europe,Croatia,2061.56222196678,2318.103338135339,2602.598910022531,2917.083455149479,3263.486427246828,3643.5587713703417,4058.788686396299,4314.047978095827,4917.656831039398,5877.012562873835,6480.621415817406,6735.880707516933,7415.840524047934,8144.296489778118,8920.729832471903,9743.806147659117,10611.30603202513,11520.082897112723,12466.055000554288,13444.23720917247,14448.815613186496,installed_base
3,Decision Support Systems,Total,Software,Units,EU Europe,Hungary,1618.5167228209473,1819.9251897523195,2043.2804859260332,2290.1798954772557,2562.1382177633295,2860.53010634712,3186.5239347768415,3386.926051127698,3860.8147420059695,4613.997584882679,5087.886275760951,5288.288392111807,5822.119640169777,6394.024843811008,7003.596718923643,7649.787634770672,8330.855154795421,9044.328916481749,9787.00437513543,10554.967740851374,11343.654557555989,installed_base
3,Decision Support Systems,Total,Software,Units,EU Europe,Ireland,1360.5272675566175,1529.8314874718183,1717.5842406641864,1925.128206260412,2153.7367265753965,2404.5653371864682,2678.596174421676,2847.054454726733,3245.4059061735047,3878.5323859565233,4276.883837403295,4445.342117708352,4894.081360878345,5374.825620755537,5887.232533784451,6430.421460201573,7002.927705565428,7602.6746799238945,8226.968638828654,8872.51964538238,9535.490811858097,installed_base
3,Decision Support Systems,Total,Software,Units,EU Europe,Italy,10084.61097609611,11339.541498379942,12731.217740956408,14269.592019358817,15964.10270515927,17823.314953238736,19854.50863444585,21103.168814281576,24055.86187336189,28748.77351102682,31701.466570107135,32950.12674994286,36276.30830101482,39839.72004252259,43637.82427944769,47664.09346204017,51907.67086291696,56353.16421297518,60980.606720311356,65765.61244681414,70679.74130090418,installed_base
3,Decision Support Systems,Total,Software,Units,EU Europe,Lithuania,1992.4218793391622,2240.359160764842,2515.313365863912,2819.2507788357007,3154.036143701585,3521.361682603322,3922.6656834423484,4169.364130022125,4752.72924622038,5679.910259633018,6263.275375831272,6509.973822411049,7167.129255845082,7871.154382416954,8621.54782839099,9417.019942339772,10255.425754940507,11133.724207514186,12047.97045051302,12993.346541355342,13964.233556232653,installed_base
3,Decision Support Systems,Total,Software,Units,EU Europe,Luxembourg,152.1859504257199,171.12399322228424,192.12565329260482,215.34112012856824,240.91282734031333,268.9700309040195,299.6225906909996,318.4660083178651,363.02483171488996,433.8451359918563,478.4039593888812,497.2473770157467,547.4424814018496,601.2176050952638,658.534451970418,719.2945153655282,783.3339573914362,850.4204947098768,920.2528102735213,992.4628981000563,1066.6215713445504,installed_base
3,Decision Support Systems,Total,Software,Units,EU Europe,Latvia,3163.3416513020397,3556.9883670792146,3993.5294923347833,4476.086870274008,5007.621130115533,5590.818990390102,6227.964001621,6619.643835831692,7545.84485235469,9017.917784517747,9944.118801040746,10335.798635251438,11379.155554545467,12496.926860684036,13688.316529272219,14951.276997934649,16282.40272747808,17676.865469586675,19128.402039233188,20629.36305322211,22170.827421144208,installed_base
3,Decision Support Systems,Total,Software,Units,EU Europe,Malta,0.17032278220441507,0.191517775103523,0.21502231782958947,0.24100449877740027,0.26962372614916064,0.30102466006242956,0.3353302529900359,0.3564193437206151,0.4062884857242375,0.4855488328671467,0.535417974870769,0.5565070656013483,0.6126841950155048,0.6728679942113399,0.7370156031046169,0.8050167754560879,0.8766881479195712,0.9517697546813872,1.029924369094246,1.110740127890874,1.1937366956834794,installed_base
3,Decision Support Systems,Total,Software,Units,EU Europe,Poland,17039.679558965494,19172.476217072835,21540.92487872609,24163.027386408285,27056.13646797197,30236.363481061562,33717.88814080568,36019.512594291285,41462.138745235396,50112.466799036105,55555.092949980215,57856.717403465824,61950.74373133087,68116.24146593938,74704.0628598663,81706.09542465117,89106.78196892873,96882.63226308784,105002.00347985639,113425.20435665653,122104.96087417318,installed_base
3,Decision Support Systems,Total,Software,Units,EU Europe,Portugal,5025.280039341336,5650.626651059068,6344.115260547539,7110.705223473847,7955.099791195689,8881.567080942299,9893.734737820796,10515.956764284916,11987.318379251452,14325.851341509517,15797.212956476053,16419.434982940173,18076.910298095852,19852.600202148613,21745.240131879065,23751.577332615554,25866.20176964876,28081.443294584635,30387.352220614237,32771.77674849394,35220.54484671261,installed_base
3,Decision Support Systems,Total,Software,Units,EU Europe,Romania,6195.742192059574,6966.741291920459,7821.753670112941,8766.893789694106,9807.96035892471,10950.215602753571,12198.13209856385,12965.278850986,14779.342379039641,17662.554305211903,19476.617833265547,20243.764585687695,22287.290451313544,24476.564834517056,26810.02863657505,29283.67148807494,31890.823277093266,34622.02736406919,37465.016632766936,40404.80894991356,43423.931407951044,installed_base
3,Decision Support Systems,Total,Software,Units,EU Europe,Slovakia,2815.271392622637,3165.604192518338,3554.111624565536,3983.572027886851,4456.620266389564,4975.647432359428,5542.685811641751,5891.268150785128,6715.556992479464,8025.654120959715,8849.942962654051,9198.525301797428,10127.079094263807,11121.859275649244,12182.157410079943,13306.15123350244,14490.809926573133,15731.83650500818,17023.656937426356,18359.46352107046,19731.316775040672,installed_base
3,Decision Support Systems,Total,Software,Units,EU Europe,Slovenia,4033.9011485379233,4535.88042043798,5092.558750085888,5707.917119708488,6385.730931055561,7129.426294285809,7941.915198711175,8441.386298341315,9622.48014028889,11499.671207949876,12680.76504989745,13180.23614952759,14510.727490335754,15936.112242494657,17455.37531371428,19065.90564735636,20763.360491363954,22541.582851465297,24392.585898522124,26306.615120041213,28272.294319324614,installed_base
3,Decision Support Systems,Total,Software,Units,EU Europe,Sweden,35811.287286372826,40307.297168360405,45303.68692492735,50839.640722058495,56953.24100243041,63680.24712113928,71052.65964594005,76003.39139922777,87710.33258415795,106316.95353287585,118023.89471780605,122974.62647109375,132391.05655298967,144083.69130945235,158127.14440622705,173075.44383185008,188899.5629164439,205553.57597796366,222974.0125183257,241079.87778527054,259773.43220442213,installed_base
3,Decision Support Systems,Total,Software,Units,EU Europe,Netherlands,2660.865913150919,2991.984471718301,3359.1839487027046,3765.0903033228133,4212.193888578004,4702.754655666953,5238.693428331817,5568.157531360606,6347.237689388237,7585.481647404144,8364.561805431775,8694.025908460564,9571.652534929104,10511.87331885173,11514.018679003275,12576.366294645028,13696.051573787225,14869.013203179507,16089.982862993102,17352.5262235712,18649.139250258464,installed_base
4,Telematics Systems,Total,Hardware,Units,EU Europe,Austria,433.05028461065075,463.86326180701536,495.9700410844512,529.3018817788911,563.7734342522419,599.2829824122953,635.713137971998,654.6210834339145,699.3324950961452,770.3953180607054,815.1067297229362,834.0146751848526,865.7229725567363,894.6913987608,928.6508315102451,961.4412997565867,992.9447131157651,1023.0660908731045,1051.7336047241083,1078.8979209212907,1104.5309539459183,installed_base
4,Telematics Systems,Total,Hardware,Units,EU Europe,Belgium,127.10790405955882,135.33111364194122,143.82001117708802,152.55039190807736,161.4945850730664,170.62172399569997,179.8981127752591,184.5492876618802,195.54787000323546,213.02864908686934,224.02723142822464,228.6784063148457,236.31949189836004,243.1585129843835,251.06316566548446,258.61786811908524,265.805094735917,272.61295269870396,279.03485640685744,285.0690892831807,290.71828608846,installed_base
4,Telematics Systems,Total,Hardware,Units,EU Europe,Bulgaria,136.98804555027573,142.6585895712118,148.3970636087343,154.19119124303327,160.0281978560612,165.89492004607015,171.77792245773944,174.65660650368713,181.46379915627358,192.28292358944452,199.09011624203094,201.96880028797864,206.67310407173284,210.8836025875969,215.7618382710785,220.45378632328513,224.95457013766355,229.2609707538088,233.37132841151475,237.28542671468205,241.00436421027695,installed_base
4,Telematics Systems,Total,Hardware,Units,EU Europe,Cyprus,0.2191699896430132,0.22749497475078467,0.23603057919762982,0.2447742130877232,0.2537226453978297,0.26287198712795024,0.2722176779553769,0.2772470107373106,0.2891398189142916,0.3080418506465213,0.31993465882350225,0.324963991605436,0.3338530692568562,0.3425298335798758,0.3532174712111413,0.36403701303146235,0.3749779024459945,0.38602905539655524,0.3971789006930909,0.4084154247972581,0.41972622073143195,installed_base
4,Telematics Systems,Total,Hardware,Units,EU Europe,Czechia,426.8836012996319,459.0882674683878,492.70402097976637,527.6454206573351,563.8063762834839,601.0606553762849,639.263035648665,658.8452077351541,705.1509557162416,778.7477635262993,825.0535115073869,844.6356835938759,877.1351199506805,906.4747115472245,940.5597354455335,973.2021333019688,1004.2924718361198,1033.7506068828457,1061.524631419856,1087.5890126396016,1111.9421179313872,installed_base
4,Telematics Systems,Total,Hardware,Units,EU Europe,Germany,1959.4443793097191,2064.051805389502,2171.3819113169056,2281.2126825689957,2393.2965684673472,2507.362221117586,2623.116743389625,2682.0368387943076,2821.364543442217,3042.8073393943887,3182.1350440422984,3241.0551394469812,3339.4493230034254,3429.316426630681,3534.8353889281184,3637.1897262087878,3736.1307130955956,3831.4520810657787,3922.9900284310934,4010.6223278144416,4094.2666490710094,installed_base
4,Telematics Systems,Total,Hardware,Units,EU Europe,Denmark,97.08555052546527,102.14083035001083,107.23978388323872,112.36175939631028,117.48572941247997,122.59063378379304,127.65572389723698,129.94202261937264,135.34840818115316,143.9411366540836,149.34752221586416,151.63382093799981,155.1375753967291,158.05336467771417,161.25190554071304,164.20087823603296,166.90974525925623,169.38963308758497,171.65285594431236,173.71249241670333,175.58202015672643,installed_base
4,Telematics Systems,Total,Hardware,Units,EU Europe,Spain,415.60791001897724,452.9353465071953,492.4306227676386,534.0143492103734,577.5706797800478,622.9463961961933,669.9512848417796,694.6132397615967,752.931094603957,845.6195434868258,903.9373983291862,928.5993532490032,969.8021975405476,1007.1001650494132,1050.4473670120365,1091.8523465957703,1131.1340920113491,1168.1616158894687,1202.8522894933656,1235.1684354849745,1265.1126369484189,installed_base
4,Telematics Systems,Total,Hardware,Units,EU Europe,Estonia,259.13083336572424,275.31422235211767,292.0010415067859,309.14656683176725,326.69989981389654,344.6044322838794,362.79847291836734,372.21610920446466,394.485890642166,429.8807367660619,452.1505182037633,461.5681544898606,477.7080144363416,492.90870206650567,511.11871653481273,529.0282096743879,546.578136873023,563.71446703572,580.3887435419795,596.5584937547626,612.1874852819408,installed_base
4,Telematics Systems,Total,Hardware,Units,EU Europe,Finland,1555.9647845612785,1656.0352754969733,1759.340157854977,1865.5917877993377,1974.4610005988857,2085.5802128864666,2198.5476636505146,2255.2708140049685,2389.403426740966,2602.589317283625,2736.7219300196225,2793.4450803740765,2886.787308833078,2970.509677999132,3067.4300472144278,3160.1821257507872,3248.543710761752,3332.359682646193,3411.538509128185,3486.0473668234463,3555.906260408528,installed_base
4,Telematics Systems,Total,Hardware,Units,EU Europe,France,1284.9586539518896,1344.0363664536221,1402.7256653953546,1460.7733133233473,1517.9371587114726,1573.990021610156,1628.7230519046784,1651.3137238395316,1704.7336384801802,1789.6374649477546,1843.0573795884031,1865.6480515232563,1897.961568187934,1922.834443329822,1948.5417129924444,1971.404421393016,1991.6748026662972,2009.5977449651834,2025.406820398446,2039.3216095049,2051.5460880022774,installed_base
4,Telematics Systems,Total,Hardware,Units,EU Europe,Greece,35.5321261912263,37.02509287781357,38.47573785746198,39.877716125842284,41.22564732219659,42.51516192060846,43.74291130753909,44.15443816228522,45.12757121101742,46.67423634620562,47.64736939493782,48.05889624968395,48.53286717828898,48.80032009909161,49.00423361825646,49.16333786664559,49.287266221042,49.38366628964566,49.45857473388443,49.51673573034005,49.56186509214845,installed_base
4,Telematics Systems,Total,Hardware,Units,EU Europe,Croatia,123.79503233050005,132.8295656682678,142.26703126157594,152.0892813606731,162.2730417811925,172.78991174436774,183.60650081843488,189.27762385697943,202.68806642855557,224.0021755320562,237.41261810363238,243.0837411421769,252.64465797374237,261.42223932744054,271.7464974469357,281.73972825483577,291.36289035895095,300.5838527190201,309.3775233032328,317.72574961354894,325.6170218156566,installed_base
4,Telematics Systems,Total,Hardware,Units,EU Europe,Hungary,132.99237493915652,138.85091673467747,144.7413340237634,150.6453184621357,156.5443926300369,162.42014036695727,168.25443549088436,170.94336428365307,177.30184476616026,187.40780107694513,193.76628155945232,196.45521035222103,200.6540417959636,204.2282217265596,208.21966561929239,211.95333244534595,215.43516253077877,218.67285332744018,221.67550957491204,224.4533150027846,227.017231994472,installed_base
4,Telematics Systems,Total,Hardware,Units,EU Europe,Ireland,93.12628531353124,99.99070562669883,107.17074799401202,114.65378719457289,122.42325355217365,130.4585969249368,138.73535356797623,143.102929109811,153.4308871849064,169.8457984791495,180.1737565542449,184.54133209607966,191.9329960143151,198.7451609044263,206.77920405415796,214.57207779121688,222.09195691079822,229.31219736095056,236.21150586181363,242.77392953605914,248.9886860832272,installed_base
4,Telematics Systems,Total,Hardware,Units,EU Europe,Italy,384.7946342187058,399.5110578484464,414.38832390600714,429.39893360194634,444.5143580676993,459.7052490133282,474.94166286540866,482.47199208711436,500.2788791686303,528.5805502002478,546.3874372817638,553.9177665034695,566.3113144695551,577.4869193465868,590.5080651811863,603.0941202433676,615.2307687942161,626.9072843236629,638.116380251729,648.8540208398618,659.1192004412468,installed_base
4,Telematics Systems,Total,Hardware,Units,EU Europe,Lithuania,160.8360628125816,174.3722274412546,188.61877482884046,203.54352956120823,219.10295410915575,235.24207854074695,251.89481606260742,260.5600205844927,281.0505348656865,313.6174732530803,334.1079875342741,342.77319205615936,357.21762000621584,370.2823107736931,385.46636747176,399.9871464336918,413.7867741578245,426.8230481052419,439.0689157443369,450.5114494028768,461.15044495878317,installed_base
4,Telematics Systems,Total,Hardware,Units,EU Europe,Luxembourg,7.11052579681037,7.512027854001943,7.923526856357851,8.343912320674809,8.771962278903885,9.206355660226194,9.645687308461142,9.870236643274144,10.401225997327769,11.245162725343308,11.776152079396933,12.000701414209935,12.383699965338305,12.743201784351797,13.173046597766454,13.595444237853393,14.009200070154478,14.41322464732798,14.806542960964642,15.18830099905517,15.557769619868637,installed_base
4,Telematics Systems,Total,Hardware,Units,EU Europe,Latvia,382.13988771535134,413.10148308857663,445.51889558674003,479.2976357028339,514.3189119318638,550.4403380380913,587.4975124170834,606.3406171227961,650.8987005585964,721.7178287659295,766.2759122017299,785.1190169074425,816.0909304176645,843.7076387351974,875.4855682488549,905.6520994429279,934.1166639307437,960.8226642885345,985.7450234568983,1008.88690806553,1030.2759264212273,installed_base
4,Telematics Systems,Total,Hardware,Units,EU Europe,Malta,0.0,0.0,0.0,0.0,0.0,0.0,0.0,0.0,0.0,0.0,0.0,0.0,0.0,0.0,0.0,0.0,0.0,0.0,0.0,0.0,0.0,installed_base
4,Telematics Systems,Total,Hardware,Units,EU Europe,Poland,1015.2179450075968,1092.140682634756,1172.8237987174075,1257.1471229200886,1344.9441985895378,1436.001139403128,1530.056657219533,1580.1679349838803,1698.6655249814248,1887.001633072502,2005.4992230700466,2055.610500834394,2140.8979361926727,2219.940194631771,2313.5149875985917,2404.537653266606,2492.6085799682337,2577.3863117128567,2658.590741365767,2736.004106558106,2809.4699777703936,installed_base
4,Telematics Systems,Total,Hardware,Units,EU Europe,Portugal,334.42501750182026,356.80240993836446,379.9998091626271,403.9604538596129,428.61720728941634,453.8930015655909,479.70156208507626,492.88447574368956,524.0579673684193,573.6040728067921,604.7775644315219,617.9604780901352,639.8825128526757,659.7544912034414,682.929646657609,705.2297429486908,726.5873986374359,746.9507058034774,766.2828863486096,784.5615527387215,801.7776525467566,installed_base
4,Telematics Systems,Total,Hardware,Units,EU Europe,Romania,427.0606239601474,455.9480160717278,485.9527749612172,517.0093273440025,549.0384384397497,581.9475622254197,615.6315463635189,633.0531946266253,674.2499755722472,739.7267619722057,780.9235429178276,798.3451911809341,827.5281110297835,854.1721476810342,885.4037887077603,915.578277260234,944.5943482316768,972.3702736618222,998.8438702169826,1023.9719511249197,1047.7293096151238,installed_base
4,Telematics Systems,Total,Hardware,Units,EU Europe,Slovakia,182.33970829290638,192.7834460833421,203.5058084597547,214.47936365935053,225.67360235986115,237.0552201963924,248.5884725838879,254.37129167241926,268.0458606707436,289.77976348700065,303.454332485325,309.23715157385635,318.77350980752954,327.35872836300126,337.33108753419356,346.91319866569165,356.0843315978667,364.8292459449122,373.1379627554673,381.00543179759643,388.4311188233314,installed_base
4,Telematics Systems,Total,Hardware,Units,EU Europe,Slovenia,91.54375039665494,100.61390914616342,110.35537209117177,120.77342686992617,131.86454757410246,143.61527081463865,156.00126478135962,162.98801108626745,179.50949359463925,205.76818556960717,222.289668077979,229.27641438288683,241.4516737534487,252.94410403657298,266.6937595537277,280.1300957811338,293.1627955903407,305.7129143961353,317.7144118798741,329.115000065557,339.8763309625277,installed_base
4,Telematics Systems,Total,Hardware,Units,EU Europe,Sweden,1848.348884946162,1954.7288025206185,2063.931456658368,2175.67030510619,2289.6271293022714,2405.455085132009,2522.7825094186446,2581.4366246128816,2720.135368768642,2940.5785159411475,3079.277260096908,3137.931375291145,3234.468964929907,3321.2033026960135,3421.801977048617,3518.3436308654923,3610.6264500073116,3698.505552836924,3781.890304218513,3860.740579685774,3935.0622424352405,installed_base
4,Telematics Systems,Total,Hardware,Units,EU Europe,Netherlands,66.44100385919522,73.03714517765052,80.15969608029702,87.82517703636603,96.04556982567013,104.82737621809709,114.17068998077372,119.71178031135145,132.8147359617722,153.64013563227496,166.74309128269573,172.28418161327343,182.26207605679824,192.01047292409635,203.9638056829372,215.90872973110402,227.76283429026364,239.44618935633173,250.88345331772527,262.0057235425816,272.7520391353957,installed_base
1,Field Survey Technologies,Sensors,Hardware,Euros,EU Europe,Austria,63.68748886504816,63.05061397639768,62.4201078366337,61.79590675826736,61.17794769068468,60.566168213777836,59.96050653164006,59.13660649470492,57.188339096000455,54.0918280243379,52.14356062563343,51.31966058869829,50.81159594887018,50.30856114897636,49.81050639360149,49.317382380304835,48.829140294739815,48.34573180582189,47.86710906094425,47.3932246812409,46.92403175689662,prices
1,Field Survey Technologies,Sensors,Hardware,Euros,EU Europe,Belgium,79.6617964252538,78.86517846100126,78.07652667639125,77.29576140962735,76.52280379553108,75.75757575757576,75.0,73.9694466183749,71.53250831756635,67.65932005068365,65.2223817498751,64.19182836825,63.55632926740432,62.92712160765702,62.30414310374122,61.68733208701418,61.07662749935273,60.47196888710914,59.87329639512676,59.280550760815004,58.69367330828293,prices
1,Field Survey Technologies,Sensors,Hardware,Euros,EU Europe,Bulgaria,90.12934139213638,89.22804797821502,88.33576749843287,87.45240982344855,86.57788572521406,85.71210686796192,84.8549857992823,83.68901789843964,80.93186636632181,76.54974189453145,73.79259036241362,72.62662246157096,71.90761889920141,71.19573347209932,70.49089571072554,69.79303584318936,69.10208478834178,68.4179741489372,67.74063620486272,67.07000390643458,66.40601086776087,prices
1,Field Survey Technologies,Sensors,Hardware,Euros,EU Europe,Cyprus,70.47137109161254,69.76665738069642,69.06899080688945,68.37830089882056,67.69451788983235,67.01757271093403,66.3473969838247,65.43573652617532,63.27994302125755,59.85359689411144,57.69780338919367,56.7861429315443,56.22396011652201,55.667342911368436,55.116236216545886,54.57058547800208,54.03033668176986,53.49543634862034,52.965831528768994,52.44146979663418,51.9222992456475,prices
1,Field Survey Technologies,Sensors,Hardware,Euros,EU Europe,Czechia,104.09141399566498,103.05049985570832,102.01999485715125,100.99979490857973,99.98979695949393,98.98989898989899,98.0,96.65341024800988,93.46914420162003,88.40817819955997,85.22391215317012,83.87732240118,83.04693690940832,82.22477223400517,81.41074698888852,80.60478059369852,79.8067932658209,79.01670601248927,78.23444062296562,77.45991966079826,76.69306645615636,prices
1,Field Survey Technologies,Sensors,Hardware,Euros,EU Europe,Germany,53.00584857378979,52.475790088051895,51.95103218717138,51.431521865299665,50.91720664664667,50.4080345801802,49.903954234378396,49.21823838380902,47.596733618001636,45.0195681511797,43.39806338537231,42.71234753480294,42.289495294208386,41.870829290795726,41.45630808081685,41.04589063081676,40.63953631357167,40.237204904067305,39.838856575517035,39.44445189541941,39.053951821654756,prices
1,Field Survey Technologies,Sensors,Hardware,Euros,EU Europe,Denmark,79.6617964252538,78.86517846100126,78.07652667639125,77.29576140962735,76.52280379553108,75.75757575757576,75.0,73.9694466183749,71.53250831756635,67.65932005068365,65.2223817498751,64.19182836825,63.55632926740432,62.92712160765702,62.30414310374122,61.68733208701418,61.07662749935273,60.47196888710914,59.87329639512676,59.280550760815004,58.69367330828293,prices
1,Field Survey Technologies,Sensors,Hardware,Euros,EU Europe,Spain,63.53912201882573,62.90373079863747,62.274693490651096,61.65194655574459,61.03542709018714,60.42507281928527,59.82082209109242,58.9988414177915,57.055112717263,53.96581530074971,52.02208660022121,51.200105926920294,50.69322487824378,50.19136195194917,49.69446746862487,49.20249224068549,48.7153875675027,48.23310523058443,47.75559748880164,47.28281707366251,46.814717184633245,prices
1,Field Survey Technologies,Sensors,Hardware,Euros,EU Europe,Estonia,39.3349879861223,38.941638106261074,38.552221725198464,38.16669950794648,37.78503251286702,37.40718218773835,37.03311036586096,36.52424907093252,35.320950336950695,33.40846755621436,32.20516882223254,31.69630752730409,31.38251408278378,31.071827193364218,30.764216104149913,30.45965036471883,30.158099826108113,29.859534637829643,29.56392524491513,29.27124238499047,28.981457085379063,prices
1,Field Survey Technologies,Sensors,Hardware,Euros,EU Europe,Finland,26.670243179169084,26.40354074737739,26.139505339903618,25.878110286504583,25.619329183639536,25.36313589180314,25.109504532885108,24.764482068787835,23.948611224647653,22.65189338006087,21.836022535920687,21.491000071823414,21.27823917111236,21.06758460331835,20.859015515745497,20.652511262139615,20.448051400644434,20.245615691778053,20.04518409642945,19.846736773874795,19.650254079813436,prices
1,Field Survey Technologies,Sensors,Hardware,Euros,EU Europe,France,51.833585100140965,51.315249249139555,50.80209675664816,50.29407578908168,49.79113503119086,49.29322368087895,48.80029144407016,48.12974070577714,46.54409671496814,44.02392716507976,42.438283174270765,41.76773243597774,41.35423188486156,40.94482498920143,40.539471221808334,40.13813045671243,39.740762965190974,39.34732941183558,38.957790850658405,38.57210872123689,38.19024484489664,prices
1,Field Survey Technologies,Sensors,Hardware,Euros,EU Europe,Greece,27.56969638697166,27.293999423101944,27.021059428870924,26.750848834582214,26.483340346236393,26.218506942774027,25.956321873346287,25.5996635362646,24.756277470647635,23.415827852897294,22.57244178728033,22.215783450198643,21.995847194041676,21.778088306820663,21.56248523258314,21.349016628780564,21.137661364155637,20.928398516650496,20.721207371335655,20.51606741835943,20.312958350917672,prices
1,Field Survey Technologies,Sensors,Hardware,Euros,EU Europe,Croatia,71.98088070256962,71.26107189554392,70.54846117658848,69.84297656482259,69.14454679917436,68.45310133118262,67.7685703178708,66.8373819270844,64.63541093243563,61.13567184685441,58.93370085220565,58.00251246141925,57.4282875880512,56.85974754092949,56.296836040274286,55.73949736347557,55.18767633957716,54.64131834381534,54.10036929221157,53.56477563621867,53.034484357420105,prices
1,Field Survey Technologies,Sensors,Hardware,Euros,EU Europe,Hungary,80.33741142357322,79.53403730933748,78.7386969362441,77.95130996688165,77.17179686721283,76.4000788985407,75.63607810955529,74.59678456197312,72.13917848639815,68.23314154923878,65.77553547366381,64.73624192608165,64.09535313101344,63.460809135016405,62.83254712457974,62.2105049080464,61.594620909456744,60.98483416245312,60.38108430424483,59.78331156963281,59.19145678509344,prices
1,Field Survey Technologies,Sensors,Hardware,Euros,EU Europe,Ireland,68.76398569379339,68.07634583685545,67.39558237848689,66.72162655470203,66.054410289155,65.39386618626345,64.73992752440081,63.85035484124835,61.74679205490458,58.403459685753305,56.29989689940954,55.410324216257074,54.86176200651613,54.31863056265162,53.780876120081366,53.24844544649256,52.721285836572285,52.19934510679022,51.682571590232996,51.17091413148969,50.66432208158794,prices
1,Field Survey Technologies,Sensors,Hardware,Euros,EU Europe,Italy,46.46661109914041,46.001944988149006,45.54192553826751,45.08650628288484,44.635641220055994,44.18928480785544,43.747391959776884,43.14627165682453,41.724809056461005,39.46558391985665,38.04412131949312,37.44300101654077,37.072315306477016,36.70529938494289,36.34191692103195,35.982131943513735,35.62590883727295,35.273212339783946,34.924007537620085,34.57825986299765,34.23593509035397,prices
1,Field Survey Technologies,Sensors,Hardware,Euros,EU Europe,Lithuania,52.699973075189355,52.17297334443746,51.651243610993085,51.13473117488315,50.623383863134315,50.11715002450297,49.61597852425794,48.934219664913776,47.32207195294232,44.759778274674865,43.14763056270341,42.46587170335925,42.04545957349599,41.62920952371838,41.217080349433566,40.809031253974176,40.40502184455983,40.00501212829869,39.60896250822853,39.216833779397064,38.828587124981034,prices
1,Field Survey Technologies,Sensors,Hardware,Euros,EU Europe,Luxembourg,102.71330521370074,101.68617216156373,100.66931043994809,99.6626173355486,98.66599116219312,97.6793312505712,96.70253793806548,95.37377623828144,92.23166799179259,87.23770618753268,84.09559794104383,82.7668362412598,81.94744456247132,81.13616486130284,80.33291682917594,79.5376209525671,78.75019850513668,77.97057153993583,77.19866288169047,76.43439611916173,75.67769559758203,prices
1,Field Survey Technologies,Sensors,Hardware,Euros,EU Europe,Latvia,95.30713997549356,94.35406857573862,93.41052788998124,92.47642261108143,91.55165838497062,90.63614180112091,89.7297803831097,88.49682933502582,85.58128348784261,80.94741238691165,78.03186653972844,76.79891549164456,76.03860622827729,75.28582402661735,74.54049436875384,73.80254347450318,73.0718982941056,72.34848650099394,71.6322364846341,70.92307734343623,70.22093887773622,prices
1,Field Survey Technologies,Sensors,Hardware,Euros,EU Europe,Malta,18.91412274059891,18.72498151319292,18.53773169806099,18.35235438108038,18.168830837269578,17.987142528896882,17.807271103607913,17.562586524230074,16.983983577759894,16.064371397710644,15.485768451240464,15.241083871862624,15.090197141531185,14.940804189830025,14.792890228350707,14.646440615090034,14.501440853000643,14.357876588555936,14.21573361032923,14.074997847586971,13.93565536889586,prices
1,Field Survey Technologies,Sensors,Hardware,Euros,EU Europe,Poland,64.14904009890775,63.50754969791867,62.87247420093948,62.24374945893008,61.621311964340784,61.00509884469737,60.3950478562504,59.565176912228154,57.602790174894,54.48383829843202,52.52145156109786,51.691580617075616,51.17983396896656,50.673153612673794,50.171489391908324,49.67479164692843,49.18301120962384,48.69609939864856,48.214008014601944,47.73668933525738,47.26409611083833,prices
1,Field Survey Technologies,Sensors,Hardware,Euros,EU Europe,Portugal,42.46340092087034,42.03876691166164,41.618379242545025,41.202195450119575,40.790173495618376,40.38227176066219,39.97844904305557,39.42911669834294,38.13011651594366,36.065529052453925,34.76652887005465,34.21719652534202,33.878446279741134,33.54304966157169,33.21097346992213,32.8821848325699,32.55665120272746,32.23434035582046,31.915220386297833,31.599259704473482,31.286427033399193,prices
1,Field Survey Technologies,Sensors,Hardware,Euros,EU Europe,Romania,36.62832241443995,36.26203919029555,35.899418798392595,35.54042461040867,35.185020364304584,34.83317016066154,34.48483845905492,34.010992233871264,32.890493252030375,31.109609629297616,29.989110647456727,29.51526442227307,29.223063304492566,28.93375497777809,28.647310803498087,28.363702426543455,28.082901772520675,27.80488104497272,27.52961272262749,27.25706955667348,26.98722456806241,prices
1,Field Survey Technologies,Sensors,Hardware,Euros,EU Europe,Slovakia,66.0869759418605,65.4261061824419,64.77184512061748,64.12412666941131,63.482885402717194,62.848056548690025,62.21957598320312,61.364634724099524,59.34296448711905,56.129789398204935,54.10811916122446,53.25317790212086,52.725971440889865,52.20398432362505,51.687164878821164,51.175461946520834,50.66882487325027,50.16720350700509,49.67054819228574,49.178809765182116,48.69193954850681,prices
1,Field Survey Technologies,Sensors,Hardware,Euros,EU Europe,Slovenia,90.28336928195431,89.38053558913477,88.48673023324342,87.60186293091098,86.72584430160187,85.85858585858585,85.0,83.83203950082489,81.07017609324186,76.68056272410814,73.9186993165251,72.75073881735,72.03050650305823,71.31740448867795,70.61136218424004,69.91230969861606,69.22017783259976,68.53489807205702,67.85640258114366,67.18462419559033,66.51949641605398,prices
1,Field Survey Technologies,Sensors,Hardware,Euros,EU Europe,Sweden,30.054557755842588,29.75401217828416,29.45647205650132,29.161907335936306,28.870288262576942,28.58158537995117,28.29576952615166,27.90696551320686,26.987564919751787,25.52630035267035,24.606899759215278,24.21809574627048,23.9783365983824,23.74095106605841,23.50591565050443,23.273207085564437,23.04280233541735,22.814678592296715,22.588813274232976,22.36518402281807,22.143768700992172,prices
1,Field Survey Technologies,Sensors,Hardware,Euros,EU Europe,Netherlands,201.80988427730964,199.79178543453654,197.79386758019118,195.81592890438927,193.85776961534538,191.91919191919192,190.0,187.38926476654976,181.21568773783474,171.40361079506525,165.23003376635023,162.6192985329,161.00936747742426,159.41537473939775,157.8371625294777,156.27457462043586,154.72745633169353,153.19565451400976,151.67901753432105,150.17739526073126,148.69063904765002,prices
1,Field Survey Technologies,GIS software,Software,Euros,EU Europe,Austria,1175.5392538099272,1163.7838612718278,1152.1460226591096,1140.6245624325184,1129.218316808193,1117.9261336401112,1106.74687230371,1091.5393825456356,1055.5783979800758,998.423211310531,962.4622267449712,947.2547369868967,937.8769150907264,928.5919336313282,919.3988734883781,910.296824640843,901.2848860768987,892.3621657047374,883.5277802642605,874.7808552396443,866.1205247727718,prices
1,Field Survey Technologies,GIS software,Software,Euros,EU Europe,Belgium,1189.947368131237,1178.0478944499246,1166.2674155054253,1154.6047413503711,1143.0586939368675,1131.628106997499,1120.3118259275238,1104.9179440517346,1068.516200085714,1010.6604851599484,974.2587411939277,958.8648593181384,949.3720972108888,939.973313448501,930.6675776453609,921.4539686266718,912.3315743372677,903.2994917513288,894.3568267829907,885.502694197839,876.7362175252804,prices
1,Field Survey Technologies,GIS software,Software,Euros,EU Europe,Bulgaria,1069.1366281752375,1058.4452618934852,1047.8608092745503,1037.3822011818047,1027.0083791699867,1016.7382953782868,1006.570912424504,992.7399116559102,960.0338955363491,908.0520468991757,875.3460307796146,861.5150300110208,852.9860312139117,844.5414695048939,836.1805089567955,827.9023219181232,819.7060889311338,811.5909986507155,803.5562477640734,795.6010409112091,787.7245906061881,prices
1,Field Survey Technologies,GIS software,Software,Euros,EU Europe,Cyprus,1084.4815762198227,1073.6367604576244,1062.900392853048,1052.2713889245176,1041.7486750352725,1031.3311882849198,1021.0178764020706,1006.9883640657262,973.8129298148673,921.0850036927607,887.9095694419018,873.8800571055574,865.2286445402124,856.6628809592643,848.1819184377675,839.7849174452336,831.4710467625258,823.2394833995768,815.0894125139209,807.0200273300331,799.0305290594658,prices
1,Field Survey Technologies,GIS software,Software,Euros,EU Europe,Czechia,1154.906960227261,1143.3578906249884,1131.9243117187384,1120.605068601551,1109.3990179155355,1098.3050277363802,1087.3219774590164,1072.381399581874,1037.0515786194637,980.8995422805576,945.5697213181473,930.629143441005,921.415914920939,912.2938973632217,903.2621877793258,894.3198921203104,885.4661251883193,876.700010548955,868.0206804445203,859.4272757081195,850.9189456786091,prices
1,Field Survey Technologies,GIS software,Software,Euros,EU Europe,Germany,1121.4050594291812,1110.1910088348893,1099.0890987465405,1088.098207759075,1077.2172256814843,1066.4450534246694,1055.7806028904226,1041.273425949584,1006.968463437125,952.4453028568913,918.1403403444325,903.6331634035937,894.6871950858981,885.8297918545477,877.0600769151877,868.3771821537273,859.7802480504054,851.2684235947063,842.8408662011187,834.4967416257276,826.2352238836329,prices
1,Field Survey Technologies,GIS software,Software,Euros,EU Europe,Denmark,1201.0879483598515,1189.077068876253,1177.1862981874904,1165.4144352056155,1153.7602908535594,1142.2226879450238,1130.8004610655737,1115.262457877649,1078.5199118224136,1020.122537449284,983.3799913940484,967.8419882061238,958.2603525228832,948.7735750329066,939.3807166400808,930.080847545344,920.8730471546451,911.7564039878141,902.7300155883347,893.7929884340102,884.9444378485135,prices
1,Field Survey Technologies,GIS software,Software,Euros,EU Europe,Spain,1109.094596919479,1098.0036509502843,1087.0236144407813,1076.1533782963736,1065.3918445134098,1054.7379260682756,1044.1905468075927,1029.8426254866124,995.9142529951771,941.9896320047104,908.0612595132751,893.7133381922948,884.8655761441911,876.1054069403635,867.4319634116539,858.8443869738785,850.3418275428371,841.923443450163,833.5884013600063,825.3358761865422,817.1650510122954,prices
1,Field Survey Technologies,GIS software,Software,Euros,EU Europe,Estonia,1120.005608209301,1108.805552127208,1097.717496605936,1086.7403216398766,1075.8729184234778,1065.114189239243,1054.4630473468505,1039.9739745569573,1005.7118227320659,951.2567040274633,916.9945522025721,902.5054794126787,893.5706751664932,884.7243254823449,875.9655546600696,867.293495668935,858.7072900618125,850.2060878902006,841.7890476200876,833.4553360486486,825.204128221767,prices
1,Field Survey Technologies,GIS software,Software,Euros,EU Europe,Finland,1149.7494775076625,1138.251982732586,1126.86946290526,1115.6007682762074,1104.4447605934454,1093.400312987511,1082.466309857636,1067.5924523093822,1032.420404178356,976.5191267032037,941.3470785721773,926.4732210239237,917.3011361357868,908.2198548880425,899.2284783246508,890.3261163892367,881.5118878369833,872.7849201473972,864.144349437938,855.5893203785024,847.1189861067552,prices
1,Field Survey Technologies,GIS software,Software,Euros,EU Europe,France,1182.9836624325098,1171.1538258081848,1159.442287550103,1147.8478646746019,1136.3693860278559,1125.0056921675773,1113.7556352459014,1098.4518400964791,1062.2631232261845,1004.7459864447324,968.5572695744377,953.2534744250154,943.8162650282077,934.4724840044285,925.2212064127846,916.061516469298,906.9925074562519,898.013281632435,889.1229501442739,880.3206329378455,871.6054586717609,prices
1,Field Survey Technologies,GIS software,Software,Euros,EU Europe,Greece,1047.9871171481366,1037.5072459766552,1027.1321735168885,1016.8608517817196,1006.6922432639024,996.6253208312634,986.6590676229507,973.1016697742854,941.0426394845464,890.089088496138,858.030058206399,844.4726603577336,836.1123810201921,827.8348684480922,819.639303250456,811.5248741482765,803.4907778942085,795.5362191930558,787.6604106230445,779.8625725578763,772.1419330895533,prices
1,Field Survey Technologies,GIS software,Software,Euros,EU Europe,Croatia,1079.2032519162383,1068.411219397076,1057.727107203105,1047.1498361310742,1036.6783377697634,1026.3115543920658,1016.048438848145,1002.0872101208136,969.0732453727364,916.6019534803216,883.5879887322445,869.6267600049131,861.0174550808645,852.4933822755639,844.0536977910358,835.6975661829046,827.4241602776938,819.2326610909446,811.1222577461442,803.0921473944574,795.1415351352522,prices
1,Field Survey Technologies,GIS software,Software,Euros,EU Europe,Hungary,1357.2977117701712,1343.7247346524696,1330.287487305945,1316.9846124328856,1303.8147663085567,1290.7766186454712,1277.8688524590166,1260.310024896683,1218.7888575637808,1152.796502284326,1111.2753349514237,1093.71650738909,1082.888713965938,1072.1681156976751,1061.5536513522682,1051.0442702038806,1040.6389319288621,1030.3366065027665,1020.1362740983891,1010.0369249848151,1000.0375594274653,prices
1,Field Survey Technologies,GIS software,Software,Euros,EU Europe,Ireland,1127.4859728950898,1116.2111131661388,1105.0490020344773,1093.9985120141325,1083.0585268939913,1072.2279416250512,1061.5056622088007,1046.9198188780879,1012.4288348145975,957.6100177999751,923.1190337364848,908.5331904057718,899.5387118207547,890.6332785737292,881.8160091158493,873.0860306256023,864.4424789224089,855.884498381077,847.4112418471044,839.0218705528181,830.7155540343451,prices
1,Field Survey Technologies,GIS software,Software,Euros,EU Europe,Italy,1039.0647725655585,1028.674124839903,1018.387383591504,1008.2035097555889,998.121474658033,988.1402599114526,978.2588573123381,964.8168843322323,933.0307979657038,882.511054924154,850.7249685576254,837.2829955775196,828.9938939213022,820.7868543714812,812.6610645132035,804.6157199745228,796.650024346775,788.763189105742,780.9544335335951,773.2229846416125,765.5680770936605,prices
1,Field Survey Technologies,GIS software,Software,Euros,EU Europe,Lithuania,1109.7731655866123,1098.6754339307463,1087.6886795914388,1076.8117927955245,1066.0436748675693,1055.3832381188936,1044.8294057377047,1030.4727060403136,996.5235754182703,942.565962148973,908.6168315269297,894.2601318295385,885.406956524426,876.6414276548342,867.9626775210513,859.3698470135929,850.8620855281583,842.4385508814296,834.0984092277034,825.8408349763491,817.6650107100833,prices
1,Field Survey Technologies,GIS software,Software,Euros,EU Europe,Luxembourg,1370.5401537198252,1356.834752182627,1343.2664046608006,1329.8337406141925,1316.5354032080506,1303.37004917597,1290.3363486842104,1272.6062088499398,1230.6799412628197,1164.0437331820735,1122.1174655949535,1104.3873257606829,1093.453891235652,1082.6286977124191,1071.9106736050662,1061.298757936376,1050.7919002328058,1040.389060420501,1030.089208722338,1019.8913255559869,1009.7944014329826,prices
1,Field Survey Technologies,GIS software,Software,Euros,EU Europe,Latvia,1195.6113287303938,1183.65521544309,1171.818663288659,1160.1004766557726,1148.4994718892149,1137.0144771703226,1125.6443323986193,1110.177178088479,1073.602167599009,1015.4710686532844,978.8960581638141,963.4289038536739,953.8909577055225,944.4474372242378,935.0974075957178,925.8399432605202,916.674127822241,907.5990539568007,898.6138233226284,889.7175464717343,880.9093427616641,prices
1,Field Survey Technologies,GIS software,Software,Euros,EU Europe,Malta,1099.5312721468333,1088.535959425365,1077.6505998311113,1066.8740938328,1056.205352894472,1045.6432993655274,1035.1868663718722,1020.9626620284932,987.3268417197519,933.8671933882505,900.2313730795091,886.0071687361302,877.2356977656425,868.5510643577626,859.9524088206207,851.4388799732965,843.0096350615609,834.6638396744514,826.4006676616743,818.2193010518238,810.1189299714107,prices
1,Field Survey Technologies,GIS software,Software,Euros,EU Europe,Poland,1101.1968497843443,1090.1848812865007,1079.2830324736358,1068.4902021488995,1057.8053001274104,1047.2272471261363,1036.7549746548748,1022.5092233875785,988.8224513037082,935.2818219241678,901.5950498402976,887.3492985730013,878.5645405171285,869.8667515660089,861.2550707255054,852.7286455253229,844.2866319346222,835.9281942784694,827.6525051551125,819.4587453540769,811.3461037750715,prices
1,Field Survey Technologies,GIS software,Software,Euros,EU Europe,Portugal,1070.5422224262265,1059.8368002019643,1049.2384321999446,1038.746047877945,1028.3585873991656,1018.075001525174,1007.8942515099222,994.0450671204017,961.2960523914776,909.2458632020544,876.4968484731303,862.6476640836097,854.1074522091819,845.651788432311,837.2798357268312,828.9907653531355,820.7837567761395,812.6579975840557,804.6126834079736,796.6470178422346,788.7602123655964,prices
1,Field Survey Technologies,GIS software,Software,Euros,EU Europe,Romania,1106.699502119062,1095.6325070978712,1084.6761820268925,1073.8294202066236,1063.0911260045573,1052.4602147445116,1041.9356125970664,1027.6186756770994,993.7635716595767,939.955401132134,906.1002971146113,891.7833601946443,882.9547049287173,874.213453349923,865.5587401617588,856.9897086341574,848.5055105186792,840.1053059645443,831.7882634354953,823.5535596274839,815.4003793871718,prices
1,Field Survey Technologies,GIS software,Software,Euros,EU Europe,Slovakia,1128.7139347430273,1117.426795395597,1106.2525274416412,1095.1900021672247,1084.2381021455526,1073.395721124097,1062.661763912856,1048.0600349218682,1013.5314862114146,958.6529652027193,924.1244164922657,909.5226875012779,900.5184128950152,891.6032806073546,882.7764081293418,874.0369216888613,865.3839561641415,856.8166549981165,848.3341701136352,839.9356618295102,831.620298777398,prices
1,Field Survey Technologies,GIS software,Software,Euros,EU Europe,Slovenia,1100.578293805738,1089.5725108676806,1078.676785759004,1067.8900179014138,1057.2111177223996,1046.6390065451756,1036.1726164797237,1021.9348672282504,988.2670174236042,934.7564624820787,901.0886126774326,886.8508634259592,878.0710398780423,869.3781365832497,860.7712930310755,852.2496572300679,843.8123856234902,835.4586430058176,827.18760244006,818.9984451759034,810.8903605686619,prices
1,Field Survey Technologies,GIS software,Software,Euros,EU Europe,Sweden,1168.7222935256675,1157.035070590411,1145.4647198845068,1134.0100726856617,1122.669971958805,1111.4432722392169,1100.3288395168247,1085.209538097309,1049.457091530605,992.6333481848822,956.8809016181784,941.7616001986627,932.4381603566959,923.2070225691646,914.0672730457298,905.0180070425771,896.0583287728556,887.1873513180043,878.404196539956,869.7079949942105,861.0978858437678,prices
1,Field Survey Technologies,GIS software,Software,Euros,EU Europe,Netherlands,1184.5041270694142,1172.65908579872,1160.9324949407328,1149.3231699913254,1137.8299382914122,1126.4516389084981,1115.1871225194132,1099.8636577159846,1063.6284282301706,1006.037365852559,969.8021363667451,954.4786715633165,945.0293327148397,935.6735423209627,926.4103742519852,917.2389115468906,908.1582463225764,899.1674796839828,890.2657216351114,881.4520909909238,872.7257152901136,prices
2,Remote Sensing Technologies,Drones,Hardware,Euros,EU Europe,Austria,16404.535741480875,16240.490384066065,16078.085480225403,15917.304625423149,15758.131579168918,15600.550263377228,15444.544760743456,15232.325722998865,14730.493687452094,13932.898626723343,13431.066591176572,13218.84755343198,13087.980962653004,12958.40995112274,12830.121692606624,12703.10348784982,12577.342763320106,12452.827069963238,12329.544081970602,12207.481595559093,12086.627527763058,prices
2,Remote Sensing Technologies,Drones,Hardware,Euros,EU Europe,Belgium,20802.154967977596,20594.13341829782,20388.192084114842,20184.310163273694,19982.467061640957,19782.642391024547,19584.8159671143,19315.706656135437,18679.346814208133,17667.937755369676,17031.577913442372,16762.46860246351,16596.52016329912,16432.21461368246,16269.535689007003,16108.467285685834,15948.993459557543,15791.098424307924,15634.766549907275,15479.982361063194,15326.730535688668,prices
2,Remote Sensing Technologies,Drones,Hardware,Euros,EU Europe,Bulgaria,15304.257401229403,15151.214827217109,14999.702678944937,14849.705652155488,14701.208595633932,14554.196509677593,14408.654544580817,14210.669375706342,13742.4960140689,12998.396924420413,12530.22356278297,12332.238393908496,12210.149233808801,12089.268756394094,11969.584995705793,11851.086104248305,11733.760351816247,11617.596124333266,11502.581922702366,11388.706361667611,11275.958168687102,prices
2,Remote Sensing Technologies,Drones,Hardware,Euros,EU Europe,Cyprus,15462.935007773698,15308.30565769596,15155.222601119001,15003.670375107811,14853.633671356733,14705.097334643166,14558.046361296734,14358.00844253021,13884.980965693003,13133.166907622217,12660.13943078501,12460.101512018486,12336.746507049502,12214.612716629712,12093.688050735078,11973.9605390328,11855.418329696375,11738.04968823238,11621.84299631888,11506.786750655321,11392.869561823833,prices
2,Remote Sensing Technologies,Drones,Hardware,Euros,EU Europe,Czechia,20439.812388362137,20235.414264478517,20033.060121833732,19832.729520615394,19634.40222540924,19438.05820315515,19243.6776211236,18979.25579382557,18353.980393247857,17360.1885749304,16734.913174352685,16470.491347054656,16307.433482718814,16145.989891239897,15986.14459131662,15827.881759862586,15671.185730439947,15516.04099170859,15362.432185890675,15210.344107250357,15059.761700588579,prices
2,Remote Sensing Technologies,Drones,Hardware,Euros,EU Europe,Germany,15844.749916753264,15686.302417585732,15529.439393409873,15374.144999475775,15220.403549481018,15068.199513986208,14917.517518846345,14712.540210519695,14227.832613257571,13457.4545622574,12972.746964995278,12767.769656668628,12641.368737067609,12516.219186570639,12392.30861662359,12269.624761319015,12148.155476181957,12027.888736967756,11908.812638471774,11790.915393350904,11674.18533095673,prices
2,Remote Sensing Technologies,Drones,Hardware,Euros,EU Europe,Denmark,16668.727297537913,16502.040024562535,16337.019624316908,16173.649428073739,16011.912933793,15851.79380445507,15693.275866410519,15477.639086238454,14967.725152584982,14157.284993188521,13647.37105953505,13431.734279362985,13298.76010999729,13167.102384908318,13036.748071297725,12907.684265391877,12779.898191164497,12653.377199071969,12528.108764801156,12404.080488029624,12281.28009119813,prices
2,Remote Sensing Technologies,Drones,Hardware,Euros,EU Europe,Spain,15717.451035009437,15560.276524659343,15404.67375941275,15250.627021818622,15098.120751600436,14947.139544084432,14797.668148643586,14594.33765596691,14113.524265645787,13349.335536971785,12868.52214665066,12665.191653973985,12539.806256599642,12415.662174659306,12292.74711913018,12171.04892265079,12050.555538316548,11931.255038487214,11813.13561360619,11696.185571031489,11580.393333878277,prices
2,Remote Sensing Technologies,Drones,Hardware,Euros,EU Europe,Estonia,15830.27860219418,15671.975816172237,15515.256058010515,15360.10349743041,15206.502462456105,15054.437437831544,14903.893063453228,14699.102964840953,14214.838060341166,13445.163610417945,12960.898705918156,12756.108607305883,12629.823132093554,12504.787883085828,12380.990483043279,12258.41867726115,12137.060332356265,12016.903435065937,11897.936091058784,11780.146523757301,11663.523073172104,prices
2,Remote Sensing Technologies,Drones,Hardware,Euros,EU Europe,Finland,16137.851229740209,15976.472717442806,15816.707990268378,15658.540910365695,15501.955501262039,15346.935946249418,15193.466586786923,14984.69754185864,14491.023666560026,13706.394912997128,13212.721037698513,13003.951992770231,12875.212868041806,12747.748260648192,12621.545552867774,12496.592251894383,12372.875988600628,12250.384516313481,12129.105709601978,12009.027563076917,11890.138190202455,prices
2,Remote Sensing Technologies,Drones,Hardware,Euros,EU Europe,France,16481.51618735381,16316.70102548027,16153.534015225467,15991.998675073211,15832.07868832248,15673.757901439254,15517.020322424862,15303.805418877924,14799.618470369367,13998.280589705415,13494.093641196858,13280.87873764992,13149.398038147187,13019.21899756953,12890.32872949359,12762.714475071603,12636.363601768395,12511.263602110888,12387.402092449991,12264.766811734737,12143.345620298562,prices
2,Remote Sensing Technologies,Drones,Hardware,Euros,EU Europe,Greece,15085.55651155472,14934.700946439172,14785.35393697478,14637.500397605032,14491.125393628981,14346.21413969269,14202.751998295764,12906.4806392533,9841.201945867851,4969.3504648488615,1904.0717714634102,607.8004124209476,601.7831883379803,595.8255347734342,589.9268619791773,584.0865860455834,578.3041288437321,572.5789179681791,566.9103866802941,561.2979738521592,555.7411239110228,prices
2,Remote Sensing Technologies,Drones,Hardware,Euros,EU Europe,Croatia,15408.353404458796,15254.269870414208,15101.727171710065,14950.709899992964,14801.202800993035,14653.190772983104,14506.658865253272,14307.327047257691,13835.969279184363,13086.809000403446,12615.451232330117,12416.119414334536,12293.199832132625,12171.497153794511,12050.999331971945,11931.694438585422,11813.570663643426,11696.616314073355,11580.819812564028,11466.169696419644,11352.654616425089,prices
2,Remote Sensing Technologies,Drones,Hardware,Euros,EU Europe,Hungary,18284.046639433425,18101.206173039092,17920.1941113087,17740.992170195615,17563.582248493658,17387.946426008722,17214.066961748635,16977.533429495958,16418.205174939045,15529.22754585134,14969.899291294429,14733.36575904175,14587.505438027236,14443.089134190766,14300.102551762277,14158.53153649983,14018.362074288481,13879.580289753025,13742.172444884469,13606.124937680112,13471.424300797078,prices
2,Remote Sensing Technologies,Drones,Hardware,Euros,EU Europe,Ireland,15907.630859169607,15748.55455057791,15591.069005072131,15435.15831502141,15280.806731871196,15127.998664552484,14976.71867790696,14770.927903518095,14284.296711963078,13510.861364500783,13024.230172945765,12818.4393985569,12691.536848511187,12565.890633710926,12441.488316437188,12318.317582104459,12196.366238041624,12075.622212285012,11956.07355238339,11837.708424214794,11720.515110815068,prices
2,Remote Sensing Technologies,Drones,Hardware,Euros,EU Europe,Italy,14993.293163447359,14843.360231812885,14694.926629494756,14547.977363199809,14402.49758956781,14258.472613672133,14115.887887535411,13921.925540906872,13463.264902999477,12734.285018431028,12275.624380523632,12081.662033895094,11962.053579759533,11843.629249319913,11726.377319751646,11610.286184286104,11495.34435106167,11381.54044198616,11268.863191610497,11157.301446013553,11046.844161698018,prices
2,Remote Sensing Technologies,Drones,Hardware,Euros,EU Europe,Lithuania,15724.467914549461,15567.223235403966,15411.551003049926,15257.435493019428,15104.861138089233,14953.81252670834,14804.274401441256,14600.853134149107,14119.825090088418,13355.29519793676,12874.26715387607,12670.845886583922,12545.40451230674,12421.205007634904,12298.235078059319,12176.482550786532,12055.935373533744,11936.58161333576,11818.409455363735,11701.407201755634,11585.563270458253,prices
2,Remote Sensing Technologies,Drones,Hardware,Euros,EU Europe,Luxembourg,18420.98284718516,18236.77301871331,18054.405288526177,17873.861235640914,17695.122623284504,17518.171397051658,17342.98968308114,17104.684660875962,16541.16738341959,15645.531861377222,15082.014583920849,14843.70956171567,14696.756837054685,14551.258944367843,14407.201480818601,14264.570186158497,14123.350941315528,13983.529766996504,13845.092822303239,13708.026403362437,13572.31694196915,prices
2,Remote Sensing Technologies,Drones,Hardware,Euros,EU Europe,Latvia,16612.09518042478,16445.974228620533,16281.514486334328,16118.699341470985,15957.512348056274,15797.937224575711,15639.957852329953,15425.053699620717,14916.87220210906,14109.185518799935,13601.004021288278,13386.099868579042,13253.577479880109,13122.367062829295,12992.455628907284,12863.830318181102,12736.47839803111,12610.3872618906,12485.544427997884,12361.937538160704,12239.554356532914,prices
2,Remote Sensing Technologies,Drones,Hardware,Euros,EU Europe,Malta,15618.559498777446,15462.37390378967,15307.750164751773,15154.672663104255,15003.125936473212,14853.09467710848,14704.563730337395,14502.512558635783,14024.72436462059,13265.343781820966,12787.555587805773,12585.50441610416,12460.90792238473,12337.54493395312,12215.403239106985,12094.470747039826,11974.735486644131,11856.185605326355,11738.809367833623,11622.595155092069,11507.531463056657,prices
2,Remote Sensing Technologies,Drones,Hardware,Euros,EU Europe,Poland,15635.782748557505,15479.42492107193,15324.63067186121,15171.384365142598,15019.67052149117,14869.473816276259,14720.779078113495,14518.505095992085,14040.190024616137,13279.972040553184,12801.656969177237,12599.382987055826,12474.649095483972,12351.15006943868,12228.873683751237,12107.807834282099,11987.940536722706,11869.259925409151,11751.7542521476,11635.411885051339,11520.22130738933,prices
2,Remote Sensing Technologies,Drones,Hardware,Euros,EU Europe,Portugal,15318.792239071236,15165.604316680523,15013.948273513717,14863.80879077858,14715.170702870793,14568.018995842085,14422.338805883664,14224.165605519047,13755.547607875109,13010.741828622366,12542.123830978428,12343.95063061381,12221.745519370734,12100.750238728962,11980.952811365545,11862.341378533027,11744.90419888555,11628.629647316582,11513.506213808148,11399.522502291447,11286.667229518762,prices
2,Remote Sensing Technologies,Drones,Hardware,Euros,EU Europe,Romania,15692.684062239465,15535.75722161707,15380.399649400899,15226.59565290689,15074.329696377821,14923.586399414044,14774.350535419902,16982.77309476456,22205.00574684708,30505.0477414543,35727.28039353682,37935.702952881475,37560.13949364795,37188.294112660835,36820.13000094549,36455.610713936134,36094.70016786816,35737.362636206264,35383.56274610782,35033.26547492135,34686.43614671963,prices
2,Remote Sensing Technologies,Drones,Hardware,Euros,EU Europe,Slovakia,15920.328852436993,15761.125563912623,15603.514308273496,15447.47916519076,15293.004373538852,15140.074329803463,14988.673586505429,14782.718543163455,14295.698906613155,13521.646177661321,13034.62654111102,12828.671497769048,12701.667649941135,12575.921140206718,12451.419520918671,12328.150467661575,12206.101778031725,12085.26137042921,11965.617282861962,11847.157671761628,11729.870810811188,prices
2,Remote Sensing Technologies,Drones,Hardware,Euros,EU Europe,Slovenia,17753.7010139659,17576.16400382624,17400.40236378798,17226.3983401501,17054.134356748596,16883.59301318111,16714.7570830493,16485.08442391625,15941.980000924334,15078.78798735285,14535.683564360932,14306.010905227886,14164.38139726613,14024.154021433194,13885.314896621005,13747.850279144457,13611.746561380927,13476.990270423255,13343.568066746066,13211.466742885279,13080.673222130714,prices
2,Remote Sensing Technologies,Drones,Hardware,Euros,EU Europe,Sweden,16334.04355482303,16170.7031192748,16008.996088082053,15848.906127201231,15690.41706592922,15533.512895269927,15378.177766317227,15166.870658313092,14667.195053041345,13873.027350500863,13373.351745229116,13162.04463722498,13031.740395316454,12902.72616540282,12774.989176365332,12648.516783519315,12523.296467362474,12399.315832335586,12276.562605595464,12155.024635800068,12034.689891905648,prices
2,Remote Sensing Technologies,Drones,Hardware,Euros,EU Europe,Netherlands,22870.182580181365,22641.48075437955,22415.065946835755,22190.9152873674,21969.006134493724,21749.316073148788,21531.8229124173,21235.960340218044,20536.33735433142,19424.379969411806,18724.75698352518,18428.894411325924,18246.448356653797,18065.808517922924,17886.957013595485,17709.87613916089,17534.548365383198,17360.956336565905,17189.082868833902,17018.910948432447,16850.423730042967,prices
3,Decision Support Systems,Total,Software,Euros,EU Europe,Austria,705.3235522859561,698.2703167630965,691.2876135954656,684.3747374595109,677.5309900849159,670.7556801840667,664.048123382226,654.9236295273813,633.3470387880454,599.0539267863186,577.4773360469827,568.352842192138,562.7261490544358,557.1551601787969,551.6393240930269,546.1780947845059,540.7709316461393,535.4172994228425,530.1166681585563,524.8685131437866,519.672314863663,prices
3,Decision Support Systems,Total,Software,Euros,EU Europe,Belgium,531.0786428350254,525.7678564066752,520.5101778426084,515.3050760641823,510.1520253035405,505.0505050505051,500.0,493.12964412249937,476.8833887837757,451.0621336712243,434.8158783325006,427.94552245499995,423.70886178269546,419.5141440510468,415.3609540249414,411.24888058009446,407.17751666235154,403.14645924739426,399.15530930084503,395.2036717387667,391.29115538855285,prices
3,Decision Support Systems,Total,Software,Euros,EU Europe,Bulgaria,641.4819769051425,635.067157136091,628.7164855647302,622.4293207090828,616.205027501992,610.0429772269721,603.9425474547023,595.643946993546,576.0203373218094,544.8312281395055,525.2076184677687,516.9090180066125,511.7916187283471,506.72488170293644,501.7083053740774,496.741393150874,491.8236533586803,486.95459919042935,482.13374865844406,477.36062454672543,472.63475436371283,prices
3,Decision Support Systems,Total,Software,Euros,EU Europe,Cyprus,650.6889457318936,644.1820562745746,637.7402357118289,631.3628333547106,625.0492050211635,618.7987129709519,612.6107258412424,604.1930184394357,584.2877578889204,552.6510022156565,532.7457416651412,524.3280342633345,519.1371867241276,513.9977285755587,508.9091510626606,503.8709504671403,498.8826280575156,493.9436900397462,489.0536475083527,484.21201639802,479.4183174356796,prices
3,Decision Support Systems,Total,Software,Euros,EU Europe,Czechia,692.9441761363568,686.0147343749932,679.1545870312432,672.3630411609307,665.6394107493214,658.9830166418282,652.3931864754098,643.4288397491244,622.2309471716782,588.5397253683345,567.3418327908882,558.3774860646029,552.8495489525633,547.3763384179329,541.9573126675953,536.5919352721861,531.2796751129914,526.0200063293728,520.8124082667119,515.6563654248715,510.5513674071653,prices
3,Decision Support Systems,Total,Software,Euros,EU Europe,Germany,672.8430356575087,666.1146053009336,659.4534592479242,652.858924655445,646.3303354088905,639.8670320548016,633.4683617342536,624.7640555697503,604.181078062275,571.4671817141348,550.8842042066594,542.1798980421562,536.8123170515388,531.4978751127286,526.2360461491126,521.0263092922363,515.8681488302432,510.7610541568238,505.7045197206712,500.6980449754366,495.74113433017976,prices
3,Decision Support Systems,Total,Software,Euros,EU Europe,Denmark,720.652769015911,713.4462413257519,706.3117789124943,699.2486611233694,692.2561745121357,685.3336127670143,678.4802766393442,669.1574747265894,647.1119470934481,612.0735224695702,590.0279948364289,580.7051929236741,574.9562115137297,569.2641450197438,563.6284299840482,558.0485085272062,552.5238282927868,547.0538423926882,541.6380093530006,536.2757930604059,530.9666627091079,prices
3,Decision Support Systems,Total,Software,Euros,EU Europe,Spain,665.4567581516872,658.8021905701703,652.2141686644686,645.692026977824,639.2351067080457,632.8427556409653,626.5143280845556,617.9055752919674,597.5485517971061,565.1937792028262,544.836755707965,536.2280029153768,530.9193456865146,525.6632441642181,520.4591780469923,515.3066321843271,510.20509652570223,505.15406607009777,500.1530408160038,495.20152571192534,490.2990306073773,prices
3,Decision Support Systems,Total,Software,Euros,EU Europe,Estonia,672.0033649255807,665.2833312763249,658.6304979635617,652.044192983926,645.5237510540867,639.0685135435458,632.6778284081104,623.9843847341743,603.4270936392396,570.754022416478,550.1967313215433,541.5032876476073,536.142405099896,530.834595289407,525.5793327960419,520.376097401361,515.2243740370875,510.1236527341203,505.0734285720525,500.07320162918916,495.12247693306017,prices
3,Decision Support Systems,Total,Software,Euros,EU Europe,Finland,689.8496865045975,682.9511896395514,676.1216777431559,669.3604609657244,662.6668563560672,656.0401877925066,649.4797859145815,640.5554713856293,619.4522425070136,585.9114760219223,564.8082471433065,555.8839326143543,550.3806816814722,544.9319129328256,539.5370869947907,534.1956698335423,528.9071327021902,523.6709520884385,518.4866096627629,513.3535922271016,508.2713916640532,prices
3,Decision Support Systems,Total,Software,Euros,EU Europe,France,709.7901974595061,702.692295484911,695.6653725300619,688.7087188047612,681.8216316167136,675.0034153005464,668.253381147541,659.0711040578876,637.3578739357108,602.8475918668395,581.1343617446627,571.9520846550093,566.2897590169248,560.6834904026572,555.1327238476708,549.6369098815788,544.1955044737512,538.8079689794611,533.4737700865644,528.1923797627074,522.9632752030566,prices
3,Decision Support Systems,Total,Software,Euros,EU Europe,Greece,628.7922702888818,622.504347585993,616.279304110133,610.1165110690317,604.0153459583414,597.975192498758,591.9954405737705,583.8610018645712,564.6255836907279,534.0534530976828,514.8180349238394,506.68359621464026,501.6674286121153,496.70092106885534,491.7835819502737,486.914924488966,482.09446673652525,477.3217315158336,472.59624637382683,467.91754353472595,463.2851598537322,prices
3,Decision Support Systems,Total,Software,Euros,EU Europe,Croatia,647.521951149743,641.0467316382455,634.6362643218631,628.2899016786445,622.007002661858,615.7869326352394,609.629063308887,601.2523260724881,581.4439472236419,549.961172088193,530.1527932393468,521.7760560029479,516.6104730485188,511.4960293653384,506.43221867462154,501.4185397097428,496.4544961666163,491.5395966545668,486.6733546476866,481.8552884366745,477.08492108115144,prices
3,Decision Support Systems,Total,Software,Euros,EU Europe,Hungary,814.378627062103,806.2348407914819,798.1724923835671,790.1907674597314,782.2888597851342,774.4659711872828,766.72131147541,756.1860149380097,731.2733145382686,691.6779013705955,666.7652009708543,656.2299044334541,649.7332283795629,643.3008694186052,636.932190811361,630.6265621223286,624.3833591573175,618.2019639016601,612.0817644590336,606.0221549908891,600.0225356564794,prices
3,Decision Support Systems,Total,Software,Euros,EU Europe,Ireland,676.4915837370536,669.7266678996831,663.0294012206863,656.3991072084794,649.8351161363946,643.3367649750306,636.9033973252804,628.1518913268526,607.4573008887585,574.566010679985,553.8714202418909,545.1199142434631,539.7232270924528,534.3799671442375,529.0896054695096,523.8516183753615,518.6654873534453,513.5306990286462,508.4467451082625,503.4131223316907,498.42933242060695,prices
3,Decision Support Systems,Total,Software,Euros,EU Europe,Italy,623.4388635393352,617.2044749039419,611.0324301549025,604.9221058533535,598.8728847948199,592.8841559468717,586.955314387403,578.8901305993395,559.8184787794223,529.5066329544926,510.4349811345755,502.36979734651203,497.39633635278153,492.472112622889,487.59663870792235,482.7694319847139,477.9900146080652,473.2579134634454,468.57266012015725,463.9337907849677,459.3408462561965,prices
3,Decision Support Systems,Total,Software,Euros,EU Europe,Lithuania,665.8638993519677,659.205260358448,652.6132077548634,646.0870756773148,639.6262049205417,633.2299428713362,626.8976434426229,618.2836236241882,597.9141452509622,565.5395772893838,545.1700989161577,536.5560790977231,531.2441739146557,525.9848565929005,520.7776065126308,515.6219082081557,510.51725131689494,505.4631305288577,500.459045536622,495.50450098580944,490.5990064260499,prices
3,Decision Support Systems,Total,Software,Euros,EU Europe,Luxembourg,822.3240922318952,814.1008513095762,805.9598427964804,797.9002443685156,789.9212419248304,782.022029505582,774.2018092105262,763.5637253099638,738.4079647576917,698.4262399092441,673.270479356972,662.6323954564097,656.0723347413912,649.5772186274514,643.1464041630396,636.7792547618255,630.4751401396835,624.2334362523006,618.0535252334029,611.9347953335922,605.8766408597896,prices
3,Decision Support Systems,Total,Software,Euros,EU Europe,Latvia,717.3667972382364,710.1931292658539,703.0911979731954,696.0602859934635,689.0996831335289,682.2086863021935,675.3865994391716,666.1063068530874,644.1613005594053,609.2826411919705,587.3376348982883,578.0573423122041,572.3345746233133,566.6684623345425,561.0584445574304,555.5039659563118,550.0044766933444,544.5594323740803,539.1682939935769,533.8305278830404,528.5456056569983,prices
3,Decision Support Systems,Total,Software,Euros,EU Europe,Malta,659.7187632881,653.121575655219,646.5903598986667,640.1244562996801,633.7232117366833,627.3859796193165,621.1121198231233,612.5775972170959,592.3961050318511,560.3203160329504,540.1388238477056,531.6043012416782,526.3414186593856,521.1306386146576,515.9714452923726,510.863327983978,505.80578103693665,500.798303804671,495.8404005970047,490.93158063109433,486.0713579828465,prices
3,Decision Support Systems,Total,Software,Euros,EU Europe,Poland,660.7181098706063,654.1109287719003,647.5698194841813,641.0941212893395,634.6831800764461,628.3363482756816,622.0529847929248,613.505534032547,593.2934707822249,561.1690931545006,540.9570299041784,532.4095791438007,527.138724310277,521.9200509396052,516.7530424353031,511.63718731519356,506.57197916077314,501.5569165670815,496.5915030930674,491.67524721244604,486.80766226504284,prices
3,Decision Support Systems,Total,Software,Euros,EU Europe,Portugal,642.3253334557359,635.9020801211785,629.5430593199667,623.2476287267671,617.0151524394994,610.8450009151044,604.7365509059533,596.4270402722409,576.7776314348865,545.5475179212326,525.8981090838781,517.5885984501658,512.4644713255092,507.39107305938666,502.3679014360987,497.3944592118813,492.4702540656837,487.59479855043344,482.76761004478413,477.98821070534075,473.2561274193579,prices
3,Decision Support Systems,Total,Software,Euros,EU Europe,Romania,664.019701271437,657.3795042587227,650.8057092161355,644.2976521239741,637.8546756027343,631.476128846707,625.1613675582399,616.5712054062598,596.2581429957461,563.9732406792805,543.6601782687668,535.0700161167866,529.7728229572305,524.5280720099539,519.3352440970554,514.1938251804945,509.10330631120763,504.0631835787267,499.0729580612973,494.13213577649043,489.2402276323032,prices
3,Decision Support Systems,Total,Software,Euros,EU Europe,Slovakia,677.2283608458165,670.4560772373583,663.7515164649847,657.1140013003348,650.5428612873314,644.0374326744582,637.5970583477135,628.8360209531209,608.1188917268488,575.1917791216316,554.4746498953596,545.7136125007669,540.3110477370093,534.9619683644129,529.6658448776052,524.4221530133169,519.2303736984851,514.0899929988701,509.0005020681813,503.96139709770625,498.97217926643896,prices
3,Decision Support Systems,Total,Software,Euros,EU Europe,Slovenia,660.3469762834426,653.7435065206082,647.2060714554021,640.7340107408481,634.3266706334397,627.9834039271053,621.7035698878343,613.1609203369503,592.9602104541626,560.8538774892473,540.6531676064596,532.1105180555757,526.8426239268255,521.6268819499498,516.4627758186454,511.34979433804074,506.2874313740941,501.27518580349056,496.312561464036,491.39906710554203,486.5342163411972,prices
3,Decision Support Systems,Total,Software,Euros,EU Europe,Sweden,701.2333761154005,694.2210423542465,687.278831930704,680.406043611397,673.601983175283,666.8659633435301,660.1973037100948,651.1257228583854,629.6742549183631,595.5800089109293,574.128540970907,565.0569601191976,559.4628962140175,553.9242135414987,548.4403638274379,543.0108042255462,537.6349972637132,532.3124107908025,527.0425179239735,521.8247969965262,516.6587315062606,prices
3,Decision Support Systems,Total,Software,Euros,EU Europe,Netherlands,710.7024762416486,703.5954514792321,696.5594969644397,689.5939019947954,682.6979629748474,675.8709833450989,669.1122735116479,659.9181946295907,638.1770569381025,603.6224195115356,581.8812818200472,572.68720293799,567.0175996289039,561.4041253925777,555.8462245511912,550.3433469281345,544.894947793546,539.5004878103898,534.159432981067,528.8712545945544,523.6354291740683,prices
4,Telematics Systems,Total,Hardware,Euros,EU Europe,Austria,1227.2629809775635,1214.9903511677878,1202.84044765611,1190.812043179549,1178.9039227477535,1167.114883520276,1155.4437346850732,1144.8056888507444,1119.6500183132785,1079.6684365313545,1054.5127659938885,1043.8747201595597,1033.54036042998,1023.3083108617232,1013.1775585841921,1003.1471007542085,993.2159444567418,983.38310660662,973.6476138512145,964.0085024740874,954.464818299594,prices
4,Telematics Systems,Total,Hardware,Euros,EU Europe,Belgium,1242.3050523290115,1229.8820018057213,1217.583181787664,1205.4073499697874,1193.3532764700897,1181.4197437053888,1169.6055462683348,1158.8371141623104,1133.3731206354094,1092.901500601514,1067.437507074613,1056.6690749685886,1046.2080511263996,1035.8505914202483,1025.595670565188,1015.4422734265925,1005.3893949196691,995.4360399099644,985.5812231148557,975.8239690060186,966.163311712859,prices
4,Telematics Systems,Total,Hardware,Euros,EU Europe,Bulgaria,1116.178639814948,1105.0168534167985,1093.9666848826305,1083.027018033804,1072.1967478534661,1061.4747803749315,1050.860032571182,1041.1848776013874,1018.3061445512174,981.9434510921096,959.0647180419395,949.3895630721449,939.9906063977306,930.6846993943931,921.4709208703886,912.3483587537717,903.3161100021093,894.3732805130884,885.5189850360088,876.7523470841522,868.0724988480191,prices
4,Telematics Systems,Total,Hardware,Euros,EU Europe,Cyprus,1132.1987655734947,1120.8767779177597,1109.668010138582,1098.5713300371963,1087.5856167368242,1076.709760569456,1065.9426629637614,1056.128643842817,1032.9215402544678,996.0369456396176,972.8298420512684,963.0158229303239,953.4819662833137,944.0424948171088,934.6964741184195,925.4429790246471,916.2810935323031,907.2099107063333,898.2285325903406,889.3360701176962,880.5316430235309,prices
4,Telematics Systems,Total,Hardware,Euros,EU Europe,Czechia,1205.7228664772604,1193.6656378124878,1181.728981434363,1169.9116916200194,1158.2125747038192,1146.630448956781,1135.1641444672132,1124.7128106325804,1099.9986559169943,1060.7188046222068,1036.0046499066204,1025.5533160719876,1015.4003382428749,1005.3478748942704,995.394930932817,985.5405211165821,975.7836699575279,966.1234116249483,956.5587898498612,947.0888578303476,937.7126781378271,prices
4,Telematics Systems,Total,Hardware,Euros,EU Europe,Germany,1170.746882044065,1159.0394132236243,1147.449019091388,1135.974528900474,1124.6147836114694,1113.3686357753547,1102.2349494176012,1092.0867911299117,1068.0895523115394,1029.949143176822,1005.9519043584497,995.8037460707601,985.9452889846596,976.1844306237114,966.5202047605366,956.9516547334073,947.4778333515466,938.0978028013662,928.8106345536327,919.6154092715517,910.5112167197633,prices
4,Telematics Systems,Total,Hardware,Euros,EU Europe,Denmark,1253.9358180876852,1241.3964599068083,1228.9824953077402,1216.6926703546628,1204.5257436511163,1192.4804862146052,1180.555681352459,1169.6864325338418,1143.9840388302396,1103.1335135253678,1077.4311198217656,1066.5618710031483,1056.0029084802172,1045.5484796862631,1035.1975497373692,1024.9490939949692,1014.802097964419,1004.7555571945712,994.8084771783449,984.9598732542793,975.2087705090619,prices
4,Telematics Systems,Total,Hardware,Euros,EU Europe,Spain,1157.8947591839358,1146.3158115920965,1134.8526534761754,1123.5041269414137,1112.2690856719996,1101.1463948152796,1090.1349308671267,1080.0981761450735,1056.3643721189078,1018.6426574361278,994.9088534099619,984.8720986879088,975.1218649108985,965.4681584482805,955.9100236796426,946.4465144452141,937.0766939522065,927.7996346820796,918.6144182987271,909.5201355575697,900.5158862155497,prices
4,Telematics Systems,Total,Hardware,Euros,EU Europe,Estonia,1169.2858549705104,1157.5929964208053,1146.0170664565971,1134.5568957920311,1123.2113268341109,1111.9792135657697,1100.859421430112,1090.723927480233,1066.7566358828544,1028.6638238600292,1004.6965322626506,994.5610383127718,984.7148840334753,974.9662066815439,965.3140412353966,955.7574322271662,946.2954336481172,936.9271088550008,927.6515304773363,918.4677803256106,909.3749493003871,prices
4,Telematics Systems,Total,Hardware,Euros,EU Europe,Finland,1200.3384545179997,1188.3350699728196,1176.4517192730914,1164.6872020803605,1153.040330059557,1141.5099267589615,1130.094827491372,1119.6901663113383,1095.086377911191,1055.9819391485448,1031.3781507483977,1020.973489568364,1010.8658520216372,1000.858280086623,990.9497831137654,981.1393802609391,971.4261003963558,961.8089820024318,952.2870730806077,942.8594310571096,933.5251226896443,prices
4,Telematics Systems,Total,Hardware,Euros,EU Europe,France,1235.0349435795406,1222.6845941437452,1210.4577482023078,1198.3531707202847,1186.3696390130817,1174.505942622951,1162.7608831967214,1152.0554691653037,1126.7404937896122,1086.5057182234764,1061.1907428477848,1050.4853288163672,1040.0855240610852,1029.7886773728803,1019.5937694668888,1009.4997911491666,999.5057432167898,989.6106363589436,979.81349105899,970.113337497506,960.5092154562807,prices
4,Telematics Systems,Total,Hardware,Euros,EU Europe,Greece,1094.0985503026543,1083.1575647996278,1072.3259891516316,1061.6027292601152,1050.9867019675141,1040.476834947839,1030.0720665983606,1020.5883041890022,998.1621550314601,962.5187832811231,940.092634123581,930.6088717142226,921.3958438842518,912.2740250297977,903.2425121820027,894.3004113114008,885.446837239418,876.6809135507477,868.0017725065953,859.40855495878,850.900410264688,prices
4,Telematics Systems,Total,Hardware,Euros,EU Europe,Croatia,1126.6881950005527,1115.4213130505473,1104.2670999200418,1093.2244289208413,1082.2921846316328,1071.4692627853165,1060.7545701574634,1050.9883172473774,1027.8941658949834,991.189093787894,968.0949424355,958.328689525414,948.8412354991124,939.4477072676711,930.1471749657212,920.9387179335605,911.8214246260183,902.7943925222206,893.8567280362506,885.0075464286917,876.2459717190477,prices
4,Telematics Systems,Total,Hardware,Euros,EU Europe,Hungary,1417.0188110880592,1402.8486229771786,1388.8201367474069,1374.9319353799328,1361.1826160261335,1347.570789865872,1334.0950819672132,1321.8122124485276,1292.7670453493542,1246.6036277606365,1217.5584606614632,1205.2755911427776,1193.343362790464,1181.5292634988384,1169.8321237901998,1158.2507857646767,1146.7841029856063,1135.4309403660488,1124.190174056425,1113.0606913332663,1102.041390489067,prices
4,Telematics Systems,Total,Hardware,Euros,EU Europe,Ireland,1177.0953557024736,1165.3244021454489,1153.6711581239942,1142.1344465427544,1130.7131020773268,1119.4059710565534,1108.2119113459878,1098.0087238145231,1073.8813579457617,1035.5341292273865,1011.406763358625,1001.2035758271604,991.2916604264715,981.4778729882494,971.7612420456657,962.1408057494135,952.6156117724943,943.1847172159465,933.8471885155086,924.6021013492051,915.448540545848,prices
4,Telematics Systems,Total,Hardware,Euros,EU Europe,Italy,1084.7836225584435,1073.9357863328592,1063.1964284695305,1052.564464184835,1042.0388195429866,1031.6184313475567,1021.3022470340811,1011.8992274075022,989.664009824566,954.3240983359419,932.0888807530057,922.6858611264267,913.5512711012751,904.5071135173724,895.5524930935504,886.6865234119242,877.9083268301462,869.2170343945277,860.6117857540219,852.0917290750571,843.656020957214,prices
4,Telematics Systems,Total,Hardware,Euros,EU Europe,Lithuania,1158.603184872424,1147.0171530236996,1135.5469814934627,1124.191511678528,1112.9495965617427,1101.8201005961253,1090.8018995901639,1080.7590041590197,1057.0106792652841,1019.2658856010311,995.5175607072956,985.4746652761514,975.7184660899175,966.0588532756273,956.4948706281986,947.0255714089793,937.6500182520303,928.3672830713352,919.176446968929,910.0766001439366,901.0668418025116,prices
4,Telematics Systems,Total,Hardware,Euros,EU Europe,Luxembourg,1430.8439204834974,1416.5354812786625,1402.3701264658757,1388.346425201217,1374.462960949205,1360.718331339713,1347.1111480263157,1334.7084409913903,1305.3798954293393,1258.766085585249,1229.437540023198,1217.0348329882725,1204.9861881416884,1193.0568248790858,1181.2455623127828,1169.5512312458861,1157.9726740565518,1146.508744583392,1135.1583080120163,1123.9202407626974,1112.7934303791467,prices
4,Telematics Systems,Total,Hardware,Euros,EU Europe,Latvia,1248.2182271945312,1235.736044922586,1223.3786844733602,1211.1448976286265,1199.0334486523402,1187.0431141658169,1175.1726830241587,1164.3529948905177,1138.7677967961743,1098.103538274733,1072.5183401803895,1061.6986520467485,1051.1878353914856,1040.7810758211099,1030.477343170481,1020.2756174730931,1010.1748888601095,1000.1741574603944,990.2724333015365,980.4687362118513,970.7620957233539,prices
4,Telematics Systems,Total,Hardware,Euros,EU Europe,Malta,1147.910648121294,1136.431541640081,1125.06722622368,1113.8165539614433,1102.678388421829,1091.6516045376106,1080.7350884922346,1070.7848771050215,1047.2557211554245,1009.8592672840258,986.3301113344289,976.3798999472157,966.7137389377382,957.1432729222546,947.6675545203243,938.285645730573,928.9966178378403,919.7995513212456,910.6935357631653,901.6776697591099,892.7510608284947,prices
4,Telematics Systems,Total,Hardware,Euros,EU Europe,Poland,1149.6495111748552,1138.1530160631066,1126.7714859024757,1115.5037710434508,1104.3487333330163,1093.3052459996861,1082.3721935396893,1072.406909502889,1048.842111423803,1011.3890091433337,987.8242110642478,977.8589270274475,968.1781236498757,958.5931602257419,949.1030879395071,939.7069673689059,930.4038683919537,921.1928700948733,912.0730606809341,903.0435373801928,894.1034063601288,prices
4,Telematics Systems,Total,Hardware,Euros,EU Europe,Portugal,1117.6460802129805,1106.4696194108506,1095.404923216742,1084.4508739845746,1073.606365244729,1062.8703015922817,1052.241598576359,1042.553723677376,1019.6449119498902,983.2344124466065,960.3256007191205,950.6377258201377,941.2264123345183,931.9082708524065,922.6823789709676,913.5478234191551,904.5036999673055,895.5491133376291,886.6831771155865,877.9050136621422,869.2137540268869,prices
4,Telematics Systems,Total,Hardware,Euros,EU Europe,Romania,1155.3942802123004,1143.8403374101774,1132.4019340360755,1121.0779146957148,1109.8671355487577,1098.7684641932701,1087.7807795513374,1077.7656992465202,1054.0831484775383,1016.442894008297,992.760343239315,982.7452629344979,973.0160848314463,963.383225591615,953.8457316582579,944.4026589148411,935.0530725915842,925.7960471729275,916.6306663059155,907.5560227094869,898.571218084663,prices
4,Telematics Systems,Total,Hardware,Euros,EU Europe,Slovakia,1178.3773478717208,1166.5935743930036,1154.9276386490735,1143.3783622625829,1131.944578639957,1120.6251328535573,1109.4188815250218,1099.2045815493077,1075.050938205269,1036.6619449461614,1012.5083016021226,1002.2940016264085,992.3712910103071,982.546815229305,972.8196017585349,963.1886877011253,953.6531196928842,944.2119538079246,934.8642554652262,925.6090993361204,916.4455692526927,prices
4,Telematics Systems,Total,Hardware,Euros,EU Europe,Slovenia,1149.0037387331906,1137.5137013458586,1126.1385643324,1114.877178689076,1103.728406902185,1092.6911228331633,1081.7642116048316,1071.8045251921262,1048.252963753464,1010.8208993467749,987.2693379081128,977.3096514954074,967.6342859456029,958.0547065147414,948.5699649202454,939.1791222675349,929.8812489570863,920.6754245924111,911.5607378889462,902.5362865838456,893.6011773466655,prices
4,Telematics Systems,Total,Hardware,Euros,EU Europe,Sweden,1220.1460744407968,1207.9446136963888,1195.865167559425,1183.9065158838307,1172.0674507249923,1160.3467762177424,1148.743308455565,1138.166952722796,1113.1571600932111,1073.4074317812806,1048.3976391516956,1037.8212834189264,1027.546852713079,1017.3741388712195,1007.3021348963945,997.3298437609202,987.4562783076871,977.6804611524409,968.0014245870317,958.4182104836201,948.9298701998323,prices
4,Telematics Systems,Total,Hardware,Euros,EU Europe,Netherlands,1236.6223086604684,1224.2560855738636,1212.013524718125,1199.8933894709437,1187.8944555762343,1176.015511020472,1164.2553559102673,1153.536182429776,1128.1886702354748,1087.9021817375676,1062.5546695432663,1051.835496062775,1041.4223246517536,1031.112243637701,1020.9042324256878,1010.7972805246735,1000.7903874474792,990.8825626117492,981.0728252418929,971.3602042719982,961.7437382497054,prices
1,Field Survey Technologies,Sensors,Hardware,Euros,EU Europe,Austria,2062408.394001853,2147920.9724007067,2604458.5558427796,2743149.8528251857,2966564.34497408,3081025.6976255663,3319926.184077644,3489606.8060743217,3890848.7155391825,4528569.192666271,4929811.102131132,5099491.7241278095,4813687.861986121,5156868.7446224075,5512959.898820863,5880697.321749421,6258565.824460293,6644807.653338076,7037439.887678186,7434280.842240191,7832985.178105151,revenues
1,Field Survey Technologies,Sensors,Hardware,Euros,EU Europe,Belgium,817786.5729807131,851694.0370110794,1032720.4073874857,1087714.307136611,1176302.6645250104,1221688.9020887385,1316417.7689161173,1383699.561778998,1542800.0808768712,1795669.127097849,1954769.6461957223,2022051.439058603,1908724.4366834892,2044802.5862584433,2185999.9191958113,2331815.2328495597,2481647.724206749,2634800.4084657915,2790487.0175276003,2947842.4691411103,3105936.7890671887,revenues
1,Field Survey Technologies,Sensors,Hardware,Euros,EU Europe,Bulgaria,1157014.111546462,1204986.792519806,1461105.0414709025,1538911.0609886749,1664246.9163372277,1728459.9018107273,1862483.4225083066,1957674.4984742054,2182771.793823108,2540533.9099025875,2765631.2052514907,2860822.2812173893,2700485.898474702,2893010.87324592,3092778.5291586462,3299079.7587839216,3511064.5389161822,3727746.7672182005,3948014.022287914,4170642.375529282,4394316.088394371,revenues
1,Field Survey Technologies,Sensors,Hardware,Euros,EU Europe,Cyprus,75333.61157455466,78457.13036189727,95133.08313644755,100199.06149748906,108359.72483682577,112540.65578436409,121266.97618903987,127464.90192790063,142121.06907838755,165415.09118223115,180071.25833271808,186269.18407157884,175829.62360445334,188364.99506023474,201371.94013160805,214804.28857476648,228606.69506819829,242714.95412840566,257056.6355914229,271552.04901913926,286115.5261939295,revenues
1,Field Survey Technologies,Sensors,Hardware,Euros,EU Europe,Czechia,1716347.5010259687,1787511.5346228122,2167444.598677502,2282864.2515852903,2468791.0090635656,2564046.3702998683,2762860.65660147,2904069.7946090167,3237985.497541461,3768699.952764525,4102615.6556969695,4243824.793704516,4005977.262634965,4291574.262737239,4587915.261165809,4893948.347877825,5208412.574376531,5529845.12852734,5856595.812917391,6186849.017204262,6518652.9375627395,revenues
1,Field Survey Technologies,Sensors,Hardware,Euros,EU Europe,Germany,4332147.801993629,4511769.417979482,5470739.665767506,5762064.70067591,6231353.22951977,6471782.573554871,6973599.876223222,7330018.874401117,8172838.977932153,9512389.074463598,10355209.177994635,10711628.17617253,10111288.991761077,10832150.248301176,11580129.89940069,12352572.87096926,13146296.465298295,13957608.470659235,14782343.705414506,15615919.477335693,16453409.33496336,revenues
1,Field Survey Technologies,Sensors,Hardware,Euros,EU Europe,Denmark,797336.4335417562,830395.9839595095,1006895.4830975776,1060514.1671665744,1146887.2225176,1191138.5002795246,1283498.5112225947,1349097.8088095577,1504219.7497455236,1750765.3768424054,1905887.3177783715,1971486.6153653346,1860993.5467784985,1993668.8315653207,2131335.285857355,2273504.2404302917,2419589.9163689143,2568912.7581580174,2720706.159665087,2874126.671487097,3028267.5749671073,revenues
1,Field Survey Technologies,Sensors,Hardware,Euros,EU Europe,Spain,4534582.605682469,4722597.6718072165,5726379.168593963,6031317.387758036,6522535.069426785,6774199.318013938,7299465.794578568,7672539.720802526,8554743.550374672,9956888.824452441,10839092.654024586,11212166.580248544,10583774.441391002,11338320.469001798,12121252.093292046,12929790.172520228,13760603.286262073,14609826.691243328,15473100.573102495,16345628.097240215,17222252.606470082,revenues
1,Field Survey Technologies,Sensors,Hardware,Euros,EU Europe,Estonia,1105634.717875747,1151477.0814773568,1396221.9165627197,1470572.813047107,1590342.893364272,1651704.3801166324,1779776.3336186719,1870740.2703326095,2085841.6957638273,2427716.7103645303,2642818.1357957483,2733782.072509686,2580565.729225864,2764541.269403761,2955437.86580789,3152577.900262,3355149.0964440554,3562209.141750831,3772695.0139505756,3985437.135304795,4199178.195117169,revenues
1,Field Survey Technologies,Sensors,Hardware,Euros,EU Europe,Finland,8368437.226757321,8715413.43501471,10567862.309738904,11130616.71670811,12037144.327114165,12501583.207085496,13470946.855008177,14159443.681294398,15787524.589938099,18375141.95833937,20003222.86698307,20691719.693269294,19532040.705124438,20924532.93998796,22369409.948625017,23861542.90767288,25394783.77989844,26962000.296623282,28555146.550213315,30165370.125193384,31783154.564214107,revenues
1,Field Survey Technologies,Sensors,Hardware,Euros,EU Europe,France,6391307.969892403,6656307.484748984,8071096.284142375,8500894.181753904,9193245.332192158,9547955.75597326,10288297.284602124,10814129.66331901,12057559.733365217,14033825.918025773,15277255.98807198,15803088.366788866,14917395.452017616,15980897.092472069,17084407.06579054,18224008.285813924,19395005.25225913,20591950.768186938,21808699.854290754,23038491.569185007,24274057.816323787,revenues
1,Field Survey Technologies,Sensors,Hardware,Euros,EU Europe,Greece,781821.6116356818,814237.8789731076,987302.9956090807,1039878.3505397447,1124570.73194326,1167960.9544909596,1258523.7954305722,1322846.6413511988,1474950.171004169,1716698.4361152975,1868801.9657682679,1933124.8116888942,1824781.751817156,1954875.3993825838,2089863.0967146559,2229265.6832677918,2372508.778396269,2518926.0495888093,2667765.8075749907,2818201.0150542846,2969342.5965852016,revenues
1,Field Survey Technologies,Sensors,Hardware,Euros,EU Europe,Croatia,753700.5792422767,784950.8786781986,951791.084568987,1002475.377348009,1084121.4919747075,1125951.0287653739,1213256.4506904704,1275265.6936013442,1421898.2715424863,1654951.1889002868,1801583.766841429,1863593.009752303,1759146.8985590239,1884561.2591580688,2014693.6373829534,2149082.107424289,2287172.948306669,2428323.794569429,2571809.994156272,2716834.2571442993,2862539.486895008,revenues
1,Field Survey Technologies,Sensors,Hardware,Euros,EU Europe,Hungary,744203.0823370527,775059.5919440239,939797.4187432268,989843.0309545674,1070460.3103350862,1111762.7466999895,1197968.019577335,1259195.8744823334,1403980.7127592696,1634096.8944659121,1778881.7327428483,1840109.5876478467,1736979.6179637327,1860813.6129182964,1989306.1730330472,2122001.1932967557,2258351.9302571802,2397724.1129996097,2539402.220919749,2682599.0108676255,2826468.186611286,revenues
1,Field Survey Technologies,Sensors,Hardware,Euros,EU Europe,Ireland,519657.9243986211,541204.2336213527,656236.4327296622,691182.0001214737,747474.978567605,776315.4105187736,836510.3414978005,879264.1821502652,980363.7211458678,1141047.9486025483,1242147.487598151,1284901.3282506156,1212888.3155914336,1299358.418061303,1389081.4770954163,1481739.006263027,1576949.228634809,1674269.2490993761,1773199.4379710723,1873190.0835502003,1973650.2388845617,revenues
1,Field Survey Technologies,Sensors,Hardware,Euros,EU Europe,Italy,3549775.8237074455,3696958.352786534,4482741.654013261,4721454.323346168,5105990.851224219,5302999.427979813,5714190.137611289,6006241.0095274495,6696850.50947855,7794482.161178898,8485091.66113,8777142.53304616,8285222.677064495,8875898.706062352,9488795.634665826,10121737.886637237,10772117.549251422,11436909.212358696,12112699.912746774,12795734.577684194,13481976.457021458,revenues
1,Field Survey Technologies,Sensors,Hardware,Euros,EU Europe,Lithuania,749056.6743230487,780114.4259179919,945926.6505729954,996298.6535076859,1077441.7078956198,1119013.513171914,1205781.0051955094,1267408.179900358,1413137.2853369354,1644754.2536996505,1790483.359136228,1852110.5338410765,1748307.9644240972,1872949.5879679131,2002280.1592046747,2135840.598467873,2273080.596518318,2413361.7458120617,2555963.8592160703,2700094.559286878,2844902.0303628137,revenues
1,Field Survey Technologies,Sensors,Hardware,Euros,EU Europe,Luxembourg,70658.67371477858,73588.35795829054,89229.46000228169,93981.06163901868,101635.3030345701,105556.78017434276,113741.57595563072,119554.88031390088,133301.53749587646,155150.01486127425,168896.67204324983,174709.97640152,164918.2581849799,176675.7287625193,188875.50876264132,201474.29310379887,214420.17099965631,227652.92133225122,241104.6086977738,254700.4879652399,268360.2071840342,revenues
1,Field Survey Technologies,Sensors,Hardware,Euros,EU Europe,Latvia,1281254.1281061117,1334378.1089806922,1617998.3003656478,1704159.1195845301,1842953.5218847778,1914061.6889286295,2062476.6368911655,2167889.317534406,2417157.5295753283,2813336.0925957365,3062604.304636658,3168016.985279899,2990463.703755881,3203661.9839042923,3424880.6633015177,3653334.4906601612,3888082.1673994693,4128031.703648529,4371951.226347747,4618485.381616357,4866177.147081665,revenues
1,Field Survey Technologies,Sensors,Hardware,Euros,EU Europe,Malta,63.442382641931616,66.07286152053582,80.1165553608978,84.38288125340952,91.25540356270837,94.77638464179434,102.12527641265602,107.34487451890021,119.68760102558161,139.30471790997666,151.6474444166581,156.86704252290227,148.07534150225652,158.63203480069714,169.58586495662945,180.89794958789977,192.521679498541,204.40298388580467,216.4808655124537,228.68821288387312,240.95288030401522,revenues
1,Field Survey Technologies,Sensors,Hardware,Euros,EU Europe,Poland,3366648.8720990103,3506238.502578585,4251484.567730443,4477882.452801958,4842581.389341956,5029426.625680098,5419404.699662403,5696389.159347285,6351371.279216167,7392377.964060178,8047360.08392906,8324344.543613941,7857802.003872945,8418006.052117493,8999284.661210261,9599574.489224747,10216402.16125765,10846898.34296959,11487826.140167858,12135624.19799405,12786464.015434947,revenues
1,Field Survey Technologies,Sensors,Hardware,Euros,EU Europe,Portugal,1822481.9070764661,1898046.5369589939,2301473.66038586,2424030.5604423755,2621454.5385954003,2722600.2403262113,2933708.678120073,3083649.817067042,3438213.987038057,4001746.4254806275,4356310.595451643,4506251.734398612,4253696.338851993,4556953.904753173,4871619.849521471,5196577.215769283,5530487.081268027,5871796.177435938,6218752.263001219,6569427.4550628895,6921749.255391141,revenues
1,Field Survey Technologies,Sensors,Hardware,Euros,EU Europe,Romania,2322855.581712705,2419166.947889313,2933357.4821424894,3089563.1367875645,3341191.0886679343,3470106.968117488,3739176.5326339086,3930284.938253166,4382196.893095936,5100450.646414308,5552362.601257078,5743471.0068763355,5421574.966120467,5808093.771555505,6209153.196805138,6623329.616925681,7048916.500313135,7483934.1188939065,7926149.142722227,8373104.37672799,8822158.305479674,revenues
1,Field Survey Technologies,Sensors,Hardware,Euros,EU Europe,Slovakia,1076473.4193616186,1121106.683042643,1359396.3326310923,1431786.211925879,1548397.336569238,1608140.4039616364,1732834.4385118037,1821399.1863529175,2030827.2761187484,2363685.2806761633,2573113.370441994,2661678.118283108,2512502.8813895844,2691626.0362726953,2877487.7033795896,3069428.1368254684,3266656.4842106085,3468255.28658252,3673189.559096595,3880320.571820599,4088424.175835737,revenues
1,Field Survey Technologies,Sensors,Hardware,Euros,EU Europe,Slovenia,1503991.3942668443,1566350.6158388108,1899276.2374825142,2000415.5257669755,2163338.385528248,2246808.221019919,2421024.0925005917,2544762.046631814,2837363.83229629,3302415.328564602,3595017.114229078,3718755.0683603003,3510335.363339967,3760596.706177292,4020272.7398118526,4288441.702391201,4563998.65701497,4845661.7788426,5131985.042109322,5421377.473933063,5712128.758567934,revenues
1,Field Survey Technologies,Sensors,Hardware,Euros,EU Europe,Sweden,6213198.8882381115,6470813.557856086,7846175.88382936,8263996.435144773,8937053.564990098,9281879.13450812,10001589.275884833,10512768.07781923,11721546.995249957,13642739.796353899,14851518.713784628,15362697.515719024,14501686.552188547,15535551.176024262,16608309.20484718,17716152.711471893,18854517.046960182,20018106.813542724,21200948.276457284,22396468.904119045,23597603.142874315,revenues
1,Field Survey Technologies,Sensors,Hardware,Euros,EU Europe,Netherlands,1067723.3117474527,1111993.7742172668,1348346.487844513,1420147.9464476102,1535811.198276568,1595068.6445105788,1718749.104362538,1806593.9541917802,2014319.7090091393,2344472.079309611,2552197.8341269707,2640042.6839562124,2492080.0170646114,2669747.1704773414,2854098.062158403,3044478.308963391,3240103.486931486,3440063.5946696857,3643332.0602013716,3848779.409753606,4055191.4448946067,revenues
1,Field Survey Technologies,GIS software,Software,Euros,EU Europe,Austria,1136118.9861197623,1212343.75984927,1420357.2094027651,1482485.186034303,1520382.0273351998,1542822.1366992807,1618714.015181312,1668218.1215570818,1785279.9400183219,1971334.080828367,2088395.899289607,2137900.005665377,1991939.9202860175,2082653.2117263053,2174588.431573254,2267463.583467853,2360976.5736156423,2454807.8618387454,2548623.591761187,2642079.1490904596,2734823.0785178635,revenues
1,Field Survey Technologies,GIS software,Software,Euros,EU Europe,Belgium,94899.16093404139,101266.15872009452,118641.36507329716,123830.86804340345,126996.36257825715,128870.76796707347,135209.95926450138,139344.99988546222,149123.0851785582,164664.04705569387,174442.13234878983,178577.17296975068,166385.23726443358,173962.4499934012,181641.729479399,189399.52077951722,197210.5902272406,205048.2468728219,212884.60394529832,220690.87607306318,228437.70645959352,revenues
1,Field Survey Technologies,GIS software,Software,Euros,EU Europe,Bulgaria,663893.8629811843,708435.9929027902,829989.1526187164,866293.7852399764,888438.8956319483,901551.8275285634,945899.4293113782,974827.272976317,1043232.628238677,1151953.8130574345,1220359.1683197946,1249287.0119847334,1163994.8849210688,1217003.4150255749,1270725.9819344087,1324997.8003967134,1379642.341176875,1434472.8802031544,1489294.32769901,1543905.307473491,1598100.4457713761,revenues
1,Field Survey Technologies,GIS software,Software,Euros,EU Europe,Cyprus,60144.002822073984,64179.19901394204,75191.03989489001,78479.97815532594,80486.16567441082,81674.10286885065,85691.67621227741,88312.33051868709,94509.36307065233,104358.71943794249,110555.75198990773,113176.40629631741,105449.55383260817,110251.74490857807,115118.62257674162,120035.25848010507,124985.66034123227,129952.91230395429,134919.34063949436,139866.70211520317,144776.39134789773,revenues
1,Field Survey Technologies,GIS software,Software,Euros,EU Europe,Czechia,718505.858929452,766712.0302806364,898264.1688033504,937555.225249516,961521.9953169811,975713.5987054401,1023709.2400077089,1055016.6918737653,1129049.0806014638,1246713.6842946645,1320746.0730223628,1352053.5248884193,1259745.256303724,1317114.275023521,1375256.067308503,1433992.2926515387,1493131.9004990184,1552472.8068326537,1611803.8737653836,1670907.1598744683,1729560.3973327363,revenues
1,Field Survey Technologies,GIS software,Software,Euros,EU Europe,Germany,630554.1450655765,672859.4384538874,788308.3874176882,822789.8578166204,843822.8751846215,856277.296022682,898397.8301729787,925872.96249131,990843.1071341246,1094104.4830354878,1159074.6276783026,1186549.7599966337,1105540.870985445,1155887.3950987088,1206912.0981978066,1258458.4702910555,1310358.8471666772,1362435.881745592,1414504.28135661,1466372.7826080925,1517846.3252955962,revenues
1,Field Survey Technologies,GIS software,Software,Euros,EU Europe,Denmark,264838.6660954145,282607.28685132146,331096.9302625321,345579.47184428957,354413.53678112983,359644.5105643564,377335.5307041587,388875.34445516515,416163.41571419983,459534.1639154508,486822.23517448554,498362.048925492,464337.5543194593,485483.5675413859,506914.42231005,528564.3829582577,550363.0289415609,572235.8728202578,594105.0899312973,615890.3478529344,637509.7194663683,revenues
1,Field Survey Technologies,GIS software,Software,Euros,EU Europe,Spain,377664.64336738986,403003.01226890204,472150.1053119894,492802.4669258229,505400.0004848167,512859.4620409125,538087.1710850921,554543.150527421,593456.4249830263,655303.8825068503,694217.1569624556,710673.1364047845,662153.6025671038,692308.1931329081,722868.9728052765,753742.201354833,784827.4578339993,816018.5218303063,847204.4139914952,878270.5788568535,909100.1868993326,revenues
1,Field Survey Technologies,GIS software,Software,Euros,EU Europe,Estonia,1976892.0314144078,2109526.1565573053,2471477.7970749824,2579582.9369690535,2645524.9417227902,2684571.6207483993,2816626.4949764963,2902765.6006618883,3106457.800973829,3430199.374587722,3633891.5748996628,3720030.6805850547,3466054.3513305713,3623899.0711025316,3783869.994696099,3945476.4372782325,4108192.743682262,4271462.901343414,4434705.986945233,4597322.357970438,4758700.468262636,revenues
1,Field Survey Technologies,GIS software,Software,Euros,EU Europe,Finland,3305343.736935281,3527106.669800818,4132286.1986001628,4313036.913055584,4423291.286562149,4488576.944005506,4709371.375125411,4853395.099718356,5193966.424740053,5735259.103210028,6075830.4282317255,6219854.15282467,5795208.266306278,6059123.061659705,6326592.848572365,6596797.2069029845,6868857.246461646,7141843.319791916,7414784.128909304,7686677.077512439,7956499.666534223,revenues
1,Field Survey Technologies,GIS software,Software,Euros,EU Europe,France,547548.8408093188,584285.1219616038,684536.5257030053,714478.9014594483,732743.1605539208,743558.0980913185,780133.941464556,803992.2841139734,860409.8458170802,950078.0323124474,1006495.5940155543,1030353.9366649716,960008.9494494578,1003727.9244696426,1048035.803901067,1092796.6805180134,1137864.9612012818,1183086.64460407,1228300.8297345862,1273341.4308582414,1318039.0652350015,revenues
1,Field Survey Technologies,GIS software,Software,Euros,EU Europe,Greece,431421.32679462526,460366.35228822957,539355.8238962991,562947.8370893769,577338.5001758176,585859.7394769342,614678.3538189736,633476.6729346138,677928.8523758049,748579.6603145453,793031.8397557364,811830.1588713765,756404.367679835,790851.1545298094,825761.9473341691,861029.6629045842,896539.5864028956,932170.3780317865,967795.2616679443,1003283.3760572902,1038501.262189421,revenues
1,Field Survey Technologies,GIS software,Software,Euros,EU Europe,Croatia,761960.0282367027,813081.6373752278,952589.8542361397,994257.17553506,1019673.4203302766,1034723.3108554644,1085621.6573997843,1118822.5375476829,1197332.295407467,1322113.0799178614,1400622.8377776456,1433823.7179255441,1335932.7820853395,1396771.394019248,1458429.5157180824,1520718.0209051939,1583434.3045726838,1646364.0609603878,1709283.3828748045,1771961.1481190014,1834161.646437087,revenues
1,Field Survey Technologies,GIS software,Software,Euros,EU Europe,Hungary,202441.4873556001,216023.74128821684,253089.0070148294,264159.3967797591,270912.11635646014,274910.6492316144,288433.58560167294,297254.56742431474,318113.4465834265,351265.85179310705,372124.7309522188,380945.7127748606,354937.541852847,371101.45942350005,387483.1085936676,404032.24131447036,420695.0284378892,437414.53209943156,454131.2634760589,470783.81682524655,487309.56742519944,revenues
1,Field Survey Technologies,GIS software,Software,Euros,EU Europe,Ireland,169807.436652057,181200.19884908482,212290.4553181441,221576.271843587,227240.43691532247,230594.3967521531,241937.40351921425,249336.4220288249,266832.8001068128,294640.9585087394,312137.3365867273,319536.35509633797,297720.7633717123,311279.01886954135,325019.90711362544,338901.28016043565,352877.98624902783,366902.2660344956,380924.22043399024,394892.34245717095,408754.10263679235,revenues
1,Field Survey Technologies,GIS software,Software,Euros,EU Europe,Italy,515651.16007736116,550247.3542088373,644658.571593991,672856.6420555427,690056.9092976352,700241.8182439869,734686.9209645785,757155.386145714,810286.3198135549,894730.8495837697,947861.7832516108,970330.2484327462,904083.2370982104,945255.3454223373,986982.051291373,1029135.3648103873,1071578.1744466375,1114165.450264503,1156745.6646250011,1199162.4071856574,1241256.1626669453,revenues
1,Field Survey Technologies,GIS software,Software,Euros,EU Europe,Lithuania,393624.56210109533,420033.7177855773,492102.9323590248,513628.0524341138,526757.9514537818,534532.6461203191,560826.4655173045,577977.8664114308,618535.5963618272,682996.6964738622,723554.4264242586,740705.8273183849,690135.8822742365,721564.790739083,753417.0536587596,785594.9693887325,817993.8732424593,850503.0559860237,883006.8483353074,915385.8537731859,947518.3056152929,revenues
1,Field Survey Technologies,GIS software,Software,Euros,EU Europe,Luxembourg,247926.56986915524,264560.5201161739,309953.7066261405,323511.4204988532,331781.3587600704,336678.2924528402,353239.5975123028,364042.5005868304,389588.0072356222,430189.18150041427,455734.6881492061,466537.5912237337,434685.83647971164,454481.5052988232,474543.8262223273,494811.2613383858,515217.8870253063,535693.9724703794,556166.6627463169,576560.7553078634,596799.5547470441,revenues
1,Field Survey Technologies,GIS software,Software,Euros,EU Europe,Latvia,1320675.8829855046,1409282.993315035,1651087.1964999326,1723307.5549292827,1767360.5502219324,1793445.9441030049,1881666.0820024696,1939211.885037167,2075289.8155611535,2291567.529162811,2427645.459686798,2485191.2627214952,2315520.685084736,2420969.9009988112,2527839.541531371,2635801.8014129093,2744505.513209719,2853579.229026181,2962634.8591731708,3071271.8084748248,3179081.5294499216,revenues
1,Field Survey Technologies,GIS software,Software,Euros,EU Europe,Malta,48276.614988045796,51515.601484045124,60354.62744797774,62994.60481343908,64604.93897658421,65558.47688352417,68783.31780508092,70886.87448622803,75861.13194402748,83767.05045481223,88741.3079126117,90844.86459375879,84642.64552025496,88497.28636216014,92403.85008182026,96350.35392934874,100323.96116318637,104311.0937001138,108297.56512486891,112268.7318906736,116209.65975839371,revenues
1,Field Survey Technologies,GIS software,Software,Euros,EU Europe,Poland,306983.2575081721,327579.45353005687,383785.40302090754,400572.59598374966,410812.4528420112,416875.8475705445,437382.0941516332,450758.273954039,482388.7799134505,532661.2486570819,564291.7546164934,577667.9344188991,538229.0173482858,562740.0606860407,587581.2732818588,612676.4587496639,637943.9903072008,663297.5270994116,688646.8599852734,713898.8729977184,738958.6017035736,revenues
1,Field Survey Technologies,GIS software,Software,Euros,EU Europe,Portugal,377666.8380639814,403005.3542126157,472152.8490854536,492805.33071493707,505402.93748111196,512862.4423858642,538090.2980340959,554546.3731059275,593459.8736955707,655307.6906292748,694221.1912189182,710677.2662907497,662157.4504948357,692312.2162959403,722873.1735640677,753746.5815250959,784832.0186478772,816023.2639026712,847209.3372922924,878275.68269032,909105.4698907819,revenues
1,Field Survey Technologies,GIS software,Software,Euros,EU Europe,Romania,128086.38561543655,136679.98882130528,160131.4857491962,167135.81194174793,171408.31287499258,173938.2173448377,182494.28984348406,188075.3972241911,201272.9807550151,222248.77881515955,235446.36234598354,241027.4697266906,224571.88716115785,234798.93007639822,245163.73355633483,255634.50524926544,266177.1870127578,276755.75379402854,287332.5665279483,297868.77329874237,308324.75093247683,revenues
1,Field Survey Technologies,GIS software,Software,Euros,EU Europe,Slovakia,795763.0798746608,849152.6116462462,994849.8716114032,1038365.6922558105,1064909.4852207704,1080627.0383630455,1133783.4028778172,1168457.183210076,1250449.8920130474,1380766.3623152422,1462759.0711182135,1497432.8514504724,1395199.151900271,1458736.7646538718,1523130.243319539,1588182.0713572777,1653680.6555350176,1719402.1827845874,1785112.8126533336,1850571.1696039021,1915531.0864986011,revenues
1,Field Survey Technologies,GIS software,Software,Euros,EU Europe,Slovenia,2279405.0002797404,2432335.3997422457,2849674.5189986266,2974322.39683654,3050355.14570477,3095376.9243355505,3247639.4332857607,3346959.934910944,3581822.0379145304,3955104.0128365327,4189966.115840119,4289286.617465302,3996445.680451072,4178444.513871701,4362894.912448934,4549231.104535045,4736846.996829896,4925101.493208751,5113324.774839187,5300825.439191098,5486898.358546511,revenues
1,Field Survey Technologies,GIS software,Software,Euros,EU Europe,Sweden,2387193.394976426,2547355.559858575,2984429.7914373623,3114972.0121642523,3194600.1940265647,3241750.960373177,3401213.6515684114,3505230.8163268836,3751199.0672307936,4142132.7823398686,4388101.033243779,4492118.198002251,4185429.412756416,4376034.598312217,4569207.278520562,4764354.92755109,4960842.79119266,5157999.457197632,5355123.432372654,5551490.619177825,5746362.54584935,revenues
1,Field Survey Technologies,GIS software,Software,Euros,EU Europe,Netherlands,108122.91667596636,115377.12592630909,135173.48629730107,141086.12231751284,144692.71376112,146828.30880408175,154050.83686121806,158762.07611888266,169902.69202096347,187609.21449774082,198749.83039982163,203461.06965748622,189570.24453943316,198203.30654405575,206952.65783255757,215791.46119052632,224690.96675763433,233620.76432469627,242549.0812291986,251443.12099217265,260269.4360843349,revenues
2,Remote Sensing Technologies,Drones,Hardware,Euros,EU Europe,Austria,5193194.630249936,5474242.259390499,6717865.18258532,7160365.011348313,7835670.379341331,8234185.627336527,8976852.203964213,9513239.903609322,10781630.025513057,12797566.882165302,14065957.004069036,14602344.703714145,13922618.962421365,15069004.466835959,16269696.226731623,17520342.196529955,18815401.639065783,20148156.782658048,21510772.520011768,22894407.431967538,24289376.037110265,revenues
2,Remote Sensing Technologies,Drones,Hardware,Euros,EU Europe,Belgium,2059206.533412762,2170647.5933636692,2663769.1940115164,2839229.3112031817,3107001.52557771,3265020.8683453077,3559503.1621208866,3772191.7159289103,4275134.010971427,5074493.681026023,5577435.97606854,5790124.529876563,5520599.5482311975,5975164.548886027,6451263.076407039,6947169.456844607,7460686.676032543,7989151.001852076,8529455.656051949,9078094.837406913,9631228.05696378,revenues
2,Remote Sensing Technologies,Drones,Hardware,Euros,EU Europe,Bulgaria,2913389.7479671882,3071057.877071996,3768732.1474850834,4016975.1956246635,4395822.490197058,4619390.124491929,5036027.155174691,5336941.435563709,6048510.140509272,7179453.651948048,7891022.356893611,8191936.637282629,7810609.506854079,8453733.443770543,9127323.26907244,9828937.478854457,10555467.711500578,11303145.287317805,12067574.699707085,12843795.899648415,13626375.31796753,revenues
2,Remote Sensing Technologies,Drones,Hardware,Euros,EU Europe,Cyprus,189691.87103975695,199957.70053754246,245383.52721359828,261546.72278572037,286213.60856574017,300770.17892606254,327897.568232559,347490.20698245603,393820.70536793343,467456.8506433063,513787.34902878373,533379.9877786807,508551.6389799171,550425.6735093707,594283.3531638045,639965.7107318201,687270.3596528067,735951.9198148815,785724.1981772669,836264.2441358733,887218.2760163435,revenues
2,Remote Sensing Technologies,Drones,Hardware,Euros,EU Europe,Czechia,4321804.86265172,4555694.2307068575,5590644.002367903,5958894.770504127,6520887.576659861,6852534.137063011,7470585.308013246,7916970.073777599,8972531.243130336,10650204.877607465,11705766.046960203,12152150.812724555,11586479.347828003,12540507.609852552,13539729.83353673,14580524.222841216,15658279.746112473,16767405.8371606,17901382.077010814,19052850.588472594,20213751.061147973,revenues
2,Remote Sensing Technologies,Drones,Hardware,Euros,EU Europe,Germany,10908453.809726972,11498802.390724694,14111067.899775224,15040551.442478662,16459049.676937858,17296142.3500885,18856134.729342207,19982832.42936713,22647122.147473633,26881655.156504877,29545944.874611385,30672642.574636307,29244859.219669312,31652874.750264816,34174962.12327577,36801979.74252676,39522289.13117621,42321779.417726964,45183992.73527686,48090357.43007914,51020528.871484615,revenues
2,Remote Sensing Technologies,Drones,Hardware,Euros,EU Europe,Denmark,2007712.5836057693,2116366.8709554644,2597157.1301178993,2768229.5696671368,3029305.685936412,3183373.4871888794,3470491.7520491094,3677861.6680533956,4168227.0385006843,4947597.365058342,5437962.735505631,5645332.651509917,5382547.598886414,5825745.431193663,6289938.308027602,6773443.7088408,7274119.559530324,7789368.739114166,8316162.15959736,8851081.688256765,9390382.874075258,revenues
2,Remote Sensing Technologies,Drones,Hardware,Euros,EU Europe,Spain,11418189.582016315,12036124.271467514,14770457.05053695,15743373.972501496,17228156.513210256,18104365.278125044,19737253.773920517,20916600.376555882,23705388.37835596,28137794.797431678,30926582.799231756,32105929.40186712,30611427.860821627,33131966.36466184,35771907.11793063,38521681.35130165,41369106.739273824,44299413.03037683,47295373.30614159,50337548.087148614,53404642.06851051,revenues
2,Remote Sensing Technologies,Drones,Hardware,Euros,EU Europe,Estonia,2784015.1817599107,2934681.760240775,3601374.488911411,3838593.8363293684,4200617.702306839,4414257.394167963,4812392.871755028,5099944.486020137,5779914.640653904,6860636.472587071,7540606.627220839,7828158.241485947,7463764.661440011,8078329.467051026,8722007.265817193,9392464.973418618,10086732.260898994,10801207.803894555,11531691.286566406,12273442.920225574,13021270.423584307,revenues
2,Remote Sensing Technologies,Drones,Hardware,Euros,EU Europe,Finland,21071929.010748945,22212309.0872808,27258438.843530692,29053928.064105805,31794050.048373077,33411067.243634954,36424514.35963519,38600963.41150073,43747588.66043817,51927462.77609096,57074088.02502841,59250537.07689394,56492478.966791734,61144057.75170111,66015989.83391829,71090616.33446625,76345455.13424021,81753248.17378877,87282203.68783717,92896446.69573358,98556677.3461639,revenues
2,Remote Sensing Technologies,Drones,Hardware,Euros,EU Europe,France,16093469.327437695,16964422.896706283,20818352.66331913,22189639.11195564,24282379.130429897,25517359.403029125,27818848.68322111,29481089.28972,33411771.456565775,39659066.287305176,43589748.45415095,45251989.06064984,43145550.5103121,46698146.02545985,50419034.107919045,54294727.970266014,58308057.124974735,62438203.50913878,66660886.48860002,70948706.91539972,75271649.9317916,revenues
2,Remote Sensing Technologies,Drones,Hardware,Euros,EU Europe,Greece,1968645.8836998548,2075185.941915339,2546620.8337180433,2714364.492189443,2970360.507666316,3121430.4094157154,3402961.837204547,3606296.6844722987,4087120.3720472753,4851325.466832306,5332149.154407282,5535484.001675034,263890.6151431223,285619.3126509447,308377.3359776881,332082.19604655483,356628.8732098184,381890.03819802945,407717.18365855824,433942.7285100713,460383.0932367114,revenues
2,Remote Sensing Technologies,Drones,Hardware,Euros,EU Europe,Croatia,1897836.4383701836,2000544.3993608288,2455022.4359596595,2616732.589110334,2863520.7851349567,3009156.913325865,3280562.0485144597,3476583.225065484,3940112.355554063,4676830.059474194,5140359.1899627745,5336380.366513798,5087976.75914495,5506919.690731696,5945708.670429769,6402753.257042904,6876028.605820202,7363079.728495532,7861043.310061148,8366688.282043341,8876475.11610523,revenues
2,Remote Sensing Technologies,Drones,Hardware,Euros,EU Europe,Hungary,1873921.5095556704,1975335.2317351464,2424086.3207038864,2583758.739346467,2827437.119361202,2971238.0643044435,3239223.181647083,3432774.2652077004,3890462.3938401816,4617896.604678698,5075584.733311179,5269135.816871797,5023862.381559412,5437526.1488390025,5870785.881125686,6322071.1786173005,6789382.711943032,7270296.428521433,7761985.094417495,8261258.356348231,8764621.28811765,revenues
2,Remote Sensing Technologies,Drones,Hardware,Euros,EU Europe,Ireland,1308511.3260799309,1379325.9271265,1692677.3025774015,1804172.4570921357,1974326.8197717632,2074739.3312882376,2261866.4652026403,2397018.222478837,2716610.103501609,3224558.7550360654,3544150.636058838,3679302.393335034,3508034.244452485,3796885.0431193844,4099419.201535608,4414540.149798349,4740851.807488585,5076661.520862995,5419995.10498023,5768624.817971864,6120110.242516278,revenues
2,Remote Sensing Technologies,Drones,Hardware,Euros,EU Europe,Italy,8938422.089379804,9422155.612834722,11562654.3614843,12324276.161854135,13486598.17135199,14172514.596453028,15450777.36267127,16373997.076997427,18557124.629647974,22026914.57846569,24210042.13111624,25133261.845442396,23963331.578377858,25936467.23863547,28003073.73296428,30155660.40809559,32384690.658722904,34678601.99141766,37023908.777177975,39405393.34327202,41806385.23399942,revenues
2,Remote Sensing Technologies,Drones,Hardware,Euros,EU Europe,Lithuania,1886142.972536713,1988218.1013146408,2439895.884274335,2600609.6648648866,2845877.2823612588,2990616.077644711,3260348.957726811,3455162.3553121174,3915835.464101144,4648013.902610659,5108687.011399685,5303500.408984992,5056627.333455956,5472988.959953582,5909074.353695316,6363302.872943595,6833662.1489714915,7317712.319854027,7812607.712818338,8315137.167528233,8821782.96435112,revenues
2,Remote Sensing Technologies,Drones,Hardware,Euros,EU Europe,Luxembourg,177920.2635052113,187549.0318827601,230155.8921970432,245316.05693955618,268452.20291027235,282105.4439271101,307549.40326582495,325926.19205512153,369381.5833477947,438448.12952655286,481903.52081922605,500280.3096085226,476992.7204437446,516268.2002872928,557404.2272455001,600251.6990506432,644620.7885372436,690281.3430164916,736964.9295769009,784368.6387882261,832160.6434172821,revenues
2,Remote Sensing Technologies,Drones,Hardware,Euros,EU Europe,Latvia,3226229.1393972216,3400827.6505738,4173418.0884254235,4448317.441016169,4867845.30610325,5115419.602296024,5576795.060172386,5910021.47470521,6697998.329563139,7950382.400098796,8738359.254956726,9071585.66948955,8649311.684112305,9361494.181140546,10107413.98946924,10884367.436838683,11688912.38618899,12516875.477518773,13363389.215333426,14222960.941229677,15089573.630120793,revenues
2,Remote Sensing Technologies,Drones,Hardware,Euros,EU Europe,Malta,159.74946660639137,168.3948596722844,206.65032914431768,220.26220327022648,241.03548060994476,253.29433143962805,276.1397277572619,292.63971572486315,331.65705665845053,393.6699139633696,432.687254896957,449.18724286455824,428.27798905426283,463.5423082054817,500.47715888193136,538.9486664632101,578.7863906192778,619.7836838972194,661.6995281376373,704.2619497105559,747.1730105258304,revenues
2,Remote Sensing Technologies,Drones,Hardware,Euros,EU Europe,Poland,8477303.959472548,8936082.485783841,10966156.511794863,11688487.527194897,12790847.303313049,13441378.456153218,14653697.80077035,15529290.166118503,17599793.847982805,20890583.181661654,22961086.863525957,23836679.22887411,22727103.692373402,24598448.60963261,26558442.35817809,28599980.714917812,30714019.05193912,32889591.365360875,35113907.72705142,37372535.51836583,39649664.28431529,revenues
2,Remote Sensing Technologies,Drones,Hardware,Euros,EU Europe,Portugal,4589053.88529399,4837406.355457073,5936354.693400112,6327377.118517463,6924122.078680666,7276276.788328673,7932546.614824135,8406534.638061738,9527368.928208634,11308785.478753384,12429619.76890028,12903607.792137884,12302956.694672413,13315979.55009069,14376991.042649489,15482145.413987622,16626546.498406412,17804258.023836643,19008356.365778618,20231028.65530795,21463716.153674502,revenues
2,Remote Sensing Technologies,Drones,Hardware,Euros,EU Europe,Romania,5849007.000204074,6165546.176428803,7566217.574533268,8064597.6238670405,8825182.602072734,9274023.564364916,10110476.328952307,10714600.694284754,12143166.96807519,14413682.445743877,15842248.719534315,16446373.084866762,47042428.5456411,50915892.175058894,54972848.446913056,59198592.45591946,63574402.88729629,68077581.40424748,72681654.36154391,77356747.93801938,82070136.35351506,revenues
2,Remote Sensing Technologies,Drones,Hardware,Euros,EU Europe,Slovakia,2710586.320970195,2857279.0435290816,3506387.6412352724,3737350.2891379753,4089825.715785239,4297830.625445603,4685465.213974763,4965432.60686347,5627468.436227431,6679686.051132854,7341721.880496817,7621689.273385523,7266906.634270491,7865262.191507762,8491962.881891526,9144737.156586636,9820693.029554185,10516324.161956025,11227541.021978082,11949728.833641835,12677832.26293711,revenues
2,Remote Sensing Technologies,Drones,Hardware,Euros,EU Europe,Slovenia,3787087.007289244,3992038.275348389,4898938.27616186,5221627.000839099,5714086.915624916,6004700.309757733,6546282.735094125,6937438.282464395,7862399.523634836,9332501.998299029,10257463.23946947,10648618.78683974,10152935.35753485,10988925.910214037,11864518.774993932,12776540.2646861,13720949.850247627,14692848.661587428,15686523.022413716,16695525.413230577,17712792.79029751,revenues
2,Remote Sensing Technologies,Drones,Hardware,Euros,EU Europe,Sweden,15644986.316441467,16491668.681581477,20238199.478417706,21571271.750675585,23605692.56366209,24806257.157459736,27043609.934753854,28659528.23143656,32480672.539316732,38553871.558937624,42375015.8668178,43990934.1635005,41943196.56100146,45396790.50594281,49013987.14332892,52781675.52732193,56683163.66709461,60698213.64485067,64803221.46437095,68971551.52048072,73174025.39122663,revenues
2,Remote Sensing Technologies,Drones,Hardware,Euros,EU Europe,Netherlands,2688553.336616496,2834053.668276057,3477885.990710558,3706971.2601405066,4056581.592435193,4262895.7354578795,4647379.438601858,4925071.118247515,5581725.593416215,6625390.263865842,7282044.739034543,7559736.4186801985,7207837.62807992,7801329.455824934,8422936.0134748,9070404.21646519,9740865.586248057,10430842.285239084,11136278.023358567,11852595.535806337,12574780.580823846,revenues
3,Decision Support Systems,Total,Software,Euros,EU Europe,Austria,3667971.43937171,3890302.5556192724,4802594.493512726,5148566.985834698,5665771.099926841,5986373.55687405,6560840.551853363,6977872.033016015,7964021.811580224,9531375.302005721,10517525.08056993,10934556.561732583,10483333.611815182,11399128.801126266,12362250.300930759,13369182.180500988,14415313.995356644,15494941.165325692,16601312.568344634,17726729.386281915,18862695.663788553,revenues
3,Decision Support Systems,Total,Software,Euros,EU Europe,Belgium,1454424.7404727298,1542583.5174404045,1904325.6920832177,2041510.7712675524,2246592.646043204,2373717.993922203,2601505.7572386083,2766867.160342348,3157895.4601704315,3779382.7675883994,4170411.0674164835,4335772.470520223,4156853.459650998,4519984.744219589,4901881.866525643,5301150.689040931,5715963.077433553,6144057.050476733,6582755.651951641,7029006.145012309,7479439.71181003,revenues
3,Decision Support Systems,Total,Software,Euros,EU Europe,Bulgaria,2057737.3174222286,2182465.397312924,2694262.502611093,2888353.574480083,3178505.8354458897,3358364.2805352355,3680641.1010436364,3914596.3691018973,4467827.830540657,5347115.420466105,5900346.881904865,6134302.149963126,5881165.418156567,6394927.852600158,6935240.416129507,7500130.666487802,8087012.137609578,8692684.551713433,9313360.519493276,9944720.992769152,10581999.728221633,revenues
3,Decision Support Systems,Total,Software,Euros,EU Europe,Cyprus,133980.0286324573,142101.11948965245,175424.41602575136,188061.75663581898,206953.67636863995,218664.32544849778,239647.88699141805,254880.79998170538,290901.9025861891,348152.6388570146,384173.7414614984,399406.65445178567,382924.8293479594,416376.0891828459,451556.0376238961,488336.2482350403,526548.3152656641,565983.8674600425,606396.3065165473,647504.4176300062,688997.868956311,revenues
3,Decision Support Systems,Total,Software,Euros,EU Europe,Czechia,3052505.814129558,3237530.980280755,3996745.300957226,4284665.4938479895,4715085.575207299,4981892.68644893,5459967.249237854,5807023.119755239,6627702.337798838,7932062.451120658,8752741.669164255,9099797.539681641,8724287.342599113,9486417.088190263,10287932.047197133,11125906.242914157,11996502.838328157,12894974.45074269,13815702.75959792,14752280.766503336,15697638.091133457,revenues
3,Decision Support Systems,Total,Software,Euros,EU Europe,Germany,7704678.886617877,8171691.753404046,10087987.0540903,10814712.166595606,11901114.19665073,12574548.824446548,13781233.173121324,14657219.72347441,16728655.530305017,20020926.352243766,22092362.159074377,22968348.70942746,22020542.0013192,23944195.981776573,25967260.230625384,28082349.434841234,30279779.223966923,32547566.964240164,34871531.730731905,37235501.93582469,39621631.582383364,revenues
3,Decision Support Systems,Total,Software,Euros,EU Europe,Denmark,1418054.3845279925,1504008.6018448698,1856704.8002430086,1990459.3339880384,2190412.788862787,2314359.151935426,2536450.696120561,2697676.957045373,3078926.9314273493,3684872.895277013,4066122.86965899,4227349.130583801,4052904.292856379,4406954.864132002,4779302.001563606,5168586.43039497,5573025.731891929,5990414.48950243,6418142.688835447,6853233.931904359,7292403.643861048,revenues
3,Decision Support Systems,Total,Software,Euros,EU Europe,Spain,8064707.036437755,8553542.7177559,10559383.638936855,11320067.531753872,12457235.507878553,13162138.731139272,14425209.639184427,15342129.734157845,17510360.645882335,20956474.371616513,23124705.283341,24041625.37831442,23049529.076761883,25063072.537841298,27180671.560844656,29394595.728088036,31694708.132930793,34068466.21101173,36501026.383936286,38975461.38992391,41473091.31501761,revenues
3,Decision Support Systems,Total,Software,Euros,EU Europe,Estonia,1966359.6110937842,2085548.9053685204,2574618.6949924673,2760090.786772961,3037358.2893837597,3209229.7810184956,3517195.291520734,3740761.334677635,4269425.509715457,5109666.67593552,5638330.8509733435,5861896.894130244,5620001.176297679,6110949.020919872,6627267.986074088,7167073.219521816,7727893.112101121,8306669.500400988,8899783.181280207,9503106.902038682,10112086.073380385,revenues
3,Decision Support Systems,Total,Software,Euros,EU Europe,Finland,14883176.789423635,15785308.489082986,19487028.205188498,20890847.687596306,22989457.339684855,24290335.25674034,26621295.022182405,28313443.765293147,32314849.375402294,38674549.68253408,42675955.292643234,44368104.03575397,42537219.84102422,46253154.365245946,50161120.33178041,54246851.48488813,58491640.4650892,62872340.34318499,67361557.737068,71928053.88896285,76537355.57367028,revenues
3,Decision Support Systems,Total,Software,Euros,EU Europe,France,11366873.390340282,12055867.2091013,14883017.617567772,15955170.326978711,17557961.891477786,18551494.03778456,20331740.614616584,21624101.83512105,24680134.26670714,29537290.048330747,32593322.47991684,33885683.7004213,32487364.703857504,35325371.526005745,38310040.389639944,41430475.58848455,44672389.56890201,48018104.101486176,51446697.77204203,54934312.300208576,58454619.11435484,revenues
3,Decision Support Systems,Total,Software,Euros,EU Europe,Greece,1390461.4384345196,1474743.1316854593,1820576.4570542173,1951728.3532137969,2147791.0511741713,2269325.627116457,2487095.644515751,2645184.71438845,3019016.20743005,3613171.4850419452,3987002.9780835453,4145092.047956244,3974041.6124860398,4321202.956920886,4686304.84720026,5068014.457761627,5464584.0527324835,5873851.129246386,6293256.459389318,6719881.56085835,7150505.7710909,revenues
3,Decision Support Systems,Total,Software,Euros,EU Europe,Croatia,1340448.4807852763,1421698.679139162,1755092.8623805137,1881527.4078484904,2070538.0041549494,2187701.150993553,2397638.284749754,2550041.111381322,2910426.4072737996,3483210.7486519413,3843596.0445444193,3995998.8711759876,3831100.8811807786,4165775.316495571,4517745.0012556305,4885725.049774049,5268030.589798813,5662576.900673961,6066896.806342324,6478176.798236873,6893312.056533189,revenues
3,Decision Support Systems,Total,Software,Euros,EU Europe,Hungary,1323557.2833409696,1403783.6354505133,1732976.667318547,1857817.991635622,2044446.836351443,2160133.5923590558,2367425.276008073,2517907.651184322,2873751.6765421955,3439318.274350246,3795162.2997081196,3945644.6748843687,3782824.589819568,4113281.741107783,4460816.201743295,4824159.277081328,5201647.326204219,5591221.898341591,5990446.9067011755,6396544.296170066,6806448.371235923,revenues
3,Decision Support Systems,Total,Software,Euros,EU Europe,Ireland,924206.1031563136,980226.1071159815,1210093.1578272202,1297266.652554032,1427584.787992783,1508365.8824737894,1653112.34836031,1758190.3312370959,2006667.0871333755,2401587.7362163793,2650064.492112659,2755142.4749894445,2641449.3857462835,2872199.13862535,3114873.5386072765,3368586.688762249,3632176.9113080376,3904206.842868706,4182975.426520182,4466542.817631208,4752768.319657262,revenues
3,Decision Support Systems,Total,Software,Euros,EU Europe,Italy,6313238.626936751,6695910.47001536,8266128.994491791,8861609.885902107,9751811.198826296,10303625.69589791,11292386.727042938,12010172.920049848,13707514.073568512,16405211.359759303,18102552.513277967,18820338.706284877,18043702.845328767,19619951.09564555,21277656.439185657,23010767.326735448,24811348.35403632,26669580.912495535,28573845.10667743,30510889.885745537,32466092.18232637,revenues
3,Decision Support Systems,Total,Software,Euros,EU Europe,Lithuania,1332189.345174491,1412938.9227165899,1744278.9070754717,1869934.4296478454,2057780.4424815727,2174221.6918864464,2382865.303898032,2534329.1048000325,2892493.8968286347,3461749.0435984125,3819913.8356270147,3971377.6365290154,3807495.660860982,4140108.009056162,4489909.04250363,4855621.7923034895,5235571.76749672,5627687.092375046,6029515.792317172,6438261.694109972,6850839.108189045,revenues
3,Decision Support Systems,Total,Software,Euros,EU Europe,Luxembourg,125665.7012662738,133282.82590815733,164538.19635743936,176391.30824369987,194110.8621632157,205094.78972260325,224776.18554905767,239063.79776105305,272849.55796263175,326547.51574722124,360333.2759487999,374620.8881607953,359161.86690993205,390537.25970763894,423534.0648022523,458031.82544872956,493872.58656253864,530860.9076721278,568765.4934954956,607322.5804250417,646241.0947148267,revenues
3,Decision Support Systems,Total,Software,Euros,EU Europe,Latvia,2278696.8682528054,2416818.232249917,2983572.040498267,3198504.5850359453,3519813.355976405,3718984.976223507,4075867.8375028707,4334945.190147399,4947582.570014069,5921287.94071059,6533925.32057726,6793002.673221788,6512684.153883292,7081614.328051064,7679945.580523236,8305493.668464078,8955394.391436864,9626103.8262711,10313427.894316614,11012583.768592449,11718293.40722545,revenues
3,Decision Support Systems,Total,Software,Euros,EU Europe,Malta,112.83160418328237,119.67080043132326,147.7340949627621,158.3766618303664,174.28653758807025,184.14868894894659,201.82004590067035,214.6484803070659,244.9837387243037,293.1975843253665,323.53284274260426,336.3612771489998,322.4810683946444,350.6521275267193,380.2790059369188,411.2535489924278,443.43393338428416,476.64467875702655,510.6781117563082,545.2974066558506,580.2412167448248,revenues
3,Decision Support Systems,Total,Software,Euros,EU Europe,Poland,5987549.287118017,6350479.7348044505,7839693.332201796,8404454.368105525,9248731.69572762,9772079.012977002,10709831.529079035,11390588.342215214,13000366.526487315,15558894.156644275,17168672.340916377,17849429.154052556,17112858.628145747,18607790.887990426,20179978.00691472,21823680.624929063,23531372.71190545,25293742.1847192,27099768.598754894,28936884.502554085,30791221.208141968,revenues
3,Decision Support Systems,Total,Software,Euros,EU Europe,Portugal,3241264.728833412,3437731.363627824,4243893.496994827,4549617.915803789,5006654.040627474,5289959.800461394,5797597.234253493,6166114.1251421515,7037541.983139474,8422560.288243914,9293988.146241238,9662505.037129896,9263774.279112343,10073032.119587181,10924110.651276119,11813902.962785492,12738334.957213163,13692365.686228415,14670029.407134999,15664522.929647507,16668338.659755033,revenues
3,Decision Support Systems,Total,Software,Euros,EU Europe,Romania,4131173.9984606113,4381581.7624447225,5409080.6934277415,5798743.6414871095,6381261.859895132,6742350.967559985,7389363.397143912,7859058.878691546,8969742.642491512,10735026.285799107,11845710.049599074,12315405.531146707,11807200.778460102,12838645.362075867,13923392.766224748,15057483.057782236,16235723.571354603,17451689.335082505,18697776.6747307,19965314.542061843,21244734.08671549,revenues
3,Decision Support Systems,Total,Software,Euros,EU Europe,Slovakia,1914496.551189693,2030542.2081185337,2506712.701167507,2687292.935857223,2957247.4622371066,3124585.814858933,3424428.6840958297,3642098.135895102,4156818.705895247,4974898.372412153,5489618.942412298,5707288.39421157,5471772.715937241,5949771.729973323,6452472.697041972,6978040.478194152,7524068.653368285,8087579.718719024,8665049.928186493,9252460.886043042,9845378.131038489,revenues
3,Decision Support Systems,Total,Software,Euros,EU Europe,Slovenia,2674832.732098872,2836965.5504517113,3502245.6315652416,3754542.7287932257,4131708.8317514416,4365505.075808512,4784429.581377822,5088545.759643542,5807685.957449288,6950663.346520141,7669803.544325888,7973919.722591608,7644869.746095607,8312704.539456911,9015051.587477135,9749346.931644164,10512228.449867005,11299536.132173043,12106346.788027039,12927046.128692798,13755438.560820282,revenues
3,Decision Support Systems,Total,Software,Euros,EU Europe,Sweden,11050108.278977929,11719901.637222394,14468266.738311633,15510541.348377978,17068667.292791,18034512.28976836,19765148.03820478,21021494.52256541,23992363.30181937,28714162.82150221,31685031.60075617,32941378.085116796,31582026.591529083,34340945.566369295,37242439.49416121,40275916.303542174,43427486.597726025,46679964.7934472,50013012.50175165,53403436.31031867,56825641.35613168,revenues
3,Decision Support Systems,Total,Software,Euros,EU Europe,Netherlands,1898934.5776671213,2014036.9581824234,2486336.9022871046,2665449.291642131,2933209.494303222,3099187.6381478673,3396593.236453616,3612493.363443466,4123030.0304342853,4934459.941378752,5444996.608369571,5660896.735359421,5427295.444837414,5901409.046807529,6400023.812135864,6921319.518789126,7462909.307276502,8021839.876374471,8594616.12277148,9177252.314245006,9765350.035036054,revenues
4,Telematics Systems,Total,Hardware,Euros,EU Europe,Austria,174789.71802594632,198867.91255170316,222579.39885815288,225817.19287710925,241738.89594595556,252084.14176045542,262359.0532228231,267084.4033161357,278258.3869568123,296017.9430018088,307191.92664248537,311917.276735798,308352.14512358693,316899.1387907579,324849.35068611725,332178.11515455943,338869.7971886811,344917.3792586055,350321.8296096516,355091.3050715977,359240.2426869788,revenues
4,Telematics Systems,Total,Hardware,Euros,EU Europe,Belgium,54926.635555036504,56960.72794792968,60664.22132476188,66009.81320188733,70166.64498025106,72654.47689041644,75083.68638997404,76140.6896573014,78640.17371330236,82612.77011254287,85112.25416854383,86169.25743587119,84836.32645872081,86728.47884360515,88454.54683866358,90012.91390590859,91404.02106347519,92630.15643135004,93695.21723194623,94604.45754825338,95364.23364519264,revenues
4,Telematics Systems,Total,Hardware,Euros,EU Europe,Bulgaria,51168.26131964515,54287.730380952395,62512.783944235285,55314.63311051534,58469.952460460765,60205.325234080185,61871.21018469705,62555.464077487726,64173.51176773883,66745.18267424389,68363.230364495,69047.48425728567,66095.03036356247,66954.73783454865,67733.54713406203,68432.0688563893,69051.43438347764,69593.2404035166,70059.49083417917,70452.53784902238,70775.02350261707,revenues
4,Telematics Systems,Total,Hardware,Euros,EU Europe,Cyprus,82.74021263694164,99.92742496398536,99.87012091247239,93.68766235689034,95.03970357470962,93.91548484136248,92.62343319303635,96.35709697227945,105.18605084134657,119.21849496320777,128.0474488322749,131.781112611518,108.85028572642673,111.13691192640049,113.40874995420145,115.66220088642027,117.89364550932913,120.09946109639426,122.27603862941892,124.41980030278766,126.52721714181243,revenues
4,Telematics Systems,Total,Hardware,Euros,EU Europe,Czechia,156246.19720350386,201537.97637704143,217258.36836316495,227310.26424344917,242705.21337856734,252434.4510810394,262041.26232097403,266377.11810470425,276630.0688150231,292925.76591123507,303178.71662155393,307514.57240528415,306959.75777260866,315358.83323103783,323079.5724253748,330103.41629552,336422.5394845262,342038.9846586865,346963.57214040443,351214.6669901305,354816.8802410307,revenues
4,Telematics Systems,Total,Hardware,Euros,EU Europe,Germany,781399.6268776029,854497.4555545268,929224.9260211397,872512.5946695118,930499.7315619615,966652.2389612178,1002249.4072382168,1018169.4597523113,1055815.433667124,1115648.6860780886,1153294.6599929011,1169214.7125069958,1127355.8044043358,1150561.852903041,1172173.8817227753,1192151.871998364,1210471.7410695911,1227124.6002157559,1242115.7520492824,1255463.4837091556,1267197.7130767931,revenues
4,Telematics Systems,Total,Hardware,Euros,EU Europe,Denmark,40867.930491892796,42381.38831953546,45136.956876977994,49114.32186692882,51445.992082361954,52493.36369909122,53457.518700464956,53795.87609342521,54595.986116805405,55867.654239770665,56667.76426315086,57006.121656111114,55665.181114712475,56227.97189834036,56687.79625663884,57050.78534922315,57323.443223865615,57512.46269317045,57624.56959406367,57666.39543004439,57644.376985084426,revenues
4,Telematics Systems,Total,Hardware,Euros,EU Europe,Spain,155985.9558203001,181088.13172332163,194411.13424269282,232566.10871558113,249092.09794836573,259886.0307018797,270618.4857361253,275571.8104627804,287284.88322344894,305901.2494936629,317614.32225433143,322567.6469809865,327535.63307766774,338267.9801446424,348131.5110233557,357091.41087765776,365130.5619741683,372248.1515897927,378457.7980297275,383785.37481984,388266.70153744915,revenues
4,Telematics Systems,Total,Hardware,Euros,EU Europe,Estonia,111966.77832726378,103709.89072089714,115473.11549803529,124526.73044673711,132451.53248311934,137233.7247812942,141911.06276887553,143957.57988098677,148796.95649425787,156488.49989990305,161327.87651317415,163374.3936252854,161817.58906542236,166140.53793907596,170264.86665195882,174176.16006001775,177862.26902758316,181313.3901590278,184522.09024025765,187483.2784871988,190194.13149685587,revenues
4,Telematics Systems,Total,Hardware,Euros,EU Europe,Finland,612130.950061575,705202.8176250911,739093.0976415842,776184.7817957923,825473.4625908042,855166.2844378252,884198.068960469,896886.1861323313,926889.6379210191,974576.1211591748,1004579.5729478627,1017267.690119725,1001367.0138827661,1023820.3720650205,1044346.4986332897,1062922.590741205,1079549.6974588472,1094250.4180902296,1107066.2624933133,1118054.8231311396,1127286.893578271,revenues
4,Telematics Systems,Total,Hardware,Euros,EU Europe,France,496083.79977209476,577325.4240681196,576474.351443407,626629.8313459889,651959.1453634002,660753.0234189342,668358.4976225543,670331.5788876754,674997.3025574181,682412.8477799492,687078.5714496919,689051.652714813,666995.7009546963,669187.4490897509,670303.938445229,670461.297552513,669769.056225367,668329.084879011,666235.027593276,663572.120075466,660417.2956307671,revenues
4,Telematics Systems,Total,Hardware,Euros,EU Europe,Greece,12613.86348930514,13080.991386532329,13931.49605365505,15159.107494374653,15667.062159601188,15772.878646793355,15848.417201908045,15844.127466728156,15833.983576904893,15817.861217536589,15807.717327713326,15803.427592533437,14993.86005398411,14906.224145547534,14805.603381261988,14695.223501300825,14577.609671460492,14454.727986748356,14328.102603492573,14198.910832068615,14068.059256281513,revenues
4,Telematics Systems,Total,Hardware,Euros,EU Europe,Croatia,50022.466289622345,49416.162923041775,56396.58880123533,59727.077852359565,64054.01377340487,66916.14164626722,69769.71880143111,71098.19608375497,74239.63177138905,79232.52463308928,82373.96032072336,83702.43760304722,82713.03820218169,85131.9919864927,87391.62489061768,89483.85399406287,91403.12595979244,93146.33770715556,94712.68925776795,96103.4829754752,97321.88439396604,revenues
4,Telematics Systems,Total,Hardware,Euros,EU Europe,Hungary,59769.84010753424,74602.73040859864,66013.34256484623,71830.28672221735,75311.53614710852,76917.44926380937,78404.28149037657,78938.30515256399,80201.10506096894,82208.15701917069,83470.95692757564,84004.98058976306,81272.92711514709,82039.810017905,82682.74902972061,83207.461534607,83620.17761383852,83927.47667111417,84136.14133030448,84253.0300728937,84284.96902181875,revenues
4,Telematics Systems,Total,Hardware,Euros,EU Europe,Ireland,39061.522442861184,40508.08374873682,43141.85310661357,46943.414133767474,50414.48314305418,52740.64389130041,55066.44930941343,56159.032810491415,58742.653055771494,62848.972701525025,65432.5929468051,66525.17644788309,65694.15944504153,67676.21565067508,69533.94127255239,71260.13703672551,72849.6194653286,74299.1812600043,75607.49428742008,76774.965774058,77803.55948337956,revenues
4,Telematics Systems,Total,Hardware,Euros,EU Europe,Italy,145769.44446661015,151167.70917205885,160996.38640071714,147274.7661940591,155816.5812369952,160586.28902986337,165178.9841543145,167085.38257929357,171593.4220668809,178758.3493217786,183266.38880936595,185172.787234345,175897.0999806457,178083.4330769152,180078.9857996085,181884.3898693041,183501.4090147824,184932.8400156622,186182.40653843852,187254.64877003097,188154.8116069127,revenues
4,Telematics Systems,Total,Hardware,Euros,EU Europe,Lithuania,62566.23565709213,67410.89845581568,75636.45460636947,87002.27565891575,93075.78566268265,96995.65293628014,100883.32061880176,102663.07370469985,106871.63634525705,113560.58511118955,117769.14775174674,119548.90083764483,120494.91790281249,124199.49425817195,127605.75578616619,130703.0800394386,133486.38833276008,135955.71116989112,138115.61547437852,139974.54420932604,141544.11581372158,revenues
4,Telematics Systems,Total,Hardware,Euros,EU Europe,Luxembourg,4244.500301090245,3541.2366687731405,3127.7133922077946,4072.9218390467922,4320.117928801848,4463.695801314741,4603.0438872773475,4662.464297496804,4802.975091110625,5026.298249113787,5166.809042727608,5226.229452947065,5119.288914845624,5239.722420574066,5354.324931302517,5462.761971392461,5564.756163705093,5660.088328462283,5748.597407650011,5830.1792975043245,5904.784702872597,revenues
4,Telematics Systems,Total,Hardware,Euros,EU Europe,Latvia,162496.56970902014,175061.95458841868,180409.87396315485,221413.42407836043,235881.3709849421,244789.50829449002,253538.25356473812,257418.2378980831,266593.19437977,281175.5634870382,290350.51996872516,294230.5043020701,295806.6365045796,303917.3284907438,311280.8383042604,317886.0446458957,323734.2380239157,328837.6726830147,333217.91396637907,336904.0989693897,339931.21115880524,revenues
4,Telematics Systems,Total,Hardware,Euros,EU Europe,Malta,0.0,0.0,0.0,0.0,0.0,0.0,0.0,0.0,0.0,0.0,0.0,0.0,0.0,0.0,0.0,0.0,0.0,0.0,0.0,0.0,0.0,revenues
4,Telematics Systems,Total,Hardware,Euros,EU Europe,Poland,396289.6335515815,436364.0780472205,492156.23178018833,501447.31058845,539824.5710317428,566095.1730328235,592485.5911667,605068.6151329082,634823.5541685648,682115.0595449947,711869.9985806514,724453.0225468596,716660.0388676807,739513.6065013646,761031.3869786427,781119.8930067432,799708.3049207393,816748.4244420594,832213.9196411116,846098.969685115,858416.4379873101,revenues
4,Telematics Systems,Total,Hardware,Euros,EU Europe,Portugal,120859.95794761888,142542.17850693324,153074.3507259608,156035.0083517709,166510.59998117856,173089.6837275588,179577.54123061834,182493.4180269875,189388.5599693735,200347.4680635503,207242.61000593632,210158.48680230547,207076.16560776538,212233.73962905566,216998.17237739428,221358.89359714728,225310.67331144816,228853.26175447032,231990.92509481334,234731.9086595878,237087.858292669,revenues
4,Telematics Systems,Total,Hardware,Euros,EU Europe,Romania,176893.01109730464,180880.5502442477,189178.55743375685,205848.5374954876,220146.1990566994,229342.24466374092,238456.11495655953,242618.65910756175,252461.7816970854,268106.11167892435,277949.23426844797,282111.7784194502,277143.0222696975,284441.56226475595,291230.2806382423,297489.96117987967,303208.572541065,308380.9311320511,313008.2021017817,317097.2773173344,320660.07005791756,revenues
4,Telematics Systems,Total,Hardware,Euros,EU Europe,Slovakia,74448.25202894947,79453.66343620958,82087.53249383907,85304.43780061444,90664.42994002793,93866.7339172698,96992.4693869512,98350.9470278837,101563.32423512748,106668.96917647451,109881.3463837183,111239.82402465079,108327.46830033405,110524.00460975843,112539.27566851026,114371.26995343833,116019.91133647975,117486.89256914043,118775.48320096776,119890.32166445258,120837.20050683667,revenues
4,Telematics Systems,Total,Hardware,Euros,EU Europe,Slovenia,37922.514435708494,37564.86893506768,44749.512367286625,51343.87004650132,55827.179722497174,59130.59354705029,62507.24041617628,64207.22583608846,68227.16275004754,74616.31609200496,78636.25300596404,80336.23842587622,81609.02004312535,85202.75644690536,88617.28103992097,91828.27492740397,94816.06725062909,97565.90390713044,100067.9802309029,102317.26134758178,104313.12715506554,revenues
4,Telematics Systems,Total,Hardware,Euros,EU Europe,Sweden,767025.3779933088,829877.821535668,882715.9158232033,898076.2353872403,954085.5602584749,987349.483161343,1019778.8984685534,1033816.7320371728,1067011.8434149057,1119771.0437046466,1152966.1550823795,1167003.9886509988,1137999.734184714,1160878.4419977125,1181823.816450036,1200818.516458872,1217865.808101012,1232987.6758158712,1246222.6761616452,1257623.640899465,1267255.3266296382,revenues
4,Telematics Systems,Total,Hardware,Euros,EU Europe,Netherlands,31112.51960918266,32746.536027842365,34483.02006904242,37521.58461259796,41490.014725532004,44690.5262027978,48043.969806070454,49867.20408418117,54178.58622400649,61030.95286475343,65342.33500457875,67165.56928268947,66645.99464562218,70104.16480353831,73484.4429858038,76760.03660387169,79906.08970905367,82900.32316578351,85723.54765775424,88360.0267770378,90797.68004232364,revenues
