Tech #,Technology,Technology subcategory,Technology type,Unit,Region,Country,2020,2021,2022,2023,2024,2025,2026,2027,2028,2029,2030,2031,2032,2033,2034,2035,2036,2037,2038,2039,2040,Indicator
1,Field Survey Technologies,Sensors,Hardware,Units,EU Europe,Austria,2721216.7849999997,2723722.246,2725887.9464473454,2728055.3688978925,2730224.514720849,2732395.385286513,2734567.9819662697,2681029.1825612737,2554426.5696586804,2353208.609118472,2226605.9962158785,2173067.1968108825,2174795.057501214,2176524.2920572823,2178254.901571483,2179986.887137079,2181720.2498482047,2183454.9907998634,2185191.111087928,2186928.6118091443,2188667.49406113,addressable_market
1,Field Survey Technologies,Sensors,Hardware,Units,EU Europe,Belgium,553909.0726000001,553909.0726000001,554765.3087812233,555622.8685378025,556481.7539157292,557341.9669641572,558203.5097354082,544092.2334989127,510723.4530483764,457688.2289401911,424319.4484896548,410208.1722531593,410842.274665073,411477.3572765441,412113.4216027709,412750.4691612947,413388.50147200207,414027.5200571292,414667.52644126554,415308.52215135697,415950.5087167099,addressable_market
1,Field Survey Technologies,Sensors,Hardware,Units,EU Europe,Bulgaria,991936.4,995248.8,1002197.9132449218,1009195.5471963149,1016242.0406397012,1023337.7347261002,1030482.9729885462,995247.6122720782,911926.9404817806,779499.8502021906,696179.1784118928,660943.8176954249,665558.7174448108,670205.8397509806,674885.4096010899,679597.6535532187,684342.7997473407,689121.0779163685,693932.719397276,698777.9571422985,703657.0257302104,addressable_market
1,Field Survey Technologies,Sensors,Hardware,Units,EU Europe,Cyprus,128838.5028,128823.5676,128855.65937195202,128887.75913841816,128919.86690138992,128951.98266285937,128984.10642481905,124537.61486750879,114023.04495445483,97311.53904351474,86796.96913046078,82350.47757315052,82370.99224135648,82391.51202005628,82412.03691052308,82432.56691403026,82453.10203185157,82473.64226526103,82494.18761553304,82514.73808394225,82535.29367176368,addressable_market
1,Field Survey Technologies,Sensors,Hardware,Units,EU Europe,Czechia,1955169.84806,1956491.7526,1957950.7573129102,1959410.850042036,1960872.0315987384,1962334.3027949827,1963797.6644433409,1889389.8629023263,1713438.549086518,1433787.4130738121,1257836.0992580035,1183428.297716989,1184310.809724242,1185193.9798427164,1186077.8085631826,1186962.2963767769,1187847.443775001,1188733.2512497236,1189619.7192931804,1190506.8483979737,1191394.639057074,addressable_market
1,Field Survey Technologies,Sensors,Hardware,Units,EU Europe,Germany,9062255.428000001,9062255.428000001,9064719.198888179,9067183.639605967,9069648.750335468,9072114.53125884,9074580.982558291,8823260.758061709,8228966.574214835,7284415.266047277,6690121.0822004005,6438800.857703819,6440551.385509402,6442302.389233972,6444053.8690069225,6445805.824957673,6447558.257215687,6449311.165910458,6451064.551171514,6452818.413128421,6454572.751910779,addressable_market
1,Field Survey Technologies,Sensors,Hardware,Units,EU Europe,Denmark,556290.06048,557122.14096,559682.6977279314,562255.0229223528,564839.1706314468,567435.1951919874,570043.1511904829,560253.8916169582,537105.3366593677,500313.79728092684,477165.2423233364,467375.98274981166,469524.0624038287,471682.0147221896,473849.88508007437,476027.71906120924,478215.56245882553,480413.4612766218,482621.46172973164,484839.61024569557,487067.95346543664,addressable_market
1,Field Survey Technologies,Sensors,Hardware,Units,EU Europe,Spain,14650322.00544,14653706.09472,14711858.05672193,14770240.789742658,14828855.209576964,14887702.235653881,14946782.791051108,14539749.424449353,13577242.077945188,12047465.078654142,11084957.732149977,10677924.365548221,10720298.782501254,10762841.358653642,10805552.76133059,10848433.66050552,10891484.72881059,10934706.641547231,10978100.076696763,11021665.714931002,11065404.239622965,addressable_market
1,Field Survey Technologies,Sensors,Hardware,Units,EU Europe,Estonia,1359544.5503999998,1359544.5503999998,1365082.144077415,1370642.2930611107,1376225.0892216482,1381830.62480379,1387458.9924280217,1349942.3257226755,1261227.0746322793,1120226.0203573853,1031510.7692669888,993994.1025616426,998042.7638990838,1002107.9159366036,1006189.6258428699,1010287.9610601373,1014402.9893053605,1018534.778571314,1022683.3971277155,1026848.9135223535,1031031.3965822202,addressable_market
1,Field Survey Technologies,Sensors,Hardware,Units,EU Europe,Finland,18032970.48,18032970.48,18031567.636365935,18030164.90186366,18028762.276484676,18027359.760220505,18025957.353062645,17691043.734768216,16899077.16764381,15640351.981810478,14848385.414686074,14513471.796391644,14512342.746047977,14511213.783536829,14510084.908851355,14508956.121984726,14507827.422930116,14506698.811680686,14505570.288229609,14504441.852570057,14503313.5046952,addressable_market
1,Field Survey Technologies,Sensors,Hardware,Units,EU Europe,France,14621054.850000001,14691732.180000002,14779964.654564478,14868727.016923828,14958022.44936526,15047854.153287489,15138225.349315504,14905848.749659184,14356350.34810996,13482995.958774332,12933497.557225108,12701120.957568789,12777398.643419515,12854134.421542421,12931331.04305047,13008991.275578663,13087117.90338328,13165713.727441689,13244781.565552773,13324324.252437951,13404344.63984281,addressable_market
1,Field Survey Technologies,Sensors,Hardware,Units,EU Europe,Greece,3334322.208,3334322.208,3347118.8005963448,3359964.5044578467,3372859.508065646,3385804.000624244,3398798.1720642773,3358162.891006442,3262073.0866939235,3109351.164063869,3013261.3597513507,2972626.078693515,2984034.5396931884,2995486.784532111,3006982.9812456206,3018523.298513946,3030107.9056646824,3041736.9726752797,3053410.670175532,3065129.1694500833,3076892.642440941,addressable_market
1,Field Survey Technologies,Sensors,Hardware,Units,EU Europe,Croatia,1436647.8168,1438500.0167999999,1440528.3402622398,1442559.5237147612,1444593.5711902264,1446630.4867269841,1448670.2743690778,1397314.418359921,1275873.787810371,1082860.1094536837,961419.4789041334,910063.6228949769,911346.8369213176,912631.8603137246,913918.6956234525,915207.3454053529,916497.81221788,917790.0986230959,919084.2071866743,920380.140477908,921677.9010697111,addressable_market
1,Field Survey Technologies,Sensors,Hardware,Units,EU Europe,Hungary,1575759.0833599998,1574643.6232911998,1579575.0520744305,1584521.9249806895,1589484.290377488,1594462.196783813,1599455.6928706025,1553355.1193940998,1444341.597923751,1271079.1512912577,1162065.6298209087,1115965.056344406,1119460.007277134,1122965.903608155,1126482.7796159878,1130010.6696865046,1133549.6083132664,1137099.6300978607,1140660.769750238,1144233.0620890537,1147816.542042007,addressable_market
1,Field Survey Technologies,Sensors,Hardware,Units,EU Europe,Ireland,619061.10836,622227.58036,628801.1142563894,635444.0943638614,642157.2543480984,648941.3356256067,655797.0874456002,639688.7946207236,601597.6909035346,541056.9640656505,502965.86034846155,486857.56752358493,492000.9826081081,497198.7353891085,502451.3999181082,507759.55631120654,513123.7908131492,518544.69586207444,524022.8701549436,529558.918713662,535153.4529518994,addressable_market
1,Field Survey Technologies,Sensors,Hardware,Units,EU Europe,Italy,7927184.079360001,7971774.919680001,8024820.1019706875,8078218.253505063,8131971.722984397,8186082.874738509,8240554.088829763,8089002.746304623,7730630.945558036,7161046.786052329,6802674.985305741,6651123.642780601,6695381.0471383445,6739932.945771896,6784781.2982828105,6829928.077312079,6875375.268626889,6921124.871207972,6967178.897337522,7013539.372687714,7060208.336409795,addressable_market
1,Field Survey Technologies,Sensors,Hardware,Units,EU Europe,Lithuania,1640458.124,1641700.3555108001,1648482.1367459828,1655291.9331768544,1662129.8605327727,1668996.0350211682,1675890.5733295183,1626740.3239384657,1510515.2672155704,1325791.0475389648,1209565.9908160695,1160415.741425017,1165209.3602323646,1170022.781236848,1174856.0862403421,1179709.3573826426,1184582.6771428601,1189476.1283408229,1194389.7941384825,1199323.7580413301,1204278.103899812,addressable_market
1,Field Survey Technologies,Sensors,Hardware,Units,EU Europe,Luxembourg,71277.7234,71277.7234,71355.1730739501,71432.70690395498,71510.32498145777,71588.02739800098,71665.81424522659,69842.6147386432,65531.31482266795,58679.0788657595,54367.77894978424,52544.579443200855,52601.673866978716,52658.83032899651,52716.04889666438,52773.3296374657,52830.6726189572,52888.07790876901,52945.545574604716,53003.075684241514,53060.668305530206,addressable_market
1,Field Survey Technologies,Sensors,Hardware,Units,EU Europe,Latvia,2600959.30872,2603910.44688,2610390.5786088565,2616886.836893553,2623399.261866885,2629927.8937615226,2636472.7729102615,2567648.27657559,2404899.7434648285,2146232.665727233,1983484.1326164715,1914659.6362818,1919424.4878049768,1924201.1972111978,1928989.7940101745,1933790.307785056,1938602.768192613,1943427.204963419,1948263.6479020368,1953112.1268872013,1957972.6718720035,addressable_market
1,Field Survey Technologies,Sensors,Hardware,Units,EU Europe,Malta,0.0,0.0,0.0,0.0,0.0,0.0,0.0,0.0,0.0,0.0,0.0,0.0,0.0,0.0,0.0,0.0,0.0,0.0,0.0,0.0,0.0,addressable_market
1,Field Survey Technologies,Sensors,Hardware,Units,EU Europe,Poland,6832918.752,6841565.28,6856896.65925071,6872262.394848267,6887662.5637823865,6903097.243215317,6918566.510482217,6643224.446181175,5992126.0806983495,4957292.105239117,4306193.73975629,4030851.675455249,4039884.4790916364,4048937.5244903374,4058010.8570114574,4067104.5221167547,4076218.5653698584,4085353.032436505,4094507.9690847634,4103683.4211852653,4112879.4347114335,addressable_market
1,Field Survey Technologies,Sensors,Hardware,Units,EU Europe,Portugal,2949084.288,2949084.288,2950405.2093172492,2951726.72228701,2953048.827174289,2954371.5242442116,2955694.8137620217,2925597.2494338136,2854425.8685231046,2741308.4550088863,2670137.0740981773,2640039.509769969,2641222.0071577257,2642405.0341966744,2643588.59112405,2644772.6781771947,2645957.295593556,2647142.443610689,2648328.122466254,2649514.3323980183,2650701.073643856,addressable_market
1,Field Survey Technologies,Sensors,Hardware,Units,EU Europe,Romania,5196191.6017,5196191.6017,5217204.66380103,5238302.701363457,5259486.05802254,5280755.078803177,5302110.110125524,5130308.300204254,4724050.440873215,4078357.780715268,3672099.9213842293,3500298.111462959,3514453.090190885,3528665.3107354813,3542935.004578945,3557262.4041395723,3571647.742775543,3586091.2547887247,3600593.1754284836,3615153.7408955214,3629773.188345718,addressable_market
1,Field Survey Technologies,Sensors,Hardware,Units,EU Europe,Slovakia,1508364.88,1508364.88,1509284.3774397653,1510204.435404078,1511125.0542346332,1512046.2342733345,1512967.9758622935,1473016.2802013303,1378542.9427940822,1228390.1786237308,1133916.8412164827,1093965.1455555195,1094632.0254092398,1095299.3117921266,1095967.0049520002,1096635.1051368313,1097303.6125947416,1097972.5275740048,1098641.8503230447,1099311.5810904377,1099981.7201249115,addressable_market
1,Field Survey Technologies,Sensors,Hardware,Units,EU Europe,Slovenia,1031112.39,1029415.8189000002,1029526.7511890207,1029637.6954323679,1029748.6516313296,1029859.6197871944,1029970.5999012507,1012190.3260410855,970145.5070717133,903320.8773872654,861276.0584178932,843495.7845577281,843586.6816630983,843677.5885637559,843768.5052607567,843859.4317551561,843950.3680480105,844041.3141403754,844132.2700333067,844223.2357278605,844314.2112250932,addressable_market
1,Field Survey Technologies,Sensors,Hardware,Units,EU Europe,Sweden,16619000.8,16619000.8,16613842.516419426,16608685.833891157,16603530.751918249,16598377.270003911,16593225.387651512,16191293.802858068,15240850.583950508,13730247.905749924,12779804.686842363,12377873.102048919,12374031.19961729,12370190.4896534,12366350.971787117,12362512.645648438,12358675.510867467,12354839.567074426,12351004.813899646,12347171.250973582,12343338.877926799,addressable_market
1,Field Survey Technologies,Sensors,Hardware,Units,EU Europe,Netherlands,349603.5335,350489.79501510004,350990.32442441134,351491.568632536,351993.5286602679,352496.20552985865,352999.6002650198,342520.18589346047,317739.62943958165,278354.2414418048,253573.68498792595,243094.27061636664,243441.43002987633,243789.08521672562,244137.23688492127,244485.88574348114,244835.0325024356,245184.67787282896,245534.82256672104,245885.4672971885,246236.61277832638,addressable_market
1,Field Survey Technologies,GIS software,Software,Units,EU Europe,Austria,4439.032307692308,4443.119384615385,4446.652221215373,4450.187866863095,4453.726323792099,4457.267594237701,4460.811680437003,4419.802381232484,4322.828140302608,4168.700523680212,4071.7262827503364,4030.716983545817,4033.921908566057,4037.1293819032403,4040.3394055835984,4043.5519816349747,4046.767112086823,4049.9847989702125,4053.205044317826,4056.4278501639624,4059.6532185445403,addressable_market
1,Field Survey Technologies,GIS software,Software,Units,EU Europe,Belgium,562.0446153846154,562.0446153846154,562.9134275398218,563.7835827104052,564.6550829724074,565.5279304050792,566.4021270908859,561.3783500119208,549.4986793449355,530.6175279318974,518.737857264912,513.714080185947,514.508182691245,515.3035127252664,516.1000721855324,516.8978629724984,517.6968869895569,518.497146143043,519.298642342238,520.1013774993756,520.9053535296448,addressable_market
1,Field Survey Technologies,GIS software,Software,Units,EU Europe,Bulgaria,4671.6,4687.2,4719.927377919568,4752.883267800541,4786.069265179126,4819.486976732026,4853.13802035422,4821.60762632139,4747.048048692307,4628.545548583511,4553.985970954428,4522.455576921598,4554.032661916985,4585.83022719788,4617.849812221026,4650.092967192089,4682.5612531407205,4715.256241996129,4748.179516663182,4781.332671099049,4814.7173103903615,addressable_market
1,Field Survey Technologies,GIS software,Software,Units,EU Europe,Cyprus,713.124,713.0413333333333,713.2189620101975,713.3966349368761,713.5743521243929,713.7521135837736,713.9299193260468,707.1989843533124,691.28241610195,665.9851546243983,650.0685863730359,643.3376514003015,643.4979159045498,643.6582203329517,643.8185646954533,643.9789490020023,644.1393732625494,644.2998374870481,644.4603416854535,644.6208858677239,644.7814700438199,addressable_market
1,Field Survey Technologies,GIS software,Software,Units,EU Europe,Czechia,4104.8713333333335,4107.6466666666665,4110.709841268693,4113.775300156443,4116.843045033367,4119.913077604184,4122.985399574884,4084.99415565065,3995.1566770056033,3852.37199177214,3762.5345131270933,3724.54326920286,3727.320754043256,3730.100310123392,3732.8819389878463,3735.665642182344,3738.4514212537656,3741.2392777501436,3744.0292132206655,3746.821229215675,3749.6153272866704,addressable_market
1,Field Survey Technologies,GIS software,Software,Units,EU Europe,Germany,2740.56,2740.56,2741.305080736132,2742.0503640386382,2742.7958499625915,2743.541538563078,2744.2874298952,2718.441098750827,2657.3225624147663,2560.182803994403,2499.064267658342,2473.217936513969,2473.890334505895,2474.562915303814,2475.2356789574246,2475.90862551644,2476.5817550305887,2477.2550675496104,2477.9285631232583,2478.6022418013,2479.2761036335164,addressable_market
1,Field Survey Technologies,GIS software,Software,Units,EU Europe,Denmark,955.2288000000001,956.6576,961.0544385245865,965.47148510377,969.9088326146183,974.3665743610661,978.8448040758774,971.4597134801494,953.9962705876611,926.240458268523,908.7770153760347,901.3919247803067,905.5347599395371,909.6966357432254,913.877639702973,918.0778597325889,922.2973841499377,926.5363016787963,930.7947014507201,935.0726730069172,939.3703063001298,addressable_market
1,Field Survey Technologies,GIS software,Software,Units,EU Europe,Spain,2847.7327333333337,2848.390533333333,2859.694124178569,2871.0425723439307,2882.4360558418034,2893.874753390999,2905.3588444195593,2882.642886506961,2828.9267094861534,2743.5520134957965,2689.835836474989,2667.1198785623906,2677.7041125322967,2688.3303491169445,2698.9987550000687,2709.7094975268737,2720.4627447066596,2731.2586652154546,2742.097428398666,2752.979204273732,2763.904163532791,addressable_market
1,Field Survey Technologies,GIS software,Software,Units,EU Europe,Estonia,7193.28,7193.28,7222.579122148043,7251.997583256706,7281.535869408386,7311.194468665355,7340.973871077818,7283.912587284282,7148.980394106191,6934.5236771393575,6799.591483961265,6742.530200167729,6769.993362441627,6797.568385583731,6825.255725217235,6853.055838821149,6880.969185737855,6908.996227180681,6937.137426241547,6965.393247898594,6993.764159023887,addressable_market
1,Field Survey Technologies,GIS software,Software,Units,EU Europe,Finland,10457.533333333333,10457.533333333333,10456.719807681475,10455.906345316434,10455.092946233284,10454.279610427106,10453.466337892974,10353.444224202942,10116.923026829643,9741.004142781016,9504.482945407717,9404.460831717684,9403.729228013002,9402.997681222163,9402.266191340734,9401.53475836429,9400.803382288408,9400.072063108655,9399.34080082061,9398.609595419844,9397.878446901936,addressable_market
1,Field Survey Technologies,GIS software,Software,Units,EU Europe,France,3234.9375,3250.575,3270.0966106918863,3289.7354601135376,3309.4922523523346,3329.3676957241187,3349.36250279858,3326.161547377064,3271.298502055835,3184.1010119293364,3129.2379666081074,3106.0370111865914,3124.6905864238884,3143.4561873285797,3162.3344866805496,3181.326161300118,3200.431892072309,3219.65236397126,3238.9882660847807,3258.4402916390577,3278.009138023507,addressable_market
1,Field Survey Technologies,GIS software,Software,Units,EU Europe,Greece,3355.548,3355.548,3368.426053773704,3381.353531447468,3394.3306227022745,3407.357517947072,3420.4344083215674,3393.4966176442736,3329.797118898131,3228.5552651064245,3164.855766360282,3137.917975682988,3149.9608004103707,3162.049843563007,3174.1852825197843,3186.36729534034,3198.596060767675,3210.8717582307795,3223.1945678472603,3235.5646704259893,3247.982247469751,addressable_market
1,Field Survey Technologies,GIS software,Software,Units,EU Europe,Croatia,7239.343999999999,7248.677333333332,7258.89816206722,7269.133402442738,7279.383074780682,7289.647199430509,7299.925796770361,7234.750350203639,7080.630685135649,6835.678041796597,6681.558376728608,6616.382930161886,6625.712206891591,6635.054638150776,6644.410242487678,6653.779038476687,6663.161044718388,6672.556279839589,6681.964762493362,6691.3865113590855,6700.821545142469,addressable_market
1,Field Survey Technologies,GIS software,Software,Units,EU Europe,Hungary,1149.6855999999998,1148.8717519999998,1152.4697592838395,1156.0790347152265,1159.6996135834584,1163.3315312883503,1166.9748233405826,1157.4257661978181,1134.8452152989246,1098.956442582634,1076.3758916837405,1066.826834540976,1070.1678956425235,1073.5194201941108,1076.8814409649042,1080.2539908266951,1083.6371027542232,1087.0308098254968,1090.4351452221163,1093.8501422296013,1097.2758342377124,addressable_market
1,Field Survey Technologies,GIS software,Software,Units,EU Europe,Ireland,735.0988,738.8588,746.6644864075931,754.5526361225106,762.5241203297708,770.5798194180403,778.720623076868,774.9008365788303,765.8682292593523,751.5121051516746,742.4794978321967,738.6597113341589,746.4632944661427,754.3493186853597,762.3186549420835,770.372183387757,778.5107934721975,786.7353840418308,795.0468634389605,803.4461496020881,811.9341701672922,addressable_market
1,Field Survey Technologies,GIS software,Software,Units,EU Europe,Italy,4209.0972,4232.7736,4260.939002243473,4289.29182057826,4317.833302094356,4346.564702180047,4375.487284577125,4346.4270745610165,4277.708714036964,4168.49004911924,4099.771688595188,4070.711478579079,4097.798499300267,4125.065760427933,4152.514461304168,4180.145809251639,4207.961019626684,4235.961315872775,4264.147929574331,4292.522100510885,4321.085076711616,addressable_market
1,Field Survey Technologies,GIS software,Software,Units,EU Europe,Lithuania,1716.78,1718.0800260000003,1725.1773277955178,1732.3039481862202,1739.4600082857426,1746.6456297080347,1753.860934569428,1740.2724328350187,1708.1398515271321,1657.0694010093378,1624.9368197014512,1611.3483179670418,1618.0047164684186,1624.688612215745,1631.4001187987544,1638.1393502764147,1644.9064211788648,1651.7014465093619,1658.5245417462365,1665.3758228448542,1672.255406239585,addressable_market
1,Field Survey Technologies,GIS software,Software,Units,EU Europe,Luxembourg,940.22,940.22,941.2416338144346,942.2643777261347,943.2882329413206,944.3132006675243,945.3392821135889,936.7672233082096,916.4969696832392,884.2801062193905,864.00985259442,855.4377937890408,856.3673040911833,857.2978243900876,858.2293557832065,859.1618993691849,860.0954562478615,861.0300275202706,861.9656142886421,862.9022176564041,863.8398387281834,addressable_market
1,Field Survey Technologies,GIS software,Software,Units,EU Europe,Latvia,6548.7168,6556.1472,6572.462929114523,6588.819261804351,6605.216299116169,6621.654142348123,6638.132893050459,6581.962194750985,6449.1359593421075,6238.026381250133,6105.200145841256,6049.029447541782,6064.083155590297,6079.174326529008,6094.303053588647,6109.469430231955,6124.673550154268,6139.915507284091,6155.195395783682,6170.513310049636,6185.869344713462,addressable_market
1,Field Survey Technologies,GIS software,Software,Units,EU Europe,Malta,0.0,0.0,0.0,0.0,0.0,0.0,0.0,0.0,0.0,0.0,0.0,0.0,0.0,0.0,0.0,0.0,0.0,0.0,0.0,0.0,0.0,addressable_market
1,Field Survey Technologies,GIS software,Software,Units,EU Europe,Poland,1706.94,1709.1,1712.9299510718677,1716.7684847458142,1720.6156202547375,1724.471376874635,1728.3357739247,1713.5254720638818,1678.5037133712358,1622.8413009051721,1587.8195422125261,1573.0092403517078,1576.534223340499,1580.0671055232383,1583.6079046013622,1587.156638315976,1590.7133244479403,1594.2779808179619,1597.8506252866816,1601.4312757547652,1605.0199501629913,addressable_market
1,Field Survey Technologies,GIS software,Software,Units,EU Europe,Portugal,3212.64,3212.64,3214.0789702857646,3215.5185850992334,3216.9588447290957,3218.399749464171,3219.8412995934077,3189.7596463777686,3118.6258903007842,3005.568276439465,2934.4345203624807,2904.3528671468416,2905.6537528592776,2906.9552212500976,2908.2572725802893,2909.5599071109564,2910.8631251033194,2912.1669268187165,2913.4713125186017,2914.7762824645465,2916.081836918241,addressable_market
1,Field Survey Technologies,GIS software,Software,Units,EU Europe,Romania,762.1955,762.1955,765.2777692083537,768.3725029136411,771.4797515214805,774.5995656413262,777.7319960872949,771.6767969902106,757.3581339672076,734.6005296406057,720.2818666176026,714.2266675205184,717.1149538789181,720.0149202801772,722.9266139576323,725.8500823356284,728.7853730302916,731.732533850304,734.6916127976834,737.6626580685647,740.6457180539844,addressable_market
1,Field Survey Technologies,GIS software,Software,Units,EU Europe,Slovakia,3851.8,3851.8,3854.1480527062445,3856.49753678263,3858.8484531017193,3861.200802536605,3863.554585960913,3827.7275921617256,3743.007892096901,3608.357233048196,3523.637532983371,3487.8105391841837,3489.936704347329,3492.064165618232,3494.192923786999,3496.3229796442192,3498.4543339809597,3500.586987588774,3502.7209412596944,3504.8561957862385,3506.9927519614075,addressable_market
1,Field Survey Technologies,GIS software,Software,Units,EU Europe,Slovenia,11604.65625,11585.562187500002,11586.81067514654,11588.05929733307,11589.308054074087,11590.55694538409,11591.80597127758,11481.814817679493,11221.71994075947,10808.333838522625,10548.238961602603,10438.247808004517,10439.372658333652,10440.497629879324,10441.622722654598,10442.747936672535,10443.873271946206,10444.998728488672,10446.124306313004,10447.250005432268,10448.375825859537,addressable_market
1,Field Survey Technologies,GIS software,Software,Units,EU Europe,Sweden,7088.266666666666,7088.266666666666,7086.066577142549,7083.867170492558,7081.668446504742,7079.47040496721,7077.273045668143,7008.849676786764,6847.049685373952,6589.890188100717,6428.0901966879055,6359.666827806526,6357.692884524943,6355.7195539251525,6353.746835816989,6351.774730010346,6349.80323631517,6347.832354541474,6345.862084499327,6343.892425998856,6341.923378850249,addressable_market
1,Field Survey Technologies,GIS software,Software,Units,EU Europe,Netherlands,418.76666666666665,419.82826,420.42781066874613,421.02821754713466,421.6294818579063,422.2316048255477,422.8345876762946,419.06271647380487,410.1434139292155,395.9673726428938,387.04807009830444,383.27619889581473,383.82355009452266,384.3716829575645,384.9205986012238,385.4702981433782,386.02078270350194,386.5720534026678,387.12411136354945,387.6769577104241,388.23059356917446,addressable_market
2,Remote Sensing Technologies,Drones,Hardware,Units,EU Europe,Austria,17702.141,17718.4396,17732.52797946833,17746.62756096351,17760.738353392542,17774.860365669538,17788.99360671567,17378.056457732513,16406.31787976292,14861.869069786753,13890.130491817157,13479.193342834,13489.910990382425,13500.63715980349,13511.371857873151,13522.115091372758,13532.86686708904,13543.627191814136,13554.396072345571,13565.17351548629,13575.959528044637,addressable_market
2,Remote Sensing Technologies,Drones,Hardware,Units,EU Europe,Belgium,7506.477,7506.477,7518.080560076656,7529.702057010572,7541.341518528651,7552.998972400666,7564.674446439311,7366.419838155047,6897.609336094632,6152.497596757891,5683.687094697476,5485.432486413212,5493.911902976075,5502.404427075203,5510.910078972309,5519.428878960427,5527.960847363962,5536.506004538732,5545.0643708720245,5553.635966782643,5562.22081272095,addressable_market
2,Remote Sensing Technologies,Drones,Hardware,Units,EU Europe,Bulgaria,14430.053333333333,14478.240000000002,14579.331234018226,14681.128316095008,14783.636174664414,14886.85977257226,14990.804107316371,14377.48140962579,12927.16393999555,10622.077838815607,9171.760369185366,8558.437671494785,8618.19514377591,8678.36985990813,8738.964733207971,8799.982697333564,8861.42670642669,8923.299735255798,8985.60477936002,9048.344855194206,9111.523000274965,addressable_market
2,Remote Sensing Technologies,Drones,Hardware,Units,EU Europe,Cyprus,1385.4159,1385.2552999999998,1385.6003866794883,1385.9455593249475,1386.2908179577923,1386.6361625994439,1386.981593271328,1341.739340793949,1234.7554815948101,1064.718912323257,957.7350531241182,912.4928006467392,912.7201155038867,912.947486988379,913.1749151143225,913.4023998958273,913.6299413470075,913.8575394819801,914.0851943148657,914.3129058597887,914.5406741308767,addressable_market
2,Remote Sensing Technologies,Drones,Hardware,Units,EU Europe,Czechia,9356.42955,9362.755500000001,9369.737540370053,9376.724787421806,9383.717245038013,9390.71491710432,9397.717807509272,9060.80062987528,8264.096267912126,6997.840989349627,6201.136627386473,5864.219449752481,5868.592544504023,5872.968900381425,5877.348519816593,5881.731405243242,5886.117559096903,5890.506983814925,5894.89968183647,5899.295655602525,5903.694907555895,addressable_market
2,Remote Sensing Technologies,Drones,Hardware,Units,EU Europe,Germany,29232.64,29232.64,29240.587527852073,29248.537216412144,29256.489066267644,29264.443078006167,29272.399252215473,28461.268322868833,26543.19589310473,23494.675695638663,21576.60326587456,20765.47233652792,20771.117881020517,20776.764960376953,20782.413575014514,20788.063725350603,20793.715411802725,20799.368634788523,20805.023394725722,20810.679692032176,20816.337527125856,addressable_market
2,Remote Sensing Technologies,Drones,Hardware,Units,EU Europe,Denmark,5815.164800000001,5823.862933333334,5850.629652070729,5877.5193917720735,5904.532717846887,5931.670198303333,5958.932403760166,5831.042500079683,5528.622644764449,5047.966636817638,4745.546781502404,4617.656877821921,4638.879822848155,4660.200309421435,4681.618785846809,4703.135702489753,4724.751511785646,4746.466668249272,4768.281628484391,4790.196851193329,4812.212797186629,addressable_market
2,Remote Sensing Technologies,Drones,Hardware,Units,EU Europe,Spain,123566.83773333332,123595.38053333333,124085.85808392227,124578.28205214099,125072.6601621791,125569.00016887899,126067.3098578574,122673.15589061409,114647.0371576152,101890.59236172336,93864.47362872447,90470.31966148116,90829.34328030157,91189.79165322203,91551.67043425565,91914.98529985298,92279.74194899111,92645.94610326299,93013.60350696724,93382.71992719821,93753.30115393648,addressable_market
2,Remote Sensing Technologies,Drones,Hardware,Units,EU Europe,Estonia,7114.031999999999,7114.031999999999,7143.008335209124,7172.102694627607,7201.315558982699,7230.647410959718,7260.098735210011,7084.475170531554,6669.180049560173,6009.123867872563,5593.828746901181,5418.205182222724,5440.274204345748,5462.433116334713,5484.682284322196,5507.022075932084,5529.452860285634,5551.9750080075855,5574.588891232276,5597.294883609792,5620.093360312147,addressable_market
2,Remote Sensing Technologies,Drones,Hardware,Units,EU Europe,Finland,58711.58,58711.58,58707.01263455457,58702.44562441942,58697.87896956688,58693.31266996933,58688.746725599136,57283.395171427015,53960.17573464023,48678.361859184915,45355.14242239812,43949.790868226,43946.37187054027,43942.953138829536,43939.5346730731,43936.116473250266,43932.69853934036,43929.28087132269,43925.86346917657,43922.446332881314,43919.02946241625,addressable_market
2,Remote Sensing Technologies,Drones,Hardware,Units,EU Europe,France,118614.375,119187.75,119903.54239203583,120623.63353749638,121348.04925291894,122076.81550988434,122809.95843594795,120222.36308544023,114103.50468462388,104378.39569975743,98259.53729894108,95671.94194843336,96246.50811129813,96824.52488119336,97406.01298103954,97990.99325821041,98579.4866852804,99171.51436077658,99767.09750993508,100366.257485462,100969.01576829897,addressable_market
2,Remote Sensing Technologies,Drones,Hardware,Units,EU Europe,Greece,39486.216,39486.216,39637.75774905801,39789.881090986484,39942.588257845375,40095.881490260894,40249.76303745845,39420.83192935,37460.66761171351,34345.24797482208,32385.083657185583,31556.152549077142,31677.259989476814,31798.832220763044,31920.87102672856,32043.378198011967,32166.355532124046,32289.80483347416,32413.72791339669,32538.126590177635,32663.00268908127,addressable_market
2,Remote Sensing Technologies,Drones,Hardware,Units,EU Europe,Croatia,7407.400199999999,7416.950199999999,7427.408297972353,7437.881142142301,7448.368753302377,7458.87115227443,7469.388359909672,7219.757822132656,6629.459221975765,5691.258360950122,5100.95976079323,4851.329223016215,4858.169726854363,4865.019875985709,4871.879684010375,4878.749164547658,4885.628331236061,4892.517197733314,4899.415777716407,4906.324084881616,4913.242132944526,addressable_market
2,Remote Sensing Technologies,Drones,Hardware,Units,EU Europe,Hungary,12947.649733333332,12938.484254666666,12979.004670029906,13019.65198619767,13060.426600594661,13101.32891189023,13142.359320002273,12771.389187701145,11894.160176589608,10499.921712661737,9622.692701550199,9251.722569249072,9280.6968782912,9309.76192833623,9338.918003564517,9368.165389046413,9397.504370745044,9426.93523551911,9456.45827112568,9486.073766223028,9515.782010373425,addressable_market
2,Remote Sensing Technologies,Drones,Hardware,Units,EU Europe,Ireland,5270.814799999999,5297.774799999999,5353.743232326785,5410.302944112469,5467.4601819389945,5525.221258380417,5583.592552700095,5447.36152300764,5125.217498316153,4613.212554954454,4291.068530262967,4154.837500570512,4198.731352283399,4243.088921342134,4287.915106696533,4333.214859051455,4378.993181413561,4425.255129643863,4472.005813016104,4519.250394781033,4566.994092736653,addressable_market
2,Remote Sensing Technologies,Drones,Hardware,Units,EU Europe,Italy,80227.9436,80679.23013333333,81216.07977003466,81756.50167102198,82300.51960658637,82848.15750518937,83399.4394545155,81555.99523198645,77196.82285781871,70268.50001626635,65909.3276420986,64065.88341956956,64492.185779940446,64921.32480926457,65353.31938309011,65788.18850256555,66225.95129527528,66666.62701608115,67110.23504796915,67556.7949029021,68006.32622267786,addressable_market
2,Remote Sensing Technologies,Drones,Hardware,Units,EU Europe,Lithuania,9981.535,9989.093484500001,10030.35792506753,10071.792826954497,10113.398894328004,10155.17683426402,10197.127356759429,9904.089545879766,9211.146242164978,8109.805320783192,7416.862017068403,7123.82420618874,7153.252364111771,7182.8020882685705,7212.473880843101,7242.268246093835,7272.185690362303,7302.226722081711,7332.3918517855745,7362.6815921164,7393.096457834391,addressable_market
2,Remote Sensing Technologies,Drones,Hardware,Units,EU Europe,Luxembourg,965.943,965.943,966.9925841735087,968.0433088148684,969.0951751633,970.1481844593715,971.2023379449982,945.5953121190222,885.0426584498732,788.8022950224757,728.2496413533268,702.6426155273507,703.4061000899909,704.1704142474557,704.9355589011747,705.7015349535568,706.468343307992,707.2359848688512,708.0044605414885,708.7737712322414,709.5439178484324,addressable_market
2,Remote Sensing Technologies,Drones,Hardware,Units,EU Europe,Latvia,8731.6224,8741.5296,8763.283905486032,8785.092349072469,8806.955065488224,8828.872189797497,8850.84385740061,8612.252305041427,8048.057472866316,7151.345068005081,6587.1502358299695,6348.5586834707865,6364.357804598996,6380.1962436639,6396.074098512724,6411.991467236196,6427.948448169154,6443.945139891154,6459.981641227079,6476.058051247748,6492.174469270531,addressable_market
2,Remote Sensing Technologies,Drones,Hardware,Units,EU Europe,Malta,0.0,0.0,0.0,0.0,0.0,0.0,0.0,0.0,0.0,0.0,0.0,0.0,0.0,0.0,0.0,0.0,0.0,0.0,0.0,0.0,0.0,addressable_market
2,Remote Sensing Technologies,Drones,Hardware,Units,EU Europe,Poland,60122.22,60198.3,60333.199387753564,60468.401073824796,60603.90573563909,60739.71405213993,60875.82670379222,58556.03854710274,53070.460886017325,44351.86713789477,38866.289476809354,36546.501320119874,36628.3989925229,36710.480190803995,36792.74532622939,36875.19481098696,36957.829058188225,37040.64848187046,37123.653496998784,37206.8445194682,37290.22196610571,addressable_market
2,Remote Sensing Technologies,Drones,Hardware,Units,EU Europe,Portugal,36674.88,36674.88,36691.30700786705,36707.74137353832,36724.18310030947,36740.63219147758,36757.08865034124,35992.06248470026,34183.01348499552,31307.77148254208,29498.722482837344,28733.69631719636,28746.56639762885,28759.44224268586,28772.323854949416,28785.211237002703,28798.104391430057,28811.003320816988,28823.908027750145,28836.818514817332,28849.73478460754,addressable_market
2,Remote Sensing Technologies,Drones,Hardware,Units,EU Europe,Romania,38294.549666666666,38294.549666666666,38449.41034386214,38604.897267600514,38761.01297038225,38917.75999494906,39075.140894325305,37875.75849427797,35039.59206165517,30531.88394852136,27695.71751589855,26496.33511585122,26603.484577979783,26711.06734558943,26819.08517093945,26927.539813375148,27036.43303935652,27145.766622486994,27255.542343542347,27365.761990499694,27476.427358566612,addressable_market
2,Remote Sensing Technologies,Drones,Hardware,Units,EU Europe,Slovakia,10110.975,10110.975,10117.138638353892,10123.306034054403,10129.477189392013,10135.652106658588,10141.830788147396,9866.442861593394,9215.236046143016,8180.229703930908,7529.022888480529,7253.634961926528,7258.056769186112,7262.48127197415,7266.9084719338325,7271.338370709355,7275.770969945911,7280.206271289699,7284.644276387915,7289.084986888773,7293.528404441479,addressable_market
2,Remote Sensing Technologies,Drones,Hardware,Units,EU Europe,Slovenia,17020.1625,16992.157875,16993.988990214923,16995.82030275517,16997.65181264199,16999.483519896665,17001.31542454045,16606.512640736742,15672.926819495797,14189.116725592829,13255.530904351883,12860.728120548174,12862.114023098622,12863.500074997213,12864.886276260042,12866.272626903206,12867.659126942805,12869.045776394934,12870.432575275694,12871.819523601189,12873.206621387522,addressable_market
2,Remote Sensing Technologies,Drones,Hardware,Units,EU Europe,Sweden,55480.34285714287,55480.34285714287,55463.12260755936,55445.90770287785,55428.698141439374,55411.49392158546,55394.29504165817,54106.45132898727,51061.10139872531,46220.92402758337,43175.57409732141,41887.73038465051,41874.72907401391,41861.73179878522,41848.738557711906,41835.749349541824,41822.76417302323,41809.783026904755,41796.80590993542,41783.832820864656,41770.86375844225,addressable_market
2,Remote Sensing Technologies,Drones,Hardware,Units,EU Europe,Netherlands,3927.785,3937.7421209999998,3943.3655535959742,3948.997016934742,3954.636522484891,3960.2840817313877,3965.939706175598,3860.2052906878425,3610.1762757818938,3212.7885181219444,2962.7595032159957,2857.02508772824,2861.1051639526745,2865.191066874981,2869.2828048161814,2873.3803861091824,2877.4838190987903,2881.593112141728,2885.7082736066536,2889.829311874175,2893.9562353368697,addressable_market
3,Decision Support Systems,Total,Software,Units,EU Europe,Austria,315654.8406086957,315945.4682782609,316196.68451111723,316448.1004923541,316699.7163807966,316951.532335396,317203.5485152299,311724.7873276377,298769.22071936296,278178.07626513613,265222.50965686137,259743.74846926917,259950.27729322735,260156.97033347707,260363.8277205908,260570.84958524504,260778.0360582199,260985.38727039972,261192.90335277273,261400.58443643138,261608.43065257248,addressable_market
3,Decision Support Systems,Total,Software,Units,EU Europe,Belgium,151610.33869421488,151610.33869421488,151844.6989238247,152079.42142897384,152314.5067696702,152549.95550678726,152785.76820206558,150204.29674376297,144099.91944381027,134397.82623654392,128293.44893659123,125711.97747828862,125906.30385576565,126100.93062419782,126295.85824793132,126491.08719203025,126686.61792227754,126882.45090517613,127078.58660795011,127275.0254985458,127471.76804563288,addressable_market
3,Decision Support Systems,Total,Software,Units,EU Europe,Bulgaria,474011.68,475594.56,478915.2979462389,482259.2222394949,485626.49477350863,489017.2785724096,492431.73779860826,484973.19096374523,467336.0469066464,439304.1597634185,421667.01570631965,414208.46887145663,417100.59148159536,420012.9077232522,422945.5585941678,425898.68607656984,428872.43314404634,431866.9437684683,434882.3629269594,437918.83660891576,440976.51182307303,addressable_market
3,Decision Support Systems,Total,Software,Units,EU Europe,Cyprus,16694.799092307694,16692.8638,16697.022228370493,16701.181692664282,16705.342193139433,16709.503730054075,16713.666303666392,16416.418289876023,15713.51916542432,14596.354795392806,13893.455670941104,13596.207657150735,13599.594664696597,13602.982515993921,13606.371211252901,13609.760750683778,13613.151134496844,13616.542362902454,13619.934436111002,13623.327354332941,13626.721117778781,addressable_market
3,Decision Support Systems,Total,Software,Units,EU Europe,Czechia,250414.99860000002,250584.30599999998,250771.17296887405,250958.17928910893,251145.3250646225,251332.61039941,251520.0353975443,247074.0523930756,236560.68504935934,219851.09046192188,209337.7231182056,204891.74011373692,205044.53299623445,205197.43982019645,205350.46067059203,205503.59563245354,205656.8447908767,205810.20823102072,205963.68603810837,206117.27829742592,206270.98509432326,addressable_market
3,Decision Support Systems,Total,Software,Units,EU Europe,Germany,925395.76,925395.76,925647.3489285671,925899.0062570468,926150.732004035,926402.5261881327,926654.388827946,910232.9153035486,871401.2366143647,809683.4646738917,770851.7859847078,754430.3124603103,754635.4207201434,754840.58474311,755045.8045443707,755251.0801390896,755456.4115424356,755661.798769582,755867.2418357049,756072.7407559857,756278.2955456097,addressable_market
3,Decision Support Systems,Total,Software,Units,EU Europe,Denmark,239108.8512,239466.5024,240567.1005064702,241672.75700808052,242783.4951534276,243899.3382979595,245020.309904467,241203.80481599338,232178.95700979262,217835.16561311213,208810.31780691136,204993.81271843775,205935.97289472472,206882.46327876783,207833.30377238378,208788.51436885897,209748.11515336976,210712.12630340477,211680.56808918933,212653.46087411145,213630.8251151502,addressable_market
3,Decision Support Systems,Total,Software,Units,EU Europe,Spain,3437337.2236,3438131.2167999996,3451775.142410671,3465473.2127570524,3479225.6427078326,3493032.6479843874,3506894.4451641655,3450772.048795901,3318060.032435028,3107131.990279536,2974419.973918663,2918297.577550398,2929878.588438913,2941505.557564939,2953178.6673097573,2964898.100778413,2976664.041802588,2988476.674943482,3000336.185494713,3012242.759485219,3024196.583682177,addressable_market
3,Decision Support Systems,Total,Software,Units,EU Europe,Estonia,226789.488,226789.488,227713.22972989292,228640.73397449087,229572.0160589832,230507.09137098063,231445.97536076955,227724.71171071284,218925.0802913976,204939.2402909036,196139.60887158837,192418.34522153166,193202.089021324,193989.02510687787,194779.16648076937,195572.5261985357,196369.1173688909,197168.9531539423,197972.04676940833,198778.41148483646,199588.0606238229,addressable_market
3,Decision Support Systems,Total,Software,Units,EU Europe,Finland,536322.0666666667,536322.0666666667,536280.3444225214,536238.6254240858,536196.9096711071,536155.1971633331,536113.4879005111,526289.5975643708,503059.1516215012,466137.45744872617,442907.0115058565,433083.12116971624,433049.4302201177,433015.7418914482,432982.05618350365,432948.37309608026,432914.69262897427,432881.01478198165,432847.33955489873,432813.66694752173,432779.99695964664,addressable_market
3,Decision Support Systems,Total,Software,Units,EU Europe,France,4052298.375,4071886.95,4096341.0209933696,4120941.9530355576,4145690.628113358,4170587.9335104125,4195634.761839021,4132493.777266926,3983184.982207849,3745878.5748304715,3596569.7797713946,3533428.7951992997,3554649.108942986,3575996.8631252595,3597472.823100752,3619077.758820499,3640812.4448595406,3662677.660444698,3684674.1894825045,3706802.820587315,3729064.3471095734,addressable_market
3,Decision Support Systems,Total,Software,Units,EU Europe,Greece,2582283.273230769,2582283.273230769,2592193.6612960277,2602142.08383745,2612128.686825241,2622153.6167898164,2632217.0208239504,2590511.6436796067,2491891.394864888,2335147.6683374313,2236527.4195227125,2194822.042378369,2203245.416529315,2211701.1182360793,2220189.271566625,2228710.0010650665,2237263.431753499,2245849.6891338318,2254468.899189633,2263121.188387972,2271806.6836812794,addressable_market
3,Decision Support Systems,Total,Software,Units,EU Europe,Croatia,545743.1183999999,546446.7183999999,547217.222874696,547988.8137812904,548761.4926516808,549535.2610199257,550310.1204222456,540964.9622053725,518866.5688646008,483744.12125235004,461645.7279115784,452300.56969470525,452938.3255840219,453576.98072618427,454216.5363891627,454856.9938427156,455498.35435839195,456140.61920953327,456783.7896712769,457427.8670205579,458072.85253611195,addressable_market
3,Decision Support Systems,Total,Software,Units,EU Europe,Hungary,394319.76432727266,394040.63031745446,395274.6767247605,396512.5878871659,397754.37590821215,399000.05292934657,400249.63113004045,393708.98017943493,378242.3744722994,353660.26842000335,338193.66271286784,331653.0117622623,332691.67421518674,333733.58952472,334778.76787807536,335827.2194943704,336878.95462472655,337933.9835523698,338992.3165927301,340053.96409354394,341118.9364349538,addressable_market
3,Decision Support Systems,Total,Software,Units,EU Europe,Ireland,57375.00273846153,57668.4735076923,58277.71308067383,58893.38897552604,59515.569188881236,60144.32243572328,60779.7181569767,59946.46927773775,57976.094773972465,54844.44740858105,52874.07290481577,52040.82402557682,52590.61019952019,53146.20459888504,53707.66858476797,54275.06416651599,54848.454008574874,55427.90143741004,56013.4704485004,56605.2257134062,57203.232586911494,addressable_market
3,Decision Support Systems,Total,Software,Units,EU Europe,Italy,776461.773278049,780829.4128585367,786025.1489349228,791255.4580856974,796520.5703643996,801820.7173553733,807156.1321839537,795019.0095817633,766318.4886206408,720702.840081998,692002.3191208756,679865.1965186852,684389.1041359708,688943.1143974786,693527.4276099489,698142.2454129881,702787.770787938,707464.2080668029,712171.7629412382,716910.6424715968,721681.0550960376,addressable_market
3,Decision Support Systems,Total,Software,Units,EU Europe,Lithuania,255152.86705882353,255346.08072694123,256400.9024871598,257460.0816627837,258523.6362540757,259591.58433565704,260663.94405681407,256461.49222844894,246524.00039110568,230729.68308160716,220792.1912442639,216589.73941589877,217484.46068800738,218382.87800849273,219285.00664554376,220190.86193042187,221100.45925772085,222013.81408562898,222930.94193619143,223851.85839557424,224776.57911432898,addressable_market
3,Decision Support Systems,Total,Software,Units,EU Europe,Luxembourg,13515.092285714287,13515.092285714287,13529.777652207544,13544.478975675751,13559.196273457597,13573.92956291062,13588.678861411208,13355.652790914522,12804.618592778366,11928.823259690142,11377.789061553985,11144.7629910573,11156.872781027228,11168.995729375958,11181.131850401258,11193.281158416426,11205.443667750318,11217.619392747358,11229.808347767554,11242.010547186519,11254.226005395487,addressable_market
3,Decision Support Systems,Total,Software,Units,EU Europe,Latvia,139978.8216,140137.6464,140486.39510982292,140836.01172106803,141186.4983936081,141537.85729269113,141890.09058895355,139429.5427280418,133611.1121351763,124363.49306477117,118545.06247190571,116084.51461099395,116373.40432579235,116663.01297599387,116953.34235075235,117244.39424367402,117536.17045282872,117828.67278076104,118121.90303450135,118415.86302557705,118710.55457002376,addressable_market
3,Decision Support Systems,Total,Software,Units,EU Europe,Malta,0.0,0.0,0.0,0.0,0.0,0.0,0.0,0.0,0.0,0.0,0.0,0.0,0.0,0.0,0.0,0.0,0.0,0.0,0.0,0.0,0.0,addressable_market
3,Decision Support Systems,Total,Software,Units,EU Europe,Poland,1722492.12,1724671.8,1728536.6461816337,1732410.1531623872,1736292.3403503918,1740183.2271972706,1744082.8331982363,1714769.7596185182,1645453.4553935118,1535284.4387471366,1465968.1345221302,1436655.0609424121,1439874.4855463326,1443101.124613253,1446334.9943101846,1449576.110840369,1452824.4904433573,1456080.149395092,1459343.104007988,1462613.3706310168,1465890.9656497848,addressable_market
3,Decision Support Systems,Total,Software,Units,EU Europe,Portugal,1071078.72,1071078.72,1071558.4657703927,1072038.4264232214,1072518.6020547333,1072998.9927612196,1073479.5986390146,1055049.5622657533,1011468.2569941414,942201.5873466438,898620.2820750319,880190.2457017705,880584.4908115197,880978.9125071915,881373.5108678802,881768.2859727157,882163.2379008635,882558.3667315241,882953.6725439338,883349.1554173641,883744.8154311226,addressable_market
3,Decision Support Systems,Total,Software,Units,EU Europe,Romania,2295871.427,2295871.427,2305155.7822681447,2314477.682867326,2323837.28062843,2333234.7279963368,2342670.1780324024,2305412.926191616,2217311.1105918176,2077285.0301781353,1989183.2145783373,1951925.9627375507,1959819.4248374086,1967744.8075864664,1975702.2400697616,1983691.8518943423,1991713.7731913796,1999768.1346182863,2007855.0673608445,2015974.7031353451,2024127.1741907287,addressable_market
3,Decision Support Systems,Total,Software,Units,EU Europe,Slovakia,333977.6241379311,333977.6241379311,334181.2165010294,334384.9329737905,334588.7736318715,334792.7385509756,334996.8278068523,329194.93909165025,315475.27635587915,293669.703060837,279950.0403250659,274148.15160986385,274315.27199755266,274482.4942616313,274649.81846420345,274817.24466741097,274984.77293343307,275152.4033244872,275320.13590282865,275487.9707307507,275655.9078705847,addressable_market
3,Decision Support Systems,Total,Software,Units,EU Europe,Slovenia,290735.32125,290256.9513375,290288.23011467134,290319.5122625178,290350.79778140277,290382.08667168935,290413.37893374095,285367.2667619239,273434.7805453577,254469.68586347357,242537.1996469073,237491.08747509026,237516.68007768283,237542.2754381949,237567.8735569237,237593.47443416648,237619.0780702205,237644.68446538303,237670.29361995144,237695.90553422298,237721.52020849512,addressable_market
3,Decision Support Systems,Total,Software,Units,EU Europe,Sweden,604119.2888888889,604119.2888888889,603931.7795045351,603744.3283202254,603556.9353178954,603369.600479486,603182.3237869445,592140.7580026507,566030.8882565423,524532.7341518983,498422.8644057898,487381.298621496,487230.0229232508,487078.7941786678,486927.61237317335,486776.47749219846,486625.3895211781,486474.34844555234,486323.3542507655,486172.4069222667,486021.50644550915,addressable_market
3,Decision Support Systems,Total,Software,Units,EU Europe,Netherlands,68887.56454545454,69062.19778418182,69160.82451042121,69259.59208406252,69358.50070624788,69457.55057840669,69556.74190225599,68375.67236857023,65582.81017057496,61143.928360269616,58351.06616227434,57169.99662858858,57251.64027428047,57333.400514082474,57415.27751450094,57497.27144228003,57579.382464402006,57661.61074808762,57743.95646079641,57826.419770227076,57909.00084431779,addressable_market
4,Telematics Systems,Total,Hardware,Units,EU Europe,Austria,2749.988956954294,3017.0829469826613,3170.6653285009093,2956.286815751052,2996.0292048139136,3036.3058645977385,3077.1239774891415,3160.115149374445,3356.3634650874646,3668.2739773737057,3864.5222930867258,3947.513464972029,4000.581257690899,4054.3624591540433,4108.8666599626595,4164.1035796477245,4220.083068403241,4276.815108842785,4334.309817779669,4392.577448031038,4451.628390246215,addressable_market
4,Telematics Systems,Total,Hardware,Units,EU Europe,Belgium,619.2432151059875,619.2432151059875,619.2432151059875,619.2432151059875,623.1511636336426,627.0837746223827,631.0412037132005,645.3823506793622,679.2947039281116,733.1938644697872,767.1062177185366,781.4473646846983,786.3789586105788,791.3416750659462,796.3357104602892,801.3612624426065,806.4185299092294,811.5077130116929,816.6290131646576,821.7826330538817,826.968776644241,addressable_market
4,Telematics Systems,Total,Hardware,Units,EU Europe,Bulgaria,1199.5513446741097,1227.2338741915848,1326.8975507102293,1079.027994069683,1079.780207868158,1080.532946051173,1081.2862089842884,1102.3380626653152,1152.1191506254684,1231.2395476153908,1281.020635575544,1302.0724892565709,1302.9801922062777,1303.888527935382,1304.7974968850076,1305.7070994965861,1306.617336211858,1307.5282074728696,1308.4397137219767,1309.3518554018437,1310.264632955443,addressable_market
4,Telematics Systems,Total,Hardware,Units,EU Europe,Cyprus,1.637828659306252,1.907409743333677,2.626989717271479,1.5431520867775796,1.4819766016577502,1.4232263084627566,1.3668050648267347,1.3642333625662986,1.3581520863816041,1.3484867093146442,1.3424054331299498,1.3398337308695136,1.2867184357743855,1.2357088008877164,1.186721351103031,1.1396759205341052,1.0944955213268874,1.0511062176721377,1.009437004812608,0.9694196928467657,0.9309887951389075,addressable_market
4,Telematics Systems,Total,Hardware,Units,EU Europe,Czechia,5550.037384190027,5040.566177128127,4180.229580245309,3080.9846410057985,3114.2934886671,3147.962441769292,3181.9953934500118,3262.7865055088273,3453.8323638326106,3757.474264265912,3948.5201225896953,4029.311234648511,4072.8725404429674,4116.904792077052,4161.41308099556,4206.40255368744,4251.878412280863,4297.845915144754,4344.3103774968195,4391.277172018137,4438.751729474403,addressable_market
4,Telematics Systems,Total,Hardware,Units,EU Europe,Germany,8198.28870867328,8645.064732417104,8827.164705348963,7617.214886145347,7690.431372918647,7764.351614806586,7838.9823762864435,8032.4140225798,8489.819719213781,9216.805042075768,9674.21073870975,9867.642385003106,9962.489926914957,10058.249141124577,10154.928790604226,10252.537722555644,10351.084869219656,10450.579248693575,10551.02996575645,10652.446212702243,10754.837270181035,addressable_market
4,Telematics Systems,Total,Hardware,Units,EU Europe,Denmark,310.6066765970165,310.6066765970165,310.6066765970165,310.6066765970165,308.0095110950816,305.4340620247391,302.8801478021042,307.23119862587816,317.5200808810593,333.8728863734606,344.1617686286417,348.51281945241567,345.5986983472915,342.70894392637894,339.8433524454691,337.00172186397856,334.1838518307038,331.3895436696965,328.61860036625455,325.870826553032,323.14602849626465,addressable_market
4,Telematics Systems,Total,Hardware,Units,EU Europe,Spain,1998.251532180729,2236.9800516941723,2254.9460751583742,2479.051657809899,2513.6745420819198,2548.7809758239714,2584.377712375497,2654.8956083288604,2821.648504981525,3086.6799842641603,3253.432880916825,3323.9507768701883,3370.373675203473,3417.444924139497,3465.1735786601603,3513.568820210877,3562.6399584667906,3612.396433123654,3662.847815713718,3714.003811446988,3765.874261078189,addressable_market
4,Telematics Systems,Total,Hardware,Units,EU Europe,Estonia,998.2942056106588,891.6553335522325,932.1818050936663,923.8606033105045,930.2738127524505,936.7315410917265,943.2340973673934,965.0197548625039,1016.5360606694022,1098.4143548954878,1149.9306607023861,1171.7163181974965,1179.8500800747966,1188.040304494479,1196.287383405404,1204.5917114772412,1212.9536861193606,1221.3737074998471,1229.8521785646535,1238.3895050568813,1246.9860955362008,addressable_market
4,Telematics Systems,Total,Hardware,Units,EU Europe,Finland,3894.2072578639754,4326.096762546876,4257.201830067254,4108.793745296628,4136.7786134818825,4164.95408574607,4193.321460287726,4289.851165767025,4518.113903673259,4880.907068330571,5109.169806236805,5205.699511716104,5241.155371435074,5276.852719927182,5312.793201965055,5348.97847352382,5385.410201857391,5422.0900655753085,5459.01975472006,5496.200970844966,5533.6354270925785,addressable_market
4,Telematics Systems,Total,Hardware,Units,EU Europe,France,5652.9666152790605,6343.8006338708,5947.736714253414,5941.648226016989,5852.294837454789,5764.285188498814,5677.599071340959,5738.470472762632,5882.412409389385,6111.188911391974,6255.130848018727,6316.0022494404,6221.019143459336,6127.4644395062505,6035.316656578467,5944.5546367150555,5855.157540138758,5767.104840471005,5680.376320018864,5594.952065132876,5510.812461634701,addressable_market
4,Telematics Systems,Total,Hardware,Units,EU Europe,Greece,258.38434358751294,258.38434358751294,258.38434358751294,258.38434358751294,252.8075702709788,247.3511618348867,242.0125204141951,243.76561386065234,247.91113474364744,254.4998870476375,258.6454079306326,260.3985013770898,254.77825599386523,249.2793137594707,243.8990565579855,238.63492278093352,233.48440610766937,228.44505431208717,223.5144680950846,218.69029994222666,213.97025300606396,addressable_market
4,Telematics Systems,Total,Hardware,Units,EU Europe,Croatia,995.0292944396097,947.8666731411698,1015.7199278091136,988.5907171668615,1003.6945260635142,1019.0290927846389,1034.5979428762698,1063.6511577703131,1132.352977005789,1241.545351752434,1310.2471709879098,1339.3003858819532,1359.7623796396388,1380.5369942200714,1401.629005882103,1423.0432638568477,1444.78469146256,1466.8582872365498,1489.269126084385,1512.0223604466566,1535.123221483568,addressable_market
4,Telematics Systems,Total,Hardware,Units,EU Europe,Hungary,705.4661673155633,849.0950054424542,705.4661673155633,705.4661673155633,700.2289190046049,695.0305510413391,689.870774785368,700.1397409251941,724.4226527491176,763.0171010086249,787.3000128325484,797.5689789723745,791.6479766883238,785.7709308130252,779.937515022357,774.1474054147666,768.400280493285,762.6958211476771,757.0337106367218,751.4136345706257,745.8352808935658,addressable_market
4,Telematics Systems,Total,Hardware,Units,EU Europe,Ireland,266.48509239268697,266.48509239268697,266.48509239268697,266.48509239268697,270.9340019349518,275.45718503577683,280.05588167575706,288.16215386943895,307.33096699235705,337.7972377441113,356.9660508670294,365.0723230607113,371.1671245638597,377.36367742698883,383.6636803664972,390.06886045847665,396.5809736121719,403.20180505134283,409.93316980366444,416.77691319829654,423.73491137176006,addressable_market
4,Telematics Systems,Total,Hardware,Units,EU Europe,Italy,1993.2286606358257,1993.2286606358257,1993.2286606358257,1675.6891613717878,1678.373972184582,1681.06308463593,1683.7565056179722,1717.413881859592,1797.0031110352677,1923.4995711677157,2003.0888003433913,2036.7461765850112,2040.0094776099675,2043.2780071379657,2046.5517735461801,2049.8307852252083,2053.1150505790915,2056.404578025335,2059.6993759949314,2062.9994529323803,2066.304817295713,addressable_market
4,Telematics Systems,Total,Hardware,Units,EU Europe,Lithuania,903.1814732325258,938.3666767137804,988.5907171668615,1045.0572937214556,1058.4153877804747,1071.9442271928458,1085.6459944537335,1114.4936447675964,1182.709367690486,1291.129157208421,1359.344880131311,1388.1925304451738,1405.936635486229,1423.907548593747,1442.1081688657032,1460.5414324568212,1479.2103130522353,1498.1178223472132,1517.2670105330058,1536.6609667889088,1556.302819780617,addressable_market
4,Telematics Systems,Total,Hardware,Units,EU Europe,Luxembourg,38.891843285358284,31.28919413755419,25.948321989733884,31.05364102323223,31.182576798572548,31.31204791964415,31.442056609220746,32.1169624170282,33.712904793046164,36.24944225210401,37.84538462812198,38.520290435929425,38.68022799397535,38.84082961821041,39.00209806586002,39.16403610559773,39.32664651759269,39.48993209355742,39.65389563679572,39.818539962250796,39.983867896553605,addressable_market
4,Telematics Systems,Total,Hardware,Units,EU Europe,Latvia,1683.7985059900325,1749.2229326825368,1692.6088052746345,1909.0810404990366,1925.413469928118,1941.885625353843,1958.4987021497602,2005.598082244944,2116.9734707932766,2293.989790000774,2405.3651785491065,2452.4645586442903,2473.4457027034823,2494.606343100136,2515.9480154480907,2537.472268498554,2559.1806642524984,2581.0747780740094,2603.1561988046124,2625.426528878572,2647.887384439182,addressable_market
4,Telematics Systems,Total,Hardware,Units,EU Europe,Malta,0.0,0.0,0.0,0.0,0.0,0.0,0.0,0.0,0.0,0.0,0.0,0.0,0.0,0.0,0.0,0.0,0.0,0.0,0.0,0.0,0.0,addressable_market
4,Telematics Systems,Total,Hardware,Units,EU Europe,Poland,7423.425556552861,7882.211874825099,8347.280444699956,7816.124100572548,7965.787821109184,8118.317313600905,8273.76745206039,8525.720812142492,9121.512164777969,10068.443022966809,10664.234375602286,10916.187735684387,11125.21170326434,11338.238077186206,11555.34349582171,11776.606065019765,12002.105386205836,12231.92258501935,12466.140340499467,12704.842914829671,12948.11618365196,addressable_market
4,Telematics Systems,Total,Hardware,Units,EU Europe,Portugal,1604.0277741473826,1824.2329842407544,1839.4256638907018,1723.1615195958739,1740.8276292740757,1758.6748545514906,1776.7050522523355,1821.2232691890365,1926.4950094706255,2093.8103941718673,2199.0821344534565,2243.6003513901574,2266.602077827855,2289.839621405974,2313.315399757116,2337.0318552998133,2360.991455492639,2385.1966930909184,2409.650086406079,2434.3541795676547,2459.311542787974,addressable_market
4,Telematics Systems,Total,Hardware,Units,EU Europe,Romania,3866.581075112304,3812.5520698670466,3744.024880932891,3744.024880932891,3790.6359576531004,3837.827316968141,3885.6061830812173,3988.076403481172,4230.386611993773,4615.506356816823,4857.8165653294245,4960.2867857293795,5022.039662720482,5084.561329497619,5147.861357076168,5211.949435625446,5276.835375952119,5342.529111002069,5409.040697380955,5476.380316893724,5544.558278103259,addressable_market
4,Telematics Systems,Total,Hardware,Units,EU Europe,Slovakia,1653.1871049721078,1701.3313197735877,1650.422270329087,1576.208346218561,1585.947764149967,1595.7473621088864,1605.6075119487236,1641.9726676927237,1727.9649534175796,1864.6382175709762,1950.630503295832,1986.9956590398322,1999.2733386991902,2011.6268823480502,2024.0567587512814,2036.5634395702598,2049.1473993807645,2061.8091156909863,2074.549068959647,2087.3677426142303,2100.2656230693287,addressable_market
4,Telematics Systems,Total,Hardware,Units,EU Europe,Slovenia,863.6297067176879,824.9351178332497,922.71828061589,972.9567644328563,1001.5221899221253,1030.9262791251501,1061.1936547042128,1100.3325564584402,1192.8838890114948,1339.981882920456,1432.533215473511,1471.6721172277382,1514.879525558784,1559.3554774144586,1605.1372164697714,1652.2630798516323,1700.772530241942,1750.706188923211,1802.1058697943736,1855.0146143852933,1909.4767278992642,addressable_market
4,Telematics Systems,Total,Hardware,Units,EU Europe,Sweden,4800.388086714006,5008.275847532286,5001.933844806257,4676.859404115013,4703.686615204322,4730.667711453016,4757.8035755709025,4864.32792362758,5116.22488343244,5516.581490268114,5768.478450072974,5875.002798129652,5908.7027507254115,5942.596011621434,5976.683689664947,6010.966900063702,6045.446764422459,6080.124410779677,6115.000973644433,6150.0775940335225,6185.355419508797,addressable_market
4,Telematics Systems,Total,Hardware,Units,EU Europe,Netherlands,239.7737055913753,243.3544012837922,240.61463389880146,240.61463389880146,251.88041540031182,263.6736703592061,276.0190955307167,289.4017317389942,321.0475050906972,371.34423931723774,402.9900126689407,416.37264887721824,435.86756990279764,456.2752596868879,477.63845483793307,500.00189292867833,523.4124061830181,547.9190195493427,573.5730533657597,600.4282308321913,628.5407905144041,addressable_market
1,Field Survey Technologies,Sensors,Hardware,%,EU Europe,Austria,0.0900571124689263,0.10304738184764323,0.11407375279969931,0.12631066222343598,0.1396927100922624,0.1542914932245419,0.17017578237827571,0.18349021084545594,0.2171950199227341,0.27822694347746096,0.3222807086644961,0.3424549059792051,0.3728369737049664,0.4046836479006231,0.43785412965420295,0.4721782824311614,0.5074584948677259,0.543472378746125,0.5799761936866018,0.616708862739155,0.6533964287793901,penetration
1,Field Survey Technologies,Sensors,Hardware,%,EU Europe,Belgium,0.09863505698739371,0.10932408226266085,0.12083843965490085,0.13338963435369502,0.1470334920521152,0.16182095152021744,0.1777961872817784,0.1922830673320271,0.2297247765742957,0.30046762195762466,0.35404128153085446,0.37931928142123006,0.41012029185019394,0.44170174376598426,0.4753383528846001,0.5089900003740325,0.53963138228102,0.5688965175921383,0.5995023484380758,0.6298277993057462,0.6591647492322978,penetration
1,Field Survey Technologies,Sensors,Hardware,%,EU Europe,Bulgaria,0.06066766018310006,0.06699002941063471,0.07361112065581281,0.08077585138761288,0.08850593058900016,0.09681916976569005,0.10572844229733679,0.11532873084630335,0.14098178640345235,0.19303868419988143,0.2359422339075706,0.2573401103903865,0.27629794450305295,0.2969210026832411,0.3169458303566127,0.33409619625200626,0.35056727099570234,0.3684243193986264,0.38564449298734366,0.4020942990205424,0.41765922989179305,penetration
1,Field Survey Technologies,Sensors,Hardware,%,EU Europe,Cyprus,0.038934605563809996,0.043137987875254094,0.047717744754757416,0.05271144810305805,0.05814105564598531,0.06402643303388018,0.07038458372151259,0.07679314147703573,0.093935789508904,0.12880468452253382,0.15762522927051764,0.17202734722360366,0.185929196516436,0.20113966359853228,0.216141294402941,0.22936665544464171,0.24229345330783772,0.25634937204817454,0.2701374264630751,0.28355623146600173,0.29651523996438384,penetration
1,Field Survey Technologies,Sensors,Hardware,%,EU Europe,Czechia,0.04956987380112103,0.05492805157898178,0.06079036879413619,0.06719290796522191,0.07416708386843489,0.08174226619128522,0.08994484316481732,0.09860797155143772,0.12208683107265854,0.17126109735607947,0.21340728473428483,0.23500098487993007,0.25464392132474095,0.27491642723132387,0.29565771586277106,0.3173403937347095,0.33932005404245624,0.3598952546850951,0.3793046001878838,0.3990611356300482,0.41884986727779,penetration
1,Field Survey Technologies,Sensors,Hardware,%,EU Europe,Germany,0.06474138137344215,0.07185995096295023,0.07965512408832044,0.08819378483793805,0.09752473452533648,0.10769532276088928,0.11875031929720616,0.12901357621212975,0.1557769293129022,0.2072996770681824,0.24717335188173747,0.2662499936480477,0.2895725648980347,0.31392067447352195,0.33916201938971613,0.3651401117210649,0.3916762727615294,0.41857239259594503,0.44561435230407315,0.4735715486127897,0.5008741003544198,penetration
1,Field Survey Technologies,Sensors,Hardware,%,EU Europe,Denmark,0.12916028662273119,0.14314785240696415,0.1579931407149298,0.17417631106559475,0.19177521479902532,0.21086336695371907,0.23150782469931294,0.24882366694749392,0.2922812857686707,0.3696263140041381,0.4244034087784977,0.4492005172672977,0.4864460129050982,0.5250779095603795,0.5648558549542494,0.6055033636025788,0.6467119304697364,0.6881463071598126,0.7294507358767596,0.771878586770091,0.8128652524679669,penetration
1,Field Survey Technologies,Sensors,Hardware,%,EU Europe,Spain,0.025925601217165035,0.028728507920730378,0.03167766097357674,0.0348835638104057,0.03835886997587918,0.04211482989474761,0.0461608196221842,0.050022209934823904,0.06007424293377797,0.07935567228363768,0.0942147779646372,0.10130447156302035,0.10926617028799752,0.11739628263370393,0.12603142764494304,0.13462819300452913,0.14238844004785517,0.1497481882720011,0.15742364276565324,0.16498773562953808,0.1722560872814455,penetration
1,Field Survey Technologies,Sensors,Hardware,%,EU Europe,Estonia,0.12152096024428323,0.13474762017518324,0.14863465825152222,0.1637446610763765,0.18014130990115426,0.19788240845380883,0.21701771362391434,0.2352668422253041,0.28273944501951453,0.37366305608702033,0.44361054375241515,0.4769470381108104,0.5151007570993604,0.5542656531789469,0.5941073073912826,0.6355642112321988,0.6773326429943306,0.7160230449825193,0.7521377569695576,0.7886914193351252,0.8250579719776786,penetration
1,Field Survey Technologies,Sensors,Hardware,%,EU Europe,Finland,0.13167724523300095,0.15080972679336477,0.16709255051610908,0.18517840491345658,0.20497601117025221,0.22659495929102183,0.25014106016270454,0.2694373694582357,0.31810986823186055,0.40561119744126733,0.46826888080643986,0.49682344274332685,0.541373046572448,0.5881285733704704,0.6368908965077202,0.6874174730724399,0.7394248701959898,0.7925925231219799,0.8465675741828697,0.9009706008086054,0.9554020184506339,penetration
1,Field Survey Technologies,Sensors,Hardware,%,EU Europe,France,0.049569185269328304,0.05470000869512044,0.06022146696508229,0.06621606067663603,0.07270670408887066,0.0797137570959155,0.08725417668613059,0.09346845816369231,0.10896361154652527,0.13619001395800556,0.15520492281728296,0.16374112237672434,0.17650001432867948,0.1895551000124065,0.2027903808041121,0.21652439835803608,0.2303108311956883,0.24299889937453784,0.2547649314616036,0.26663325967668633,0.2783919166899828,penetration
1,Field Survey Technologies,Sensors,Hardware,%,EU Europe,Greece,0.039909244299370566,0.044212722850504704,0.048731738021595826,0.05363910857049707,0.05895275836800189,0.06468821066025228,0.07085785320960444,0.0755476292807129,0.0871023069863885,0.10693647076615384,0.12044620189959879,0.12642208584365192,0.1361500060437628,0.14676158895062055,0.15714372617619626,0.16616295002862586,0.17490015933660755,0.18438491884409772,0.19360764837503788,0.20249838356896255,0.21099589104593555,penetration
1,Field Survey Technologies,Sensors,Hardware,%,EU Europe,Croatia,0.022623948279568016,0.025002131602092456,0.02758918928743244,0.030398613998919702,0.033440002966422105,0.03672138163523066,0.040248767165671655,0.04396586694594624,0.05394608646606212,0.07441458342546944,0.09150515852983081,0.10010485724870824,0.10735873241689664,0.11369396299637836,0.12043985852283401,0.1277505026774718,0.1349474708258004,0.1419733160270451,0.14877564695345474,0.1553085296670086,0.1615334977708237,penetration
1,Field Survey Technologies,Sensors,Hardware,%,EU Europe,Hungary,0.027586029259762886,0.030582324386631752,0.03373189227132749,0.037154885792179244,0.04086430193431404,0.044871508253741206,0.04918572697960292,0.05335188743840876,0.06426157538137274,0.08545175119045707,0.10202279056082983,0.1100045329623261,0.11855254188775867,0.12788251991841645,0.1370255021734214,0.14499202808279382,0.15272344464218435,0.16111889600741672,0.16929696244140652,0.1771959502699787,0.18476163819268643,penetration
1,Field Survey Technologies,Sensors,Hardware,%,EU Europe,Ireland,0.07175216050787528,0.07915696915798613,0.08675398632755865,0.09495936388361319,0.10379711000732947,0.11328709234478303,0.12344392545825121,0.13348456847403833,0.15936663149620744,0.20800160864842637,0.2446025533789161,0.2618037761664955,0.28093072227334237,0.30034908404781413,0.319870755642036,0.33999331146952916,0.36000973363608724,0.37812947717927825,0.39465010433651343,0.41117172746911174,0.4273678922292155,penetration
1,Field Survey Technologies,Sensors,Hardware,%,EU Europe,Italy,0.0512886045367276,0.056528744316844855,0.06216545927646953,0.06827420620165554,0.07487578504642847,0.08198802164437258,0.08962489084257245,0.09624731723535143,0.11294025039141892,0.14290945383298093,0.16433768608903826,0.17409418035782745,0.18727557185519492,0.20067326994376802,0.21485912870413534,0.22890260922029437,0.24145112352806003,0.25325372817074693,0.2655241335546083,0.2775399315318679,0.28899356000276927,penetration
1,Field Survey Technologies,Sensors,Hardware,%,EU Europe,Lithuania,0.04611253890559714,0.05107105524797961,0.05630468895259821,0.06199290680588642,0.06815797110412714,0.07481963692734697,0.08199431709357487,0.08904504153777286,0.10754319260751388,0.14361729601176065,0.17196168006203344,0.18565644093609338,0.20021509749685507,0.21507758068861993,0.23086034985830958,0.24656771271487618,0.2607381729461025,0.27417077446827615,0.2881769468895421,0.30197475419856973,0.3152268837200514,penetration
1,Field Survey Technologies,Sensors,Hardware,%,EU Europe,Luxembourg,0.045288750433953036,0.05017230985788474,0.05545243902925011,0.06120434043468429,0.0674522931874997,0.07421806807415308,0.08152004591359704,0.0881181148696817,0.10518106214632585,0.13745970932841634,0.16193898377259816,0.17349957027610124,0.1873635192686413,0.2025217603252894,0.2174444131327931,0.2305564726188307,0.24334658081210064,0.25724820799149606,0.2708578269161724,0.2840745706922508,0.29680875986948996,penetration
1,Field Survey Technologies,Sensors,Hardware,%,EU Europe,Latvia,0.030380035220389262,0.03364849915975923,0.03717496568828186,0.041018854618361925,0.04519762246847031,0.049727354413040104,0.05462220701617079,0.059158560785475996,0.07091855942502592,0.09327950051328848,0.11033774163762264,0.11842395928834736,0.12809951991168436,0.13805723594167213,0.14821494405160812,0.15880801868875757,0.1695121736696327,0.1794782308685307,0.18882872626511824,0.1983187069333462,0.2077910914844412,penetration
1,Field Survey Technologies,Sensors,Hardware,%,EU Europe,Malta,0.0,0.0,0.0,0.0,0.0,0.0,0.0,0.0,0.0,0.0,0.0,0.0,0.0,0.0,0.0,0.0,0.0,0.0,0.0,0.0,0.0,penetration
1,Field Survey Technologies,Sensors,Hardware,%,EU Europe,Poland,0.04087721537659093,0.045249795958463665,0.049980958618220855,0.055134094036609446,0.06073137588130419,0.06679289796430123,0.07333590700349203,0.08051048151517937,0.10009917040801866,0.1418210493051192,0.17834915593072234,0.19734684666488303,0.21322357358277974,0.22948365674961385,0.24678808760950285,0.26407620715568203,0.27977951271016666,0.29474786937379593,0.3103894673481897,0.3258641621754103,0.34080616059673496,penetration
1,Field Survey Technologies,Sensors,Hardware,%,EU Europe,Portugal,0.07745352085616992,0.08584711505458807,0.09499293569354592,0.1049746943477521,0.11583909197728504,0.12762917420368752,0.14038282842035762,0.14950564832040855,0.17184363168834121,0.20973363738197842,0.23521870606521672,0.24640945742532852,0.26671045913964514,0.28756381662564307,0.30980207211299143,0.33209860209536546,0.35247744471476833,0.3720006892609303,0.3924440002956638,0.4127479898301835,0.43244756034786813,penetration
1,Field Survey Technologies,Sensors,Hardware,%,EU Europe,Romania,0.05726976562825415,0.06344525735545675,0.06991568988075189,0.07694052462080199,0.08454512427669614,0.09275138851598541,0.1015767040751462,0.11058815881140283,0.13450496383624683,0.18232230004748518,0.22102678931090325,0.24009753121442232,0.2585194676549543,0.2786113714804214,0.2982595270729338,0.3153133197645699,0.3318250535625346,0.3497479757107,0.36716660004550894,0.38394857839377594,0.39997822241847086,penetration
1,Field Survey Technologies,Sensors,Hardware,%,EU Europe,Slovakia,0.057472609657146095,0.06370088382278388,0.07047594023341139,0.07786889359128137,0.08591408040556753,0.09464310428717655,0.1040837238637665,0.11269472093512607,0.13504263120236204,0.17763504019259166,0.21021475092164818,0.22568531087215404,0.24423943344077753,0.2632932904210518,0.2836087901831852,0.30397105630978555,0.3225717517289914,0.3403835488398798,0.35903131307972225,0.37754560272787363,0.39550111942186306,penetration
1,Field Survey Technologies,Sensors,Hardware,%,EU Europe,Slovenia,0.08598278071112939,0.09545775018754116,0.10566337578528652,0.11680608656617522,0.12893881729133508,0.14211050399942757,0.1563644031629819,0.16772550152625681,0.1962476549940088,0.24704330483755346,0.2830428446099423,0.2993463893215789,0.32411891875864507,0.3495797409842148,0.37674198195146386,0.40399354892912964,0.4289299746965356,0.45284178415694537,0.477890200372901,0.502785889190106,0.5269619383353306,penetration
1,Field Survey Technologies,Sensors,Hardware,%,EU Europe,Sweden,0.09275429739307446,0.10643225310942278,0.12155830576573727,0.13822315183214234,0.15655065937002824,0.17666806785540262,0.19524246891184846,0.21169778440554338,0.25406226256645215,0.3334638362297652,0.3930423993318162,0.42099024501021504,0.4596336310492128,0.5004104802122621,0.5431987131731951,0.587842458811198,0.6341533668772588,0.6819127610319728,0.7308745175985599,0.7807685302372284,0.8313046118090207,penetration
1,Field Survey Technologies,Sensors,Hardware,%,EU Europe,Netherlands,0.10863737542574552,0.12027757291440987,0.13317102638405784,0.1472761078588841,0.16266996882842844,0.17942697608024627,0.19761684932401283,0.2151370330317832,0.261164335783777,0.35118203886326965,0.42215142619797785,0.4565167258452976,0.49593275107634605,0.537011498286175,0.5795209858846362,0.6231890133619618,0.667706796059744,0.7127338788952602,0.7579041437968798,0.8045239984436104,0.8499243367803088,penetration
1,Field Survey Technologies,GIS software,Software,%,EU Europe,Austria,0.22622766518539816,0.24256230599817374,0.25973442462384283,0.27770210074848595,0.2964436742502562,0.31592892541107237,0.33611879418163965,0.34951664693949736,0.38220967603150235,0.43730076911681776,0.47410067519087734,0.4901956781470566,0.5118990524594393,0.5329624196647249,0.5532809410346661,0.5727657559535703,0.5913449216157082,0.6089636809869435,0.6255841205420696,0.6411843089841156,0.6557570261842436,penetration
1,Field Survey Technologies,GIS software,Software,%,EU Europe,Belgium,0.147438588899943,0.1582298593077531,0.16930469726394567,0.18088103035877443,0.1929436144872764,0.2054716826072364,0.21843878307488887,0.22707169151034978,0.2481138069217157,0.28349622745016795,0.3070783110832594,0.31737904708895026,0.3311825639615654,0.3445514563536734,0.3574189524333205,0.3697287961069412,0.3814358141213395,0.3925060475616392,0.402916489641182,0.4126544905459926,0.42171690133487755,penetration
1,Field Survey Technologies,GIS software,Software,%,EU Europe,Bulgaria,0.13804577384414957,0.1476631479003675,0.15715232934895473,0.16699847581712113,0.17718095922134092,0.18767447340351184,0.19844901797876302,0.20580581839574189,0.22359115259027545,0.25303763532913204,0.2723502596687007,0.2807089355302688,0.29133618897914343,0.30146024380446945,0.3110301709319863,0.3200053236956232,0.32835556404916366,0.3360611041598783,0.34311201340328845,0.3495074549087301,0.355254722775871,penetration
1,Field Survey Technologies,GIS software,Software,%,EU Europe,Cyprus,0.08080764217401684,0.08673213924203066,0.09292300918537634,0.09940538747728841,0.10617198835632748,0.11321244232276038,0.12051318708837708,0.12534659966927586,0.1371505665381919,0.15707239221389035,0.17040150957278447,0.17623667173769506,0.18413999884916077,0.19182155328663753,0.19924321112912863,0.2063725226676753,0.213183066771687,0.21965456409382586,0.22577277038919197,0.2315291820421541,0.23692059255113018,penetration
1,Field Survey Technologies,GIS software,Software,%,EU Europe,Czechia,0.15748206605033196,0.1688942442796916,0.18085998416707258,0.19338090016523557,0.2064419903953845,0.22002228885133387,0.23409466840599377,0.2434310154545113,0.2662149649413763,0.30461364587299183,0.3302670826289658,0.3414879571779121,0.3566249124741487,0.3713174653546379,0.3854925046482516,0.3990880378807174,0.41205384880932283,0.4243516870580228,0.43595503255715373,0.44684849820348815,0.45702694674899996,penetration
1,Field Survey Technologies,GIS software,Software,%,EU Europe,Germany,0.2131905237329269,0.22879428532037632,0.2451198593959301,0.2622136373927511,0.28005634875371443,0.2986205906929545,0.3178705414858118,0.3306160869338015,0.36174169096988296,0.414269684677975,0.4494122604267486,0.4647962202618807,0.4856289408107823,0.5058758495951177,0.5254364476448438,0.544225208608563,0.5621725115293872,0.5792249375551743,0.5953449867868923,0.6105102999831521,0.6247124873766126,penetration
1,Field Survey Technologies,GIS software,Software,%,EU Europe,Denmark,0.2398537495326737,0.2570245870625005,0.27417925357396494,0.29203705454883966,0.31056656633623314,0.3297278432363609,0.34947229092913307,0.36279878379465597,0.3951326081667206,0.449031792982186,0.4846315853941817,0.5001013429901506,0.5202673679842377,0.5396256279577837,0.5580786505684528,0.5755465592260091,0.5919676952789975,0.607298552507763,0.6215131030286642,0.634601620983424,0.6465691251913702,penetration
1,Field Survey Technologies,GIS software,Software,%,EU Europe,Spain,0.12424698217277742,0.13331002773241102,0.1422964783184007,0.1516592608917497,0.16138274175949005,0.17144681609748785,0.18182682818306303,0.1888125816406509,0.20577803148361526,0.23410937036023902,0.2528566797077974,0.2610118975530879,0.27170665990399323,0.2819925774798103,0.29181790300091254,0.30113996728369885,0.3099255335643094,0.31815079282982006,0.32580104005038046,0.3328700857127684,0.33935946510134835,penetration
1,Field Survey Technologies,GIS software,Software,%,EU Europe,Estonia,0.2549665017274883,0.273627915171576,0.2920427581423719,0.31122604325848996,0.33114545032371745,0.35175949910009097,0.37301739044509713,0.3873308271746296,0.4220866468957714,0.48010958276620375,0.5184924055218723,0.5351862592741184,0.5570570065214815,0.5780850541401367,0.5981645941513696,0.617208468992745,0.6351488879414657,0.6519374074583427,0.667544257728559,0.6819571273277704,0.6951795343301747,penetration
1,Field Survey Technologies,GIS software,Software,%,EU Europe,Finland,0.28564819838126015,0.30655525516493476,0.3285442981264569,0.3515786979836664,0.37563369614893205,0.4006735872380176,0.4266513151335875,0.4438258528686267,0.48578928263775933,0.5566778453360597,0.6041536185992931,0.6249490451094556,0.6531883411496525,0.6806590975225247,0.7072252283637258,0.7327706178684309,0.7572004117471137,0.780441454326262,0.802441944954226,0.8231704260281276,0.8426142389294651,penetration
1,Field Survey Technologies,GIS software,Software,%,EU Europe,France,0.148670759482156,0.1587846586431544,0.1691451422295656,0.17990944735465209,0.19105648372539974,0.20256003907135553,0.2143887377831168,0.22242562192820478,0.2418838696472022,0.27418995257910156,0.29543911488118935,0.3046509887535921,0.31649162951631116,0.3278077965006022,0.33854249488513266,0.3486497143290796,0.3580947295266704,0.36685398249605095,0.3749145984096885,0.3822736026421825,0.38893691487803,penetration
1,Field Survey Technologies,GIS software,Software,%,EU Europe,Greece,0.12747632887228635,0.13680652896250375,0.14604767392142282,0.15567752367576318,0.16568017943859417,0.17603514332213777,0.1867172334365312,0.19390199642683287,0.21135418836592465,0.24050920209970336,0.2598090118179867,0.2682064269628806,0.2792322960135831,0.28984080543464624,0.29997859740953686,0.3096016195811934,0.3186754954402241,0.3271755258240284,0.33508636222126265,0.34240140754097514,0.34912200834079327,penetration
1,Field Survey Technologies,GIS software,Software,%,EU Europe,Croatia,0.10133910568317285,0.10861624621513113,0.11623428177882295,0.12419872384748612,0.1324992443962318,0.14112171650608918,0.15004810074142447,0.15598736774434602,0.17046686201452807,0.19482361643537893,0.21106374709911552,0.2181591399329022,0.2276782299063892,0.2369010652224373,0.24578160873947885,0.2542810305808239,0.2623681031065755,0.27001929653689855,0.2772186037680585,0.28395713593633704,0.29023253806462573,penetration
1,Field Survey Technologies,GIS software,Software,%,EU Europe,Hungary,0.13480085540786557,0.1447696301256825,0.1546574553367669,0.1649710375102467,0.17569440126239097,0.18680664446240133,0.19828183081460227,0.2059753698532552,0.22468327065680044,0.2559989472376208,0.27677248167221813,0.28582194660337706,0.29778143241444677,0.3093122145292266,0.32035638757344015,0.330865829016134,0.3408026299898084,0.3501391330764231,0.35885761869973104,0.3669496980421464,0.37441547967426736,penetration
1,Field Survey Technologies,GIS software,Software,%,EU Europe,Ireland,0.21288603934025913,0.22730486024746566,0.24104385210938536,0.2552271356166318,0.2698180535058666,0.28477334976401253,0.30004326760888944,0.31065865948816956,0.3361820105912477,0.3780104746777194,0.40515719896005875,0.41683698694797333,0.43108432538442865,0.44448348510793523,0.456968104882865,0.4684878792083874,0.47900861245308934,0.4885117097771021,0.49699319123014274,0.5044623335571973,0.5109400514732906,penetration
1,Field Survey Technologies,GIS software,Software,%,EU Europe,Italy,0.12251006220616353,0.1307413459910992,0.13918231537182318,0.14794442771345614,0.1570097198331377,0.16635606751446463,0.17595716503792516,0.18250090218650453,0.19832850359548987,0.2245581723966317,0.2417776617947517,0.24923449923711194,0.25875449878923285,0.2678336098632756,0.2764261353530718,0.2844954602525682,0.2920142676830938,0.2989644131673602,0.30533650088207237,0.3111292183149819,0.31634849210735466,penetration
1,Field Survey Technologies,GIS software,Software,%,EU Europe,Lithuania,0.21467460047333142,0.2302126562783975,0.2456915528450645,0.2618151084378239,0.278556024125099,0.2958793023650008,0.3137421156046472,0.3257727587058179,0.3549829643159017,0.4037397684007164,0.43598742068904794,0.4500115313213893,0.46837458182626795,0.48602701324070846,0.5028799948482361,0.5188603950048559,0.5339113788530164,0.5479923871095111,0.561078565330848,0.5731597379493986,0.5842390351030567,penetration
1,Field Survey Technologies,GIS software,Software,%,EU Europe,Luxembourg,0.19991673954719422,0.2145489712553095,0.2296710072181192,0.24548748895999956,0.2619786641876467,0.279117241014795,0.2968681510026553,0.3086623485372758,0.33742964901514805,0.38586528598765973,0.418191383604234,0.4323226362186766,0.4513322432582325,0.46976662587813556,0.48753390104473243,0.5045563683365035,0.5207713169258009,0.5361312397371379,0.5506035101276775,0.564169602436119,0.5768239534197911,penetration
1,Field Survey Technologies,GIS software,Software,%,EU Europe,Latvia,0.17526587018271597,0.1878806887100837,0.20084178687537105,0.2143726910799695,0.22845370943255006,0.24305868780298207,0.2581548493216265,0.26824700230776716,0.29281118259357525,0.3340052358766932,0.3613838889940568,0.3733237575775956,0.3891940643219839,0.4045239148130654,0.41923647109845313,0.4332675099868852,0.4465660283480587,0.4590943353269434,0.4708276837962534,0.481753515015637,0.4918704030290012,penetration
1,Field Survey Technologies,GIS software,Software,%,EU Europe,Malta,0.0,0.0,0.0,0.0,0.0,0.0,0.0,0.0,0.0,0.0,0.0,0.0,0.0,0.0,0.0,0.0,0.0,0.0,0.0,0.0,0.0,penetration
1,Field Survey Technologies,GIS software,Software,%,EU Europe,Poland,0.1696988157648532,0.18188918179196,0.19448500516848355,0.20763895106796354,0.2213323529402358,0.23554026323270877,0.2502312900658163,0.2600418219789642,0.28392941596195653,0.32401710265217204,0.3506800457136965,0.3623127000242789,0.3778082676982671,0.3927866975629328,0.4071729764140205,0.42090427188164603,0.43393053570118284,0.4462146091764439,0.45773188084150634,0.4684695674752858,0.4784257019838835,penetration
1,Field Survey Technologies,GIS software,Software,%,EU Europe,Portugal,0.11410123013371427,0.12245248496749653,0.13116697547201972,0.14028939945816865,0.149809232468839,0.15971160800879108,0.16997716805347857,0.1767791849351999,0.19338586936636296,0.22139749853155388,0.24012816158557904,0.24832518788109512,0.25940976538941984,0.2701775647171623,0.2805750871283116,0.2905568653439451,0.30008595440567787,0.3091340825470293,0.31768149248199296,0.32571651869038654,0.33323495557063026,penetration
1,Field Survey Technologies,GIS software,Software,%,EU Europe,Romania,0.15778082160164952,0.16932905686199465,0.1807299609220474,0.1926070901229234,0.2049404835303289,0.2177045087221067,0.2308677626407204,0.23972970409374725,0.2612491750255642,0.29717773975683437,0.32094694207380026,0.33128539945342994,0.3448336251030993,0.35786096876472345,0.3703018831152997,0.3821023593403978,0.39322037234927226,0.40362587034784064,0.41330035961690537,0.422236153714193,0.4304353664819343,penetration
1,Field Survey Technologies,GIS software,Software,%,EU Europe,Slovakia,0.19018817349058073,0.20410835560719862,0.21859866308927908,0.2337640211894961,0.24958656747122335,0.2660412181437735,0.2830954249253905,0.2944034610819673,0.3220046340793608,0.3685399973958129,0.3996420141199739,0.41324928877118905,0.4316258822778808,0.4494695313133775,0.4666915062558831,0.4832164917962486,0.4989833923314892,0.5139455713241752,0.528070575815785,0.5413394224293079,0.5537455365373002,penetration
1,Field Survey Technologies,GIS software,Software,%,EU Europe,Slovenia,0.18544520586880942,0.19934624266576603,0.21360560222994382,0.22853918441986196,0.2441305214711071,0.26035604451778877,0.27718482775813297,0.28831952273767875,0.31551796571871416,0.3614398716401127,0.39217784973164826,0.40563745746785757,0.42388815685974757,0.4416334168333565,0.45878523634844254,0.4752686321844533,0.4910224643660482,0.5059997067413938,0.5201672111820156,0.5335050388547444,0.5460054474411967,penetration
1,Field Survey Technologies,GIS software,Software,%,EU Europe,Sweden,0.299421902489999,0.32133707910623277,0.3444665405198501,0.3687030203393344,0.3940213169577519,0.420384719631654,0.44774457119931926,0.465815102962495,0.5099830736325596,0.5846451540923041,0.6346828761980375,0.6566092747161154,0.6864388597675231,0.7154744397426258,0.7435723757331449,0.7706098966982332,0.7964864822788921,0.821124348634859,0.8444681133595423,0.866483756361193,0.8871570190562464,penetration
1,Field Survey Technologies,GIS software,Software,%,EU Europe,Netherlands,0.2264938461018828,0.24245666039922142,0.2594572042589786,0.2772303666927002,0.29575305258531465,0.31499368908488246,0.33491197275797496,0.34816586169228575,0.38047699053441897,0.4348265248012381,0.47106271985742476,0.4868940023641834,0.5081298247946665,0.5287037151375604,0.5485129676903205,0.5674709683861532,0.5855080747739321,0.6025718278799692,0.6186265597275081,0.6336524893207568,0.6476444172470327,penetration
2,Remote Sensing Technologies,Drones,Hardware,%,EU Europe,Austria,0.06608886504864293,0.07398685962914642,0.08273101455631696,0.09237530323448427,0.1029802275101353,0.11460273650714307,0.12729413911281764,0.13842391635209436,0.16696042057856203,0.21999420475623935,0.25940664626624155,0.2777834013108948,0.3040094594316715,0.3283006720727283,0.3506718643431948,0.37452119821845287,0.3998558020884819,0.4249023379114548,0.44943226458664337,0.4732347813551307,0.49612349137373735,penetration
2,Remote Sensing Technologies,Drones,Hardware,%,EU Europe,Belgium,0.035283665322711856,0.0395058072645974,0.044103502037118374,0.049160767202911786,0.05470553422505981,0.060763198926950555,0.06735549044578838,0.07355730949539807,0.08964096568169941,0.12024747979944832,0.14361745373320275,0.1547021747080454,0.16528921437942695,0.17572584411316497,0.18863098553640378,0.2015191415915027,0.21426561925945978,0.22675028116957455,0.23886186774560356,0.25050166040509525,0.2615862477284559,penetration
2,Remote Sensing Technologies,Drones,Hardware,%,EU Europe,Bulgaria,0.0399100113413581,0.04455312714287225,0.049489163916236124,0.05488964692670399,0.06077903721450653,0.06717860780105997,0.07410528677824653,0.08214363515145046,0.10418622083605732,0.15160604580533046,0.19365802393551365,0.2157292966163406,0.23193771070929484,0.2461328995127907,0.2615664266496968,0.27827233042873045,0.29464205967678825,0.310511198475882,0.3257294417006681,0.34016552517644766,0.35371086851051886,penetration
2,Remote Sensing Technologies,Drones,Hardware,%,EU Europe,Cyprus,0.02369162742436168,0.026529709107536062,0.029655637529885624,0.03309904643224588,0.036879984951203815,0.041016891384484035,0.04552581794128544,0.050047150881338806,0.06205679848867687,0.08611081050421807,0.10562268660974962,0.11525056310112465,0.12329736464095074,0.13125249211709383,0.14107419970276544,0.1509084322671329,0.16066169136134842,0.17024341402815454,0.17956924266156926,0.18856382420337475,0.19716295484175744,penetration
2,Remote Sensing Technologies,Drones,Hardware,%,EU Europe,Czechia,0.07641590951137063,0.08554713356850545,0.09563514836989019,0.10675542880989423,0.11897572494499421,0.13235927151024365,0.1469623442251982,0.16198292830408245,0.20237423414405806,0.2854959447998351,0.3551930059709882,0.39036478054432977,0.4261411715610511,0.4562859728079358,0.4861666820053269,0.5209393775308742,0.5555560526084875,0.5896909028650366,0.6230348407329424,0.6553061294638942,0.6862590265469666,penetration
2,Remote Sensing Technologies,Drones,Hardware,%,EU Europe,Germany,0.07963710419009914,0.08921351805262026,0.09978113201283813,0.11143626494779828,0.12425120945678753,0.13829367589786853,0.15362422690514868,0.16790790001864234,0.20515728026519592,0.2768752390362961,0.3323855911865742,0.35894556130052024,0.3920280497620305,0.4199585732551376,0.44767229011849613,0.47991894575463084,0.5120522499947331,0.5437715861455107,0.5747911904100382,0.6048500029775006,0.6337197088649608,penetration
2,Remote Sensing Technologies,Drones,Hardware,%,EU Europe,Denmark,0.06272901471327753,0.07015100097721541,0.07810279567337078,0.08682560203473737,0.09636343451007721,0.10675563316031579,0.1180349674166178,0.12822647080703992,0.1542019641675071,0.20189089763027768,0.23684709840991736,0.2530072340311811,0.2726460964077435,0.2900134202527252,0.30892902391900184,0.3294405897333931,0.34964892081306553,0.36935593900868485,0.38837852031141634,0.40655457595160066,0.4237476766217081,penetration
2,Remote Sensing Technologies,Drones,Hardware,%,EU Europe,Spain,0.01780510727396256,0.019936954260162572,0.02221073514152438,0.02470674713530612,0.0274379367682214,0.030415950633341828,0.033650590677148755,0.036761260300982763,0.04484975265234071,0.060327476864671686,0.07222193375790557,0.07788691580666968,0.083985104239678,0.08939073127564873,0.09528060818607702,0.10167035232487882,0.1079744069651754,0.11413139756358291,0.12008442004603796,0.12578293643736677,0.13118422655360873,penetration
2,Remote Sensing Technologies,Drones,Hardware,%,EU Europe,Estonia,0.08359357838179744,0.09364576085345387,0.10434186556089103,0.1160885620346482,0.12894847878765264,0.14297846577443737,0.15822705186838673,0.1723149388171363,0.20858013102295306,0.2765334359490601,0.32750756165577144,0.35141491242907297,0.38235031792892193,0.40804069534952736,0.433321217367627,0.4627754906141569,0.4918916468926911,0.5203845489017225,0.5479875601392165,0.5744615918770793,0.5996022281766422,penetration
2,Remote Sensing Technologies,Drones,Hardware,%,EU Europe,Finland,0.08917579952406247,0.09994622208553143,0.11188267997846808,0.12506746510136613,0.13958810157857904,0.15552801248732667,0.17296369700325429,0.1881930085493162,0.22736140502010446,0.30061900084208437,0.3554562181179564,0.38114127366326717,0.41839664568604246,0.45546396767896635,0.4879458599999262,0.5201951084231072,0.5564064239228984,0.5923497367837964,0.6276986037107275,0.6621479043316615,0.6954237592213987,penetration
2,Remote Sensing Technologies,Drones,Hardware,%,EU Europe,France,0.02783690070204888,0.031034288270027896,0.03451256317131389,0.03832419125834095,0.04248784853319481,0.04702015967037387,0.05193488247351358,0.05637867004525077,0.06768865250580064,0.08839295709051734,0.10352023701431015,0.11049955250523968,0.11999599129079218,0.12781261223732576,0.13547062566320345,0.1444010934371639,0.15319145089388095,0.16175377496176055,0.17000656064210112,0.17787746394321094,0.1853054188817951,penetration
2,Remote Sensing Technologies,Drones,Hardware,%,EU Europe,Greece,0.010009033521844523,0.011210027244978233,0.012490139127396929,0.013895571084340565,0.015433654287742227,0.017110992412215194,0.018933154683597624,0.020549690170176813,0.024656901966994917,0.03214946321053402,0.037602478524845814,0.04011231418685986,0.043258550609225815,0.04604883801802462,0.04908934003962725,0.05238820140604956,0.055643760731110964,0.058824367947996954,0.061900660947360846,0.06484654434974302,0.06763994014266755,penetration
2,Remote Sensing Technologies,Drones,Hardware,%,EU Europe,Croatia,0.05622667873470486,0.06290687086333038,0.07027841604746483,0.07839822068136447,0.08731450665850558,0.09707205440425201,0.10771042306422852,0.1184206639545228,0.14695581770073576,0.2044890295081987,0.25153481796980703,0.27487446392769627,0.2998672735963998,0.3208665918938924,0.341652327771355,0.3658458950213628,0.38989771599459877,0.4135795379415613,0.43667543066855324,0.45898919494128676,0.48035034799448234,penetration
2,Remote Sensing Technologies,Drones,Hardware,%,EU Europe,Hungary,0.023972842236024115,0.026868386819837147,0.029957652251585667,0.03335204549825849,0.03706981488909228,0.04112751063518814,0.04553924046460783,0.049815642143159665,0.06098921554858769,0.0825899361188149,0.09938885491803459,0.10745137389215581,0.11596095780334602,0.1235276218948474,0.13177656219324752,0.14073108747107732,0.14958174823943418,0.1582431702134238,0.1666358982193725,0.17468905414770053,0.18234239108356348,penetration
2,Remote Sensing Technologies,Drones,Hardware,%,EU Europe,Ireland,0.04726347162577002,0.052665281081841854,0.05828872171872482,0.06441591386610811,0.07106979407720643,0.07826921983055429,0.08602769887124954,0.09373689840800126,0.11359715003876972,0.15086991014896298,0.17887998891519286,0.1920319256646265,0.20571558724513558,0.21752712925153503,0.23034641793175498,0.24418966272610831,0.25763791625796684,0.2705515896244169,0.2828053517430601,0.2942921596492226,0.3049260907369334,penetration
2,Remote Sensing Technologies,Drones,Hardware,%,EU Europe,Italy,0.022504509898106307,0.025063862469169675,0.027847864148543088,0.030894722652890453,0.03421842006557719,0.03783116096768883,0.041742719400826835,0.045376681424835114,0.05466031799080472,0.07178558742813453,0.08440577717514403,0.09025941310203381,0.09706664881875836,0.10303861979067055,0.10953472827680329,0.11656855561073277,0.12346608752045128,0.1301582695691809,0.13658187417054934,0.14268157810194787,0.14841150393012648,penetration
2,Remote Sensing Technologies,Drones,Hardware,%,EU Europe,Lithuania,0.04063563090851568,0.045487646730822756,0.050680271600960974,0.05638255566767286,0.06262482685138852,0.06943459983635822,0.07683534222603895,0.08406818370213746,0.10300239213392931,0.13975391646021013,0.16847129289000837,0.1822963825020343,0.19833269287010033,0.2116466122435103,0.22474642188858643,0.24000935558906103,0.2550951830562684,0.26985607094522807,0.2841538133840477,0.29786452016037823,0.31088230678847173,penetration
2,Remote Sensing Technologies,Drones,Hardware,%,EU Europe,Luxembourg,0.02675342492447514,0.029954814474840344,0.03345630251306171,0.03730978025851278,0.04153693775793861,0.046157578264265975,0.051188754292259046,0.05591109878091495,0.06816508031075426,0.09151247580985557,0.10936494494253188,0.11784030054369064,0.12596245345034207,0.13397735717494688,0.1438825000128321,0.1537837400767439,0.1635858660894594,0.17319697178886012,0.18253176657558606,0.19151439148170168,0.20008055675345446,penetration
2,Remote Sensing Technologies,Drones,Hardware,%,EU Europe,Latvia,0.08219762824473094,0.09200104862833448,0.10270043085873687,0.11447892019531236,0.1274058079377277,0.14154551053315345,0.15695503479453052,0.17135458720750163,0.2088015538677355,0.2804768883209201,0.33557530952515247,0.3618221909668911,0.3953135829412223,0.426179095698386,0.4544509608618776,0.4845384434891806,0.5164413050028024,0.5478635664646296,0.5785132078921511,0.6081229870838986,0.6364587871475247,penetration
2,Remote Sensing Technologies,Drones,Hardware,%,EU Europe,Malta,0.0,0.0,0.0,0.0,0.0,0.0,0.0,0.0,0.0,0.0,0.0,0.0,0.0,0.0,0.0,0.0,0.0,0.0,0.0,0.0,0.0,penetration
2,Remote Sensing Technologies,Drones,Hardware,%,EU Europe,Poland,0.030493607728684695,0.034117311193675164,0.03808364297702273,0.04244851806099421,0.047237025008513206,0.052472307247142205,0.05817460967753849,0.06427084525415883,0.08080674364145005,0.11550531940708733,0.1453156885229758,0.16061456058698315,0.17507308960950504,0.1871779268888011,0.19913808295784022,0.2130629475473365,0.22688210455771501,0.24046307754167062,0.25368098839572245,0.2664228270239343,0.2785908744446654,penetration
2,Remote Sensing Technologies,Drones,Hardware,%,EU Europe,Portugal,0.024737814200895734,0.027706128725418246,0.030974587890821973,0.03457671597524957,0.038534097462624615,0.04286676436528234,0.04759239598547689,0.05166741024551502,0.06202917989248942,0.08096188131813409,0.09476558571240583,0.10112595405185296,0.10942736941895162,0.11688041692750387,0.12501995870116156,0.13387353382224337,0.14267464309859335,0.1513410250637654,0.15979521459631196,0.16796716883950952,0.17579635269317234,penetration
2,Remote Sensing Technologies,Drones,Hardware,%,EU Europe,Romania,0.0294767322672753,0.033013674206197545,0.03677606971826357,0.040905836986364,0.04542432641089182,0.05035073003882984,0.05570118072132287,0.061086939584233266,0.0752893630319054,0.10329169930744637,0.12558203521814532,0.1364440494448446,0.147115926426426,0.1565731350963547,0.16687704863522868,0.17805482642181727,0.18908086538816687,0.1998477307946004,0.21025584757665455,0.22021681620396152,0.22965594986906487,penetration
2,Remote Sensing Technologies,Drones,Hardware,%,EU Europe,Slovakia,0.056940838893934385,0.06378801201095047,0.0713198169603542,0.0796235858337949,0.08875017155991911,0.09874708598355751,0.10965667420935012,0.11978382429209204,0.14613931965737736,0.19666246307913238,0.23557003565312412,0.2541254175936363,0.2774534003651693,0.29712059278667574,0.3166211385384268,0.3393133753347422,0.3619101429225876,0.3841991309618742,0.40597880650997026,0.4270653516167756,0.44729830912490504,penetration
2,Remote Sensing Technologies,Drones,Hardware,%,EU Europe,Slovenia,0.04237974789372448,0.047554184971830754,0.053195851129424696,0.05941924658121802,0.06626321090946921,0.07376416498381395,0.08195474034454675,0.08916317248427234,0.10765361370505273,0.1420485434983951,0.16763577701553614,0.17957398376448622,0.19615673785997614,0.21016664830492096,0.22407263344134737,0.24025241289969093,0.2563807420598136,0.2723070530535659,0.2878881183689038,0.30299299170851773,0.3175070467372832,penetration
2,Remote Sensing Technologies,Drones,Hardware,%,EU Europe,Sweden,0.07886754251504353,0.08843012565921433,0.09906059840764461,0.11081770179922043,0.12378393003405946,0.1380390098607519,0.15365746639058903,0.16716846615530065,0.20182909109258299,0.26631590051509885,0.31430016847431874,0.3366913301922622,0.36788907243558994,0.4022820228201203,0.4365570119720906,0.4672722845396833,0.49772744706383293,0.5311068920880906,0.5641079684593311,0.5964416486030695,0.6278423319242288,penetration
2,Remote Sensing Technologies,Drones,Hardware,%,EU Europe,Netherlands,0.06822186988119726,0.07617392973183787,0.08502632571159364,0.09475930637660018,0.10542522239551863,0.11707126850404638,0.1297372931314978,0.1416209124049888,0.1724911853873733,0.2314424066177518,0.2766384836931818,0.2981313721435845,0.31721974864118224,0.3389667471515267,0.36356924543404895,0.3880972639464981,0.41231419718989926,0.43599376822819885,0.45892807980766415,0.48093430143210286,0.5018595750125099,penetration
3,Decision Support Systems,Total,Software,%,EU Europe,Austria,0.04390288527676506,0.04938110413916254,0.05547290518878579,0.062220403049099024,0.06966994740129633,0.0778651480314359,0.08684514683080864,0.09437298291595675,0.11327231158662125,0.1469326818930576,0.17078992684654437,0.1815949087638025,0.19481548125684356,0.20797981563265697,0.22432419961000166,0.24072918435158536,0.2570275628594424,0.27305585637357616,0.2886606711045138,0.30370424529251944,0.3180687836397527,penetration
3,Decision Support Systems,Total,Software,%,EU Europe,Belgium,0.017988892017648334,0.020227432473846875,0.022674848518004723,0.02537553387103105,0.028345056562169603,0.031597336805954716,0.03514392994905114,0.03789298767887543,0.04478549228779879,0.05702858817444739,0.06568078587743925,0.06959250785402359,0.07540598549722684,0.0812934061103013,0.08719430322184639,0.09304729880378375,0.09879258327862034,0.10437427182928241,0.10974244368034611,0.11485471460200336,0.11967725406530996,penetration
3,Decision Support Systems,Total,Software,%,EU Europe,Bulgaria,0.006732247684399499,0.007545351052989478,0.008413231531634464,0.009365117720954944,0.010405303696926544,0.01153737411017581,0.012763960917895665,0.013739218530248768,0.016169240192964885,0.02043294015004697,0.023406127057108567,0.024739631638396334,0.02666155941018638,0.028588017076805274,0.03049761020182084,0.03236908723143026,0.03418219993956542,0.0359184934373958,0.03756196171008622,0.03909952229596399,0.04052128654322483,penetration
3,Decision Support Systems,Total,Software,%,EU Europe,Cyprus,0.012282485398070843,0.013812520920641736,0.015503838100837187,0.017372913595588648,0.01943110242410321,0.02168868563477851,0.02415437032734712,0.026067357991551618,0.030878902172462572,0.03947977546908744,0.04560020153282215,0.04837885403369032,0.05248818450447947,0.056659624631323936,0.060851196986205364,0.06502006889525175,0.0691242828407202,0.07312441367996735,0.07698501633313351,0.08067575679390171,0.0841721612440923,penetration
3,Decision Support Systems,Total,Software,%,EU Europe,Czechia,0.017518573089137957,0.019685277627173273,0.022084738020531486,0.024734897715583317,0.02765154054015767,0.03084889105834104,0.03433890760980084,0.037054409823655786,0.04388179207014905,0.0560766517274842,0.06474722486224287,0.06868161966757212,0.07447850227899126,0.08035770190562641,0.086259586625375,0.0921234310070786,0.09788986946714581,0.1035032387394452,0.10891361693390643,0.11407840871789678,0.11896338600986317,penetration
3,Decision Support Systems,Total,Software,%,EU Europe,Germany,0.032974728876880036,0.037123476837309995,0.041724955621491734,0.04682469070850829,0.05245835949708947,0.05865964912564977,0.06545894870156413,0.07116553288953696,0.08551546626724707,0.11115506502958716,0.12939126893966338,0.13766795608075091,0.1477677929849269,0.15783547989735855,0.17032825535190246,0.18288009577200656,0.19536399130793217,0.207655501536421,0.21963759927180307,0.23120491317866756,0.24226706003449328,penetration
3,Decision Support Systems,Total,Software,%,EU Europe,Denmark,0.021930025247120663,0.024652298850089745,0.027588701299378512,0.030827399080815422,0.03438771081433989,0.03828728890279938,0.04254130165588101,0.04614919538906163,0.05515260496673291,0.07099742260335933,0.08208238113629453,0.08706373356500532,0.09304880564133891,0.09896058290401204,0.10633369396893058,0.11367821283274372,0.12091548154122339,0.12796978066455703,0.13477125283642777,0.14125838278579617,0.14737985801165965,penetration
3,Decision Support Systems,Total,Software,%,EU Europe,Spain,0.003511134211546976,0.0039471485314595345,0.004414056330126919,0.0049278721553151815,0.0054912642053228785,0.006106554800039304,0.006775586147476805,0.00729896484930592,0.008607027488397366,0.010915949077721126,0.01253651633959263,0.01326618072312894,0.014339698162868841,0.015421985046347878,0.01650151567657481,0.01756670314110026,0.018606367799145474,0.019610175753794718,0.02056901152296245,0.02147525796715241,0.022322968473667323,penetration
3,Decision Support Systems,Total,Software,%,EU Europe,Estonia,0.034382427367803385,0.03870828629902933,0.043341496047005455,0.048454670635053564,0.054078937115008434,0.060242864906152584,0.06697117149989483,0.07268801297357266,0.08697972662363376,0.11221996306559054,0.12994550646011205,0.13792920561465177,0.147487723083188,0.15693992221802372,0.16872063831806894,0.18046819143372894,0.19205758286492877,0.2033682234485491,0.21428859385683854,0.22472021388850302,0.23458063831145495,penetration
3,Decision Support Systems,Total,Software,%,EU Europe,Finland,0.09141795054518191,0.10289522601298094,0.11565885328351093,0.12980206271571634,0.1454224144472675,0.16261156677411276,0.18145160741278213,0.1971971740875605,0.23687702354981519,0.3080811024474737,0.35896581170963604,0.3821267421049833,0.4085092557187993,0.4388080741539725,0.473246620254321,0.5078013975783666,0.5421240568923287,0.5758756147818671,0.6087395558727685,0.6404331048302941,0.6707158705511393,penetration
3,Decision Support Systems,Total,Software,%,EU Europe,France,0.003935595234521061,0.004404052370158842,0.004915034077452592,0.005476054366505998,0.0060897619360026755,0.006758399982582755,0.007483661932362516,0.008053925449699744,0.00947434561288684,0.011964919414264882,0.013700390277049408,0.014478427969229407,0.015618350582842392,0.01676312917267769,0.017900217456583843,0.019017104350591073,0.020101820267427194,0.021143404901720734,0.022132298498098574,0.023060628715457093,0.023922378458265163,penetration
3,Decision Support Systems,Total,Software,%,EU Europe,Greece,0.0016101873314026242,0.001811728806842834,0.002027756331022937,0.0022658919878761575,0.0025274936679037436,0.002813780986995321,0.0031257737277870386,0.003383702939873217,0.00402797182135639,0.005163930224029861,0.005960260518892735,0.006318550144477109,0.00668568015092551,0.0072086812944930564,0.007733269415350026,0.008253845837730053,0.008764893043663223,0.00926119448858358,0.009738031349902984,0.010191340987314593,0.010617826918107984,penetration
3,Decision Support Systems,Total,Software,%,EU Europe,Croatia,0.003777532235332315,0.004242139736739134,0.004756061763462596,0.00532325365370273,0.00594700333559717,0.006630254743995817,0.007375457102773333,0.007953078738189161,0.009401748192663125,0.011976567836464214,0.013797398709871208,0.01462093763842264,0.015844459880273914,0.01708385279906345,0.01832641399873484,0.01955924257622396,0.020769760376096475,0.02194620766011394,0.023078072511042665,0.024156422412248545,0.02517411927905327,penetration
3,Decision Support Systems,Total,Software,%,EU Europe,Hungary,0.004104579250756578,0.00461862318179249,0.00516926736328424,0.005775806280654484,0.0064415085614408975,0.007169247435798341,0.007961341340353529,0.008579260250650091,0.010125462448794543,0.012861231352395884,0.01478636130396823,0.015654498444618574,0.016935394614358685,0.018228781978267532,0.019521054393570592,0.020798487799375657,0.022047794957993475,0.02325664737719375,0.024414121737615334,0.02551103837185373,0.026540173324330632,penetration
3,Decision Support Systems,Total,Software,%,EU Europe,Ireland,0.023712892420388213,0.02652803853508896,0.02947240291132452,0.03268835840064197,0.03618778675778438,0.039979922290358266,0.04407055931887715,0.04736435344388888,0.05552980516217479,0.06971499764194597,0.07950127121110566,0.08386273038372549,0.09005733740342903,0.09622222042841287,0.1022857036657888,0.10817760626085492,0.11383209023289434,0.11919021389111788,0.12420198554083758,0.1288277763672808,0.1330390304778437,penetration
3,Decision Support Systems,Total,Software,%,EU Europe,Italy,0.012987904006556724,0.014522431291192066,0.01619695980237709,0.018034115118626255,0.020042298088869023,0.022228553799439058,0.02459810170892803,0.026472173985618144,0.031139935124719974,0.03932371571913657,0.04502577407246273,0.04758195176496893,0.05129512884935104,0.05501943989086757,0.05871370623262462,0.0623369706811263,0.06585015551187753,0.06921758798299865,0.07240826960628065,0.07539679914223546,0.07816390307045433,penetration
3,Decision Support Systems,Total,Software,%,EU Europe,Lithuania,0.007808737962877073,0.008773814559388552,0.00981008000153149,0.010950244250012713,0.012200184824113391,0.013565007092256628,0.015048746759495697,0.016213139125738577,0.01912449400036738,0.02426774732445589,0.027880925168217677,0.029508649622536062,0.031891366788608266,0.034292811823831454,0.03668735069202599,0.03904922987474194,0.04135361771162456,0.04357757803051842,0.045700896632321755,0.047706700945899266,0.04958183976949635,penetration
3,Decision Support Systems,Total,Software,%,EU Europe,Luxembourg,0.01126044478339104,0.012661696243329808,0.01420020773669235,0.015898811649772197,0.01776748580680295,0.019815192767682597,0.022049427596810778,0.02378030458548336,0.028123914678028744,0.035853254890324766,0.041326275940747316,0.04380358302460334,0.047484529829331164,0.05121542904974167,0.05495823532328172,0.0586742586031763,0.062325727333377635,0.06587727785445442,0.06929724771699484,0.07255867766359819,0.07563996535820129,penetration
3,Decision Support Systems,Total,Software,%,EU Europe,Latvia,0.02259871611393848,0.025382104369916225,0.02842645004317256,0.031782260911641665,0.03546813036013535,0.03950052019530471,0.043892874941231876,0.04734774159458957,0.05602364719033325,0.07148333725076451,0.08244649890819783,0.08741334152780533,0.09462642284477799,0.10191856272216725,0.10921378261262989,0.11643524866548924,0.12350837687208849,0.13036376620355974,0.13693971957163648,0.14318416858657096,0.14905589567598165,penetration
3,Decision Support Systems,Total,Software,%,EU Europe,Malta,0.0,0.0,0.0,0.0,0.0,0.0,0.0,0.0,0.0,0.0,0.0,0.0,0.0,0.0,0.0,0.0,0.0,0.0,0.0,0.0,0.0,penetration
3,Decision Support Systems,Total,Software,%,EU Europe,Poland,0.0098924571910178,0.011116594019263744,0.01246194283836004,0.013947636673856048,0.015582707957181863,0.017375390710873635,0.01933273322745516,0.02094850801183069,0.02499833409065254,0.032187481927930195,0.03726456667146155,0.0395590067088651,0.04192421801766035,0.04527585219176263,0.04864804386753545,0.05200558998127667,0.055313575018082276,0.0585387636219906,0.06165086046990255,0.06462353933638249,0.06743517394743828,penetration
3,Decision Support Systems,Total,Software,%,EU Europe,Portugal,0.0046917933719580725,0.0052756408521112885,0.005920456478300008,0.006632882784993258,0.007417213814245546,0.008277330305862423,0.009216509331303855,0.009940205863135128,0.01175644098496281,0.014988841546962504,0.017278006778308642,0.018314270705053093,0.01986594818178254,0.021440511132656936,0.02302206425167882,0.02459440135722635,0.026141660116592313,0.02764894831901905,0.029102890192090215,0.030492052375617248,0.03180722507471771,penetration
3,Decision Support Systems,Total,Software,%,EU Europe,Romania,0.002698645106688535,0.0030344649138405165,0.0033931562154193204,0.0037878497833831373,0.004220588266090802,0.004693147873791961,0.005206935322329072,0.005608575706395693,0.0066120261529643365,0.00838202358751366,0.009623391200011999,0.01018206604875314,0.011005184874879649,0.011834909532735634,0.012662394304690187,0.013478749164319717,0.014275399231850247,0.01504442104069395,0.015778828174994118,0.01647278563871073,0.017121741488459078,penetration
3,Decision Support Systems,Total,Software,%,EU Europe,Slovakia,0.008429520989286229,0.009478491862110376,0.010635282442795789,0.01191313254595442,0.01331969455524208,0.01486187380853792,0.016545487454100533,0.017847405432622983,0.021116541751137585,0.02694094063700382,0.031070577190247386,0.03294130935042372,0.03572648936412508,0.038551918484415255,0.0413890004461632,0.0442085986605341,0.04698221334051781,0.04968310636015224,0.05228728136996302,0.054774246784785104,0.057127517924658096,penetration
3,Decision Support Systems,Total,Software,%,EU Europe,Slovenia,0.013874823090618623,0.015627120727123696,0.017543111369255984,0.019660811204956746,0.021993157862315243,0.024551880510268707,0.027346932940452297,0.02950047902528829,0.03490915638185849,0.04454929438442592,0.051387380625618845,0.054485864714343746,0.05912228349413991,0.06382998149849355,0.06856169225719741,0.07326915881882332,0.0779050832737245,0.08242499543951791,0.08678888691632798,0.09096248947140599,0.09491812385500525,penetration
3,Decision Support Systems,Total,Software,%,EU Europe,Sweden,0.0592785033436655,0.06672075848214444,0.07501457691478736,0.08420723531019773,0.09436266517662159,0.10554102671154435,0.11779632267711677,0.12801572007004228,0.1537675326755353,0.1999720285801674,0.23298634710572477,0.24801195430836662,0.26519670061586076,0.2849324146622827,0.30736598371607043,0.3298854841514042,0.3522646198544876,0.37428297127546833,0.3957345199888616,0.41643499506680065,0.43622752059384595,penetration
3,Decision Support Systems,Total,Software,%,EU Europe,Netherlands,0.038626215496342334,0.04332304165975431,0.0485706174338124,0.05436200517544207,0.06073075175626692,0.06770688883360895,0.0753153940949886,0.0812137103440251,0.09600654164421316,0.12229854327877818,0.14089117226079007,0.14930031904162602,0.1617912828128273,0.17444385210321653,0.18712831586142048,0.19971294550281787,0.21206931735429427,0.22407737329186028,0.23562980424961433,0.2466354344757836,0.2570214154943799,penetration
4,Telematics Systems,Total,Hardware,%,EU Europe,Austria,0.15747346312629149,0.1537456112272014,0.15642459537631045,0.179042804290429,0.18817354428534633,0.19737240223382127,0.2065932808111048,0.2087749823015282,0.2135048106360007,0.2199808666340429,0.22351969654740447,0.22491036561091465,0.22956133677456061,0.23578002181934218,0.2446596893555332,0.25569857372141175,0.26723234839485227,0.27928286029240673,0.2918728843841665,0.3050261591959689,0.3187674232362911,penetration
4,Telematics Systems,Total,Hardware,%,EU Europe,Belgium,0.20526329713245786,0.21854274756773626,0.23225125066969413,0.24634971879662398,0.2591579611781177,0.27208760759030154,0.2850814046954378,0.2929198586894944,0.3101387007853772,0.3342281172419056,0.34764973702489804,0.35297510940834825,0.3681289060935866,0.381970620267741,0.39772218199514164,0.416075525497688,0.43527066492411404,0.45534568949918375,0.476340359142393,0.49829617238110097,0.5212564364686801,penetration
4,Telematics Systems,Total,Hardware,%,EU Europe,Bulgaria,0.11419940143328522,0.11624401230383671,0.11183761966348038,0.14289823071362845,0.14820441853811123,0.15353064490290289,0.15886443480963278,0.16191346140915683,0.16868018633746262,0.1783090456912824,0.18375773493154066,0.18593657519299944,0.1919258987744701,0.1973694108369085,0.20338461492261195,0.21023042060928326,0.2173055585046234,0.2246176355175481,0.23217450564547373,0.2399842776376499,0.2480553228707905,penetration
4,Telematics Systems,Total,Hardware,%,EU Europe,Cyprus,0.1338174102630789,0.11926906399942161,0.0898483072262585,0.1586196300319707,0.17120556769520762,0.18470146705753449,0.19916349811733028,0.207202656264253,0.2263338816220875,0.25709547711957353,0.27667713628847657,0.2850114762085733,0.3061758901285116,0.3277398175443506,0.35152244706158775,0.37815699049094553,0.40680849644149514,0.43762958013948955,0.4707843907848918,0.5064494817039258,0.5448147459777969,penetration
4,Telematics Systems,Total,Hardware,%,EU Europe,Czechia,0.0769154461041403,0.09107871047334495,0.11786530177867717,0.17125869880515968,0.18103829274125025,0.19093641251909682,0.20090005063004113,0.20715887184877696,0.22079417754789996,0.2396125298910998,0.2499693020204816,0.2540535826994329,0.26590685076978626,0.27672322935651456,0.28922497196307845,0.30396777977815853,0.3194568994518404,0.3357295075651907,0.3528245623081382,0.3707828806185566,0.3896472176725084,penetration
4,Telematics Systems,Total,Hardware,%,EU Europe,Germany,0.23900651086326694,0.23875492772769633,0.24598860265982367,0.2994812036507207,0.31120446336666957,0.32293259572841304,0.3346246511951303,0.34147782719025105,0.35644111901478215,0.3771671863244369,0.38861113113908413,0.3931314462791082,0.40588819895211165,0.41711894085405304,0.42985720826041185,0.44474848424579305,0.4601520537704544,0.4760852520377679,0.4925659774858141,0.5096127081840023,0.5272445185477733,penetration
4,Telematics Systems,Total,Hardware,%,EU Europe,Denmark,0.312567494006012,0.3288429967734697,0.3452591072997843,0.3617493372239686,0.3814353946239422,0.4013652995056708,0.42147273376479155,0.4331432175938397,0.45946786204663403,0.4979687505096954,0.520317604047856,0.5293716689342762,0.5542001151117356,0.5778651076042725,0.6041280411641079,0.6339027535686714,0.6651394080680649,0.6979092801977151,0.7322870741083126,0.7683510832493916,0.8061833581935122,penetration
4,Telematics Systems,Total,Hardware,%,EU Europe,Spain,0.20798578323391378,0.20247625639941028,0.2183780038877662,0.21541073883153555,0.22977146409004967,0.24440954405460705,0.2592311803470773,0.2688722361352884,0.2897532562430177,0.3182983601877627,0.3338748148644975,0.3399917179067379,0.3580517943934756,0.374709148872616,0.3942543935978858,0.4175292539144421,0.4421680318801176,0.46824926605118855,0.49585582702076053,0.5250751300496354,0.555999354400708,penetration
4,Telematics Systems,Total,Hardware,%,EU Europe,Estonia,0.2595736125776803,0.30876753829902365,0.31324473392553015,0.3346246887506521,0.35118681761800025,0.36787960815566806,0.3846324829975436,0.3946629630473319,0.4166715653065475,0.44740326209749526,0.4644960774635988,0.47127223169148225,0.4905136543893298,0.5079829480996929,0.5278434681579619,0.5509856673784056,0.5751362296204232,0.6003384837646768,0.6266375614275863,0.6540804661960392,0.6827161449473018,penetration
4,Telematics Systems,Total,Hardware,%,EU Europe,Finland,0.3995588014528908,0.3828012562811993,0.4132620975189197,0.45404853673536105,0.477294335781968,0.500745067040247,0.5242974297276175,0.5385495212703464,0.5698285763950917,0.6135223330159375,0.6378332953221176,0.6474726853289905,0.6749326485755966,0.6999515825496477,0.7284349620239855,0.761647103677964,0.7963641754024255,0.8326534293236931,0.8705850282307048,0.9102321619671001,0.9516711674907451,penetration
4,Telematics Systems,Total,Hardware,%,EU Europe,France,0.22730695958452202,0.21186611055800642,0.23584192320312397,0.24585321408409658,0.259374689907393,0.2730590125468911,0.28686827502950113,0.294770135869992,0.3128049914995865,0.3397207849114365,0.35564661883911064,0.36216307645144447,0.3796944013218054,0.3967207287570302,0.41545434823359834,0.43645695483939306,0.458518241674594,0.48169130659257064,0.5060318873591121,0.5315984908912094,0.5584525286483326,penetration
4,Telematics Systems,Total,Hardware,%,EU Europe,Greece,0.1375165603994571,0.143294645347865,0.14890893667646127,0.1543348779270598,0.16307125327777067,0.1718817959261838,0.1807464805237133,0.18571532019005405,0.1971855158343132,0.21464694347374705,0.2251773936030952,0.22952972552093487,0.2410040890759362,0.25236941179191164,0.2648058277588905,0.27861886604765274,0.29315087168066617,0.30843913723845645,0.32452287890898684,0.3414433348208234,0.3592438683295111,penetration
4,Telematics Systems,Total,Hardware,%,EU Europe,Croatia,0.12441345498297128,0.14013528424633717,0.1400652161747411,0.15384453719789723,0.16167572659544802,0.16956327642442007,0.1774665241533279,0.182360031927979,0.19293268807636502,0.2073287866167006,0.2151567598574981,0.21822549838402278,0.22711670422675795,0.23502273371275773,0.24420885929042335,0.2551208202371589,0.26651655437948296,0.2784170983356728,0.2908443590107002,0.3038211447430617,0.31737119701755234,penetration
4,Telematics Systems,Total,Hardware,%,EU Europe,Hungary,0.18851701343130103,0.16352812800061609,0.20517119137623915,0.21354010361031284,0.2235617358571382,0.23368777116863287,0.24389268489193724,0.2497558048285548,0.26295898483054925,0.28221440837742673,0.2933619926919346,0.29787195323642884,0.3101439137246556,0.32174231855725793,0.3345094476344015,0.34889328925883883,0.363893435420051,0.3795361177361507,0.39584867036602117,0.41285957523962724,0.4305985090551945,penetration
4,Telematics Systems,Total,Hardware,%,EU Europe,Ireland,0.34946151950707344,0.3752206351541593,0.4021641399590466,0.4302446570843123,0.4518563660443257,0.47360752963475117,0.49538453803516674,0.5088885062903596,0.5379872222306815,0.5774401054116722,0.5988115599150116,0.6071740809658152,0.6314391596496248,0.6528901744560943,0.6778968265760333,0.707695728415853,0.7387938898752925,0.7712468105161757,0.8051122362259591,0.8404502365324362,0.8773232830341833,penetration
4,Telematics Systems,Total,Hardware,%,EU Europe,Italy,0.19305092376905672,0.20043413269052895,0.2078980360305577,0.25625214001528945,0.26484821942818654,0.2734610338034323,0.2820726520020753,0.28692625389715604,0.2976802196793848,0.31294095989107984,0.3215548663571266,0.32499504737171897,0.33441133431805836,0.3428849530815789,0.3522261588716671,0.3628551419056818,0.3738033024560259,0.3850801263373248,0.39669537506174984,0.40865909345952395,0.42098161748502105,penetration
4,Telematics Systems,Total,Hardware,%,EU Europe,Lithuania,0.17807723871587214,0.18582525548745743,0.19079561597482006,0.1947678187445479,0.2070103634534457,0.2194536549320175,0.23202297742493289,0.24005992592390266,0.2575051046856816,0.2814386703530465,0.2945404928839079,0.2996937007020483,0.31479405796945975,0.32865304779771165,0.3448184877913227,0.363996664048996,0.38423383306247644,0.4055874861262981,0.42811810900079145,0.4518893214843912,0.47696802131471466,penetration
4,Telematics Systems,Total,Hardware,%,EU Europe,Luxembourg,0.1828282024238046,0.24008377527965127,0.30535796725093406,0.26869352661198276,0.2813097306090958,0.29401959539192035,0.3067766026994695,0.3142570839233923,0.330754591989814,0.3539860013730895,0.3670067134281158,0.3721884158642996,0.38676661763390086,0.40009352135090953,0.4151375620302329,0.43254091447066406,0.45066977772782835,0.46955403021190517,0.48922474777123487,0.509714248695635,0.531056140137228,penetration
4,Telematics Systems,Total,Hardware,%,EU Europe,Latvia,0.2269510789776253,0.23616285572877843,0.2632143317453984,0.25106196412570564,0.2671212806831901,0.28345662115800063,0.2999733988959056,0.31037989592239407,0.33314588262979666,0.36478052847577985,0.3822980757837156,0.38922735399544844,0.40937504366158817,0.4280663014381189,0.44970420429029917,0.4752006216189802,0.502133132276714,0.530581432941351,0.5606294928035103,0.5923657635701253,0.6258833973305515,penetration
4,Telematics Systems,Total,Hardware,%,EU Europe,Malta,0.0,0.0,0.0,0.0,0.0,0.0,0.0,0.0,0.0,0.0,0.0,0.0,0.0,0.0,0.0,0.0,0.0,0.0,0.0,0.0,0.0,penetration
4,Telematics Systems,Total,Hardware,%,EU Europe,Poland,0.13675868873116617,0.13855764092347367,0.14050370135366463,0.16084022038851709,0.16884007317210503,0.17688408618832185,0.18492865143780512,0.18996942001253478,0.20078145067414713,0.2153326949915558,0.22316362277854157,0.22621805504483808,0.23512116574136052,0.24292919267892749,0.2520913682382215,0.2630715973412546,0.2745259380941465,0.28647440605842617,0.2989378115804668,0.31193778575495096,0.32549680658410696,penetration
4,Telematics Systems,Total,Hardware,%,EU Europe,Portugal,0.20849078980542163,0.1955903730612927,0.20658611903829924,0.23442982521705344,0.24621461658909305,0.2580880714766038,0.26999504587267137,0.27727158686238296,0.2931404739540967,0.31507844116634093,0.3271704581148111,0.3319426352796951,0.3456348646999677,0.3579710191142967,0.3721179825521408,0.38873234343153706,0.4060834391291447,0.4242034199110325,0.44312578583070417,0.46288543790669023,0.48351873066017226,penetration
4,Telematics Systems,Total,Hardware,%,EU Europe,Romania,0.11044915796773859,0.11959128890995786,0.12979421622864146,0.13808918043706492,0.14484071922846328,0.15163463964427523,0.15843899699462952,0.16257796538805502,0.1715676586521838,0.18391328316165928,0.19067766223818128,0.19333940733922106,0.20098503175507648,0.20780533099678636,0.21565967664921504,0.22492582549496176,0.2345872107727168,0.2446603972059075,0.25516261397804996,0.26611177834155975,0.2775265197450761,penetration
4,Telematics Systems,Total,Hardware,%,EU Europe,Slovakia,0.11029586895790769,0.11331328815424244,0.12330529714627307,0.13607297802597113,0.14229573474055573,0.1485543550472226,0.1548251803344993,0.15853485244630694,0.16668591127625637,0.1780939094717171,0.18445227203715614,0.18697557216963048,0.19409181482477136,0.20052066012464592,0.20778691192436688,0.21622196543141728,0.22499737559071936,0.2341266913116332,0.24362398433148125,0.25350386790380636,0.2637815160185231,penetration
4,Telematics Systems,Total,Hardware,%,EU Europe,Slovenia,0.10599884381533867,0.12196584552059433,0.11959812047672068,0.12413031214221107,0.1316641297626723,0.13930702293912944,0.14700546322512828,0.15220020355131778,0.16312804424979602,0.17739014387092422,0.18486241917439708,0.18773959689222844,0.19636187548832829,0.20396659353362478,0.21318696225867473,0.22446010301435002,0.23632337832793981,0.24880683712122578,0.2619419389261517,0.27576160292629204,0.29030025607169047,penetration
4,Telematics Systems,Total,Hardware,%,EU Europe,Sweden,0.3850415532156289,0.3902997482624218,0.4126267001314791,0.46519899725698194,0.48677289041774585,0.508481092279715,0.5302409965749645,0.543145726670123,0.5715236002318329,0.6112937045426592,0.6334869597520566,0.6422996585389094,0.6671585081410469,0.6896765601475248,0.7151184803761079,0.7446322316231471,0.7753568171517556,0.8073412587270863,0.840636503636502,0.875295494945404,0.9113732438196601,penetration
4,Telematics Systems,Total,Hardware,%,EU Europe,Netherlands,0.27709879069235654,0.30012666626266155,0.33314555636716126,0.36500347303607417,0.38131416320330247,0.39756482350053907,0.4136333022947257,0.4244333675860438,0.4463902285149945,0.473587088126274,0.4872194059221173,0.49236090969078333,0.507459625351246,0.5192757570147544,0.5347494512314468,0.5548191641864357,0.575629371950465,0.5972057765277867,0.619574764248873,0.6427633960048021,0.6667993927853527,penetration
1,Field Survey Technologies,Sensors,Hardware,Units,EU Europe,Austria,32230.30305929093,35607.520271407455,39279.0978232386,43258.108436317205,47555.5654379246,52179.83699751309,57136.035345459735,59879.96323372373,66368.49947531342,76681.1620617359,83169.6983033256,85913.62619158959,91931.90793307887,97959.322863411,103945.43849482812,109841.19338481785,115600.47692207451,121181.50771577729,126547.92798875431,131669.56236764122,136522.82333082406,shipments
1,Field Survey Technologies,Sensors,Hardware,Units,EU Europe,Belgium,10217.24310435304,11287.845798002023,12451.762884184378,13713.138511768047,15075.463986497629,16541.39207963238,18112.54340579921,18982.388726323603,21039.30243420189,24308.492317548982,26365.40602542727,27235.251345951663,29143.09091885818,31053.825779797007,32951.468459248186,34820.4661191178,36646.20135650605,38415.429163245644,40116.62385658344,41740.219621241165,43278.739039395114,shipments
1,Field Survey Technologies,Sensors,Hardware,Units,EU Europe,Bulgaria,12765.541158237875,14104.03753589952,15559.294631494922,17136.507998938574,18840.056903165485,20673.27163834661,22638.190840162446,23727.02483640163,26301.7786686325,30394.006333895548,32968.76016612642,34057.5941623656,36443.34140866775,38832.70920333698,41205.70526718785,43542.88082623449,45825.95686519096,48038.37054396782,50165.70903337306,52196.01031218492,54119.92389347797,shipments
1,Field Survey Technologies,Sensors,Hardware,Units,EU Europe,Cyprus,1063.9468038439009,1175.4313112066757,1296.6328771413678,1427.9830421230024,1569.8453644569138,1722.4960837777846,1886.1039586964223,1976.683104084106,2190.8746176781624,2531.303448823822,2745.494962417878,2836.0741078055617,3034.7421628874645,3233.7117114756606,3431.317938813021,3625.941289388168,3816.0596168709326,4000.293685790206,4177.443298284189,4346.51234234032,4506.722175940079,shipments
1,Field Survey Technologies,Sensors,Hardware,Units,EU Europe,Czechia,16410.96657471487,18130.571838172644,20000.058959306156,22026.084282479314,24214.255553469677,26568.833661444845,29092.421642488138,30489.569810002733,33793.39078815698,39044.37340196476,42348.19438011901,43745.342547633605,46809.720202262164,49878.74827722791,52926.747650949146,55928.73730814667,58861.238732360835,61702.9777516751,64435.441779819295,67043.26617555032,69514.44068789182,shipments
1,Field Survey Technologies,Sensors,Hardware,Units,EU Europe,Germany,81343.5872179747,89867.08643368109,99133.49910952595,109175.81848364997,120021.84024716477,131692.684180435,144201.2526491874,151126.4415649799,167502.3599891349,193529.69727494993,209905.6156991049,216830.8046148974,232019.88381283742,247232.01356484296,262339.9111873164,277219.7542724851,291755.1677888912,305840.70289225713,319384.5989803635,332310.6987452699,344559.4714522474,shipments
1,Field Survey Technologies,Sensors,Hardware,Units,EU Europe,Denmark,9961.743621885173,11005.574080464261,12140.385447019724,13370.21823895256,14698.476455989321,16127.746532347366,17659.608556437855,18507.701920299263,20513.17901435948,23700.61726326337,25706.09435732359,26554.187721184997,28414.318531705147,30277.27222867273,32127.461136342547,33949.72134169991,35729.80097478161,37454.78624130044,39113.439677736984,40696.43467823844,42196.48081048832,shipments
1,Field Survey Technologies,Sensors,Hardware,Units,EU Europe,Spain,71029.69589600297,78472.46523981256,86563.95096011141,95332.96294532352,104803.7725554221,114994.82170608845,125917.37681850279,131964.49226465338,146264.03996677944,168991.26304141694,183290.810743543,189337.9261896936,202601.1189411878,215884.43957124636,229076.7440964531,242069.91006647094,254762.31812349893,267061.88972025627,278888.49896244967,290175.6448435673,300871.3447780253,shipments
1,Field Survey Technologies,Sensors,Hardware,Units,EU Europe,Estonia,27975.412090493086,30906.785185380282,34093.65857114173,37547.37917093085,41277.50638506157,45291.30365714597,49593.208325276595,51974.89593397109,57606.84655164438,66558.08058362515,72190.03120129845,74571.71880999295,79795.49568497704,85027.20002875065,90223.05721017922,95340.48264451615,100339.45302355211,105183.7027365116,109841.67378664826,114287.17440954404,118499.7309957473,shipments
1,Field Survey Technologies,Sensors,Hardware,Units,EU Europe,Finland,312292.26974161045,345015.4751871849,380590.8554460797,419145.0773346657,460784.85337648843,505591.26610518224,553613.8499612065,580200.8623965814,643070.8796737732,742994.3833488306,805864.4006260224,832451.4130613973,890764.9468043695,949166.9756591769,1007168.8391238797,1064295.1613011183,1120099.1580747976,1174175.9928739306,1226173.3806847872,1275798.9402715808,1322824.1227234043,shipments
1,Field Survey Technologies,Sensors,Hardware,Units,EU Europe,France,122721.97722018765,135581.26597743417,149561.37829127375,164712.0906168394,181075.33793988836,198682.98338932166,217554.49259097356,228002.43207134094,252708.560194551,291975.6542917501,316681.7824149602,327129.72189532756,350045.28162261384,372995.61741114466,395788.6995861635,418237.71894456376,440167.1020398328,461417.75961726817,481851.2536890651,501352.68674787396,519832.24557397875,shipments
1,Field Survey Technologies,Sensors,Hardware,Units,EU Europe,Greece,28224.06313169593,31181.49085519199,34396.68980709659,37881.107764278815,41644.389092908816,45693.86179553388,50034.00265019237,52436.85917328235,58118.867691105865,67149.66207611747,72831.67059394099,75234.52711703096,80504.73396254684,85782.93873777564,91024.97773393225,96187.88786598906,101231.29009059245,106118.5964609866,110817.96848665716,115302.98160556104,119552.98023472323,shipments
1,Field Survey Technologies,Sensors,Hardware,Units,EU Europe,Croatia,10421.387388803778,11513.381119016514,12700.55369773163,13987.132075439442,15376.677315460622,16871.895192402288,18474.43870136914,19361.6638521205,21459.67545429209,24794.184956899793,26892.196559071388,27779.421709822745,29725.380620840326,31674.292668812635,33609.850948683925,35516.19187092063,37378.40597152338,39182.98360217814,40918.16879274066,42574.20459941638,44143.46420281645,shipments
1,Field Survey Technologies,Sensors,Hardware,Units,EU Europe,Hungary,9219.714597101585,10185.792352276701,11236.074041739437,12374.299213371753,13603.618310224447,14926.42510854928,16344.18199934346,17129.102698298197,18985.19608315895,21935.208858655158,23791.30224351591,24576.22294247065,26297.79657829421,28021.98282977756,29734.355113878835,31420.879045105165,33068.36434487449,34664.85913987897,36199.963021276875,37665.044102183085,39053.35499902715,shipments
1,Field Survey Technologies,Sensors,Hardware,Units,EU Europe,Ireland,7521.428996454798,8309.553744143665,9166.37193199234,10094.934277414764,11097.810907009158,12176.95465976217,13333.558552001441,13973.8956516869,15488.093782007372,17894.70966971659,19408.907800037065,20049.244899722522,21453.702025552222,22860.29051922126,24257.24119645956,25633.104827154642,26977.120802314384,28279.538802065792,29531.874188862497,30727.08508265193,31859.6669782889,shipments
1,Field Survey Technologies,Sensors,Hardware,Units,EU Europe,Italy,76033.28851598622,84000.35386432114,92661.83355297463,102048.56694470937,112186.53516322629,123095.47924047124,134787.45924570583,141260.55571059606,156567.4160648305,180895.62819361605,196202.48854785052,202675.58501274072,216873.0857678333,231092.13228317152,245213.75118499534,259122.20348050987,272708.71137117565,285874.70995870314,298534.42898656003,310616.6828731255,322065.8271885923,shipments
1,Field Survey Technologies,Sensors,Hardware,Units,EU Europe,Lithuania,14146.471590348747,15628.794212564082,17240.316990776653,18986.777782413123,20873.010538963626,22902.688203596033,25078.054628056307,26282.414942195603,29130.352593782063,33656.76948881724,36504.707140403705,37709.067454543,40350.601774653915,42996.144818984925,45623.56084298578,48211.31587902963,50739.17113346785,53188.78798698418,55544.2083438417,57792.18767881079,59922.37299571315,shipments
1,Field Survey Technologies,Sensors,Hardware,Units,EU Europe,Luxembourg,684.6720885605087,756.4147078554198,834.4104581932204,918.9370449227742,1010.2284254405672,1108.4623657466834,1213.7474655475235,1272.0370458428465,1409.873778313444,1628.94687293116,1766.7836054017575,1825.0731856970806,1952.920246952163,2080.9613256035063,2208.125078429144,2333.3692874812355,2455.714419663571,2574.2729080158383,2688.272400035305,2797.0718767446915,2900.170265670132,shipments
1,Field Survey Technologies,Sensors,Hardware,Units,EU Europe,Latvia,13379.925259188098,14781.9261587464,16306.126323307135,17957.952696474327,19741.97729532172,21661.674039459147,23719.165194390178,24858.265561955315,27551.883732231167,31833.03040267126,34526.64857294711,35665.74894051225,38164.14803225304,40666.33862989034,43151.384445124466,45598.918358455616,47989.79824355037,50306.6791848062,52534.46779820325,54660.637231619134,56675.39548044059,shipments
1,Field Survey Technologies,Sensors,Hardware,Units,EU Europe,Malta,3.338390447219048,3.688200055225928,4.06849928488904,4.48064219883088,4.925769549172847,5.4047481045862975,5.918107386032405,6.202321364200315,6.874399047289717,7.942576848800698,8.614654531890102,8.89886851005801,9.522237587211904,10.146552673167815,10.766590008935614,11.37726784735615,11.973810086137895,12.551889040377258,13.107738798975937,13.638233819552415,14.140930924433658,shipments
1,Field Survey Technologies,Sensors,Hardware,Units,EU Europe,Poland,52233.78636163224,57707.04679080059,63657.35998207628,70105.91213847004,77070.55192194712,84564.84114030705,92597.06488937576,97043.98997238405,107559.58503891062,124272.72029450856,134788.31536103511,139235.24044404342,148988.72126520646,158757.00371680845,168458.35478546793,178013.2634314634,187347.00085638696,196391.85437885261,205088.9010541432,213389.23740149415,221254.63649010326,shipments
1,Field Survey Technologies,Sensors,Hardware,Units,EU Europe,Portugal,42716.169225236896,47192.13650602131,52058.23186165867,57331.781116985425,63027.3806954673,69156.12128222051,75724.77833006975,79361.42077185231,87960.94934624872,101628.75257459613,110228.28114899254,113864.9235907751,121841.20419979353,129829.58940613642,137763.2389235814,145577.12956953736,153210.1490214801,160606.92265393725,167719.26398354038,174507.18032537127,180939.41015008566,shipments
1,Field Survey Technologies,Sensors,Hardware,Units,EU Europe,Romania,63117.38944696686,69731.07637482561,76921.21634333156,84713.40998225858,93129.22495933363,102185.04886512042,111890.89310519143,117264.39408715091,129971.05303937316,150166.59198621399,162873.25093843622,168246.7519203957,180032.50000288693,191836.1338320938,203558.89023583214,215104.69099329878,226383.23656849298,237312.70544359586,247821.8972958254,257851.7189547313,267355.9784008016,shipments
1,Field Survey Technologies,Sensors,Hardware,Units,EU Europe,Slovakia,16211.801517665683,17910.537487481346,19757.336334439286,21758.773620872755,23920.38903642121,26246.391759694525,28739.353236081624,30119.545480054338,33383.2709714133,38570.52715892667,41834.252650285634,43214.44489425835,46241.63296912475,49273.41502638317,52284.42358872292,55249.98081285109,58146.89311982518,60954.14452311001,63653.447106949716,66229.62269685415,68670.80679939935,shipments
1,Field Survey Technologies,Sensors,Hardware,Units,EU Europe,Slovenia,16579.882183473022,18317.187085070833,20205.916555745065,22252.795452610244,24463.48924112715,26842.302667154207,29391.865559433343,30803.394362736,34141.221072923894,39446.25126039234,42784.07797058023,44195.606773882886,47291.52560645728,50392.14272544542,53471.5146979324,56504.40338280892,59467.08860277942,62338.07721407803,65098.66608317065,67733.33242287455,70229.94236250788,shipments
1,Field Survey Technologies,Sensors,Hardware,Units,EU Europe,Sweden,205754.22460275432,227313.95699235718,250752.84898341857,276154.3551955705,303588.78333305323,333109.5547432813,364749.3052657403,382266.1977993612,423688.20182889845,489522.95026907884,530944.9542986162,548461.846832237,586881.8049344951,625360.0681722978,663574.6818499563,701212.4438531914,737978.9898051711,773607.5925313062,807866.1485283648,840562.021985965,871544.6331155443,shipments
1,Field Survey Technologies,Sensors,Hardware,Units,EU Europe,Netherlands,5265.748812296231,5817.51456798442,6417.372567992741,7067.458618111121,7769.572062731213,8525.080083485582,9334.81791052973,9783.117605139256,10843.20698577084,12528.077607873536,13588.166988505121,14036.466683114648,15019.726439438158,16004.47836535788,16982.482860643442,17945.724324815892,18886.66926071044,19798.49147408729,20675.250874292968,21512.017444499474,22304.93748330987,shipments
1,Field Survey Technologies,GIS software,Software,Units,EU Europe,Austria,1004.2319146517808,1077.7332837574943,1154.9486561797075,1235.826519353305,1320.278995530016,1408.1797613171127,1499.362643099859,1544.7945084235837,1652.2267430449215,1822.9759452230378,1930.4081798443756,1975.8400451681002,2064.960802690338,2151.6382438787064,2235.4427884207366,2316.0081074987133,2393.035180694008,2466.2936511220673,2535.6207130262474,2600.917888051302,2662.146121932061,shipments
1,Field Survey Technologies,GIS software,Software,Units,EU Europe,Belgium,82.8670649911189,88.93224041698791,95.30388743543955,101.97775534001941,108.94659264730925,116.19997542171971,123.72419137276165,127.47313151449605,136.33820923072707,150.428067387627,159.29314510385805,163.04208524559243,170.39613912289204,177.54857577365422,184.4639471513141,191.11202458707248,197.4681335569447,203.5132655045954,209.23398604796623,214.62216896427384,219.67459157927073,shipments
1,Field Survey Technologies,GIS software,Software,Units,EU Europe,Bulgaria,644.8946370903292,692.1267068386026,741.7475817979644,793.7242614593882,848.0003433042158,904.4946804332664,963.100474254693,992.3149035182241,1061.397944608531,1171.1962206267517,1240.2792617170585,1269.4936909805895,1326.7545202094382,1382.4454983369785,1436.2906164333465,1488.0545051810454,1537.5450414697798,1584.6142190819771,1629.1574339625572,1671.1114129477887,1710.4510633469151,shipments
1,Field Survey Technologies,GIS software,Software,Units,EU Europe,Cyprus,57.625869017703586,61.843600207989866,66.27445215805817,70.91546892089384,75.76160780512497,80.80561999185129,86.03796993572983,88.64498797825313,94.80977500627256,104.60788141579191,110.77266844381134,113.37968648633463,118.49370549410115,123.46751960997958,128.27647821446877,132.89956025042144,137.31960702050267,141.52339994894038,145.5015967482901,149.2485464322429,152.76200794877062,shipments
1,Field Survey Technologies,GIS software,Software,Units,EU Europe,Czechia,646.4436184441142,693.7578795346609,743.4629168072852,795.5255706217652,849.8892723620838,906.4727052030156,965.1688999562361,994.4142754357817,1063.570494704352,1173.485077672711,1242.6412969412813,1271.886672420827,1329.255437673754,1385.0513926735666,1438.9980082166467,1490.8594713169618,1540.4432967142973,1587.6011992010122,1632.2283775445499,1674.2614393119718,1713.6752445130792,shipments
1,Field Survey Technologies,GIS software,Software,Units,EU Europe,Germany,584.2614217215101,627.0244665776105,671.9483159513894,719.0029998686887,768.1373911173641,819.2779948363636,872.3281313334941,898.7603586290224,961.2643571803399,1060.6061229287352,1123.1101214800526,1149.5423487755809,1201.3927428281297,1251.8216171558881,1300.5790422351622,1347.4518882174252,1392.2661852334036,1434.8879118096622,1475.2223476714792,1513.2121981810249,1548.8347415942903,shipments
1,Field Survey Technologies,GIS software,Software,Units,EU Europe,Denmark,229.11520934159648,245.88452460020278,263.5011885986171,281.9534487605989,301.2212558043063,321.27578908567557,342.0791361444753,352.44440255610317,376.955034578627,415.9114137089565,440.42204573148035,450.78731214310824,471.1201861719815,490.89561831402125,510.0155999501179,528.3965532706701,545.9702568570868,562.684154855429,578.5011031812762,593.3986340274928,607.3678371752244,shipments
1,Field Survey Technologies,GIS software,Software,Units,EU Europe,Spain,353.82219815130145,379.7190209914036,406.9244029384336,435.42019451042836,465.1754336381608,496.1456126537896,528.2721834144178,544.2792453494371,582.1309694894818,642.2912344300669,680.1429585701115,696.1500205051309,727.5500406273368,758.0892042646855,787.6161568861938,816.0018294335708,843.1408676950371,868.952109761613,893.378194091759,916.3844236920661,937.9570385278774,shipments
1,Field Survey Technologies,GIS software,Software,Units,EU Europe,Estonia,1834.045437546307,1968.282209645394,2109.3019277336257,2257.010513557116,2411.2474745235413,2571.782104121081,2738.3109167150906,2821.2838875005173,3017.4891632718927,3329.3312693137377,3525.536545085113,3608.50951587054,3771.2722366520316,3929.572688201452,4082.6263208538785,4229.764102200593,4370.439926280891,4504.233088487644,4630.846253961419,4750.099570045174,4861.921711285291,shipments
1,Field Survey Technologies,GIS software,Software,Units,EU Europe,Finland,2987.175556178641,3205.811799395811,3435.4956699197296,3676.073939125508,3927.285206974236,4188.7537134990935,4459.985160766724,4595.126212934628,4914.692779705001,5422.601197612967,5742.16776438334,5877.308816551244,6142.406295066316,6400.2359157070705,6649.519854307489,6889.1684337981305,7118.292191822442,7336.2059117041845,7542.425313498103,7736.657464733801,7918.786195087898,shipments
1,Field Survey Technologies,GIS software,Software,Units,EU Europe,France,480.940615002307,516.1414417689716,553.1209563198995,591.8544885720287,632.2999526508903,674.3968505287864,718.0655993530885,739.8235508090235,791.2743404483614,873.0485054679741,924.499295107312,946.257246563247,988.9384154315743,1030.449446164366,1070.5846067821285,1109.1684573249136,1146.0577927601635,1181.1422919756817,1214.3439850328689,1245.6157092793064,1274.9387610848532,shipments
1,Field Survey Technologies,GIS software,Software,Units,EU Europe,Greece,427.7529403947427,459.06087464707156,491.950789929967,526.4007444480386,562.3733066432279,599.8146690215765,638.6540498729216,658.0057690289293,703.7665674879088,776.4972507455424,822.2580492045219,841.6097683605295,879.5707866513719,916.4910734827992,952.1876489682794,986.5044752179163,1019.3141843782881,1050.518655852678,1080.048542471273,1107.86189734371,1133.942085291883,shipments
1,Field Survey Technologies,GIS software,Software,Units,EU Europe,Croatia,733.6286466928432,787.3241219713734,843.7328143735012,902.8170920605228,964.5127570791591,1028.7275255074392,1095.3400013587222,1128.5296634157512,1207.0128939788522,1331.7515168907225,1410.2347474538237,1443.4244095108525,1508.5304271342332,1571.851511586992,1633.0738385236923,1691.9297911609356,1748.2009239963913,1801.7189527851506,1852.3649418857765,1900.066949208564,1944.796444164826,shipments
1,Field Survey Technologies,GIS software,Software,Units,EU Europe,Hungary,154.97860233010516,166.32173859888482,178.2380403234149,190.7195578008154,203.75272925277187,217.31805975728378,231.38990448651776,238.40120027028289,254.98073466258325,281.33169236115515,297.91122675345554,304.92252253722063,318.6761288883848,332.0526692003717,344.98584827239756,357.41913222286166,369.30637457317556,380.6120253796616,391.31095956090405,401.3879793945111,410.83705781109495,shipments
1,Field Survey Technologies,GIS software,Software,Units,EU Europe,Ireland,156.49227205577728,167.94619627661018,179.97888403696206,192.58230798952707,205.74277389865193,219.4405964362232,233.64988030241386,240.72965512784057,257.4711211603677,284.0794475944367,300.82091362696383,307.90068845239057,321.78862571917523,335.2958141580651,348.3553110657386,360.9100303964652,372.91337496087095,384.3294476004198,395.13287783804446,405.3083195158144,414.8496866981998,shipments
1,Field Survey Technologies,GIS software,Software,Units,EU Europe,Italy,515.6567598037888,553.3985177395906,593.0473559903527,634.576823691459,677.9417970480267,723.0774110518528,769.8983382536802,793.2268623952351,848.3915680723384,936.0685070837621,991.2332127608654,1014.5617369024203,1060.3237968257113,1104.8312535388113,1147.8635245360542,1189.2325059258892,1228.784655585291,1266.4016889995432,1302.00000805976,1335.529045731736,1366.9687482853128,shipments
1,Field Survey Technologies,GIS software,Software,Units,EU Europe,Lithuania,368.5490606006059,395.5237664843183,423.86149659917965,453.54334604164575,484.5370640326882,516.7962903968909,550.2600400881561,566.9333513443493,606.3605479612256,669.0248161874239,708.4520128043002,725.1253240604934,757.8322824688248,789.6425536414101,820.3984833369293,849.9656303574185,878.2342554157883,905.1198184648978,930.5625704489804,954.5263702090207,976.9968849872854,shipments
1,Field Survey Technologies,GIS software,Software,Units,EU Europe,Luxembourg,187.96571685706294,201.7232337536671,216.17591407378933,231.31411602444535,247.1213912098929,263.57409522416987,280.64112475123864,289.14477117905466,309.2532508036622,341.21299607954325,361.32147570415077,369.8251221319668,386.5061764084787,402.72990633639785,418.41590581609427,433.4956077588084,447.91304343209646,461.62509610534465,474.6012928366861,486.82320107645893,498.2835108967055,shipments
1,Field Survey Technologies,GIS software,Software,Units,EU Europe,Latvia,1147.766548532171,1231.7734512206869,1320.025198855496,1412.462916192537,1508.9861651374288,1609.4505669243154,1713.666196782374,1765.5916280450035,1888.3791269617138,2083.5334728744856,2206.320971791196,2258.2464030538254,2360.105169710669,2459.1713973985943,2554.9541059910316,2647.034607377593,2735.071142220796,2818.8004287801823,2898.0363915101943,2972.6664765671853,3042.646047668954,shipments
1,Field Survey Technologies,GIS software,Software,Units,EU Europe,Malta,45.62223556959019,48.96140128131825,52.46929408859014,56.143573776614595,59.98024806106523,63.97357807276563,68.11601454775958,70.17998327044617,75.06062751621475,82.81776031734779,87.69840456311637,89.76237328580297,93.81112749735347,97.74888189727834,101.5561206606714,105.21620147675375,108.71553985395549,112.04367068367091,115.19319770366884,118.15964704426236,120.94124447097482,shipments
1,Field Survey Technologies,GIS software,Software,Units,EU Europe,Poland,289.66569658165855,310.86680060063884,333.13919038746246,356.468007399158,380.8279037367043,406.1824420463233,432.4836903760787,445.5882857628565,476.5765790274703,525.8283363835756,556.8166296481893,569.9212250349672,595.6276638873069,620.6293403062948,644.8023439893069,668.0410092125069,690.2590850247042,711.390126129297,731.3871720162498,750.22181709423,767.8827963548669,shipments
1,Field Survey Technologies,GIS software,Software,Units,EU Europe,Portugal,366.5661759767758,393.395751305978,421.5810174606073,451.1031712501516,481.9301354127089,514.0157992020131,547.2995056865195,563.8831104258534,603.0981790242648,665.4252980694914,704.6403666679029,721.2239714072367,753.7549583321124,785.3940824191911,815.9845376457605,845.3926061405796,873.5091390409236,900.2500511459058,925.5559148643804,949.3907834856589,971.740401365772,shipments
1,Field Survey Technologies,GIS software,Software,Units,EU Europe,Romania,120.25983221108007,129.06184515945645,138.30862132353738,147.9939919166639,158.1074333106702,168.63381789430215,179.55324587077527,184.99385019847387,197.8591876978337,218.3069250227686,231.17226252212845,236.61286684982704,247.28534916170915,257.66523689651933,267.70108650267855,277.3490289878656,286.57325574567454,295.3461808371597,303.64830777680675,311.46784348145866,318.8001110838422,shipments
1,Field Survey Technologies,GIS software,Software,Units,EU Europe,Slovakia,732.5668066510189,786.1845641278077,842.5116116697334,901.5103719056942,963.1167398012981,1027.2385650045542,1093.754627235046,1126.896251211357,1205.2658866508223,1329.8239652707448,1408.1936007102104,1441.3352246865213,1506.3470091078755,1569.5764438366675,1630.7101587508027,1689.4809244102862,1745.67061148662,1799.1111793062855,1849.683864373015,1897.3168287247036,1941.9815830672926,shipments
1,Field Survey Technologies,GIS software,Software,Units,EU Europe,Slovenia,2152.027867318016,2309.5382912486984,2475.0076721890186,2648.3256208214984,2829.3038187304082,3017.671560058386,3213.072741554273,3310.4313683957594,3540.6542475735578,3906.562795239104,4136.785674416903,4234.1443012583895,4425.126434913095,4610.872641724166,4790.462348674358,4963.110528109378,5128.176391517729,5285.1662935295,5433.731348075502,5573.660520073371,5704.87011783222,shipments
1,Field Survey Technologies,GIS software,Software,Units,EU Europe,Sweden,2122.3822906897767,2277.7229065927395,2440.9128397216296,2611.843221443261,2790.3283275499552,2976.1011813327327,3168.810585093183,3264.8280338410764,3491.8794438618584,3852.7473644735064,4079.7987744942884,4175.816223242182,4364.167454405397,4547.35488700585,4724.470629515391,4894.74046854372,5057.532442855794,5212.359707366151,5358.8781821369985,5496.879739230811,5626.281839863905,shipments
1,Field Survey Technologies,GIS software,Software,Units,EU Europe,Netherlands,94.84807295259846,101.79015786081604,109.08302434883605,116.72180713856608,124.69820631944033,133.00029085222954,141.61236590897275,145.9033317842123,156.05013181930042,172.17711658098636,182.32391661607448,186.61488249131403,195.0321932615967,203.21873677334085,211.1339398638919,218.74320337152204,226.0182853034538,232.9374288261586,239.48525720040135,245.652469305508,251.43537652957758,shipments
2,Remote Sensing Technologies,Drones,Hardware,Units,EU Europe,Austria,314.93817720618995,352.18905046582904,393.24690853820067,438.35636332752614,487.74346544569886,541.6063763937466,600.1049674142164,633.8167144943492,713.5345137966981,840.2353189902983,919.9531182926472,953.66486537278,1030.4399884134505,1108.0926213995076,1185.8839249024925,1263.0697790669094,1338.9290161208944,1412.7898268129275,1484.0523374465968,1552.2058527316915,1616.8399147503983,shipments
2,Remote Sensing Technologies,Drones,Hardware,Units,EU Europe,Belgium,98.47959058139706,110.12775207122193,122.96633864394184,137.07183921681903,152.5149386839728,169.35760115424296,187.64981756442683,198.19131202434278,223.11866858361287,262.7373757612762,287.6647323205463,298.20622678046226,322.21342321168936,346.4950126076544,370.8199635797037,394.9555935760972,418.67639704668625,441.7723026034119,464.05573274599374,485.36699561510267,505.57774307569906,shipments
2,Remote Sensing Technologies,Drones,Hardware,Units,EU Europe,Bulgaria,189.19414812182902,211.58646412867915,236.2690682470191,263.3893433194785,293.08352959481624,325.4711070132044,360.64852914143574,380.94103695721185,428.9265080618146,505.19301165015764,553.1784827547604,573.4709905705365,619.6384729429711,666.3336317727112,713.1121778819798,759.5266467933398,805.1433758947825,849.5583835246863,892.4109453076552,933.3939628650124,972.260613945816,shipments
2,Remote Sensing Technologies,Drones,Hardware,Units,EU Europe,Cyprus,12.204259795822399,13.647779088766843,15.238823944047027,16.986873387847552,18.90068717238083,20.98794431091075,23.254840019892917,24.56121361736134,27.650380963370772,32.560200270257226,35.64936761626666,36.95574121373508,39.93087606641167,42.94001555911609,45.95452871286605,48.94557992533396,51.885223016979786,54.747424514467575,57.50893853982646,60.14997499312788,62.65462810166213,shipments
2,Remote Sensing Technologies,Drones,Hardware,Units,EU Europe,Czechia,210.3501872159211,235.23039778179233,262.65332951024317,292.7823610056228,325.76847360958334,361.74402126285673,400.8157834803896,423.3321781981983,476.57645031676066,561.2011164315744,614.4453885501367,636.9617832679454,688.2406140797376,740.1055420834721,792.0630894369971,843.6162514510016,894.2833533499107,943.6156873807167,991.2125922280288,1036.7329696774004,1079.9026710034461,shipments
2,Remote Sensing Technologies,Drones,Hardware,Units,EU Europe,Germany,684.9083522668043,765.9192809864921,855.2094082407109,953.3107010896349,1060.7147606261972,1177.8525364048648,1305.071706659757,1378.3859594744365,1551.7513705873653,1827.2925592925128,2000.6579704054416,2073.972223220121,2240.938081355637,2409.8122946360395,2578.988080104671,2746.847171253998,2911.8212163690355,3072.4492056364365,3227.426570303621,3375.64268138038,3516.2049000045145,shipments
2,Remote Sensing Technologies,Drones,Hardware,Units,EU Europe,Denmark,119.82674266694711,133.99984433343542,149.62141627919897,166.78452771534575,185.5751857075843,206.06878615551864,228.32615639488338,241.15270183964086,271.4834934499702,319.6902396574609,350.0210312677902,362.84757671254766,392.05874759512557,421.60379085655046,451.2015950645674,480.56903970571943,509.4317370071888,537.5340789794419,564.6478274593878,590.5786746191724,615.1704506488041,shipments
2,Remote Sensing Technologies,Drones,Hardware,Units,EU Europe,Spain,722.7195249871683,808.2027574945369,902.4222514481959,1005.9393417767757,1119.272768990874,1242.877273722967,1377.1197281938112,1454.4813807326518,1637.4176336693556,1928.170398409783,2111.106651346487,2188.4683038853277,2364.651708980917,2542.8488222160768,2721.364156287506,2898.490106378068,3072.571738068122,3242.0673847758417,3405.600457493284,3561.999013648009,3710.321135197498,shipments
2,Remote Sensing Technologies,Drones,Hardware,Units,EU Europe,Estonia,174.9595670356353,195.65377665804914,218.4629042635909,243.52284062686905,270.95916505216445,300.8819634323038,333.3800500343461,352.1081468483863,396.3942723816565,466.78115979043696,511.0672853237072,529.7953821377474,572.446744400218,615.5855952278292,658.801482551357,701.6810208330585,743.8235752491572,784.8559314220918,824.4448377812478,862.3065845914163,898.2131476091597,shipments
2,Remote Sensing Technologies,Drones,Hardware,Units,EU Europe,Finland,1299.012234162611,1452.659342070496,1622.0089598832794,1808.070028019122,2011.7749279155312,2233.941007969131,2475.227682360196,2614.277105585306,2943.0857546125526,3465.6832290908087,3794.4918781180554,3933.5413013431653,4250.212417540921,4570.502962049238,4891.365474997852,5209.730716561517,5522.624116407584,5827.274691213267,6121.208167209965,6402.318101044898,6668.911494233163,shipments
2,Remote Sensing Technologies,Drones,Hardware,Units,EU Europe,France,971.4202883436892,1086.3198358165944,1212.9619491394426,1352.1011286673156,1504.4346228333306,1670.5736566854468,1851.0113497619516,1954.994535794402,2200.8824375768286,2591.688448478341,2837.576350260768,2941.559536293218,3178.3708140601634,3417.888753089118,3657.8344184570433,3895.9125878730133,4129.898834272949,4357.720975927052,4577.528714836178,4787.746821949111,4987.109248314872,shipments
2,Remote Sensing Technologies,Drones,Hardware,Units,EU Europe,Greece,129.82577424727404,145.18156091379024,162.10668653833642,180.7019865614975,201.06064497248852,223.26434913777962,247.37900217533416,261.2758682356249,294.1376352894822,346.3670292547715,379.22879630862883,393.12566236891956,424.77438111145267,456.784832461573,488.8524474346783,520.6704803156905,551.9416468402027,582.3890096200623,611.7652849890648,639.8599509582781,666.5038060118725,shipments
2,Remote Sensing Technologies,Drones,Hardware,Units,EU Europe,Croatia,122.53416742981918,137.02750317398093,153.0020366522006,170.55293992743057,189.76816335161323,210.72480635664493,233.48507064120602,246.60142540553892,277.6175259415358,326.9134792451623,357.9295797811592,371.04593454549206,400.9171170885706,431.12971568835985,461.396267341696,491.42725457003775,520.9420899473496,549.6793901506034,577.4057600906264,603.9225016522792,629.0699164475468,shipments
2,Remote Sensing Technologies,Drones,Hardware,Units,EU Europe,Hungary,101.96091638355817,114.02084893074493,127.31328896117135,141.91742933146085,157.90645369861616,175.34451664820065,194.28337633331623,205.1975203588933,231.00607726695785,272.0253348198978,297.8338917279623,308.7480357535394,333.6039041977203,358.74386559932225,383.9287214405465,408.9175636706811,433.4769149528788,457.3892777213396,480.4604434734832,502.52507512555377,523.4502873417422,shipments
2,Remote Sensing Technologies,Drones,Hardware,Units,EU Europe,Ireland,81.83265389232682,91.5118164685655,102.18017531601306,113.90128970675795,126.73389599867622,140.72948392118795,155.9295939701922,164.68915991226606,185.40280961087387,218.32439197114428,239.0380416697521,247.79760761182595,267.74664055239157,287.9236832194532,308.13675764524754,328.19251381063947,347.903565501621,367.0953516838681,385.6120028562199,403.32082138481366,420.1151550338879,shipments
2,Remote Sensing Technologies,Drones,Hardware,Units,EU Europe,Italy,593.0871034360051,663.2374190249498,740.5569943569903,825.5064790968565,918.5115685471222,1019.9454376327824,1130.1091536077543,1193.5946370283089,1343.7180647433588,1582.3192220304445,1732.4426497454947,1795.928133166049,1940.5099547288341,2086.744290560809,2233.239768741248,2378.5950733242084,2521.4521114017407,2660.5457413305558,2794.7462894833116,2923.0920217409625,3044.809969580868,shipments
2,Remote Sensing Technologies,Drones,Hardware,Units,EU Europe,Lithuania,119.3310069766492,133.44547304826182,149.00241692703702,166.09452278708213,184.80744187393438,205.2162581665239,227.38154735157434,240.15502804451876,270.36033801709704,318.36764790447853,348.5729578770568,361.3464385700012,390.43675980216244,419.85957214843364,449.3349271637764,478.58087563372794,507.3241649562092,535.3102446185093,562.3118207025434,588.1353892521392,612.6254265480429,shipments
2,Remote Sensing Technologies,Drones,Hardware,Units,EU Europe,Luxembourg,9.608758300319936,10.745281794559206,11.997956329117052,13.374245008930112,14.881044634229445,16.52440110895942,18.30919210194519,19.3377369180995,21.769925586125588,25.635564945447133,28.067753613473222,29.09629842962753,31.438706096171394,33.807886575862746,36.181297890609905,38.536236956584325,40.85070095762919,43.10419300518362,45.278410963219905,47.357773527330046,49.32975763359177,shipments
2,Remote Sensing Technologies,Drones,Hardware,Units,EU Europe,Latvia,193.20815483424474,216.0608065905519,241.24896596195666,268.9226973677186,299.2206782524414,332.2644766594547,368.1521703386763,388.83364029373644,437.73888591141764,515.4672483621912,564.3724939798724,585.0539639349325,632.153937623256,679.7922457837634,727.515625480987,774.8675743450609,821.4056706417775,866.7177730834777,910.4358713798706,952.2466643758552,991.8983445019539,shipments
2,Remote Sensing Technologies,Drones,Hardware,Units,EU Europe,Malta,0.010175437583837026,0.011378987877927673,0.012705539253335984,0.014162994953758059,0.015758658520201585,0.017498932415534397,0.01938898197050306,0.020478185512922145,0.023053813206959473,0.027147429758963938,0.029723057453001266,0.03081226099542035,0.03329281282759878,0.03580171640727791,0.03831510033672675,0.04080892261122023,0.043259882792192374,0.04564627518118603,0.04794871826843895,0.05015071183763565,0.05223899427355837,shipments
2,Remote Sensing Technologies,Drones,Hardware,Units,EU Europe,Poland,539.377445530877,603.1749852284039,673.4925402561844,750.749044086228,835.3316412771444,927.5797122278901,1027.7670596993244,1085.5033309439516,1222.0316595590418,1439.025220829601,1575.5535494446913,1633.2898206893185,1764.7783881070568,1897.7698189660252,2030.998743258957,2163.1907474790914,2293.1107269019467,2419.6081104497857,2541.655527148145,2658.3783370168167,2769.07357115831,shipments
2,Remote Sensing Technologies,Drones,Hardware,Units,EU Europe,Portugal,298.0254040601102,333.27583528213273,372.12880906387323,414.81580118969094,461.5507229279663,512.5210941339826,567.8782006635242,599.7795634460716,675.2163668168839,795.1131001933607,870.5499035641728,902.4512663467202,975.1034207121797,1048.5859610866032,1122.1997251100781,1195.2405535645303,1267.0260067454071,1336.9203528230155,1404.3559324480054,1468.8494756288924,1530.0125668109442,shipments
2,Remote Sensing Technologies,Drones,Hardware,Units,EU Europe,Romania,370.79986226600903,414.65805309093304,462.9984869285412,516.1091633513166,574.2562283581306,637.6729920479343,706.5476825842442,746.2390000515319,840.0966239943666,989.2707937680784,1083.1284177109133,1122.819735178201,1213.2127300874793,1304.638881947665,1396.2283007989572,1487.1048796467237,1576.4195346712443,1663.381295466383,1747.283886641904,1827.5260290993183,1903.624460565563,shipments
2,Remote Sensing Technologies,Drones,Hardware,Units,EU Europe,Slovakia,169.381456208257,189.41588713600072,211.49780762840638,235.75877595164056,262.3203676547807,291.2891588408138,322.7511321750004,340.88213446380496,383.7563171092111,451.8991096941838,494.77329233958994,512.9042946283945,554.1958339919535,595.9593196711526,637.7973857467289,679.3098263565814,720.1087798306755,759.832930718703,798.1596522716915,834.8142800691439,869.5760598016019,shipments
2,Remote Sensing Technologies,Drones,Hardware,Units,EU Europe,Slovenia,212.21253611245896,237.31302522101294,264.9787476373175,295.37452844869165,328.6526857197958,364.946745195479,404.3644317699838,427.0801768350002,480.79585053746104,566.1697465704634,619.8854202729242,642.6011653379406,694.3339965727514,746.6581140486473,799.0756708856976,851.0852621316438,902.2009484723405,951.9700494918615,999.9883565941191,1045.911751629711,1089.4636586798995,shipments
2,Remote Sensing Technologies,Drones,Hardware,Units,EU Europe,Sweden,952.8754384671035,1065.5815019410225,1189.8059604055086,1326.2889104647802,1475.7142897660121,1638.6816547963026,1815.6747112203382,1917.6728114996913,2158.8666027310624,2542.2119512498766,2783.405742481248,2885.403842760601,3117.694286808128,3352.6397207377563,3588.0047155183174,3821.537865683928,4051.0572094828576,4274.530124065802,4490.141634453974,4696.346583426678,4891.903091476394,shipments
2,Remote Sensing Technologies,Drones,Hardware,Units,EU Europe,Netherlands,116.95092985675987,130.78388051500576,146.03053851654437,162.7817394339522,181.12142618418568,201.1231851835142,222.84638392634287,235.3650953861358,264.9679553418548,312.0177513127336,341.62061126845265,354.1393227282456,382.649432582584,411.4854019595179,440.3728660331008,469.03549911364627,497.2054986684463,524.6333912378252,551.0964163193428,576.4049294259655,600.4065087853278,shipments
3,Decision Support Systems,Total,Software,Units,EU Europe,Austria,5178.910136762669,5823.374501148545,6538.064062982403,7328.089792625111,8198.29872664805,9153.08946481289,10196.200554597735,10808.0251703519,12254.800142025519,14554.2559153812,16001.030887054818,16612.855502808983,18028.451983866213,19466.091238831974,20911.36403811971,22349.552809503984,23766.226207692347,25147.809404912077,26482.083156943383,27758.574653434436,28968.817517190513,shipments
3,Decision Support Systems,Total,Software,Units,EU Europe,Belgium,2727.3020115293225,3066.6878882742853,3443.05554635976,3859.096509557731,4317.363309625267,4820.172323881363,5369.492334905358,5691.689565825559,6453.585830923192,7664.518283984804,8426.414549082436,8748.611780002637,9494.088922557301,10251.174164119842,11012.279359733453,11769.653985972302,12515.69825137336,13243.263421142434,13945.91463380095,14618.136729598178,15255.471170551466,shipments
3,Decision Support Systems,Total,Software,Units,EU Europe,Bulgaria,3191.164035058316,3588.5279140920675,4029.225285663411,4516.414388289042,5053.091161392268,5641.97528922995,6285.379455992881,6663.152651962962,7556.468793264269,8976.275604112603,9869.59174541391,10247.364941383992,11120.552199810434,12007.336178470972,12898.828782596305,13785.951721364021,14659.803258297698,15512.00998557591,16335.034664654268,17122.417315812912,17868.935594414514,shipments
3,Decision Support Systems,Total,Software,Units,EU Europe,Cyprus,205.0536260749956,230.5705304629231,258.8679293947359,290.1481864908835,324.6032151845853,362.40717351430175,403.7080854264609,427.93265250125387,485.21622109425334,576.2608099892457,633.5443785822451,657.7689456570381,713.8180339467297,770.739883222678,827.963974843384,884.9075816573524,940.9993093744308,995.7016766356791,1048.530875020213,1099.072244361873,1146.9905671539532,shipments
3,Decision Support Systems,Total,Software,Units,EU Europe,Czechia,4386.913455590479,4932.821632622541,5538.21565811897,6207.424895605129,6944.555137495486,7753.332317619872,8636.92325753011,9155.183194164425,10380.706793308003,12328.513031740817,13554.036630884395,14072.29656751871,15271.409718054747,16489.194700869062,17713.445850775595,18931.69631395291,20131.721691603987,21302.023117550267,22432.250003449906,23513.531117434228,24538.69482241071,shipments
3,Decision Support Systems,Total,Software,Units,EU Europe,Germany,11403.590080269521,12822.654562703656,14396.349912222757,16135.930120374984,18052.068015362496,20154.448999573953,22451.30508743133,23798.499175537334,26984.19428892516,32047.431602297176,35233.126715685,36580.320803791,39697.363108591366,42862.942026549135,46045.32946367571,49212.118377523264,52331.53197689904,55373.67946098928,58311.654927105286,61122.39799515031,63787.266307476886,shipments
3,Decision Support Systems,Total,Software,Units,EU Europe,Denmark,1959.6009592305686,2203.454000370594,2473.8789187294124,2772.8096081490244,3102.080094952319,3463.354725514233,3858.0480949968282,4089.550876904951,4636.982971190067,5507.053240838105,6054.48533512322,6285.988117031343,6821.622864286716,7365.598177366674,7912.461878231055,8456.645117857794,8992.687350044831,9515.452118506519,10020.315893955447,10503.3159644176,10961.248814011478,shipments
3,Decision Support Systems,Total,Software,Units,EU Europe,Spain,12068.952322405858,13570.814583357302,15236.32991753257,17077.408950136123,19105.34723404301,21330.395283243062,23761.265423317676,25187.06388712865,28558.633907320942,33917.29458364971,37288.864603842,38714.663067652975,42013.57461206624,45363.854722515665,48731.92407433827,52083.48477998634,55384.90597626989,58604.552831757734,61713.94957220196,64688.69031963212,67509.04499570966,shipments
3,Decision Support Systems,Total,Software,Units,EU Europe,Estonia,2914.0185602749452,3276.639472718537,3678.7740131955165,4123.297972576801,4612.938634047141,5150.170958748215,5737.098516051176,6081.3540136094325,6895.411220370228,8189.246530337281,9003.303737098078,9347.559234656334,10144.073232916062,10952.990043851272,11766.202022929487,12575.428030394549,13372.547977864657,14149.923713868242,14900.67983344389,15618.923597977186,16299.891229060668,shipments
3,Decision Support Systems,Total,Software,Units,EU Europe,Finland,21485.327862052807,24158.965326033882,27123.94041733483,30401.456607534932,34011.62240733342,37972.685933712026,42300.15699784214,44838.38456241035,50840.503500208855,60380.07068523047,66382.18962302897,68920.41718759718,74793.18842955871,80757.40675438271,86753.29375044758,92719.79180983071,98597.03077126053,104328.69383879629,109864.08801693197,115159.76559985611,120180.60280958671,shipments
3,Decision Support Systems,Total,Software,Units,EU Europe,France,15948.206173507437,17932.80337316636,20133.655711049352,22566.50217603812,25246.26898552775,28186.501417196618,31398.712149271552,33282.79680345592,37738.07116149768,44819.13528346798,49274.409641509745,51158.49429569411,55517.75598245987,59944.89733765895,64395.545827654045,68824.3793923927,73186.95739397866,77441.47679926945,81550.30902986621,85481.20356697318,89208.0886067787,shipments
3,Decision Support Systems,Total,Software,Units,EU Europe,Greece,2202.178766595447,2476.218226945142,2780.1188809854057,3116.0540180972416,3486.0846976032753,3892.081294300925,4335.6335152244465,4595.793885285717,5210.99226458275,6188.7680021580245,6803.966381455059,7064.126751516328,7666.067397391321,8277.381082646481,8891.940707447955,9503.488058350287,10105.886631468064,10693.36413172533,11260.724685964587,11803.515040513861,12318.13511821486,shipments
3,Decision Support Systems,Total,Software,Units,EU Europe,Croatia,2061.56222196678,2318.103338135339,2602.598910022531,2917.083455149479,3263.486427246828,3643.5587713703417,4058.788686396299,4302.336939020852,4878.2528260560775,5793.59428366954,6369.510170704766,6613.058423329318,7176.56312795448,7748.842371769772,8324.160290939204,8896.658280061682,9460.59167173008,10010.556751385375,10541.68941990259,11049.820778882453,11531.580628240261,shipments
3,Decision Support Systems,Total,Software,Units,EU Europe,Hungary,1618.5167228209473,1819.9251897523195,2043.2804859260332,2290.1798954772557,2562.1382177633295,2860.53010634712,3186.5239347768415,3377.7318039774104,3829.8789592621515,4548.506532300091,5000.653687584832,5191.861556785401,5634.264787745848,6083.55684227075,6535.234537560453,6984.698327351914,7427.438117229159,7859.211492247858,8276.199685411151,8675.12972649137,9053.355697194998,shipments
3,Decision Support Systems,Total,Software,Units,EU Europe,Ireland,1360.5272675566175,1529.8314874718183,1717.5842406641864,1925.128206260412,2153.7367265753965,2404.5653371864682,2678.596174421676,2839.325758583997,3219.401246862471,3823.4805217630574,4203.556010041531,4364.285594203852,4736.170326990406,5113.845813847446,5493.526673441971,5871.346521188003,6243.51416583885,6606.463427860703,6956.98424673678,7292.325359426146,7610.262603561301,shipments
3,Decision Support Systems,Total,Software,Units,EU Europe,Italy,10084.61097609611,11339.541498379942,12731.217740956408,14269.592019358817,15964.10270515927,17823.314953238736,19854.50863444585,21045.881543522257,23863.108020520216,28340.71360135884,31157.940078356798,32349.312987433204,35105.827279746554,37905.26427081918,40719.56564895838,43520.07268356512,46278.68399823146,48968.96606668639,51567.125017029364,54052.767713361965,56409.40803830989,shipments
3,Decision Support Systems,Total,Software,Units,EU Europe,Lithuania,1992.4218793391622,2240.359160764842,2515.313365863912,2819.2507788357007,3154.036143701585,3521.361682603322,3922.6656834423484,4158.045853894366,4714.646766426266,5599.2896492762275,6155.890561808128,6391.270732260145,6935.876706623899,7488.9629410919815,8044.985940308315,8598.283583838609,9143.30386800841,9674.824307169507,10188.143933572008,10679.23366466145,11144.83632958218,shipments
3,Decision Support Systems,Total,Software,Units,EU Europe,Luxembourg,152.1859504257199,171.12399322228424,192.12565329260482,215.34112012856824,240.91282734031333,268.9700309040195,299.6225906909996,317.6014913059082,360.11600078799927,427.68714087130536,470.2016503533964,488.18055096830506,529.7788583727404,572.0249083347221,614.4952754149928,656.7574733069862,698.3874266857293,738.986229601534,778.1948108896248,815.7054195840777,851.2692651814828,shipments
3,Decision Support Systems,Total,Software,Units,EU Europe,Latvia,3163.3416513020397,3556.9883670792146,3993.5294923347833,4476.086870274008,5007.621130115533,5590.818990390102,6227.964001621,6601.673959739108,7485.3818069691715,8889.917516432151,9773.625363662217,10147.335321780323,11011.998965618743,11890.126605350843,12772.916907315548,13651.380198396839,14516.701636390002,15360.589550466877,16175.58027681265,16955.27689477852,17694.508037627387,shipments
3,Decision Support Systems,Total,Software,Units,EU Europe,Malta,0.17032278220441507,0.191517775103523,0.21502231782958947,0.24100449877740027,0.26962372614916064,0.30102466006242956,0.3353302529900359,0.35545179748965466,0.40303299351195154,0.4786569557996549,0.5262381518219518,0.5463596963215706,0.5929155014553441,0.6401962441687358,0.6877280370978417,0.7350268521783523,0.7816180747102142,0.8270552589407233,0.8709365412312005,0.912917494250505,0.9527196777706899,shipments
3,Decision Support Systems,Total,Software,Units,EU Europe,Poland,9024.719382854504,10147.75683421833,11393.168044507762,12769.859341900523,14286.277126071445,15950.086354990119,17767.801785815554,18833.96152268939,21355.09778199769,25362.10746932772,27883.243728636022,28949.40346550986,31416.208384601134,33921.42483115493,36439.94341919857,38946.11744781933,41414.79899242647,43822.332687685564,46147.425395225386,48371.827295667106,50480.784960904406,shipments
3,Decision Support Systems,Total,Software,Units,EU Europe,Portugal,5025.280039341336,5650.626651059068,6344.115260547539,7110.705223473847,7955.099791195689,8881.567080942299,9893.734737820796,10487.409844732192,11891.26687151482,14122.510298035395,15526.367324818024,16120.04243172942,17493.64586414301,18888.638181246442,20291.037596928076,21686.56312928651,23061.21153255694,24401.810670277773,25696.503776748887,26935.128712943526,28109.470253032578,shipments
3,Decision Support Systems,Total,Software,Units,EU Europe,Romania,6195.742192059574,6966.741291920459,7821.753670112941,8766.893789694106,9807.96035892471,10950.215602753571,12198.13209856385,12930.082931048904,14660.919052491497,17411.852120942156,19142.68824238475,19874.639074869803,21568.17509171598,23288.081781296118,25017.120792422993,26737.6848909887,28432.50926788178,30085.35380096064,31681.60010817801,33208.71913781204,34656.58221625884,shipments
3,Decision Support Systems,Total,Software,Units,EU Europe,Slovakia,2815.271392622637,3165.604192518338,3554.111624565536,3983.572027886851,4456.620266389564,4975.647432359428,5542.685811641751,5875.27554433631,6661.746844620589,7911.738037048549,8698.209337332828,9030.799070027388,9800.321647437642,10581.826744173388,11367.481458953558,12149.285274495376,12919.3932673524,13670.426119622005,14395.74141276766,15089.646095045795,15747.537817914728,shipments
3,Decision Support Systems,Total,Software,Units,EU Europe,Slovenia,4033.9011485379233,4535.88042043798,5092.558750085888,5707.917119708488,6385.730931055561,7129.426294285809,7941.915198711175,8418.471067613984,9545.37751429705,11336.44494744427,12463.351394127334,12939.907263030143,14042.528494139697,15162.319046330036,16288.05543700659,17408.27401263298,18511.734064486172,19587.86203328487,20627.140236352432,21621.411304553072,22564.080698150075,shipments
3,Decision Support Systems,Total,Software,Units,EU Europe,Sweden,15692.956502480549,17645.79039429013,19811.41827939695,22205.32724551648,24842.20461721546,27735.378881165576,30896.178456166737,32750.108497165435,37134.07657148772,44101.80886992943,48485.77694425172,50339.706985250414,54629.19906286004,58985.48440063558,63364.900643532266,67722.85110717894,72015.6064222747,76202.03260963468,80245.10333302777,84113.08424044361,87780.32080505286,shipments
3,Decision Support Systems,Total,Software,Units,EU Europe,Netherlands,2660.865913150919,2991.984471718301,3359.1839487027046,3765.0903033228133,4212.193888578004,4702.754655666953,5238.693428331817,5553.0420503190235,6296.37879578583,7477.813368802946,8221.150114269753,8535.49873625696,9262.816323114364,10001.459239853082,10744.024186004644,11482.949438112797,12210.820332907555,12920.662276209174,13606.197157455712,14262.044164208997,14883.853366871797,shipments
4,Telematics Systems,Total,Hardware,Units,EU Europe,Austria,154.4767182231883,165.18660873022122,176.3067141310417,187.80855891762815,199.65816120357206,211.81626229109514,224.23871447733077,227.00604648610016,233.54992619526104,243.9505498388733,250.49442954803416,253.26176155680355,268.2522603826141,284.12698941462406,300.93773389845137,318.73926660150437,337.589514642022,357.5497349567969,378.68469877024165,401.0628854314868,424.7566859884977,shipments
4,Telematics Systems,Total,Hardware,Units,EU Europe,Belgium,45.08071440604321,47.91304265184492,50.82625411919988,53.811095137032574,56.857235816833935,59.95339304183347,63.087483916591694,64.76059487108432,68.71698203084108,75.00513151797867,78.96151867773543,80.63462963222806,84.88959858757558,89.36813104220778,94.08186895579742,99.0430492337477,104.2645329058471,109.75983560214182,115.54315936871346,121.62942586564857,128.03431098879375,shipments
4,Telematics Systems,Total,Hardware,Units,EU Europe,Bulgaria,47.54529311568064,49.45948556829697,51.392284924756694,53.3394207499796,55.296492181324915,57.25900711476563,59.222423161648884,60.215033886939175,62.56224960364355,66.29283579483504,68.64005151153943,69.63266223682972,72.02722924925153,74.50378816260536,77.0651217019905,79.71410530554783,82.45371009223955,85.28700591607239,88.2171645086645,91.2474627120475,94.38128580358479,shipments
4,Telematics Systems,Total,Hardware,Units,EU Europe,Cyprus,0.07580823306207624,0.07865372156580953,0.08156862456974408,0.0845518669521696,0.08760215387591601,0.09071796629986459,0.09389755777959627,0.0954030797028225,0.09896317091481914,0.10462146087101647,0.10818155208301311,0.10968707400623934,0.11332065980612628,0.11707431187871505,0.1209519772313862,0.12495773125039819,0.12909578178392808,0.13337047334870658,0.13778629146355603,0.14234786711320402,0.1470599813457952,shipments
4,Telematics Systems,Total,Hardware,Units,EU Europe,Czechia,152.87186711019274,164.08660731365399,175.74554655591962,187.81326678776148,200.2475629398028,212.99982564872064,226.01564706014148,233.22800519679336,250.28298953408134,277.38961148061765,294.44459581790557,301.6569539545575,320.46939415509473,340.4500834164764,361.6709317334235,384.2081934545906,408.1427191955587,433.5602209924116,460.5515512102935,489.21299571535343,519.6465818076418,shipments
4,Telematics Systems,Total,Hardware,Units,EU Europe,Germany,687.7137511374383,723.5151664649884,760.1529937144788,797.5445223895283,835.5990523633402,874.2186463647174,913.2990446615672,933.6101076285629,981.6394558961447,1057.9756963804846,1106.0050446480664,1126.316107615062,1176.5505234226475,1229.0165707655242,1283.8125812552041,1341.041145705121,1400.8092919040614,1463.2286691926438,1528.4157400451645,1596.4919788593638,1667.584078156134,shipments
4,Telematics Systems,Total,Hardware,Units,EU Europe,Denmark,34.042064369592026,35.74402255060251,37.45369696304417,39.16403988266358,40.86799256677222,42.55860133435723,44.22912999610754,45.09692739561108,47.14899840706847,50.41049147061866,52.462562482076045,53.33035988157959,55.4916211605081,57.740022227630234,60.07903949843873,62.51228502458571,65.04351153297772,67.67661763094048,70.4156531811038,73.26482484956584,76.22850183078113,shipments
4,Telematics Systems,Total,Hardware,Units,EU Europe,Spain,150.73629121326795,163.91012708340415,177.78420447096653,192.3200176560027,207.46645765307855,223.159920887112,239.32490630158907,248.54780052886917,270.35707755178555,305.0200133537824,326.8292903766988,336.0521846039789,360.87485919018974,387.5232608231649,416.1304771903355,446.83911455208016,479.8019504964102,515.1826271333908,553.1563865508629,593.9108503182694,637.6468447645502,shipments
4,Telematics Systems,Total,Hardware,Units,EU Europe,Estonia,91.7152289552061,97.28248239840227,103.00333015317753,108.86075428018746,114.8358153805315,120.90786262316045,127.05479491467534,130.31059125135306,138.00953720985407,150.24598453555632,157.94493049405733,161.20072683073505,169.4393263629057,178.0972048482872,187.19551406068808,196.75645334006492,206.80331942915808,217.36055846486423,228.45382019409757,240.11001448343063,252.35737019091607,shipments
4,Telematics Systems,Total,Hardware,Units,EU Europe,Finland,551.6507577731861,586.1177505554031,621.5716495263878,657.9023877175468,694.9869633549511,732.6908618139686,770.8698384815946,791.3187184006631,839.6739609062296,916.5281667975673,964.8834093031338,985.3322892222023,1037.2942778350132,1091.9847995553487,1149.545863391021,1210.1267323478173,1273.884279133925,1340.9833576868543,1411.5971910454684,1485.9077760852103,1564.106305626551,shipments
4,Telematics Systems,Total,Hardware,Units,EU Europe,France,448.0555341906789,467.64693200217744,487.0231992024984,506.1031821186716,524.8107773903026,543.0760621011818,560.8362124131941,570.0545172317933,591.8529417302387,626.4986288926486,648.2970533910941,657.5153582096933,680.3745503509067,704.024017278451,728.4907653870134,753.8027017410395,779.9886625370407,807.0784423525297,835.1028241949598,864.093610363578,894.0836541365858,shipments
4,Telematics Systems,Total,Hardware,Units,EU Europe,Greece,12.346433125643006,12.830689567464686,13.298615164354285,13.748411394023313,14.178620763819,14.588129762766151,14.976160780953942,15.177244374681441,15.652744547652626,16.408488626294922,16.883988799266106,17.085072392993606,17.588447134120518,18.10656097869523,18.639840012837887,19.18872231258744,19.75365826166347,20.335110876458856,20.933556138352962,21.549483333430093,22.18339539968426,shipments
4,Telematics Systems,Total,Hardware,Units,EU Europe,Croatia,44.231565030863656,47.379398512401735,50.65606771831053,54.05381512996085,57.563158932921105,61.172937681485784,64.87040420402799,66.8876233396022,71.65771934845993,79.23915047754586,84.0092464864036,86.0264656219778,91.24554780037954,96.78001705899534,102.64877644227693,108.87184252662283,115.47040858452893,122.46691102551718,129.88509924441888,137.7501090073562,146.0885395045957,shipments
4,Telematics Systems,Total,Hardware,Units,EU Europe,Hungary,46.28008243263802,48.24559756236106,50.21565402876429,52.18406687101035,54.14467173026223,56.09140176568467,58.01836199493748,59.00428084685503,61.335672363845966,65.04110810102614,67.37249961801709,68.35841846993463,70.76921883375428,73.26462406017828,75.8475733635831,78.52110592233983,81.28836412440242,84.15259690708281,87.11716319291241,90.18553542345639,93.36130319291318,shipments
4,Telematics Systems,Total,Hardware,Units,EU Europe,Ireland,33.29502375461945,35.68976912427558,38.18595511511698,40.77806295518033,43.459235481876334,46.22129848788015,49.05481959821976,50.602526711661206,54.26237278118912,60.07920977307728,63.7390558426052,65.28676295604664,69.29611256167303,73.55072816541727,78.0654928922118,82.85617773987055,87.93949261413452,93.33314005088091,99.05587173488632,105.12754792451902,111.56919989093743,shipments
4,Telematics Systems,Total,Hardware,Units,EU Europe,Italy,133.152435657775,138.11458698338447,143.12130126484774,148.16304535371415,153.23001144913735,158.31219221047672,163.39945920579459,165.93040425553568,171.9153023102389,181.42749919937413,187.41239725407735,189.94334230381844,195.99005235151418,202.22845060234434,208.66456179201938,215.3045966502559,222.15495742495318,229.22224355622853,236.5132575034263,244.0350107282137,251.79472983686313,shipments
4,Telematics Systems,Total,Hardware,Units,EU Europe,Lithuania,58.04473525529836,62.797143517721864,67.77689605582023,72.96948998766612,78.35656806566939,83.91602048741143,89.6222275095266,92.82968271394999,100.41431692616455,112.4690809838346,120.05371519604915,123.26117040047255,131.78416454581674,140.8939915635844,150.6306996701005,161.03701915845,172.15853472290493,184.04386780339502,196.74486937730452,210.3168236193462,224.8186628385842,shipments
4,Telematics Systems,Total,Hardware,Units,EU Europe,Luxembourg,2.502893993895087,2.6401840695014047,2.78044879296136,2.9232794582120447,3.0682340277304805,3.214842174283669,3.3626111064469937,3.4392460777207017,3.620463955424199,3.9084855920153623,4.0897034697188595,4.1663384409925674,4.359087684617329,4.560716086699293,4.771629069213027,4.992250224794628,5.223022098837144,5.464407002164758,5.7168878551795785,5.980969064369161,6.2571774320529885,shipments
4,Telematics Systems,Total,Hardware,Units,EU Europe,Latvia,137.53783182936365,148.3541296112054,159.62693414617098,171.31657194545753,183.37540584023537,195.74836025239844,208.3737463244496,215.39433478186493,231.99584345782583,258.3817263482333,274.9832350241942,282.0038234816095,300.5508482240621,320.3122981147583,341.36695989505495,363.7986323871864,387.6964318520124,413.1551141030559,440.27541403676327,469.1644032253924,499.9358661975143,shipments
4,Telematics Systems,Total,Hardware,Units,EU Europe,Malta,0.0,0.0,0.0,0.0,0.0,0.0,0.0,0.0,0.0,0.0,0.0,0.0,0.0,0.0,0.0,0.0,0.0,0.0,0.0,0.0,0.0,shipments
4,Telematics Systems,Total,Hardware,Units,EU Europe,Poland,363.62742952126746,390.5350718762716,418.6612973198685,447.9507537239485,478.33214754572083,509.71823813345884,542.0062715403532,559.8037875533679,601.8893788528462,668.7788107157194,710.8644020151977,728.6619180282124,774.9791383180973,824.2293249368923,876.5967382524116,932.2770226032943,991.4778844351246,1054.419807506202,1121.3368067405834,1192.477222308584,1268.1045555058188,shipments
4,Telematics Systems,Total,Hardware,Units,EU Europe,Portugal,118.84263096115573,126.58141032725041,134.57576787422093,142.80327565814164,151.2381637570538,159.8515621503955,168.61183617762697,173.3424895028436,184.52901363795291,202.3085011255639,213.49502526067323,218.22567858588985,230.31089797679476,243.06263116390332,256.51732327218525,270.7133765626839,285.6912514677648,301.49357237589305,318.16523833445,335.75353883815376,354.3082748686114,shipments
4,Telematics Systems,Total,Hardware,Units,EU Europe,Romania,151.85800983070567,161.86688220983237,172.2278829206791,182.914562213491,193.89599330557965,205.13700670634907,216.5985463515901,222.75515923122677,237.31363431572834,260.45238791580374,275.01086300030533,281.167475879942,296.9050294574001,313.51992691218766,331.06067380448275,349.5784108549432,369.1270517446697,389.7634274995875,411.54743770015546,434.5422087567588,458.81425948908276,shipments
4,Telematics Systems,Total,Hardware,Units,EU Europe,Slovakia,64.23006781490763,67.80724423970466,71.46849640514237,75.2036230145035,79.00148294021528,82.85011424167362,86.73687540199897,88.7723262815357,93.5855346957719,101.23548724069079,106.048695654927,108.08414653446371,113.16845610510043,118.49093034039417,124.06262909439928,129.89511653179537,136.00048322878854,142.39136915567153,149.08098756757673,156.08314982982304,163.41229120401297,shipments
4,Telematics Systems,Total,Hardware,Units,EU Europe,Slovenia,33.46309927814763,36.7096193800081,40.18265343301604,43.881154056902034,47.80074008418439,51.93337667355223,56.267148023622994,58.79929614232685,64.7870390810372,74.30375753370704,80.2915004724174,82.82364859112126,89.76718119382895,97.29069476782571,105.44226207120798,114.27387555497353,123.84175562725703,134.2066811695839,145.43434355431228,157.59572541433562,170.7675054016918,shipments
4,Telematics Systems,Total,Hardware,Units,EU Europe,Sweden,651.2613633755726,687.6941696707719,724.9759236120237,763.0002118233942,801.6509938668536,840.803879441761,880.32763611003,901.0827246425534,950.1620553045132,1028.1671027048874,1077.2464333668472,1098.0015218993706,1149.893095333716,1204.2266983882762,1261.1162509802525,1320.6808904385468,1383.0452010712117,1448.3394529182385,1516.699849965683,1588.2687880955639,1663.1951230430582,shipments
4,Telematics Systems,Total,Hardware,Units,EU Europe,Netherlands,24.287091657710818,26.6594053734975,29.213199049088704,31.952572613779818,34.8797981628016,37.99500544151567,41.29588637645645,43.230831014715925,47.80637342037274,55.078587556583855,59.654129962240674,61.58907460050015,66.89483662894061,72.6562916742272,78.91232854815301,85.70511012658044,93.08034096294264,101.0875553258939,109.7804269538121,119.21710184938294,129.46055545709885,shipments
1,Field Survey Technologies,Sensors,Hardware,Units,EU Europe,Austria,54634.85294173541,60555.60101895659,67036.97428779228,74114.33127280863,81821.45554151549,90189.60741628951,99246.45575826266,104619.72356870443,117325.83114279108,137520.49374765612,150226.60132174278,155599.86913218454,168494.7535900373,181750.26622926843,195893.3150262979,210085.86145278948,223077.40846841596,235538.81434781,248594.1559225466,261572.85253951087,274179.9127712968,installed_base
1,Field Survey Technologies,Sensors,Hardware,Units,EU Europe,Belgium,60178.46043844762,66671.74638289891,73772.91151287575,81518.62954137019,89943.44751048127,99078.709866083,108951.35954800757,114780.64400115258,128565.0891385562,150473.62541703554,164258.07055443915,170087.35500758415,183892.50557608943,198998.18994302477,213902.11654158012,227050.9910339191,239908.18773298364,253888.96411458586,267611.33173929114,280974.6328481391,293888.85147442925,installed_base
1,Field Survey Technologies,Sensors,Hardware,Units,EU Europe,Bulgaria,5016.27628794983,5557.189497175776,6148.701464116772,6793.860426944175,7495.537155386731,8256.335482549644,9078.492637402165,9563.634677733191,10710.844750005966,12534.182086902149,13681.392159174924,14166.53419950595,15315.172403696994,16572.20101108855,17812.644332223408,18907.282172787753,19977.846827240806,21142.066405225454,22284.767540622175,23397.568171486837,24472.972408613896,installed_base
1,Field Survey Technologies,Sensors,Hardware,Units,EU Europe,Cyprus,96917.52262809117,107466.27990066525,119024.54861781005,131658.51291293176,145432.16042285194,160405.65293535756,176633.47293579084,186308.9018506474,209188.28269570685,245552.00573835548,268431.3865834149,278106.8154982715,301577.5486554601,325829.29451443325,350673.0557153116,376671.08248046134,403060.45881592686,427819.4562111604,451228.2320021224,475085.014897045,499015.48644452594,installed_base
1,Field Survey Technologies,Sensors,Hardware,Units,EU Europe,Czechia,586702.9347676943,651213.2306698096,722051.3326132186,799669.2429974807,884515.0866145163,977024.3025676745,1077609.3891671519,1138320.424249688,1281883.1443496994,1510056.9322821384,1653619.6523821498,1714330.6874646859,1865006.9840595485,2022371.9111907103,2185578.323268501,2353622.259057336,2525355.5865990627,2699503.6053108843,2874686.9516420607,3055871.2088223505,3232928.3202854632,installed_base
1,Field Survey Technologies,Sensors,Hardware,Units,EU Europe,Germany,71850.58365697326,79750.83800679396,88426.02721784059,97931.50577071683,108322.15327474901,119651.29578622326,131969.44991685025,139404.42773373536,156985.8383920147,184929.14473436255,202510.55539264187,209945.533209527,228398.108119347,247669.80626755542,267656.88195687823,288236.3850596256,309267.7095784179,330594.74928737094,352048.5804086701,374237.31316660927,395920.6149627381,installed_base
1,Field Survey Technologies,Sensors,Hardware,Units,EU Europe,Denmark,379818.40601609496,420979.11161021853,466037.2518122209,515238.6370840451,568818.1288753013,626993.0471782169,689955.7443496771,727310.3981095406,815642.5389611917,956034.6906302474,1044366.8314818984,1081721.485241762,1171365.9923069945,1263517.566082221,1361839.2410032507,1460505.0206433677,1550821.5203403768,1637452.5088575154,1728212.5047195016,1818439.6691721801,1906083.2385049707,installed_base
1,Field Survey Technologies,Sensors,Hardware,Units,EU Europe,Spain,165213.1592594903,183195.39268853943,202898.51797020182,224435.35773423908,247914.9902912206,273439.9721114054,301103.1782836692,317596.6681590568,356598.6431251165,418587.07827494125,457589.053241001,474082.54311638855,514092.5833019563,555433.9985823948,597784.6093345495,642102.8710885724,687088.2578075494,729294.3735732283,769198.7964056473,809866.9270486762,850660.6731094402,installed_base
1,Field Survey Technologies,Sensors,Hardware,Units,EU Europe,Estonia,2374531.876174427,2719547.351361612,3012940.6261641127,3338797.176853702,3695463.7777705444,4084908.8509917706,4509032.08274279,4766628.286866549,5375763.211039216,6343901.895745046,6953036.819917713,7210633.024041473,7856591.20533156,8534459.460385421,9241340.986001482,9973709.954293648,10727448.409025922,11497901.013320623,12279945.45104565,13068075.690303525,13856494.99660813,installed_base
1,Field Survey Technologies,Sensors,Hardware,Units,EU Europe,Finland,724753.7766926612,803637.8779923809,890071.1531899386,984548.5303369656,1087548.5119806842,1199520.990789922,1320873.3893436359,1393226.700251845,1564319.7825572765,1836249.4078212087,2007342.4901266405,2079695.8010348494,2255211.0436467943,2436566.7358483905,2622349.546524241,2816764.0091896104,3014105.0022841766,3199253.9452485745,3374305.8677719636,3552708.0084166573,3731661.196258937,installed_base
1,Field Survey Technologies,Sensors,Hardware,Units,EU Europe,France,133070.27957188868,147419.4636765869,163110.9165178191,180225.50084763084,198839.37158821174,219021.60244670603,240831.5419652025,253701.24515400175,284134.09140925005,332503.03985762235,362935.88611287076,375805.58930166997,406276.3206140245,439622.4001785178,472528.5102213441,501566.7360112157,529966.3555078672,560850.4248518229,591163.6593759331,620683.7022437186,649211.7047445095,installed_base
1,Field Survey Technologies,Sensors,Hardware,Units,EU Europe,Greece,32502.645903237502,35965.566729645805,39743.00905340582,43851.81013187048,48307.21330587547,53122.27018826106,58307.19257291069,61434.13979926454,68828.39767700047,80580.58395305413,87974.84183079006,91101.7890571439,97841.04120402088,103760.73295582455,110072.23840226162,116918.19842964837,123679.06177618224,130301.7037183097,136737.34752890051,142942.8863523387,148881.85517786164,installed_base
1,Field Survey Technologies,Sensors,Hardware,Units,EU Europe,Croatia,43468.9361799061,48156.26208083264,53282.0554910512,58872.73115786153,64953.165961834566,71545.9236232632,78670.39102550507,82874.42748179002,92815.66647142947,108615.93937951789,118557.17836915737,122761.21482544231,132714.82940439307,143607.70953587242,154356.86856659234,163842.53875304235,173119.6008544009,183208.23705180924,193110.40349479188,202753.4647671974,212072.46465234575,installed_base
1,Field Survey Technologies,Sensors,Hardware,Units,EU Europe,Hungary,44418.97201122989,49253.64938780486,54551.00326895245,60341.366984390945,66654.06717157422,73516.67701536494,80954.16677837292,85388.58270762501,95874.59751519292,112540.71889608912,123026.73370365702,127461.14963290912,138218.19140328997,149333.18476385024,160719.5089652041,172634.85298054598,184729.55925298118,196077.03474041406,206805.6803813677,217739.65540417132,228707.4032072399,installed_base
1,Field Survey Technologies,Sensors,Hardware,Units,EU Europe,Ireland,406574.20933613816,450634.42618602724,498866.6272500528,551533.9387817824,608887.7667338143,671160.7399166885,738558.7606936817,778544.81344121,873099.3946749761,1023381.2850671618,1117935.866300928,1157921.9190484562,1253881.3143912673,1352524.3834297794,1457772.198197157,1563388.3576836833,1660067.083287,1752800.6767686997,1849954.1400354968,1946537.2372918078,2040354.741500296,installed_base
1,Field Survey Technologies,Sensors,Hardware,Units,EU Europe,Italy,75645.6890659529,83843.36955691985,92817.27395339703,102616.35854996831,113287.39900549958,124873.67737346547,137413.5030837135,144853.15971627075,162445.6343187544,190406.52532414574,207998.99992662942,215438.65655918667,233292.505663171,251645.6691389917,271227.6871026097,290878.2379181746,308865.9229418322,326119.59131873003,344195.6042708566,362165.4970390356,379620.83382463007,installed_base
1,Field Survey Technologies,Sensors,Hardware,Units,EU Europe,Lithuania,3228.0790265629344,3576.168024389402,3956.8183843048073,4371.991711520684,4823.535406582674,5313.125090719173,5842.200467706189,6154.399548338685,6892.653296893482,8066.009124546518,8804.262873101314,9116.461953733811,9855.634735138452,10664.559014899112,11462.810315014813,12167.232729564887,12856.1635438267,13605.36326614546,14340.7154192286,15056.825970369784,15748.87115761077,installed_base
1,Field Survey Technologies,Sensors,Hardware,Units,EU Europe,Luxembourg,79017.23540571291,87617.67848392998,97041.18019279848,107341.70071524165,118571.40942192313,130779.35645381932,144009.96159440215,151898.37664551972,170552.02536814005,200199.51104433995,218853.15976696028,226741.57481807785,245877.35539454815,265649.89868263435,285905.1143953411,307101.40733886743,328616.7691182969,348802.87656860787,367888.1430619744,387338.67150010733,406849.27858499123,installed_base
1,Field Survey Technologies,Sensors,Hardware,Units,EU Europe,Latvia,15.739780203108824,17.437026234517962,19.293038107214265,21.317380405775978,23.519060864616122,25.906249639924038,28.485966578737397,30.008217077666544,33.607866169512306,39.329028097496334,42.928677189342096,44.45092768827124,48.055057889450744,51.99928919841824,55.89148016006414,59.326171158619594,62.685326712867386,66.33834724318663,69.92384845495067,73.41552960133528,76.78987051683332,installed_base
1,Field Survey Technologies,Sensors,Hardware,Units,EU Europe,Malta,279310.6914762509,309579.43295650935,342714.2681754266,378895.96112181916,418297.22410465544,461077.8698037297,507379.35021019826,534849.1989754572,599806.8496581571,703048.368076995,768006.0187596949,795475.8675249539,861398.6054935253,929164.9890707718,1001468.7389004573,1074025.5363063153,1140442.4439193136,1204149.1019504361,1270892.1475771377,1337243.3598776578,1401694.6491412732,installed_base
1,Field Survey Technologies,Sensors,Hardware,Units,EU Europe,Poland,228416.96140721106,253170.37817761395,280267.65231857635,309856.610470171,342078.4947044562,377063.99793017836,414928.7979032948,437393.3135010063,490514.90763215785,574944.5934549853,628066.187586137,650530.7031838484,704441.5342187721,759860.0767044086,818989.2233444944,878325.3092826622,932640.2663752156,984738.8135950397,1039320.4824761613,1093581.7147235428,1146289.2125087604,installed_base
1,Field Survey Technologies,Sensors,Hardware,Units,EU Europe,Portugal,297584.67518886155,329673.71343811956,364764.4633187253,403037.7579654686,444663.9024070663,489797.3659718366,538570.8696300612,567351.3490544461,635408.2337102577,743575.5709965648,811632.4556523764,840412.9350767613,908554.5419744567,983126.2817193998,1056714.1189158587,1121652.2179229436,1185162.2035530005,1254228.1570762005,1322017.554369139,1388033.1394917765,1451830.2276567458,installed_base
1,Field Survey Technologies,Sensors,Hardware,Units,EU Europe,Romania,86689.665968788,96084.17598324735,106368.2355796664,117597.94848156131,129826.91941238186,143104.7494373638,157475.3410143727,166001.1586301864,186162.0662203601,218205.13875201126,238366.046342185,246891.86395799866,267352.30571208353,288384.95979766257,310825.8763551257,333345.3312948353,353959.14849323634,373731.78546433256,394446.8261258184,415040.25346852106,435044.00165298895,installed_base
1,Field Survey Technologies,Sensors,Hardware,Units,EU Europe,Slovakia,88657.91051789852,98265.71807965933,108783.27199189067,120267.94978447031,132774.57324869066,146353.86961661704,161050.73812897748,169770.13007526647,190388.78076579733,223159.37487850848,243778.02556903934,252497.41751532833,273422.40313983674,294932.5928843047,317883.01898016164,340913.7666320842,361995.61001196504,382217.17459750036,403402.53966744867,424463.53025038086,444921.4533112409,installed_base
1,Field Survey Technologies,Sensors,Hardware,Units,EU Europe,Slovenia,1541483.7425789426,1768797.6995712998,2019550.5485547185,2295704.903750289,2599293.6870833426,2932403.2418266237,3239702.291895845,3427661.0247242576,3872124.9827956995,4578541.13903707,5023005.097108512,5210963.829936924,5687520.890996342,6190172.963244615,6717385.934522853,7267209.830702507,7837295.685360131,8424922.761290785,9027034.685216395,9640282.750210004,10261074.53434213,installed_base
1,Field Survey Technologies,Sensors,Hardware,Units,EU Europe,Sweden,37980.0103190067,42156.061875685264,46741.7417544723,51766.31017341373,57258.7763349743,63247.32823798352,69758.66881700918,73688.77654661392,82982.25927477179,97753.01003577183,107046.49276392971,110976.60049353444,120730.57812067636,130917.54191804983,141482.65221070053,152360.9179174053,163478.01511538457,174751.42650598625,186091.8594697495,197820.7593091097,209282.48980664875,installed_base
1,Field Survey Technologies,GIS software,Software,Units,EU Europe,Austria,82.8670649911189,88.93224041698791,95.30388743543955,101.97775534001941,108.94659264730925,116.19997542171971,123.72419137276165,127.47313151449605,136.33820923072707,150.428067387627,159.29314510385805,163.04208524559243,170.39613912289204,177.54857577365422,184.4639471513141,191.11202458707248,197.4681335569447,203.5132655045954,209.23398604796623,214.62216896427384,219.67459157927073,installed_base
1,Field Survey Technologies,GIS software,Software,Units,EU Europe,Belgium,644.8946370903292,692.1267068386026,741.7475817979644,793.7242614593882,848.0003433042158,904.4946804332664,963.100474254693,992.3149035182241,1061.397944608531,1171.1962206267517,1240.2792617170585,1269.4936909805895,1326.7545202094382,1382.4454983369785,1436.2906164333465,1488.0545051810454,1537.5450414697798,1584.6142190819771,1629.1574339625572,1671.1114129477887,1710.4510633469151,installed_base
1,Field Survey Technologies,GIS software,Software,Units,EU Europe,Bulgaria,57.625869017703586,61.843600207989866,66.27445215805817,70.91546892089384,75.76160780512497,80.80561999185129,86.03796993572983,88.64498797825313,94.80977500627256,104.60788141579191,110.77266844381134,113.37968648633463,118.49370549410115,123.46751960997958,128.27647821446877,132.89956025042144,137.31960702050267,141.52339994894038,145.5015967482901,149.2485464322429,152.76200794877062,installed_base
1,Field Survey Technologies,GIS software,Software,Units,EU Europe,Cyprus,646.4436184441142,693.7578795346609,743.4629168072852,795.5255706217652,849.8892723620838,906.4727052030156,965.1688999562361,994.4142754357817,1063.570494704352,1173.485077672711,1242.6412969412813,1271.886672420827,1329.255437673754,1385.0513926735666,1438.9980082166467,1490.8594713169618,1540.4432967142973,1587.6011992010122,1632.2283775445499,1674.2614393119718,1713.6752445130792,installed_base
1,Field Survey Technologies,GIS software,Software,Units,EU Europe,Czechia,584.2614217215101,627.0244665776105,671.9483159513894,719.0029998686887,768.1373911173641,819.2779948363636,872.3281313334941,898.7603586290224,961.2643571803399,1060.6061229287352,1123.1101214800526,1149.5423487755809,1201.3927428281297,1251.8216171558881,1300.5790422351622,1347.4518882174252,1392.2661852334036,1434.8879118096622,1475.2223476714792,1513.2121981810249,1548.8347415942903,installed_base
1,Field Survey Technologies,GIS software,Software,Units,EU Europe,Germany,229.11520934159648,245.88452460020278,263.5011885986171,281.9534487605989,301.2212558043063,321.27578908567557,342.0791361444753,352.44440255610317,376.955034578627,415.9114137089565,440.42204573148035,450.78731214310824,471.1201861719815,490.89561831402125,510.0155999501179,528.3965532706701,545.9702568570868,562.684154855429,578.5011031812762,593.3986340274928,607.3678371752244,installed_base
1,Field Survey Technologies,GIS software,Software,Units,EU Europe,Denmark,353.82219815130145,379.7190209914036,406.9244029384336,435.42019451042836,465.1754336381608,496.1456126537896,528.2721834144178,544.2792453494371,582.1309694894818,642.2912344300669,680.1429585701115,696.1500205051309,727.5500406273368,758.0892042646855,787.6161568861938,816.0018294335708,843.1408676950371,868.952109761613,893.378194091759,916.3844236920661,937.9570385278774,installed_base
1,Field Survey Technologies,GIS software,Software,Units,EU Europe,Spain,1834.045437546307,1968.282209645394,2109.3019277336257,2257.010513557116,2411.2474745235413,2571.782104121081,2738.3109167150906,2821.2838875005173,3017.4891632718927,3329.3312693137377,3525.536545085113,3608.50951587054,3771.2722366520316,3929.572688201452,4082.6263208538785,4229.764102200593,4370.439926280891,4504.233088487644,4630.846253961419,4750.099570045174,4861.921711285291,installed_base
1,Field Survey Technologies,GIS software,Software,Units,EU Europe,Estonia,2987.175556178641,3205.811799395811,3435.4956699197296,3676.073939125508,3927.285206974236,4188.7537134990935,4459.985160766724,4595.126212934628,4914.692779705001,5422.601197612967,5742.16776438334,5877.308816551244,6142.406295066316,6400.2359157070705,6649.519854307489,6889.1684337981305,7118.292191822442,7336.2059117041845,7542.425313498103,7736.657464733801,7918.786195087898,installed_base
1,Field Survey Technologies,GIS software,Software,Units,EU Europe,Finland,480.940615002307,516.1414417689716,553.1209563198995,591.8544885720287,632.2999526508903,674.3968505287864,718.0655993530885,739.8235508090235,791.2743404483614,873.0485054679741,924.499295107312,946.257246563247,988.9384154315743,1030.449446164366,1070.5846067821285,1109.1684573249136,1146.0577927601635,1181.1422919756817,1214.3439850328689,1245.6157092793064,1274.9387610848532,installed_base
1,Field Survey Technologies,GIS software,Software,Units,EU Europe,France,427.7529403947427,459.06087464707156,491.950789929967,526.4007444480386,562.3733066432279,599.8146690215765,638.6540498729216,658.0057690289293,703.7665674879088,776.4972507455424,822.2580492045219,841.6097683605295,879.5707866513719,916.4910734827992,952.1876489682794,986.5044752179163,1019.3141843782881,1050.518655852678,1080.048542471273,1107.86189734371,1133.942085291883,installed_base
1,Field Survey Technologies,GIS software,Software,Units,EU Europe,Greece,733.6286466928432,787.3241219713734,843.7328143735012,902.8170920605228,964.5127570791591,1028.7275255074392,1095.3400013587222,1128.5296634157512,1207.0128939788522,1331.7515168907225,1410.2347474538237,1443.4244095108525,1508.5304271342332,1571.851511586992,1633.0738385236923,1691.9297911609356,1748.2009239963913,1801.7189527851506,1852.3649418857765,1900.066949208564,1944.796444164826,installed_base
1,Field Survey Technologies,GIS software,Software,Units,EU Europe,Croatia,154.97860233010516,166.32173859888482,178.2380403234149,190.7195578008154,203.75272925277187,217.31805975728378,231.38990448651776,238.40120027028289,254.98073466258325,281.33169236115515,297.91122675345554,304.92252253722063,318.6761288883848,332.0526692003717,344.98584827239756,357.41913222286166,369.30637457317556,380.6120253796616,391.31095956090405,401.3879793945111,410.83705781109495,installed_base
1,Field Survey Technologies,GIS software,Software,Units,EU Europe,Hungary,156.49227205577728,167.94619627661018,179.97888403696206,192.58230798952707,205.74277389865193,219.4405964362232,233.64988030241386,240.72965512784057,257.4711211603677,284.0794475944367,300.82091362696383,307.90068845239057,321.78862571917523,335.2958141580651,348.3553110657386,360.9100303964652,372.91337496087095,384.3294476004198,395.13287783804446,405.3083195158144,414.8496866981998,installed_base
1,Field Survey Technologies,GIS software,Software,Units,EU Europe,Ireland,515.6567598037888,553.3985177395906,593.0473559903527,634.576823691459,677.9417970480267,723.0774110518528,769.8983382536802,793.2268623952351,848.3915680723384,936.0685070837621,991.2332127608654,1014.5617369024203,1060.3237968257113,1104.8312535388113,1147.8635245360542,1189.2325059258892,1228.784655585291,1266.4016889995432,1302.00000805976,1335.529045731736,1366.9687482853128,installed_base
1,Field Survey Technologies,GIS software,Software,Units,EU Europe,Italy,368.5490606006059,395.5237664843183,423.86149659917965,453.54334604164575,484.5370640326882,516.7962903968909,550.2600400881561,566.9333513443493,606.3605479612256,669.0248161874239,708.4520128043002,725.1253240604934,757.8322824688248,789.6425536414101,820.3984833369293,849.9656303574185,878.2342554157883,905.1198184648978,930.5625704489804,954.5263702090207,976.9968849872854,installed_base
1,Field Survey Technologies,GIS software,Software,Units,EU Europe,Lithuania,187.96571685706294,201.7232337536671,216.17591407378933,231.31411602444535,247.1213912098929,263.57409522416987,280.64112475123864,289.14477117905466,309.2532508036622,341.21299607954325,361.32147570415077,369.8251221319668,386.5061764084787,402.72990633639785,418.41590581609427,433.4956077588084,447.91304343209646,461.62509610534465,474.6012928366861,486.82320107645893,498.2835108967055,installed_base
1,Field Survey Technologies,GIS software,Software,Units,EU Europe,Luxembourg,1147.766548532171,1231.7734512206869,1320.025198855496,1412.462916192537,1508.9861651374288,1609.4505669243154,1713.666196782374,1765.5916280450035,1888.3791269617138,2083.5334728744856,2206.320971791196,2258.2464030538254,2360.105169710669,2459.1713973985943,2554.9541059910316,2647.034607377593,2735.071142220796,2818.8004287801823,2898.0363915101943,2972.6664765671853,3042.646047668954,installed_base
1,Field Survey Technologies,GIS software,Software,Units,EU Europe,Latvia,45.62223556959019,48.96140128131825,52.46929408859014,56.143573776614595,59.98024806106523,63.97357807276563,68.11601454775958,70.17998327044617,75.06062751621475,82.81776031734779,87.69840456311637,89.76237328580297,93.81112749735347,97.74888189727834,101.5561206606714,105.21620147675375,108.71553985395549,112.04367068367091,115.19319770366884,118.15964704426236,120.94124447097482,installed_base
1,Field Survey Technologies,GIS software,Software,Units,EU Europe,Malta,289.66569658165855,310.86680060063884,333.13919038746246,356.468007399158,380.8279037367043,406.1824420463233,432.4836903760787,445.5882857628565,476.5765790274703,525.8283363835756,556.8166296481893,569.9212250349672,595.6276638873069,620.6293403062948,644.8023439893069,668.0410092125069,690.2590850247042,711.390126129297,731.3871720162498,750.22181709423,767.8827963548669,installed_base
1,Field Survey Technologies,GIS software,Software,Units,EU Europe,Poland,366.5661759767758,393.395751305978,421.5810174606073,451.1031712501516,481.9301354127089,514.0157992020131,547.2995056865195,563.8831104258534,603.0981790242648,665.4252980694914,704.6403666679029,721.2239714072367,753.7549583321124,785.3940824191911,815.9845376457605,845.3926061405796,873.5091390409236,900.2500511459058,925.5559148643804,949.3907834856589,971.740401365772,installed_base
1,Field Survey Technologies,GIS software,Software,Units,EU Europe,Portugal,120.25983221108007,129.06184515945645,138.30862132353738,147.9939919166639,158.1074333106702,168.63381789430215,179.55324587077527,184.99385019847387,197.8591876978337,218.3069250227686,231.17226252212845,236.61286684982704,247.28534916170915,257.66523689651933,267.70108650267855,277.3490289878656,286.57325574567454,295.3461808371597,303.64830777680675,311.46784348145866,318.8001110838422,installed_base
1,Field Survey Technologies,GIS software,Software,Units,EU Europe,Romania,732.5668066510189,786.1845641278077,842.5116116697334,901.5103719056942,963.1167398012981,1027.2385650045542,1093.754627235046,1126.896251211357,1205.2658866508223,1329.8239652707448,1408.1936007102104,1441.3352246865213,1506.3470091078755,1569.5764438366675,1630.7101587508027,1689.4809244102862,1745.67061148662,1799.1111793062855,1849.683864373015,1897.3168287247036,1941.9815830672926,installed_base
1,Field Survey Technologies,GIS software,Software,Units,EU Europe,Slovakia,2152.027867318016,2309.5382912486984,2475.0076721890186,2648.3256208214984,2829.3038187304082,3017.671560058386,3213.072741554273,3310.4313683957594,3540.6542475735578,3906.562795239104,4136.785674416903,4234.1443012583895,4425.126434913095,4610.872641724166,4790.462348674358,4963.110528109378,5128.176391517729,5285.1662935295,5433.731348075502,5573.660520073371,5704.87011783222,installed_base
1,Field Survey Technologies,GIS software,Software,Units,EU Europe,Slovenia,2122.3822906897767,2277.7229065927395,2440.9128397216296,2611.843221443261,2790.3283275499552,2976.1011813327327,3168.810585093183,3264.8280338410764,3491.8794438618584,3852.7473644735064,4079.7987744942884,4175.816223242182,4364.167454405397,4547.35488700585,4724.470629515391,4894.74046854372,5057.532442855794,5212.359707366151,5358.8781821369985,5496.879739230811,5626.281839863905,installed_base
1,Field Survey Technologies,GIS software,Software,Units,EU Europe,Sweden,94.84807295259846,101.79015786081604,109.08302434883605,116.72180713856608,124.69820631944033,133.00029085222954,141.61236590897275,145.9033317842123,156.05013181930042,172.17711658098636,182.32391661607448,186.61488249131403,195.0321932615967,203.21873677334085,211.1339398638919,218.74320337152204,226.0182853034538,232.9374288261586,239.48525720040135,245.652469305508,251.43537652957758,installed_base
2,Remote Sensing Technologies,Drones,Hardware,Units,EU Europe,Austria,264.85602222063415,296.5494335981333,331.57368129656084,370.16592993198276,412.55311654473365,458.9443790550348,509.52235740264257,541.8540239082109,618.3083617826284,739.8223304822989,816.2766683567163,848.6083348622847,908.0843823126979,966.914662599806,1039.5283993990474,1112.2705697634553,1184.4519542024873,1255.4042932261953,1324.504432396092,1391.1950309645083,1455.0004714367956,installed_base
2,Remote Sensing Technologies,Drones,Hardware,Units,EU Europe,Belgium,575.9035921897355,645.0508675250187,721.518913229429,805.8419497560913,898.5351732256535,1000.0785140510087,1110.8978374091957,1181.0185873090625,1346.8323570362932,1610.3712193792644,1776.184989106495,1846.3057390063618,1998.884452093347,2136.0323366635994,2285.8197778829303,2448.791692919516,2610.9490164564577,2770.784495153798,2926.8760281237937,3077.934979644745,3222.8447138808265,installed_base
2,Remote Sensing Technologies,Drones,Hardware,Units,EU Europe,Bulgaria,32.82275733058672,36.750420148672596,41.09086282863627,45.87347642066142,51.12638450427541,56.87550487113913,63.14347150318449,67.15023123214283,76.6249721041183,91.68380849932515,101.15854937130064,105.16530910025897,112.53598489641341,119.82663283926284,128.82542033839383,137.8401241973161,146.7853316551798,155.57822745678132,164.14158607127382,172.4063380474219,180.31354163461646,installed_base
2,Remote Sensing Technologies,Drones,Hardware,Units,EU Europe,Cyprus,714.9800738423143,800.9568953277591,896.0762398602201,1001.0162755135793,1116.4345619072415,1242.948185388306,1381.1106393584525,1467.6950188066728,1672.440153111485,1997.8552248133847,2202.600359118197,2289.1847385664173,2500.848902329394,2679.7533279812915,2857.3710288681523,3064.0254970512083,3270.0682363213814,3473.5783816186263,3672.7278844096577,3865.8446026360566,4051.4639202895924,installed_base
2,Remote Sensing Technologies,Drones,Hardware,Units,EU Europe,Czechia,2328.00279743166,2607.9466563657493,2917.6589242495556,3259.347742583642,3635.1541509430353,4047.0874063614074,4496.949704780454,4778.871795960013,5445.529878975684,6505.0939493102105,7171.752032325883,7453.674123505441,8142.8608342737125,8725.38056961724,9303.71067931647,9976.585627350345,10647.468762363744,11310.10567336414,11958.544163563092,12587.339673689472,13191.723357324954,installed_base
2,Remote Sensing Technologies,Drones,Hardware,Units,EU Europe,Germany,364.7795582993337,408.5498143274353,456.95053227624453,510.3191596614537,568.9810518688467,633.2392077180482,703.3623921156592,747.6940009110765,852.5244709636358,1019.1385155148068,1123.9689855673664,1168.3005943627836,1264.772475404194,1351.5206307981186,1446.2879218725172,1549.4037994244002,1652.004267205751,1753.1356532246336,1851.8981632988784,1947.4764495615966,2039.1639922170853,installed_base
2,Remote Sensing Technologies,Drones,Hardware,Units,EU Europe,Denmark,2200.1208013463247,2464.115448460454,2756.03812871078,3077.9241132130924,3431.735740963114,3819.300510214715,4242.2394417960395,4509.619815637901,5141.891258842756,6146.80235342956,6779.073796634414,7046.454170476276,7628.311863417624,8151.522160755565,8723.098839427164,9345.02893937211,9963.850411841735,10573.811307365784,11169.484633526283,11745.952724951196,12298.95429872671,installed_base
2,Remote Sensing Technologies,Drones,Hardware,Units,EU Europe,Spain,594.6873916026152,666.1989393758181,745.3148154127146,832.5990885841444,928.5986866006735,1033.8268733749283,1148.7440191456833,1220.760905561666,1391.0584485529255,1661.7236702263058,1832.0212132175652,1904.038099633548,2080.0905716521097,2228.895007089502,2376.6292043171516,2548.5148430124627,2719.891673861402,2889.1620100556647,3054.805365285555,3215.430929043913,3369.820501403916,installed_base
2,Remote Sensing Technologies,Drones,Hardware,Units,EU Europe,Estonia,5235.652087820956,5868.000613672446,6568.297907083752,7341.766069496918,8193.52549205104,9128.45426585756,10151.02260614726,10780.334477230223,12268.46137015955,14633.640504737597,16121.767397666925,16751.079268749887,18387.0145807055,20014.43178814219,21440.11403404923,22855.35287249269,24444.43568755711,26021.49796122946,27572.203166390187,29083.155792437232,30542.336570108873,installed_base
2,Remote Sensing Technologies,Drones,Hardware,Units,EU Europe,Finland,3301.856578710589,3698.9069917560173,4138.17858126945,4622.803201967042,5155.817536456683,5740.071357325535,6378.120757948044,6777.97694045437,7723.512478291501,9226.315052265698,10171.85059010283,10571.706772609155,11549.19514909249,12375.395453703266,13195.653521899543,14150.006573479339,15101.534593692122,16041.366816530059,16961.061112909192,17852.895346985293,18710.105761027215,installed_base
2,Remote Sensing Technologies,Drones,Hardware,Units,EU Europe,France,395.21885959479357,442.6415571610954,495.0811089837902,552.9031211372612,616.4600985292176,686.0803239409338,762.054989566351,810.085882398756,923.6640089202015,1104.1812862232105,1217.759412744656,1265.790305577061,1370.3123544163868,1464.2992740962595,1566.9744921921638,1678.6949507676684,1789.8569908213578,1899.4273604932946,2006.4311816071747,2109.9850689875066,2209.3235467692466,installed_base
2,Remote Sensing Technologies,Drones,Hardware,Units,EU Europe,Greece,416.4935113047885,466.57712843115246,521.9864905192936,583.1166471834313,650.3506431052253,724.0479462878893,804.5309802768948,854.9685148878086,974.2376008791321,1163.799898911112,1283.0689849024354,1333.5065195133493,1456.806110660384,1561.0223471035815,1664.4890346641182,1784.870354688664,1904.8953275474432,2023.4450020096865,2139.454494758617,2251.949741840858,2360.0775683410557,installed_base
2,Remote Sensing Technologies,Drones,Hardware,Units,EU Europe,Croatia,310.39196438449966,347.6361998167563,388.8205084764623,434.2320254151562,484.1475964566208,538.8250441588633,598.4930613458635,636.2149534455389,725.4154987794515,867.1878635012904,956.3884088352031,994.1103009348784,1076.198499089171,1150.0127514145631,1230.6505091143586,1318.3921028094098,1405.6951328637676,1491.7481170651727,1575.7854179830422,1657.113253796816,1735.130444801449,installed_base
2,Remote Sensing Technologies,Drones,Hardware,Units,EU Europe,Hungary,249.11700574448864,279.00879895029846,312.06284942260226,348.5096084374999,388.57126925572993,432.45475728462867,480.3436187434354,510.61877367382215,582.210101137548,695.9949636640465,767.5862911277725,797.8614460581592,863.7444858195418,922.9869522185468,987.7058852230053,1058.1262749515358,1128.1946785672346,1197.2598098187523,1264.7071769470288,1329.9799586757122,1392.5956551168556,installed_base
2,Remote Sensing Technologies,Drones,Hardware,Units,EU Europe,Ireland,1805.4905508509146,2022.1331281803564,2261.694356113164,2525.844444196799,2816.193751513444,3134.241982455256,3481.319399336087,3700.7404139272207,4219.602885288194,5044.26555136156,5563.128022722534,5782.549037313667,6260.040348655601,6689.40370332844,7158.4580806139165,7668.834109990683,8176.659098747602,8677.212810427129,9166.041678877713,9639.1101082557,10092.921151470418,installed_base
2,Remote Sensing Technologies,Drones,Hardware,Units,EU Europe,Italy,405.60597216043107,454.3803555840994,508.3412638972738,567.8734197390302,633.3498546363154,705.1206397545774,783.4997701791148,832.6188193454393,948.7700972384464,1133.3770553093018,1249.528333202309,1298.6473823686335,1418.7238041536991,1520.2157283976542,1620.9776976843739,1738.2121347481007,1855.0995399021472,1970.5502123722226,2083.52710591099,2193.081619529401,2298.3828811212347,installed_base
2,Remote Sensing Technologies,Drones,Hardware,Units,EU Europe,Lithuania,25.84228353182229,28.934643358270705,32.3519964239962,36.11748313260637,40.25324597227661,44.77969075211898,49.71463784513405,52.86927290265675,60.329003891679065,72.18525094200287,79.64498193102517,82.79961698854788,88.60275813927214,94.34289110166168,101.42789056264405,108.52542142305697,115.56823580482342,122.49113091939714,129.2333049260327,135.74037749573355,141.96594212414172,installed_base
2,Remote Sensing Technologies,Drones,Hardware,Units,EU Europe,Luxembourg,717.7186520085654,804.2298898156253,899.9930328308499,1005.7078859379164,1122.057225589791,1249.6872215368473,1389.1845055992694,1475.748938657228,1680.4469059513274,2005.7870119832237,2210.484979277323,2297.049412335282,2515.917086855961,2719.10626550292,2906.702019812875,3106.8563652005337,3319.6580850632163,3530.4027664431846,3737.1847021906806,3938.2397666535117,4132.0014886620465,installed_base
2,Remote Sensing Technologies,Drones,Hardware,Units,EU Europe,Latvia,0.02736633963340734,0.030641072269750498,0.034259964715100684,0.03824752208502172,0.04262719272729563,0.047420585889494035,0.05264657290623904,0.055987253473314756,0.06388692424227183,0.07644239687135276,0.08434206764030985,0.08768274820738556,0.0938281312760204,0.09990679023029705,0.10740962957160344,0.1149257393552249,0.12238390574013935,0.12971508058459863,0.13685487624181736,0.14374570528726063,0.15033842437963296,installed_base
2,Remote Sensing Technologies,Drones,Hardware,Units,EU Europe,Malta,1833.3433924576816,2053.8041344302155,2297.708025144733,2566.7940151016933,2862.7482108479608,3187.152937847447,3541.427457290587,3763.446092157399,4288.451127750004,5122.876580063235,5647.8816156558405,5869.900250522653,6412.646979070667,6871.391577207091,7326.836771021357,7856.737697811131,8385.07003660602,8906.908328089781,9417.565111978969,9912.752701516694,10388.715545773059,installed_base
2,Remote Sensing Technologies,Drones,Hardware,Units,EU Europe,Poland,907.256367280147,1016.1189462692671,1136.49811374431,1269.233147565752,1415.133250822597,1574.9520227835765,1749.3579183203185,1859.616657979219,2120.344292728179,2534.736079104835,2795.463713853795,2905.7224535126957,3145.6611407197533,3361.41559992759,3597.1147400822215,3853.577950117301,4108.759265963317,4360.286775687992,4605.922568798694,4843.638764272617,5071.678151299349,installed_base
2,Remote Sensing Technologies,Drones,Hardware,Units,EU Europe,Portugal,1128.79818782021,1264.2437865683842,1414.0181954319985,1579.1656345037954,1760.692905183455,1959.537627221652,2176.5314846659676,2313.7141708469685,2638.1085672198265,3153.690176100517,3478.0845724733754,3615.267258654376,3913.796279860633,4182.235556068802,4475.489780423202,4794.578427437086,5112.072156090758,5425.019860183829,5730.637156602894,6026.400978543227,6310.125024039977,installed_base
2,Remote Sensing Technologies,Drones,Hardware,Units,EU Europe,Romania,575.7273985355982,644.9589947424199,721.5524758499266,806.0539269243046,898.9928383708284,1000.8661100756415,1112.1194346222355,1181.840258121069,1346.7083262654805,1608.7441221281342,1773.6121902725458,1843.3330137713792,2013.7725306541215,2157.8327406310905,2300.8568340382294,2467.262365766416,2633.1753116051386,2797.048922652689,2957.4111891776515,3112.915642890214,3262.3829228611403,installed_base
2,Remote Sensing Technologies,Drones,Hardware,Units,EU Europe,Slovakia,721.3101958602233,808.0482186583006,904.0097084185553,1009.8788374194811,1126.318987026818,1253.952707001284,1393.3383911339504,1480.689350948259,1687.2472094535613,2015.5433643991782,2222.1012229044804,2309.452182718789,2522.9903287540797,2703.4786962322637,2882.6689468450368,3091.15304363874,3299.0199955383296,3504.3319309815433,3705.244616689965,3900.071106188032,4087.3338163955914,installed_base
2,Remote Sensing Technologies,Drones,Hardware,Units,EU Europe,Slovenia,4375.598299034907,4906.133690473438,5494.210115061393,6144.388065804616,6861.182092618933,7648.94775584073,8511.747028593963,9044.89247777323,10305.615685490948,12309.367005045835,13570.090212763553,14103.23566194282,15405.255237530606,16840.222146768672,18269.360259555928,19548.686173989976,20816.337640991587,22205.463922296785,23577.911269942633,24921.61813263156,26225.516508589633,installed_base
2,Remote Sensing Technologies,Drones,Hardware,Units,EU Europe,Sweden,267.9608371913184,299.95329162715217,335.2898839599301,374.2042182079994,416.91843487641006,463.63548108467603,514.5302822019498,546.6857953377773,622.7235852669916,743.5755065880234,819.6132965172376,851.7688096530651,907.599060945056,971.2044959062247,1043.1829842839106,1115.151066126506,1186.427430798643,1256.3566394630948,1324.332556891391,1389.8180413642208,1452.3596463709646,installed_base
3,Decision Support Systems,Total,Software,Units,EU Europe,Austria,2727.3020115293225,3066.6878882742853,3443.05554635976,3859.096509557731,4317.363309625267,4820.172323881363,5369.492334905358,5691.689565825559,6453.585830923192,7664.518283984804,8426.414549082436,8748.611780002637,9494.088922557301,10251.174164119842,11012.279359733453,11769.653985972302,12515.69825137336,13243.263421142434,13945.91463380095,14618.136729598178,15255.471170551466,installed_base
3,Decision Support Systems,Total,Software,Units,EU Europe,Belgium,3191.164035058316,3588.5279140920675,4029.225285663411,4516.414388289042,5053.091161392268,5641.97528922995,6285.379455992881,6663.152651962962,7556.468793264269,8976.275604112603,9869.59174541391,10247.364941383992,11120.552199810434,12007.336178470972,12898.828782596305,13785.951721364021,14659.803258297698,15512.00998557591,16335.034664654268,17122.417315812912,17868.935594414514,installed_base
3,Decision Support Systems,Total,Software,Units,EU Europe,Bulgaria,205.0536260749956,230.5705304629231,258.8679293947359,290.1481864908835,324.6032151845853,362.40717351430175,403.7080854264609,427.93265250125387,485.21622109425334,576.2608099892457,633.5443785822451,657.7689456570381,713.8180339467297,770.739883222678,827.963974843384,884.9075816573524,940.9993093744308,995.7016766356791,1048.530875020213,1099.072244361873,1146.9905671539532,installed_base
3,Decision Support Systems,Total,Software,Units,EU Europe,Cyprus,4386.913455590479,4932.821632622541,5538.21565811897,6207.424895605129,6944.555137495486,7753.332317619872,8636.92325753011,9155.183194164425,10380.706793308003,12328.513031740817,13554.036630884395,14072.29656751871,15271.409718054747,16489.194700869062,17713.445850775595,18931.69631395291,20131.721691603987,21302.023117550267,22432.250003449906,23513.531117434228,24538.69482241071,installed_base
3,Decision Support Systems,Total,Software,Units,EU Europe,Czechia,30514.674289814346,34353.90806170488,38622.59455519594,43354.9345953014,48584.34804796024,54342.447135311435,60657.822102367776,64777.2104711738,74518.28305493308,90000.41816920787,99741.49075296716,103860.87912177318,111510.81062806737,119140.62593893151,128605.63459881622,138120.3898677481,147588.979818098,156917.3298154116,166016.86636499362,174807.7323832449,183221.31922973247,installed_base
3,Decision Support Systems,Total,Software,Units,EU Europe,Germany,5243.663143626018,5903.399781750533,6636.933878330575,7450.1425272490305,8348.768621830757,9338.244428615577,10423.48291546338,11131.361517038362,12805.274297549155,15465.73531090689,17139.648091417686,17847.526692992666,19162.09631644128,20473.20915868473,22099.682919884443,23734.70517345552,25361.79434613368,26964.784586409143,28528.4553625068,30039.083976879563,31484.880672384526,installed_base
3,Decision Support Systems,Total,Software,Units,EU Europe,Denmark,12068.952322405858,13570.814583357302,15236.32991753257,17077.408950136123,19105.34723404301,21330.395283243062,23761.265423317676,25187.06388712865,28558.633907320942,33917.29458364971,37288.864603842,38714.663067652975,42013.57461206624,45363.854722515665,48731.92407433827,52083.48477998634,55384.90597626989,58604.552831757734,61713.94957220196,64688.69031963212,67509.04499570966,installed_base
3,Decision Support Systems,Total,Software,Units,EU Europe,Spain,7797.573098941318,8778.632431114278,9869.432046188998,11078.711458490856,12415.010619819459,13886.407565372156,15500.208108846531,16552.85679923139,19042.043634802834,22998.273976135388,25487.460811706835,26540.10950209169,28494.93620467047,30444.622511423666,32863.265299696825,35294.620097175306,37714.17803118869,40097.89972212745,42423.151525176785,44669.527145289314,46819.494660481745,installed_base
3,Decision Support Systems,Total,Software,Units,EU Europe,Estonia,49029.46416682309,55184.980265415696,62025.56967439511,69604.8796878867,77975.04922353578,87185.03664481292,97278.65413522087,103782.82139137339,119163.15450559638,143608.14178286592,158988.4748970889,165492.6421532414,176904.7004286704,190010.80377774002,204907.29471960964,219851.78893746965,234693.46945631504,249285.62051497216,263491.2972413585,277188.2005361862,290272.41241790884,installed_base
3,Decision Support Systems,Total,Software,Units,EU Europe,Finland,15948.206173507437,17932.80337316636,20133.655711049352,22566.50217603812,25246.26898552775,28186.501417196618,31398.712149271552,33282.79680345592,37738.07116149768,44819.13528346798,49274.409641509745,51158.49429569411,55517.75598245987,59944.89733765895,64395.545827654045,68824.3793923927,73186.95739397866,77441.47679926945,81550.30902986621,85481.20356697318,89208.0886067787,installed_base
3,Decision Support Systems,Total,Software,Units,EU Europe,France,4157.9598126490855,4678.396993540589,5256.337107930547,5896.172899082647,6602.138715700517,7378.1659919042,8227.714809525372,8765.521864494485,10037.268320396239,12058.53962210052,13330.286078002273,13868.093132971386,14730.194148907649,15943.448480037801,17169.321790094436,18395.428765798242,19609.374689818353,20799.25076319339,21954.088817689917,23064.23972647845,24121.65015872872,installed_base
3,Decision Support Systems,Total,Software,Units,EU Europe,Greece,2061.56222196678,2318.103338135339,2602.598910022531,2917.083455149479,3263.486427246828,3643.5587713703417,4058.788686396299,4302.336939020852,4878.2528260560775,5793.59428366954,6369.510170704766,6613.058423329318,7176.56312795448,7748.842371769772,8324.160290939204,8896.658280061682,9460.59167173008,10010.556751385375,10541.68941990259,11049.820778882453,11531.580628240261,installed_base
3,Decision Support Systems,Total,Software,Units,EU Europe,Croatia,1618.5167228209473,1819.9251897523195,2043.2804859260332,2290.1798954772557,2562.1382177633295,2860.53010634712,3186.5239347768415,3377.7318039774104,3829.8789592621515,4548.506532300091,5000.653687584832,5191.861556785401,5634.264787745848,6083.55684227075,6535.234537560453,6984.698327351914,7427.438117229159,7859.211492247858,8276.199685411151,8675.12972649137,9053.355697194998,installed_base
3,Decision Support Systems,Total,Software,Units,EU Europe,Hungary,1360.5272675566175,1529.8314874718183,1717.5842406641864,1925.128206260412,2153.7367265753965,2404.5653371864682,2678.596174421676,2839.325758583997,3219.401246862471,3823.4805217630574,4203.556010041531,4364.285594203852,4736.170326990406,5113.845813847446,5493.526673441971,5871.346521188003,6243.51416583885,6606.463427860703,6956.98424673678,7292.325359426146,7610.262603561301,installed_base
3,Decision Support Systems,Total,Software,Units,EU Europe,Ireland,10084.61097609611,11339.541498379942,12731.217740956408,14269.592019358817,15964.10270515927,17823.314953238736,19854.50863444585,21045.881543522257,23863.108020520216,28340.71360135884,31157.940078356798,32349.312987433204,35105.827279746554,37905.26427081918,40719.56564895838,43520.07268356512,46278.68399823146,48968.96606668639,51567.125017029364,54052.767713361965,56409.40803830989,installed_base
3,Decision Support Systems,Total,Software,Units,EU Europe,Italy,1992.4218793391622,2240.359160764842,2515.313365863912,2819.2507788357007,3154.036143701585,3521.361682603322,3922.6656834423484,4158.045853894366,4714.646766426266,5599.2896492762275,6155.890561808128,6391.270732260145,6935.876706623899,7488.9629410919815,8044.985940308315,8598.283583838609,9143.30386800841,9674.824307169507,10188.143933572008,10679.23366466145,11144.83632958218,installed_base
3,Decision Support Systems,Total,Software,Units,EU Europe,Lithuania,152.1859504257199,171.12399322228424,192.12565329260482,215.34112012856824,240.91282734031333,268.9700309040195,299.6225906909996,317.6014913059082,360.11600078799927,427.68714087130536,470.2016503533964,488.18055096830506,529.7788583727404,572.0249083347221,614.4952754149928,656.7574733069862,698.3874266857293,738.986229601534,778.1948108896248,815.7054195840777,851.2692651814828,installed_base
3,Decision Support Systems,Total,Software,Units,EU Europe,Luxembourg,3163.3416513020397,3556.9883670792146,3993.5294923347833,4476.086870274008,5007.621130115533,5590.818990390102,6227.964001621,6601.673959739108,7485.3818069691715,8889.917516432151,9773.625363662217,10147.335321780323,11011.998965618743,11890.126605350843,12772.916907315548,13651.380198396839,14516.701636390002,15360.589550466877,16175.58027681265,16955.27689477852,17694.508037627387,installed_base
3,Decision Support Systems,Total,Software,Units,EU Europe,Latvia,0.17032278220441507,0.191517775103523,0.21502231782958947,0.24100449877740027,0.26962372614916064,0.30102466006242956,0.3353302529900359,0.35545179748965466,0.40303299351195154,0.4786569557996549,0.5262381518219518,0.5463596963215706,0.5929155014553441,0.6401962441687358,0.6877280370978417,0.7350268521783523,0.7816180747102142,0.8270552589407233,0.8709365412312005,0.912917494250505,0.9527196777706899,installed_base
3,Decision Support Systems,Total,Software,Units,EU Europe,Malta,17039.679558965494,19172.476217072835,21540.92487872609,24163.027386408285,27056.13646797197,30236.363481061562,33717.88814080568,35921.868047813514,41133.595208545645,49416.94012640591,54628.66728713804,56832.64719414588,60365.61185011099,65337.63321575607,70361.3682503535,75386.06086701789,80360.9164402458,85237.13168011204,89969.75808291095,94519.25269089249,98852.6122565715,installed_base
3,Decision Support Systems,Total,Software,Units,EU Europe,Poland,5025.280039341336,5650.626651059068,6344.115260547539,7110.705223473847,7955.099791195689,8881.567080942299,9893.734737820796,10487.409844732192,11891.26687151482,14122.510298035395,15526.367324818024,16120.04243172942,17493.64586414301,18888.638181246442,20291.037596928076,21686.56312928651,23061.21153255694,24401.810670277773,25696.503776748887,26935.128712943526,28109.470253032578,installed_base
3,Decision Support Systems,Total,Software,Units,EU Europe,Portugal,6195.742192059574,6966.741291920459,7821.753670112941,8766.893789694106,9807.96035892471,10950.215602753571,12198.13209856385,12930.082931048904,14660.919052491497,17411.852120942156,19142.68824238475,19874.639074869803,21568.17509171598,23288.081781296118,25017.120792422993,26737.6848909887,28432.50926788178,30085.35380096064,31681.60010817801,33208.71913781204,34656.58221625884,installed_base
3,Decision Support Systems,Total,Software,Units,EU Europe,Romania,2815.271392622637,3165.604192518338,3554.111624565536,3983.572027886851,4456.620266389564,4975.647432359428,5542.685811641751,5875.27554433631,6661.746844620589,7911.738037048549,8698.209337332828,9030.799070027388,9800.321647437642,10581.826744173388,11367.481458953558,12149.285274495376,12919.3932673524,13670.426119622005,14395.74141276766,15089.646095045795,15747.537817914728,installed_base
3,Decision Support Systems,Total,Software,Units,EU Europe,Slovakia,4033.9011485379233,4535.88042043798,5092.558750085888,5707.917119708488,6385.730931055561,7129.426294285809,7941.915198711175,8418.471067613984,9545.37751429705,11336.44494744427,12463.351394127334,12939.907263030143,14042.528494139697,15162.319046330036,16288.05543700659,17408.27401263298,18511.734064486172,19587.86203328487,20627.140236352432,21621.411304553072,22564.080698150075,installed_base
3,Decision Support Systems,Total,Software,Units,EU Europe,Slovenia,35811.287286372826,40307.297168360405,45303.68692492735,50839.640722058495,56953.24100243041,63680.24712113928,71052.65964594005,75803.32551852998,87037.17310535014,104891.87490505676,116125.72249187694,120876.38836446685,129211.79452023632,138784.53695612084,149664.98457559786,160580.493951029,171420.90785121976,182079.06458549885,192454.9391537998,202459.20387828874,212015.95671201037,installed_base
3,Decision Support Systems,Total,Software,Units,EU Europe,Sweden,2660.865913150919,2991.984471718301,3359.1839487027046,3765.0903033228133,4212.193888578004,4702.754655666953,5238.693428331817,5553.0420503190235,6296.37879578583,7477.813368802946,8221.150114269753,8535.49873625696,9262.816323114364,10001.459239853082,10744.024186004644,11482.949438112797,12210.820332907555,12920.662276209174,13606.197157455712,14262.044164208997,14883.853366871797,installed_base
4,Telematics Systems,Total,Hardware,Units,EU Europe,Austria,127.10790405955882,135.33111364194122,143.82001117708802,152.55039190807736,161.4945850730664,170.62172399569997,179.8981127752591,189.0453069616925,210.675576926652,245.05400489505388,266.68427486001343,275.8314690464468,289.4888258083262,302.2692704686526,316.72037636491757,333.42680838429817,351.0103297207168,369.51653911521504,388.99335741695097,409.4911405800121,431.0627975844409,installed_base
4,Telematics Systems,Total,Hardware,Units,EU Europe,Belgium,136.98804555027573,142.6585895712118,148.3970636087343,154.19119124303327,160.0281978560612,165.89492004607015,171.77792245773944,178.4833713692052,194.33967301046317,219.5411487526666,235.39745039392457,242.10289930539034,250.07564447452168,257.34771055561026,265.37573645594523,274.49935271969457,283.9352099973411,293.69389433505404,303.7863437003051,314.2238591921281,325.0181165739402,installed_base
4,Telematics Systems,Total,Hardware,Units,EU Europe,Bulgaria,0.2191699896430132,0.22749497475078467,0.23603057919762982,0.2447742130877232,0.2537226453978297,0.26287198712795024,0.2722176779553769,0.2826727764880508,0.30739583354388517,0.3466898339206521,0.3714128909764865,0.3818679895091604,0.39396216241798854,0.4049909769408885,0.4171591933199711,0.4309764162441752,0.4452500773929415,0.4599951727218646,0.47522718534642955,0.4909621009958234,0.5072164239317791,installed_base
4,Telematics Systems,Total,Hardware,Units,EU Europe,Cyprus,426.8836012996319,459.0882674683878,492.70402097976637,527.6454206573351,563.8063762834839,601.0606553762849,639.263035648665,675.9151715646219,762.5860761607404,900.337914461454,987.0088190575725,1023.6609549735294,1083.0047108159283,1139.2431890168718,1203.584581677729,1278.6108450975473,1358.2918944334585,1442.9136926826147,1532.779407471018,1628.2103994353936,1729.5472613287357,installed_base
4,Telematics Systems,Total,Hardware,Units,EU Europe,Czechia,1959.4443793097191,2064.051805389502,2171.3819113169056,2281.2126825689957,2393.2965684673472,2507.362221117586,2623.116743389625,2742.8912875230544,3026.120840950324,3476.2764246206007,3759.5059780478705,3879.2805221812996,4043.657093514066,4195.486228592073,4365.169340012413,4559.8006117794375,4763.0729613237,4975.366655554948,5197.078388564942,5428.621963239609,5670.428998576248,installed_base
4,Telematics Systems,Total,Hardware,Units,EU Europe,Germany,97.08555052546527,102.14083035001083,107.23978388323872,112.36175939631028,117.48572941247997,122.59063378379304,127.65572389723698,133.07510991802494,145.89027271929464,166.25826405645768,179.0734268577274,184.49281287851537,191.5308384065349,198.03954075896354,205.3088988155248,213.62631944695954,222.27884939258027,231.27983788756714,240.6431533597734,250.38320258139672,260.514950440015,installed_base
4,Telematics Systems,Total,Hardware,Units,EU Europe,Denmark,415.60791001897724,452.9353465071953,492.4306227676386,534.0143492103734,577.5706797800478,622.9463961961933,669.9512848417796,713.8277189171374,817.5818422916395,982.4851774156714,1086.2393007901737,1130.1157348655313,1206.7683421831366,1280.5478788433527,1366.1599079660773,1467.0177680796942,1575.2854987327248,1691.5019784960823,1816.2444329119119,1950.1310343003688,2093.8236579137165,installed_base
4,Telematics Systems,Total,Hardware,Units,EU Europe,Spain,259.13083336572424,275.31422235211767,292.0010415067859,309.14656683176725,326.69989981389654,344.6044322838794,362.79847291836734,380.85755585324563,423.56167158967133,491.4341655149571,534.1382812513829,552.1973641862611,578.7325744090318,603.5042163383623,631.4524813703218,663.7127680667836,697.6136097388833,733.2376396705,770.6715700921588,810.0063847998872,851.3375399473628,installed_base
4,Telematics Systems,Total,Hardware,Units,EU Europe,Estonia,1555.9647845612785,1656.0352754969733,1759.340157854977,1865.5917877993377,1974.4610005988857,2085.5802128864666,2198.5476636505146,2310.297291644869,2574.5504137210037,2994.5454917961515,3258.7986138722863,3370.5482418666406,3537.4268764388894,3693.541412194444,3870.0243143147036,4074.033961995194,4288.747754605972,4514.721887203209,4752.540867274938,5002.818892297888,5266.201287369342,installed_base
4,Telematics Systems,Total,Hardware,Units,EU Europe,Finland,1284.9586539518896,1344.0363664536221,1402.7256653953546,1460.7733133233473,1517.9371587114726,1573.990021610156,1628.7230519046784,1691.5297209421785,1840.0479637161088,2076.0978937201485,2224.616136494079,2287.422805531579,2362.086139287283,2430.892157873707,2507.3985479421867,2594.5422146170476,2684.696540032164,2777.9642658628172,2874.4515501291535,2974.268074433292,3077.5271541066413,installed_base
4,Telematics Systems,Total,Hardware,Units,EU Europe,France,35.5321261912263,37.02509287781357,38.47573785746198,39.877716125842284,41.22564732219659,42.51516192060846,43.74291130753909,45.271009029456124,48.884484985496044,54.62762286918925,58.24109882522917,59.76919654714621,61.402601502157175,62.91047378536901,64.5858915614498,66.48819158459287,68.44615717430594,70.4613954584125,72.53555866402775,74.67034530523999,76.86750139734262,installed_base
4,Telematics Systems,Total,Hardware,Units,EU Europe,Greece,123.79503233050005,132.8295656682678,142.26703126157594,152.0892813606731,162.2730417811925,172.78991174436774,183.60650081843488,193.96745909122615,218.4679037050012,257.4080913084369,281.90853592221197,292.26949419500323,308.8247501952884,324.4575783731948,342.29022067483845,363.0479647081227,385.0590377888259,408.3984280020351,433.1455243704387,459.3843644280095,487.2038943716811,installed_base
4,Telematics Systems,Total,Hardware,Units,EU Europe,Croatia,132.99237493915652,138.85091673467747,144.7413340237634,150.6453184621357,156.5443926300369,162.42014036695727,168.25443549088436,174.86396448722772,190.49344535516144,215.33441974300834,230.96390061094206,237.57342960728542,245.52480178232167,252.81576113467742,260.8964673394764,270.0948346463537,279.61581784643226,289.4706109719749,299.67078777780154,310.22831399809303,321.1555599535316,installed_base
4,Telematics Systems,Total,Hardware,Units,EU Europe,Hungary,93.12628531353124,99.99070562669883,107.17074799401202,114.65378719457289,122.42325355217365,130.4585969249368,138.73535356797623,146.64240805203156,165.34013323768744,195.05767257073137,213.75539775638725,221.66245224044258,234.3694572241712,246.37703718870006,260.08439139293006,276.05006633450336,292.9916001454672,310.968106140213,330.04221104382407,350.28025527876696,371.75250358087123,installed_base
4,Telematics Systems,Total,Hardware,Units,EU Europe,Ireland,384.7946342187058,399.5110578484464,414.38832390600714,429.39893360194634,444.5143580676993,459.7052490133282,474.94166286540866,492.77113151294566,534.9322808575164,601.9418021513054,644.1029514958763,661.9324201434132,682.2022914290344,700.6092836101234,720.8490701281689,743.7916404555281,767.461186228635,791.8805347066491,817.0732164747615,843.0634862428404,869.8763442022401,installed_base
4,Telematics Systems,Total,Hardware,Units,EU Europe,Italy,160.8360628125816,174.3722274412546,188.61877482884046,203.54352956120823,219.10295410915575,235.24207854074695,251.89481606260742,267.54526180556945,304.5536995398749,363.37367325878756,400.382110993093,416.032556736055,442.58049873263917,467.97155562750316,497.26555801978515,531.6322091196249,568.362648489606,607.6178414868102,649.5694833986744,694.4006816337886,742.3066765172719,installed_base
4,Telematics Systems,Total,Hardware,Units,EU Europe,Lithuania,7.11052579681037,7.512027854001943,7.923526856357851,8.343912320674809,8.771962278903885,9.206355660226194,9.645687308461142,10.092982953652466,11.150698069615428,12.831795114827019,13.88951023078998,14.336805875981305,14.960220950537973,15.539964294140505,16.19123590512519,16.940047991477346,17.723331044864373,18.542656767324345,19.399667091058255,20.296077181015782,21.23367855290058,installed_base
4,Telematics Systems,Total,Hardware,Units,EU Europe,Luxembourg,382.13988771535134,413.10148308857663,445.51889558674003,479.2976357028339,514.3189119318638,550.4403380380913,587.4975124170834,622.4973240293389,705.2609954312902,836.8028079145256,919.566479316477,954.5662909287324,1012.5669425388057,1067.8569108349463,1131.432400322841,1205.8083993314367,1285.0494030031086,1369.4703542792874,1459.4061394241435,1555.2127904764188,1657.2687519215033,installed_base
4,Telematics Systems,Total,Hardware,Units,EU Europe,Latvia,0.0,0.0,0.0,0.0,0.0,0.0,0.0,0.0,0.0,0.0,0.0,0.0,0.0,0.0,0.0,0.0,0.0,0.0,0.0,0.0,0.0,installed_base
4,Telematics Systems,Total,Hardware,Units,EU Europe,Malta,1015.2179450075968,1092.140682634756,1172.8237987174075,1257.1471229200886,1344.9441985895378,1436.001139403128,1530.056657219533,1619.6262378715062,1831.4304447860006,2168.0649705043697,2379.869177418864,2469.438758070837,2615.7727447909388,2754.3890224923202,2913.002352324328,3098.0905687834565,3294.8892402529655,3504.1327574960674,3726.600712243886,3963.120567216444,4214.570469058707,installed_base
4,Telematics Systems,Total,Hardware,Units,EU Europe,Poland,334.42501750182026,356.80240993836446,379.9998091626271,403.9604538596129,428.61720728941634,453.8930015655909,479.70156208507626,504.97346587874097,564.7336601464211,659.7145150935538,719.474709361234,744.7466131548987,783.4167024986962,819.6962228829918,860.8262595644171,908.4798697848493,958.7595300009758,1011.808594369653,1067.778088115718,1126.8271004291555,1189.123195466751,installed_base
4,Telematics Systems,Total,Hardware,Units,EU Europe,Portugal,427.0606239601474,455.9480160717278,485.9527749612172,517.0093273440025,549.0384384397497,581.9475622254197,615.6315463635189,648.373347490081,725.7975262133159,848.8529275356909,926.2771062589259,959.018907385488,1009.3548010871297,1056.5989500497128,1110.1861157020357,1172.3020292460535,1237.878092551408,1307.10529438189,1380.1849634573787,1457.3293050033035,1538.7619624457493,installed_base
4,Telematics Systems,Total,Hardware,Units,EU Europe,Romania,182.33970829290638,192.7834460833421,203.5058084597547,214.47936365935053,225.67360235986115,237.0552201963924,248.5884725838879,260.3098945935349,288.02741291384314,332.0807099175894,359.7982282378976,371.51965024754463,388.0425906389056,403.3727503729145,420.572503460572,440.349749629649,461.05278705921967,482.72454637289496,505.409909871114,529.1557964903443,554.0112500948156,installed_base
4,Telematics Systems,Total,Hardware,Units,EU Europe,Slovakia,91.54375039665494,100.61390914616342,110.35537209117177,120.77342686992617,131.86454757410246,143.61527081463865,156.00126478135962,167.47083906711646,194.5928158315359,237.69957899569164,264.8215557601111,276.29113004586793,297.46458477759177,318.0564248362263,342.19432718753535,370.8671411103046,401.9323101141339,435.58766959453925,472.0471056841373,511.541803514586,554.32158307209,installed_base
4,Telematics Systems,Total,Hardware,Units,EU Europe,Slovenia,1848.348884946162,1954.7288025206185,2063.931456658368,2175.67030510619,2289.6271293022714,2405.455085132009,2522.7825094186446,2642.0389248404726,2924.043264974998,3372.251535597459,3654.255875731984,3773.5122911538124,3942.0413122228656,4098.46917564147,4274.036957841867,4475.959697007305,4687.378361522977,4908.7352950161485,5140.493038218261,5383.1352116222115,5637.167432855247,installed_base
4,Telematics Systems,Total,Hardware,Units,EU Europe,Sweden,66.44100385919522,73.03714517765052,80.15969608029702,87.82517703636603,96.04556982567013,104.82737621809709,114.17068998077372,122.83175158721417,143.31246916160518,175.86383699071683,196.34455456510784,205.0056161715483,221.18519372563173,236.93268088101235,255.4169016116209,277.410632326325,301.2915546422124,327.22040354430874,355.37138931859687,385.9332887068545,419.1106174558302,installed_base
1,Field Survey Technologies,Sensors,Hardware,Euros,EU Europe,Austria,79.6617964252538,78.86517846100126,78.07652667639125,77.29576140962735,76.52280379553108,75.75757575757576,75.0,74.650206503609,73.82305365162888,72.50840456094612,71.681251708966,71.331458212575,70.62527677627051,69.92608653618544,69.2338182794772,68.54840347851038,67.86977428407313,67.19786351866081,66.53260466982607,65.87393188359479,65.2217799579472,prices
1,Field Survey Technologies,Sensors,Hardware,Euros,EU Europe,Belgium,90.12934139213638,89.22804797821502,88.33576749843287,87.45240982344855,86.57788572521406,85.71210686796192,84.8549857992823,84.45922950369645,83.52338892358166,82.03599519130266,81.10015461118788,80.70439831560202,79.90542477227756,79.11436106703201,78.33112889246839,77.55565071643295,76.78784977434026,76.02765006157429,75.2749763259647,74.52975406033765,73.7919094951403,prices
1,Field Survey Technologies,Sensors,Hardware,Euros,EU Europe,Bulgaria,70.47137109161254,69.76665738069642,69.06899080688945,68.37830089882056,67.69451788983235,67.01757271093403,66.3473969838247,66.03795847759251,65.30623262910414,64.14325202758475,63.411526179096384,63.1020876728642,62.47737700490284,61.8588509725543,61.24644834792601,60.640108509281546,60.03977143503966,59.44537769783277,58.85686845862422,58.27418546088384,57.69727102482109,prices
1,Field Survey Technologies,Sensors,Hardware,Euros,EU Europe,Cyprus,104.09141399566498,103.05049985570832,102.01999485715125,100.99979490857973,99.98979695949393,98.98989898989899,98.0,97.5429364980491,96.4621234381284,94.74431529296959,93.66350223304889,93.20643873109799,92.28369498766011,91.37008640728227,90.46552255185017,89.56991387858685,88.68317173118884,87.80520833105007,86.93593676857267,86.07527099456381,85.22312581171762,prices
1,Field Survey Technologies,Sensors,Hardware,Euros,EU Europe,Czechia,53.00584857378979,52.475790088051895,51.95103218717138,51.431521865299665,50.91720664664667,50.4080345801802,49.903954234378396,49.67120651924,49.12083054497265,48.24608137089665,47.69570539662929,47.4629576814909,46.99307440044414,46.52784296387974,46.06721731853733,45.61115186708381,45.159601463599685,44.712521409110046,44.269867447159854,43.83159575943297,43.39766296141458,prices
1,Field Survey Technologies,Sensors,Hardware,Euros,EU Europe,Germany,79.6617964252538,78.86517846100126,78.07652667639125,77.29576140962735,76.52280379553108,75.75757575757576,75.0,74.650206503609,73.82305365162888,72.50840456094612,71.681251708966,71.331458212575,70.62527677627051,69.92608653618544,69.2338182794772,68.54840347851038,67.86977428407313,67.19786351866081,66.53260466982607,65.87393188359479,65.2217799579472,prices
1,Field Survey Technologies,Sensors,Hardware,Euros,EU Europe,Denmark,63.53912201882573,62.90373079863747,62.274693490651096,61.65194655574459,61.03542709018714,60.42507281928527,59.82082209109242,59.54182296420939,58.88207678287015,57.83349825799082,57.17375207665158,56.89475294976855,56.33149489556584,55.77381309609974,55.22165234644835,54.67495798821851,54.133675904135146,53.59775251268421,53.067134762808635,52.54177012865683,52.02160660438312,prices
1,Field Survey Technologies,Sensors,Hardware,Euros,EU Europe,Spain,39.3349879861223,38.941638106261074,38.552221725198464,38.16669950794648,37.78503251286702,37.40718218773835,37.03311036586096,36.860391150432854,36.45196391234197,35.80282331410685,35.394396076015965,35.221676860587856,34.872982259668035,34.527739735297324,34.18591511191788,33.84747455230989,33.51238455424202,33.18061194715502,32.85212388887819,32.526887862378295,32.20487167254075,prices
1,Field Survey Technologies,Sensors,Hardware,Euros,EU Europe,Estonia,26.670243179169084,26.40354074737739,26.139505339903618,25.878110286504583,25.619329183639536,25.36313589180314,25.109504532885108,24.992395981109063,24.715470670626612,24.275334839937916,23.998409529455465,23.88130097767942,23.644876098000392,23.410791824630188,23.179024985566347,22.94955263820924,22.72235206709097,22.49740078162677,22.274676513888664,22.054157216401165,21.835821059958793,prices
1,Field Survey Technologies,Sensors,Hardware,Euros,EU Europe,Finland,51.833585100140965,51.315249249139555,50.80209675664816,50.29407578908168,49.79113503119086,49.29322368087895,48.80029144407016,48.572691116481884,48.034487113209565,47.17908366291622,46.6408796596439,46.41327933205562,45.95378786666827,45.49884536678825,45.048406797657044,44.60242757036024,44.160863537413675,43.72367098839328,43.290806645608185,42.86222765981666,42.437891605984476,prices
1,Field Survey Technologies,Sensors,Hardware,Euros,EU Europe,France,27.56969638697166,27.293999423101944,27.021059428870924,26.750848834582214,26.483340346236393,26.218506942774027,25.956321873346287,25.835263838925915,25.54899923006655,25.094019830756366,24.807755221897,24.68669718747663,24.44229888532061,24.200320126355937,23.960736957105013,23.723525661229672,23.488662757183498,23.25612499588738,23.025889358428095,22.79793305377966,22.57223351654724,prices
1,Field Survey Technologies,Sensors,Hardware,Euros,EU Europe,Greece,71.98088070256962,71.26107189554392,70.54846117658848,69.84297656482259,69.14454679917436,68.45310133118262,67.7685703178708,67.45250358244537,66.70510403293814,65.51721217500133,64.7698126254941,64.45374589006867,63.815653805756995,63.18387883308,62.55835843263251,61.939030684149444,61.32583428037636,60.718708521000636,60.117593306642725,59.52242913290696,58.93315708449118,prices
1,Field Survey Technologies,Sensors,Hardware,Euros,EU Europe,Croatia,80.33741142357322,79.53403730933748,78.7386969362441,77.95130996688165,77.17179686721283,76.4000788985407,75.63607810955529,75.2833180000187,74.44915003040657,73.12335134627939,72.28918337666727,71.93642326713068,71.22425267678608,70.5191325752859,69.82099316279056,69.12976533047893,68.44538065370719,67.76777138523549,67.09687044852166,66.43261143108128,65.77492857791358,prices
1,Field Survey Technologies,Sensors,Hardware,Euros,EU Europe,Hungary,68.76398569379339,68.07634583685545,67.39558237848689,66.72162655470203,66.054410289155,65.39386618626345,64.73992752440081,64.437986116336,63.72398857381875,62.589184749141126,61.87518720662386,61.573245798559064,60.96367066515333,60.36013032556831,59.76256503534518,59.17091564149526,58.585123576644456,58.00513085323568,57.43088005778864,56.86231434521653,56.299377433198885,prices
1,Field Survey Technologies,Sensors,Hardware,Euros,EU Europe,Ireland,46.46661109914041,46.001944988149006,45.54192553826751,45.08650628288484,44.635641220055994,44.18928480785544,43.747391959776884,43.543357917222245,43.06088085020596,42.294047929410446,41.81157086239416,41.607536819839524,41.19562220532311,40.787785545490415,40.38398646859006,39.984185002551015,39.58834157102576,39.1964169894726,38.808372461276825,38.424169573910184,38.043770295128475,prices
1,Field Survey Technologies,Sensors,Hardware,Euros,EU Europe,Italy,52.699973075189355,52.17297334443746,51.651243610993085,51.13473117488315,50.623383863134315,50.11715002450297,49.61597852425794,49.3845739028598,48.837373927658135,47.967672580321455,47.42047260511979,47.18906798372165,46.72189621068281,46.25934943819705,45.801381878758896,45.34794819815918,44.8990035109974,44.45450337623853,44.014403792813766,43.57866119526491,43.14723244943178,prices
1,Field Survey Technologies,Sensors,Hardware,Euros,EU Europe,Lithuania,102.71330521370074,101.68617216156373,100.66931043994809,99.6626173355486,98.66599116219312,97.6793312505712,96.70253793806548,96.25152568666229,95.18502195267314,93.4899565717799,92.42345283779075,91.97244058638756,91.06191342458233,90.16040048167896,89.26781251691034,88.38406117299293,87.5090589673803,86.64271928360323,85.78495636269555,84.93568529470487,84.09482201028729,prices
1,Field Survey Technologies,Sensors,Hardware,Euros,EU Europe,Luxembourg,95.30713997549356,94.35406857573862,93.41052788998124,92.47642261108143,91.55165838497062,90.63614180112091,89.7297803831097,89.31128846830164,88.32168521828245,86.7488428957782,85.75923964575901,85.34074773095095,84.49587432841453,83.65936517256323,82.83113745735486,82.01110919652704,81.19919921548143,80.39532714324817,79.59941340453001,78.81137921182517,78.0311465576281,prices
1,Field Survey Technologies,Sensors,Hardware,Euros,EU Europe,Latvia,18.91412274059891,18.72498151319292,18.53773169806099,18.35235438108038,18.168830837269578,17.987142528896882,17.807271103607913,17.724219535334402,17.5278284009433,17.21569089742464,17.019299763033537,16.936248194760026,16.768579337631902,16.602570402189347,16.438204955207674,16.275466726151116,16.11433960556222,15.954807643467152,15.796855047796827,15.640466182823637,15.485625567613683,prices
1,Field Survey Technologies,Sensors,Hardware,Euros,EU Europe,Malta,64.14904009890775,63.50754969791867,62.87247420093948,62.24374945893008,61.621311964340784,61.00509884469737,60.3950478562504,60.113370590192545,59.44729144246223,58.38864751251608,57.722568364785765,57.44089109872791,56.872226276850505,56.30919123670969,55.75173024346626,55.19978811405595,54.65331021172679,54.112242440630695,53.57653124046845,53.04612358118781,52.520966957734046,prices
1,Field Survey Technologies,Sensors,Hardware,Euros,EU Europe,Poland,42.46340092087034,42.03876691166164,41.618379242545025,41.202195450119575,40.790173495618376,40.38227176066219,39.97844904305557,39.79199302344144,39.3510825148587,38.65031409244056,38.20940358385782,38.022947564243694,37.64652038335768,37.27381983156244,36.90480901522997,36.53945140597919,36.17771083706,35.819551499773105,35.46493793992535,35.113835054320084,34.766208087282315,prices
1,Field Survey Technologies,Sensors,Hardware,Euros,EU Europe,Portugal,36.62832241443995,36.26203919029555,35.899418798392595,35.54042461040867,35.185020364304584,34.83317016066154,34.48483845905492,34.3240041628273,33.943681063074216,33.33920824277371,32.95888514302062,32.798050846793004,32.47335014340975,32.15186397698999,31.83356052361779,31.518408274433973,31.206376032517078,30.897432909795157,30.591548323988185,30.288691995580702,29.988833944824453,prices
1,Field Survey Technologies,Sensors,Hardware,Euros,EU Europe,Romania,66.0869759418605,65.4261061824419,64.77184512061748,64.12412666941131,63.482885402717194,62.848056548690025,62.21957598320312,61.929389276174724,61.24318794652805,60.15256249334158,59.466361163694906,59.17617445666651,58.59033032954551,58.010286059283004,57.4359842272961,56.867367983445874,56.30438104040976,55.746967668109704,55.19507268819542,54.648641468582284,54.10761991804332,prices
1,Field Survey Technologies,Sensors,Hardware,Euros,EU Europe,Slovakia,90.28336928195431,89.38053558913477,88.48673023324342,87.60186293091098,86.72584430160187,85.85858585858585,85.0,84.60356737075688,83.66612747184607,82.17619183573893,81.23875193682812,80.842319307585,80.04198034643991,79.24956474101016,78.46499405007415,77.68819060897842,76.91907752194953,76.15757865448224,75.40361862580286,74.65712280140741,73.91801728567347,prices
1,Field Survey Technologies,Sensors,Hardware,Euros,EU Europe,Slovenia,30.054557755842588,29.75401217828416,29.45647205650132,29.161907335936306,28.870288262576942,28.58158537995117,28.29576952615166,28.163800510743307,27.85173482457626,27.355748055539934,27.043682369372885,26.911713353964533,26.645287391760284,26.381499046581858,26.1203222060207,25.861731016181093,25.6056998791209,25.3522034503176,25.101216636159453,24.852714591461474,24.606672717006006,prices
1,Field Survey Technologies,Sensors,Hardware,Euros,EU Europe,Sweden,201.80988427730964,199.79178543453654,197.79386758019118,195.81592890438927,193.85776961534538,191.91919191919192,190.0,189.11385647580948,187.0184025841265,183.6879582210635,181.59250432938052,180.70636080519,178.9173678332186,177.14608589166974,175.3923396413422,173.6559554788929,171.93676151965187,170.2345875806073,168.54926516355928,166.88062743844003,165.22850922679947,prices
1,Field Survey Technologies,GIS software,Software,Euros,EU Europe,Austria,1189.947368131237,1178.0478944499246,1166.2674155054253,1154.6047413503711,1143.0586939368675,1131.628106997499,1120.3118259275238,1115.0867887189988,1102.731200426692,1083.0936414502019,1070.7380531578951,1065.5130159493701,1054.9644370914714,1044.5202891642657,1034.1795383015394,1023.9411608723542,1013.8041433797179,1003.7674823602587,993.8301842848921,983.9912654604716,974.2497519324129,prices
1,Field Survey Technologies,GIS software,Software,Euros,EU Europe,Belgium,1069.1366281752375,1058.4452618934852,1047.8608092745503,1037.3822011818047,1027.0083791699867,1016.7382953782868,1006.570912424504,1001.876352973538,990.775179627776,973.1313458314213,962.0301724856593,957.3356130346933,947.8579904656499,938.47419636004,929.1833018160755,919.9843871280964,910.8765416955282,901.8588639327425,892.9304611798083,884.0904496141281,875.3379541629482,prices
1,Field Survey Technologies,GIS software,Software,Euros,EU Europe,Bulgaria,1084.4815762198227,1073.6367604576244,1062.900392853048,1052.2713889245176,1041.7486750352725,1031.3311882849198,1021.0178764020706,1016.2559375638787,1004.9954329186966,987.0983632815921,975.83785863641,971.0759197982181,961.4622681922158,951.9437917371129,942.5195481989155,933.1886046717461,923.9500374854958,914.8029321143894,905.746383086457,896.779493893901,887.9013769043513,prices
1,Field Survey Technologies,GIS software,Software,Euros,EU Europe,Cyprus,1154.906960227261,1143.3578906249884,1131.9243117187384,1120.605068601551,1109.3990179155355,1098.3050277363802,1087.3219774590164,1082.250802043041,1070.2590490473624,1051.1997577280838,1039.2080047324052,1034.1368293164298,1023.8988747061971,1013.7622758466058,1003.7260293157244,993.7891416254987,983.9506291234062,974.2095178950844,964.5648436679231,955.0156517156107,945.5609967636261,prices
1,Field Survey Technologies,GIS software,Software,Euros,EU Europe,Czechia,1121.4050594291812,1110.1910088348893,1099.0890987465405,1088.098207759075,1077.2172256814843,1066.4450534246694,1055.7806028904226,1050.8565337103314,1039.2126412203834,1020.7062277597115,1009.0623352697635,1004.1382660896724,994.1972972553846,984.3547440125562,974.609632046832,964.9609966895683,955.4078828223415,945.9493447824003,936.5844462690545,927.3122602509909,918.131868874506,prices
1,Field Survey Technologies,GIS software,Software,Euros,EU Europe,Germany,1201.0879483598515,1189.077068876253,1177.1862981874904,1165.4144352056155,1153.7602908535594,1142.2226879450238,1130.8004610655737,1125.5265057722847,1113.055241420407,1093.2338307819603,1080.7625664300824,1075.4886111367935,1064.8412738865393,1054.2993452750625,1043.8617817568393,1033.5275501174465,1023.2956273712838,1013.165000660308,1003.1346671537709,993.2036339489485,983.3709179728539,prices
1,Field Survey Technologies,GIS software,Software,Euros,EU Europe,Denmark,1109.094596919479,1098.0036509502843,1087.0236144407813,1076.1533782963736,1065.3918445134098,1054.7379260682756,1044.1905468075927,1039.3205326440427,1027.8044634600083,1009.5012080885397,997.9851389045053,993.1151247409553,983.2832850060198,973.5487804844602,963.910647557664,954.3679321468431,944.9196896185894,935.5649846913653,926.3028913429208,917.1324927186258,908.0528810407114,prices
1,Field Survey Technologies,GIS software,Software,Euros,EU Europe,Spain,1120.005608209301,1108.805552127208,1097.717496605936,1086.7403216398766,1075.8729184234778,1065.114189239243,1054.4630473468505,1049.545123131563,1037.9157615726217,1019.4324430879136,1007.8030815289724,1002.8851573136849,992.9565942562793,983.1263239731421,973.393373365808,963.7567789694865,954.2155868576885,944.7688525477975,935.4156409075742,926.1550260625893,916.9860913045696,prices
1,Field Survey Technologies,GIS software,Software,Euros,EU Europe,Estonia,1149.7494775076625,1138.251982732586,1126.86946290526,1115.6007682762074,1104.4447605934454,1093.400312987511,1082.466309857636,1077.417780854295,1065.47957958268,1046.505401583359,1034.5672003117436,1029.5186713084029,1019.3264364624497,1009.2351047414714,999.2436772045309,989.351164800206,979.556588268684,969.858978044824,960.2573741621802,950.7508261579746,941.3383929790107,prices
1,Field Survey Technologies,GIS software,Software,Euros,EU Europe,Finland,1182.9836624325098,1171.1538258081848,1159.442287550103,1147.8478646746019,1136.3693860278559,1125.0056921675773,1113.7556352459014,1108.561175542197,1096.2778935408292,1076.7552557659114,1064.4719737645437,1059.2775140608392,1048.790666671637,1038.4076390715877,1028.127403444779,1017.9489421506756,1007.871247623384,997.8933222719124,988.0141783814205,978.2328380154444,968.5483329190914,prices
1,Field Survey Technologies,GIS software,Software,Euros,EU Europe,France,1047.9871171481366,1037.5072459766552,1027.1321735168885,1016.8608517817196,1006.6922432639024,996.6253208312634,986.6590676229507,982.0573752894878,971.1758037999363,953.8809978524106,942.999426362859,938.3977340293961,929.1075964625051,919.9094312575262,910.8023278880767,901.7853848419846,892.857709532049,884.0184182076816,875.2666358674255,866.601496172338,858.0221413602318,prices
1,Field Survey Technologies,GIS software,Software,Euros,EU Europe,Greece,1079.2032519162383,1068.411219397076,1057.727107203105,1047.1498361310742,1036.6783377697634,1026.3115543920658,1016.048438848145,1011.3096770357809,1000.1039788498716,982.2940167669202,971.088318581011,966.3495567686468,956.7826961566373,947.3105474646866,937.9321730447862,928.6466445316428,919.4530427507794,910.3504576275467,901.337988097034,892.4147420148734,883.579836068926,prices
1,Field Survey Technologies,GIS software,Software,Euros,EU Europe,Croatia,1357.2977117701712,1343.7247346524696,1330.287487305945,1316.9846124328856,1303.8147663085567,1290.7766186454712,1277.8688524590166,1271.9089829412726,1257.815744731032,1235.4164230657377,1221.3231848554972,1215.3633153377532,1203.3312185159093,1191.4182394526017,1179.623198882021,1167.944929213089,1156.3822744138793,1144.9340898971818,1133.5992424071997,1122.3766099073684,1111.2650814692854,prices
1,Field Survey Technologies,GIS software,Software,Euros,EU Europe,Hungary,1127.4859728950898,1116.2111131661388,1105.0490020344773,1093.9985120141325,1083.0585268939913,1072.2279416250512,1061.5056622088007,1056.554891848496,1044.8478593699751,1026.2410933222764,1014.5340608437556,1009.5832904834508,999.5884159076646,989.6924905901787,979.894534933336,970.193579037496,960.5886626050248,951.078834845235,941.6631543802671,932.3406891519024,923.1105163292985,prices
1,Field Survey Technologies,GIS software,Software,Euros,EU Europe,Ireland,1039.0647725655585,1028.674124839903,1018.387383591504,1008.2035097555889,998.121474658033,988.1402599114526,978.2588573123381,973.6963428313416,962.9074147806654,945.7598532177583,934.9709251670821,930.4084106860855,921.1973674202933,912.0775134828324,903.0479460993523,894.1077714329687,885.2561044957822,876.4920690612739,867.8147975775673,859.2234310815494,850.717119113842,prices
1,Field Survey Technologies,GIS software,Software,Euros,EU Europe,Italy,1109.7731655866123,1098.6754339307463,1087.6886795914388,1076.8117927955245,1066.0436748675693,1055.3832381188936,1044.8294057377047,1039.9564119915033,1028.433297020988,1010.1188433120321,998.595728341517,993.7227345953154,983.8848795228217,974.1444192155458,964.5003894653119,954.9518356096053,945.4978124370701,936.1373840939431,926.869623991413,917.693614713898,908.6084479282304,prices
1,Field Survey Technologies,GIS software,Software,Euros,EU Europe,Lithuania,1370.5401537198252,1356.834752182627,1343.2664046608006,1329.8337406141925,1316.5354032080506,1303.37004917597,1290.3363486842104,1284.3183318451886,1270.0875933008183,1247.4697332011833,1233.238994656813,1227.2209778177912,1215.0714901373951,1203.042282385035,1191.132163789423,1179.3399553679076,1167.6644898097652,1156.1046113606485,1144.659175708178,1133.327049868667,1122.1071120749673,prices
1,Field Survey Technologies,GIS software,Software,Euros,EU Europe,Luxembourg,1195.6113287303938,1183.65521544309,1171.818663288659,1160.1004766557726,1148.4994718892149,1137.0144771703226,1125.6443323986193,1120.3944248423204,1107.98002591087,1088.2489952706028,1075.8345963391523,1070.5846887828534,1059.985900363903,1049.4920399503003,1039.1020687547923,1028.8149582741198,1018.629690187206,1008.5452562543527,998.5606582174346,988.674907701082,978.8870261148413,prices
1,Field Survey Technologies,GIS software,Software,Euros,EU Europe,Latvia,1099.5312721468333,1088.535959425365,1077.6505998311113,1066.8740938328,1056.205352894472,1045.6432993655274,1035.1868663718722,1030.358844593122,1018.9420743417639,1000.7966413742636,989.3798711229055,984.5518493441554,974.8047860356482,965.1542186538953,955.5991918892217,946.1387598895184,936.7719861666121,927.4979435035626,918.3157138628774,909.2243882956349,900.2230668515081,prices
1,Field Survey Technologies,GIS software,Software,Euros,EU Europe,Malta,1101.1968497843443,1090.1848812865007,1079.2830324736358,1068.4902021488995,1057.8053001274104,1047.2272471261363,1036.7549746548748,1031.919639355071,1020.4855749005328,1002.3126551046546,990.8785906501165,986.0432553503126,976.2814271223446,966.6162409938333,957.0467402079944,947.5719774799352,938.1910149028838,928.9029238553452,919.7067849091773,910.6016877385764,901.5867310299644,prices
1,Field Survey Technologies,GIS software,Software,Euros,EU Europe,Poland,1070.5422224262265,1059.8368002019643,1049.2384321999446,1038.746047877945,1028.3585873991656,1018.075001525174,1007.8942515099222,1003.193520120215,992.077752058471,974.4107219084456,963.2949538467016,958.5942224569943,949.10413965467,939.7080086720888,930.4048993862351,921.1938908823114,912.0740713625765,903.044538056087,894.1043971293318,885.2527635977514,876.4887612381336,prices
1,Field Survey Technologies,GIS software,Software,Euros,EU Europe,Portugal,1106.699502119062,1095.6325070978712,1084.6761820268925,1073.8294202066236,1063.0911260045573,1052.4602147445116,1041.9356125970664,1037.0761152511382,1025.584915070614,1007.3211856619376,995.8299854814135,990.9704881354852,981.1598803029439,971.4463974879448,961.8290781528141,952.3069702791012,942.8791312733381,933.544627873732,924.302536057782,915.15194095081,906.0919367353969,prices
1,Field Survey Technologies,GIS software,Software,Euros,EU Europe,Romania,1128.7139347430273,1117.426795395597,1106.2525274416412,1095.1900021672247,1084.2381021455526,1073.395721124097,1062.661763912856,1057.7056015944547,1045.9858188116445,1027.3587878565595,1015.6390050737496,1010.6828427553481,1000.6770826120702,990.7703794942107,980.961752737218,971.2502313851196,961.6348540944069,952.1146690388723,942.6887338153874,933.356115350615,924.1158898086439,prices
1,Field Survey Technologies,GIS software,Software,Euros,EU Europe,Slovakia,1100.578293805738,1089.5725108676806,1078.676785759004,1067.8900179014138,1057.2111177223996,1046.6390065451756,1036.1726164797237,1031.3399972479497,1019.9123554497509,1001.7496436091449,990.3220018109461,985.489382579172,975.7330376916382,966.0732806184909,956.5091551403679,947.0397145044782,937.6640213308839,928.3811475197081,919.1901741592629,910.0901914350862,901.0802985398789,prices
1,Field Survey Technologies,GIS software,Software,Euros,EU Europe,Slovenia,1168.7222935256675,1157.035070590411,1145.4647198845068,1134.0100726856617,1122.669971958805,1111.4432722392169,1100.3288395168247,1095.1970012240988,1083.0617993878013,1063.7745152768302,1051.6393134405328,1046.5074751478069,1036.1470511438436,1025.8891953375196,1015.7328923036781,1005.6771366698716,995.7209330168399,985.8632957799732,976.1032491517515,966.4398269851491,956.8720726979961,prices
1,Field Survey Technologies,GIS software,Software,Euros,EU Europe,Sweden,1184.5041270694142,1172.65908579872,1160.9324949407328,1149.3231699913254,1137.8299382914122,1126.4516389084981,1115.1871225194132,1109.985986483196,1097.686917031417,1078.1391872105996,1065.8401177588205,1060.6389817226034,1050.1386558035497,1039.7422831110946,1029.4488345082948,1019.2572910466627,1009.1666438653007,999.1758940910341,989.2840527395329,979.4901406174115,969.7931882252991,prices
2,Remote Sensing Technologies,Drones,Hardware,Euros,EU Europe,Austria,20802.154967977596,20594.13341829782,20388.192084114842,20184.310163273694,19982.467061640957,19782.642391024547,19584.8159671143,19493.47408373682,19277.478931967424,18934.183458602674,18718.188306833283,18626.8464234558,18442.44064386359,18259.86048148934,18079.087862722597,17900.10489288164,17722.893854442114,17547.43720528314,17373.717576950836,17201.71777293902,17031.420766986925,prices
2,Remote Sensing Technologies,Drones,Hardware,Euros,EU Europe,Belgium,15304.257401229403,15151.214827217109,14999.702678944937,14849.705652155488,14701.208595633932,14554.196509677593,14408.654544580817,14341.453829228298,14182.54503323168,13929.980705298409,13771.07190930179,13703.871193949271,13568.202869129173,13433.877660724793,13300.882271883616,13169.203537391968,13038.828422371787,12909.744020990307,12781.937555182503,12655.396373386197,12530.107949289673,prices
2,Remote Sensing Technologies,Drones,Hardware,Euros,EU Europe,Bulgaria,15462.935007773698,15308.30565769596,15155.222601119001,15003.670375107811,14853.633671356733,14705.097334643166,14558.046361296734,14490.14889546553,14329.592501238792,14074.409535758841,13913.853141532103,13845.9556757009,13708.88071451146,13573.162795437796,13438.788483762963,13305.74447777371,13174.01760744375,13043.594833130057,12914.46324428207,12786.610058163677,12660.022618587856,prices
2,Remote Sensing Technologies,Drones,Hardware,Euros,EU Europe,Cyprus,20439.812388362137,20235.414264478517,20033.060121833732,19832.729520615394,19634.40222540924,19438.05820315515,19243.6776211236,19153.926777410077,18941.693939718098,18604.3781625714,18392.14532487942,18302.3944811659,18121.200775802357,17941.800888121914,17764.177059329508,17588.311706442146,17414.18742054837,17241.78696508494,17071.0932741306,16902.089450716707,16734.758765154613,prices
2,Remote Sensing Technologies,Drones,Hardware,Euros,EU Europe,Czechia,15844.749916753264,15686.302417585732,15529.439393409873,15374.144999475775,15220.403549481018,15068.199513986208,14917.517518846345,14847.943510707795,14683.422615238766,14421.938604020159,14257.41770855113,14187.843700412579,14047.384047778494,13908.314945705486,13770.622627743001,13634.293463728345,13499.313958437435,13365.670750248904,13233.35060982144,13102.340438784207,12972.627268440243,prices
2,Remote Sensing Technologies,Drones,Hardware,Euros,EU Europe,Germany,16668.727297537913,16502.040024562535,16337.019624316908,16173.649428073739,16011.912933793,15851.79380445507,15693.275866410519,15620.08378860865,15447.007283411152,15171.925272109682,14998.848766912184,14925.656689110316,14777.892687888123,14631.59155027803,14486.738793930277,14343.320079870367,14201.32121107965,14060.728131089962,13921.526922592171,13783.70380605851,13647.24513837853,prices
2,Remote Sensing Technologies,Drones,Hardware,Euros,EU Europe,Denmark,15717.451035009437,15560.276524659343,15404.67375941275,15250.627021818622,15098.120751600436,14947.139544084432,14797.668148643586,14728.65310757495,14565.453995417538,14306.070782406343,14142.871670248931,14073.856629180294,13934.525448551409,13796.57364661075,13659.987567509303,13524.75369059096,13390.85862905411,13258.289128626473,13127.03206625307,12997.074448797164,12868.403411754072,prices
2,Remote Sensing Technologies,Drones,Hardware,Euros,EU Europe,Spain,15830.27860219418,15671.975816172237,15515.256058010515,15360.10349743041,15206.502462456105,15054.437437831544,14903.893063453228,14834.38259859319,14670.011963219295,14408.766770372602,14244.396134998706,14174.885670138669,14034.554302004295,13895.612214414452,13758.045653491748,13621.84100152218,13486.98477560711,13353.4636263286,13221.264336427947,13090.37381949731,12960.779118684286,prices
2,Remote Sensing Technologies,Drones,Hardware,Euros,EU Europe,Estonia,16137.851229740209,15976.472717442806,15816.707990268378,15658.540910365695,15501.955501262039,15346.935946249418,15193.466586786923,15122.605576124362,14955.04131987469,14688.720292772843,14521.15603652317,14450.29502586061,14307.23710510459,14165.595457764055,14025.356062732191,13886.505037711142,13749.028637837802,13612.913254323208,13478.145413105409,13344.711773515664,13212.599126957859,prices
2,Remote Sensing Technologies,Drones,Hardware,Euros,EU Europe,Finland,16481.51618735381,16316.70102548027,16153.534015225467,15991.998675073211,15832.07868832248,15673.757901439254,15517.020322424862,15444.65028519618,15273.517650343818,15001.525161584059,14830.392526731697,14758.022489503015,14611.918066856935,14467.260077995052,14324.0342032229,14182.226264610994,14041.822224591344,13902.80818456789,13765.170383540668,13628.895196743615,13493.969134295852,prices
2,Remote Sensing Technologies,Drones,Hardware,Euros,EU Europe,France,15085.55651155472,14934.700946439172,14785.35393697478,14637.500397605032,14491.125393628981,14346.21413969269,14202.751998295764,14136.511594564323,13979.873636946233,13730.918503616202,13574.280545998112,13508.040142266671,13374.31054485823,13241.904870464134,13110.810012246538,12981.012993125298,12852.500964493356,12725.26120494487,12599.281119015915,12474.548235937658,12351.050208401875,prices
2,Remote Sensing Technologies,Drones,Hardware,Euros,EU Europe,Greece,15408.353404458796,15254.269870414208,15101.727171710065,14950.709899992964,14801.202800993035,14653.190772983104,14506.658865253272,14439.00106624756,14279.0114095396,14024.729197725595,13864.739541017636,13797.081742011924,13660.490632766005,13525.251775501622,13391.351782924155,13258.777400273206,13127.5155040105,12997.553100520796,12868.87732482564,12741.475439309866,12615.334832460698,prices
2,Remote Sensing Technologies,Drones,Hardware,Euros,EU Europe,Croatia,18284.046639433425,18101.206173039092,17920.1941113087,17740.992170195615,17563.582248493658,17387.946426008722,17214.066961748635,17133.782046153185,16943.933185065354,16642.19375202249,16452.34489093466,16372.059975339209,16209.97658158335,16049.497813425674,15890.60778507276,15733.29076800054,15577.531189397334,15423.3136306223,15270.62282567914,15119.443659704917,14969.761167473838,prices
2,Remote Sensing Technologies,Drones,Hardware,Euros,EU Europe,Hungary,15907.630859169607,15748.55455057791,15591.069005072131,15435.15831502141,15280.806731871196,15127.998664552484,14976.71867790696,14906.868560696168,14741.69475312637,14479.173025242078,14313.99921767228,14244.149100461489,14103.13202436692,13963.511017325687,13825.272258254163,13688.402062897447,13552.886882474762,13418.713302338261,13285.868040645111,13154.337947042724,13024.110001367002,prices
2,Remote Sensing Technologies,Drones,Hardware,Euros,EU Europe,Ireland,14993.293163447359,14843.360231812885,14694.926629494756,14547.977363199809,14402.49758956781,14258.472613672133,14115.887887535411,14050.052610484154,13894.372651492065,13646.940129151686,13491.260170159598,13425.42489310834,13292.513186666567,13160.917306118568,13030.624224787995,12901.621044962592,12773.894996617462,12647.43343615095,12522.223845133056,12398.253829066238,12275.511116158481,prices
2,Remote Sensing Technologies,Drones,Hardware,Euros,EU Europe,Italy,15724.467914549461,15567.223235403966,15411.551003049926,15257.435493019428,15104.861138089233,14953.81252670834,14804.274401441256,14735.228549382431,14571.956578813786,14312.45756707948,14149.185596510835,14080.13974445201,13940.746360981935,13802.732972008214,13666.085915585332,13530.791665021037,13396.836827537329,13264.208142944708,13132.892482329555,13002.876846754492,12874.148365971623,prices
2,Remote Sensing Technologies,Drones,Hardware,Euros,EU Europe,Lithuania,18420.98284718516,18236.77301871331,18054.405288526177,17873.861235640914,17695.122623284504,17518.171397051658,17342.98968308114,17262.103483092902,17070.83277138327,16766.833496495496,16575.562784785863,16494.676584797624,16331.379286608128,16169.698631670706,16009.618615217167,15851.123390926516,15694.197269356342,15538.824716389714,15384.990351697455,15232.67894721565,15081.875425638216,prices
2,Remote Sensing Technologies,Drones,Hardware,Euros,EU Europe,Luxembourg,16612.09518042478,16445.974228620533,16281.514486334328,16118.699341470985,15957.512348056274,15797.937224575711,15639.957852329953,15567.014445122295,15394.525968556913,15120.378550305148,14947.890073739765,14874.946666532107,14727.684694533438,14581.880616057557,14437.519997958587,14294.588549978796,14153.072123334006,14012.956709312999,13874.2284378908,13736.873576355682,13600.87852794976,prices
2,Remote Sensing Technologies,Drones,Hardware,Euros,EU Europe,Latvia,15618.559498777446,15462.37390378967,15307.750164751773,15154.672663104255,15003.125936473212,14853.09467710848,14704.563730337395,14635.982920202208,14473.810629179916,14216.059411353584,14053.887120331292,13985.306310196105,13846.851777725164,13709.767945125684,13574.04124246894,13439.658234168497,13306.605617650228,13174.87022203549,13044.439006837338,12915.299060669648,12787.437599969018,prices
2,Remote Sensing Technologies,Drones,Hardware,Euros,EU Europe,Malta,15635.782748557505,15479.42492107193,15324.63067186121,15171.384365142598,15019.67052149117,14869.473816276259,14720.779078113495,14652.122641002392,14489.77151569798,14231.736064642197,14069.384939337784,14000.72850222668,13862.121290054636,13724.886289283095,13589.009915019193,13454.478716860502,13321.279377563582,13189.398711725702,13058.823664479618,12929.54131020127,12801.538851230278,prices
2,Remote Sensing Technologies,Drones,Hardware,Euros,EU Europe,Poland,15318.792239071236,15165.604316680523,15013.948273513717,14863.80879077858,14715.170702870793,14568.018995842085,14422.338805883664,14355.074268323056,14196.014552649585,13943.210358027269,13784.150642353798,13716.88610479319,13581.088932355737,13446.636151925415,13313.514454021353,13181.710660926541,13051.211725383368,12922.004729302073,12794.076882481982,12667.41552134541,12542.00810768409,prices
2,Remote Sensing Technologies,Drones,Hardware,Euros,EU Europe,Portugal,15692.684062239465,15535.75722161707,15380.399649400899,15226.59565290689,15074.329696377821,14923.586399414044,14774.350535419902,14705.44424567736,14542.502296590337,14283.527809966095,14120.585860879073,14051.67957113653,13912.567943382279,13774.833520742794,13638.46266888744,13503.441888465453,13369.757813769646,13237.397211413327,13106.346979020334,12976.594143928032,12848.125861903145,prices
2,Remote Sensing Technologies,Drones,Hardware,Euros,EU Europe,Romania,15920.328852436993,15761.125563912623,15603.514308273496,15447.47916519076,15293.004373538852,15140.074329803463,14988.673586505429,14918.7677126376,14753.46205791124,14490.730776564036,14325.425121837676,14255.519247969847,14114.389607414945,13974.657150301537,13836.308044513551,13699.328594872866,13563.705241783624,13429.424559889965,13296.473256747055,13164.838171505258,13034.506273607356,prices
2,Remote Sensing Technologies,Drones,Hardware,Euros,EU Europe,Slovakia,17753.7010139659,17576.16400382624,17400.40236378798,17226.3983401501,17054.134356748596,16883.59301318111,16714.7570830493,16636.80090543055,16452.45878554523,16159.471582875707,15975.129462990386,15897.173285371638,15739.791269846459,15583.967336274978,15429.686059645855,15276.93216765536,15125.690539195573,14975.946202857536,14827.684335449247,14680.890260528298,14535.549446949068,prices
2,Remote Sensing Technologies,Drones,Hardware,Euros,EU Europe,Slovenia,16334.04355482303,16170.7031192748,16008.996088082053,15848.906127201231,15690.41706592922,15533.512895269927,15378.177766317227,15306.455278730527,15136.853897428307,14867.295131870347,14697.693750568127,14625.971262981428,14481.174147477912,14337.81052341788,14195.866199236043,14055.327123863606,13916.179385337357,13778.409209422516,13642.002958249233,13506.947128962565,13373.228352385835,prices
2,Remote Sensing Technologies,Drones,Hardware,Euros,EU Europe,Sweden,22870.182580181365,22641.48075437955,22415.065946835755,22190.9152873674,21969.006134493724,21749.316073148788,21531.8229124173,21431.40035748122,21193.932241076727,20816.508355576036,20579.040239171543,20478.61768423546,20275.879369161532,20075.148163406833,19876.404196589105,19679.627795042874,19484.79947987195,19291.899965021217,19100.910155367506,18911.811144829368,18724.584214495557,prices
3,Decision Support Systems,Total,Software,Euros,EU Europe,Austria,531.0786428350254,525.7678564066752,520.5101778426084,515.3050760641823,510.1520253035405,505.0505050505051,500.0,497.66804335739334,492.15369101085923,483.38936373964077,477.87501139310666,475.5430547505,470.83517850847005,466.1739102412362,461.5587885298479,456.9893565234024,452.4651618938207,447.9857567910719,443.55069779884025,439.1595458906317,434.8118663863144,prices
3,Decision Support Systems,Total,Software,Euros,EU Europe,Belgium,641.4819769051425,635.067157136091,628.7164855647302,622.4293207090828,616.205027501992,610.0429772269721,603.9425474547023,601.1258117841228,594.4651077766655,583.8788074988528,577.2181034913955,574.401367820816,568.7147942793898,563.0845178160239,557.5099810896453,551.9906322768578,546.5259250173169,541.1153183596455,535.758276707885,530.4542697684769,525.202772497769,prices
3,Decision Support Systems,Total,Software,Euros,EU Europe,Bulgaria,650.6889457318936,644.1820562745746,637.7402357118289,631.3628333547106,625.0492050211635,618.7987129709519,612.6107258412424,609.7535625383273,602.9972597512179,592.2590179689554,585.502715181846,582.645551878931,576.8773609153295,571.1662750422678,565.5117289193494,559.9131628030478,554.3700224912976,548.8817592686338,543.4478298518743,538.0676963363408,532.740826142611,prices
3,Decision Support Systems,Total,Software,Euros,EU Europe,Cyprus,692.9441761363568,686.0147343749932,679.1545870312432,672.3630411609307,665.6394107493214,658.9830166418282,652.3931864754098,649.3504812258245,642.1554294284174,630.7198546368503,623.5248028394432,620.4820975898579,614.3393248237182,608.2573655079634,602.2356175894346,596.2734849752992,590.3703774740437,584.5257107370506,578.7389062007538,573.0093910293664,567.3365980581757,prices
3,Decision Support Systems,Total,Software,Euros,EU Europe,Czechia,672.8430356575087,666.1146053009336,659.4534592479242,652.858924655445,646.3303354088905,639.8670320548016,633.4683617342536,630.5139202261989,623.52758473223,612.4237366558269,605.437401161858,602.4829596538034,596.5183783532307,590.6128464075337,584.7657792280991,578.9765980137408,573.2447296934048,567.5696068694401,561.9506677614327,556.3873561505944,550.8791213247035,prices
3,Decision Support Systems,Total,Software,Euros,EU Europe,Germany,720.652769015911,713.4462413257519,706.3117789124943,699.2486611233694,692.2561745121357,685.3336127670143,678.4802766393442,675.3159034633708,667.8331448522441,655.9402984691761,648.4575398580495,645.293166682076,638.9047643319235,632.5796071650375,626.3170690541036,620.116530070468,613.9773764227704,607.8990003961849,601.8808002922626,595.9221803693692,590.0225507837125,prices
3,Decision Support Systems,Total,Software,Euros,EU Europe,Denmark,665.4567581516872,658.8021905701703,652.2141686644686,645.692026977824,639.2351067080457,632.8427556409653,626.5143280845556,623.5923195864256,616.6826780760049,605.7007248531238,598.7910833427031,595.8690748445731,589.9699710036118,584.129268290676,578.3463885345983,572.6207592881058,566.9518137711535,561.3389908148191,555.7817348057524,550.2794956311755,544.8317286244268,prices
3,Decision Support Systems,Total,Software,Euros,EU Europe,Spain,672.0033649255807,665.2833312763249,658.6304979635617,652.044192983926,645.5237510540867,639.0685135435458,632.6778284081104,629.7270738789379,622.7494569435731,611.6594658527482,604.6818489173835,601.731094388211,595.7739565537677,589.8757943838854,584.0360240194849,578.254067381692,572.5293521146133,566.8613115286786,561.2493845445447,555.6930156375537,550.1916547827419,prices
3,Decision Support Systems,Total,Software,Euros,EU Europe,Estonia,689.8496865045975,682.9511896395514,676.1216777431559,669.3604609657244,662.6668563560672,656.0401877925066,649.4797859145815,646.450668512577,639.2877477496079,627.9032409500154,620.7403201870462,617.7112027850418,611.5958618774698,605.5410628448828,599.5462063227185,593.6106988801236,587.7339529612103,581.9153868268943,576.154424497308,570.4504956947846,564.8030357874063,prices
3,Decision Support Systems,Total,Software,Euros,EU Europe,Finland,709.7901974595061,702.692295484911,695.6653725300619,688.7087188047612,681.8216316167136,675.0034153005464,668.253381147541,665.1367053253182,657.7667361244976,646.0531534595469,638.6831842587263,635.5665084365036,629.2744000029821,623.0445834429526,616.8764420668673,610.7693652904053,604.7227485740302,598.7359933631473,592.8085070288521,586.9397028092665,581.1289997514547,prices
3,Decision Support Systems,Total,Software,Euros,EU Europe,France,628.7922702888818,622.504347585993,616.279304110133,610.1165110690317,604.0153459583414,597.975192498758,591.9954405737705,589.2344251736928,582.7054822799618,572.3285987114465,565.7996558177155,563.0386404176378,557.4645578775031,551.9456587545159,546.4813967328462,541.071230905191,535.7146257192296,530.4110509246092,525.1599815204555,519.960897703403,514.8132848161393,prices
3,Decision Support Systems,Total,Software,Euros,EU Europe,Greece,647.521951149743,641.0467316382455,634.6362643218631,628.2899016786445,622.007002661858,615.7869326352394,609.629063308887,606.7858062214685,600.062387309923,589.3764100601521,582.6529911486066,579.8097340611881,574.0696176939823,568.3863284788118,562.7593038268716,557.1879867189856,551.6718256504677,546.210274576528,540.8027928582204,535.448845208924,530.1479016413557,prices
3,Decision Support Systems,Total,Software,Euros,EU Europe,Croatia,814.378627062103,806.2348407914819,798.1724923835671,790.1907674597314,782.2888597851342,774.4659711872828,766.72131147541,763.1453897647636,754.6894468386192,741.2498538394427,732.7939109132983,729.217989202652,721.9987311095457,714.8509436715611,707.7739193292126,700.7669575278534,693.8293646483277,686.9604539383092,680.15954544432,673.4259659444211,666.7590488815714,prices
3,Decision Support Systems,Total,Software,Euros,EU Europe,Hungary,676.4915837370536,669.7266678996831,663.0294012206863,656.3991072084794,649.8351161363946,643.3367649750306,636.9033973252804,633.9329351090976,626.908715621985,615.7446559933659,608.7204365062533,605.7499742900706,599.7530495445989,593.8154943541073,587.9367209600016,582.1161474224975,576.3531975630148,570.6473009071409,564.9978926281602,559.4044134911414,553.8663097975791,prices
3,Decision Support Systems,Total,Software,Euros,EU Europe,Ireland,623.4388635393352,617.2044749039419,611.0324301549025,604.9221058533535,598.8728847948199,592.8841559468717,586.955314387403,584.217805698805,577.7444488683993,567.4559119306551,560.9825551002494,558.2450464116515,552.7184204521761,547.2465080896995,541.8287676596115,536.4646628597812,531.1536626974694,525.8952414367644,520.6888785465404,515.5340586489297,510.43027146830525,prices
3,Decision Support Systems,Total,Software,Euros,EU Europe,Italy,665.8638993519677,659.205260358448,652.6132077548634,646.0870756773148,639.6262049205417,633.2299428713362,626.8976434426229,623.973847194902,617.0599782125928,606.0713059872194,599.1574370049102,596.2336407571893,590.3309277136931,584.4866515293276,578.7002336791872,572.9711013657633,567.2986874622422,561.682430456366,556.121774394848,550.616168828339,545.1650687569385,prices
3,Decision Support Systems,Total,Software,Euros,EU Europe,Lithuania,822.3240922318952,814.1008513095762,805.9598427964804,797.9002443685156,789.9212419248304,782.022029505582,774.2018092105262,770.590999107113,762.052555980491,748.48183992071,739.9433967940879,736.3325866906747,729.042894082437,721.8253694310208,714.6792982736537,707.6039732207445,700.5986938858591,693.6627668163891,686.7955054249068,679.9962299212002,673.2642672449803,prices
3,Decision Support Systems,Total,Software,Euros,EU Europe,Luxembourg,717.3667972382364,710.1931292658539,703.0911979731954,696.0602859934635,689.0996831335289,682.2086863021935,675.3865994391716,672.2366549053922,664.788015546522,652.9493971623615,645.5007578034913,642.3508132697119,635.9915402183418,629.6952239701802,623.4612412528754,617.2889749644719,611.1778141123236,605.1271537526117,599.1363949304608,593.2049446206493,587.3322156689048,prices
3,Decision Support Systems,Total,Software,Euros,EU Europe,Latvia,659.7187632881,653.121575655219,646.5903598986667,640.1244562996801,633.7232117366833,627.3859796193165,621.1121198231233,618.2153067558733,611.3652446050584,600.4779848245582,593.6279226737433,590.7311096064933,584.882871621389,579.0925311923372,573.359515133533,567.683255933711,562.0631916999673,556.4987661021377,550.9894283177265,545.534632977381,540.1338401109049,prices
3,Decision Support Systems,Total,Software,Euros,EU Europe,Malta,660.7181098706063,654.1109287719003,647.5698194841813,641.0941212893395,634.6831800764461,628.3363482756816,622.0529847929248,619.1517836130425,612.2913449403196,601.3875930627927,594.5271543900698,591.6259532101875,585.7688562734066,579.9697445962998,574.2280441247965,568.543186487961,562.9146089417301,557.3417543132069,551.8240709455062,546.3610126431456,540.9520386179785,prices
3,Decision Support Systems,Total,Software,Euros,EU Europe,Poland,642.3253334557359,635.9020801211785,629.5430593199667,623.2476287267671,617.0151524394994,610.8450009151044,604.7365509059533,601.916112072129,595.2466512350826,584.6464331450672,577.9769723080209,575.1565334741965,569.462483792802,563.8248052032533,558.242939631741,552.7163345293868,547.2444428175459,541.8267228336522,536.462638277599,531.1516581586508,525.8932567428801,prices
3,Decision Support Systems,Total,Software,Euros,EU Europe,Portugal,664.019701271437,657.3795042587227,650.8057092161355,644.2976521239741,637.8546756027343,631.476128846707,625.1613675582399,622.2456691506829,615.3509490423684,604.3927113971627,597.4979912888481,594.5822928812911,588.6959281817662,582.8678384927667,577.0974468916884,571.3841821674606,565.7274787640027,560.1267767242391,554.5815216346691,549.0911645704858,543.655162041238,prices
3,Decision Support Systems,Total,Software,Euros,EU Europe,Romania,677.2283608458165,670.4560772373583,663.7515164649847,657.1140013003348,650.5428612873314,644.0374326744582,637.5970583477135,634.6233609566727,627.5914912869868,616.4152727139358,609.3834030442498,606.409705653209,600.4062495672422,594.4622276965265,588.5770516423308,582.7501388310718,576.9809124566442,571.2688014233235,565.6132402892325,560.0136692103691,554.4695338851865,prices
3,Decision Support Systems,Total,Software,Euros,EU Europe,Slovakia,660.3469762834426,653.7435065206082,647.2060714554021,640.7340107408481,634.3266706334397,627.9834039271053,621.7035698878343,618.8039983487699,611.9474132698506,601.049786165487,594.1932010865677,591.2936295475033,585.439822614983,579.6439683710946,573.9054930842208,568.223828702687,562.5984127985304,557.028688511825,551.5141044955578,546.0541148610517,540.6481791239273,prices
3,Decision Support Systems,Total,Software,Euros,EU Europe,Slovenia,701.2333761154005,694.2210423542465,687.278831930704,680.406043611397,673.601983175283,666.8659633435301,660.1973037100948,657.1182007344594,649.8370796326808,638.2647091660981,630.9835880643195,627.904485088684,621.688230686306,615.5335172025116,609.4397353822067,603.4062820019228,597.4325598101037,591.5179774679837,585.6619494910506,579.8638961910891,574.1232436187973,prices
3,Decision Support Systems,Total,Software,Euros,EU Europe,Sweden,710.7024762416486,703.5954514792321,696.5594969644397,689.5939019947954,682.6979629748474,675.8709833450989,669.1122735116479,665.9915918899177,658.6121502188502,646.88351232636,639.5040706552925,636.3833890335623,630.08319348213,623.8453698666569,617.669300704977,611.5543746279977,605.4999863191805,599.5055364546206,593.5704316437199,587.6940843704471,581.8759129351796,prices
4,Telematics Systems,Total,Hardware,Euros,EU Europe,Austria,1242.3050523290115,1229.8820018057213,1217.583181787664,1205.4073499697874,1193.3532764700897,1181.4197437053888,1169.6055462683348,1164.1506074226347,1151.2513732454665,1130.7497616740106,1117.8505274968425,1112.3955886511424,1101.382872323496,1090.4791818874935,1079.6834379868073,1068.994571950738,1058.4115256884256,1047.9332515841102,1037.5587123934274,1027.2868811407325,1017.1167410174392,prices
4,Telematics Systems,Total,Hardware,Euros,EU Europe,Belgium,1116.178639814948,1105.0168534167985,1093.9666848826305,1083.027018033804,1072.1967478534661,1061.4747803749315,1050.860032571182,1045.9589125043738,1034.369287531398,1015.9491250480039,1004.3595000750282,999.4583800082198,989.5637420461384,979.7670609998816,970.0673670959827,960.4637001617325,950.9551095301314,941.5406539457831,932.2194014717198,922.9904293971498,913.852824146118,prices
4,Telematics Systems,Total,Hardware,Euros,EU Europe,Bulgaria,1132.1987655734947,1120.8767779177597,1109.668010138582,1098.5713300371963,1087.5856167368242,1076.709760569456,1065.9426629637614,1060.9711988166891,1049.215231967119,1030.530691265982,1018.7747244164118,1013.8032602693395,1003.766607992673,993.8293185735455,983.9904083196674,974.2489032773027,964.6038391348574,955.0542611274223,945.5992239422608,936.2377916252324,926.9690374881426,prices
4,Telematics Systems,Total,Hardware,Euros,EU Europe,Cyprus,1205.7228664772604,1193.6656378124878,1181.728981434363,1169.9116916200194,1158.2125747038192,1146.630448956781,1135.1641444672132,1129.8698373329348,1117.3504472054465,1097.4525470681197,1084.9331569406313,1079.638849806353,1068.9504251932701,1058.3678159838566,1047.8899746056165,1037.515863857021,1027.2444568048365,1017.0747366824686,1007.0056967893121,997.0363403910978,987.165680621226,prices
4,Telematics Systems,Total,Hardware,Euros,EU Europe,Czechia,1170.746882044065,1159.0394132236243,1147.449019091388,1135.974528900474,1124.6147836114694,1113.3686357753547,1102.2349494176012,1097.094221193586,1084.9379974340802,1065.6173017811388,1053.461078021633,1048.3203497976178,1037.9419783346214,1027.6663527491087,1017.4924558568924,1007.4192805439092,997.4458296665244,987.5711159528258,977.7941619048928,968.1139997020343,958.5296711049842,prices
4,Telematics Systems,Total,Hardware,Euros,EU Europe,Germany,1253.9358180876852,1241.3964599068083,1228.9824953077402,1216.6926703546628,1204.5257436511163,1192.4804862146052,1180.555681352459,1175.0496720262652,1162.029672042905,1141.3361193363664,1128.3161193530063,1122.8101100268125,1111.694289937547,1100.6885164671653,1089.7917001541402,1079.0027623226142,1068.3206349756204,1057.7442606893617,1047.272592508537,1036.9045938427023,1026.6392383636596,prices
4,Telematics Systems,Total,Hardware,Euros,EU Europe,Denmark,1157.8947591839358,1146.3158115920965,1134.8526534761754,1123.5041269414137,1112.2690856719996,1101.1463948152796,1090.1349308671267,1085.0506360803804,1073.0278598522486,1053.9192612444353,1041.8964850163036,1036.8121902295572,1026.5477495462846,1016.3849268257765,1006.3227160502013,996.3601211613043,986.4961559618073,976.7298440177854,967.0602185620093,957.4863223982453,948.0072078065026,prices
4,Telematics Systems,Total,Hardware,Euros,EU Europe,Spain,1169.2858549705104,1157.5929964208053,1146.0170664565971,1134.5568957920311,1123.2113268341109,1111.9792135657697,1100.859421430112,1095.725108549352,1083.584055081817,1064.287470583782,1052.146417116247,1047.012104235487,1036.6466844035556,1026.3838822279604,1016.2226817939036,1006.1620772441439,996.2010726794268,986.3386820599005,976.5739291075075,966.9058472093432,957.3334793219707,prices
4,Telematics Systems,Total,Hardware,Euros,EU Europe,Estonia,1200.3384545179997,1188.3350699728196,1176.4517192730914,1164.6872020803605,1153.040330059557,1141.5099267589615,1130.094827491372,1124.824163211884,1112.3606810843178,1092.5516392530267,1080.0881571254604,1074.8174928459725,1064.1767996667975,1053.641449350096,1043.21039900153,1032.882616051415,1022.657078152506,1012.5327730787961,1002.508698625316,992.5838625089253,982.757282270087,prices
4,Telematics Systems,Total,Hardware,Euros,EU Europe,Finland,1235.0349435795406,1222.6845941437452,1210.4577482023078,1198.3531707202847,1186.3696390130817,1174.505942622951,1162.7608831967214,1157.3378672660538,1144.514120856626,1124.1324870196117,1111.308740610184,1105.8857246795164,1094.9374560051892,1084.0975751907379,1073.3650091963495,1062.7386956053056,1052.217582518813,1041.8006284518767,1031.486802230203,1021.275082888124,1011.1644595675315,prices
4,Telematics Systems,Total,Hardware,Euros,EU Europe,France,1094.0985503026543,1083.1575647996278,1072.3259891516316,1061.6027292601152,1050.9867019675141,1040.476834947839,1030.0720665983606,1025.2678998022254,1013.9075391671336,995.8517617579168,984.491401122825,979.6872343266898,969.9883307068555,960.3854462328577,950.8776303151524,941.4639417750324,932.1434487514596,922.9152286088201,913.7783678455928,904.7319620039215,895.7751155800826,prices
4,Telematics Systems,Total,Hardware,Euros,EU Europe,Greece,1126.6881950005527,1115.4213130505473,1104.2670999200418,1093.2244289208413,1082.2921846316328,1071.4692627853165,1060.7545701574634,1055.8073028253552,1044.108553919266,1025.5149535046646,1013.8162045985754,1008.8689372664672,998.8811347875292,988.9922115531326,979.2011886587566,969.5070968910348,959.9089766318136,950.4058777631586,940.9968595733034,931.6809906635276,922.4573488559587,prices
4,Telematics Systems,Total,Hardware,Euros,EU Europe,Croatia,1417.0188110880592,1402.8486229771786,1388.8201367474069,1374.9319353799328,1361.1826160261335,1347.570789865872,1334.0950819672132,1327.8729781906886,1313.1596374991975,1289.7747456806303,1275.0614049891392,1268.8393012126146,1256.2777921306097,1243.8406419885166,1231.5266196328303,1219.3345060984652,1207.2630944880905,1195.3111898526583,1183.477609073117,1171.7611807432932,1160.1607450539345,prices
4,Telematics Systems,Total,Hardware,Euros,EU Europe,Hungary,1177.0953557024736,1165.3244021454489,1153.6711581239942,1142.1344465427544,1130.7131020773268,1119.4059710565534,1108.2119113459878,1103.0433070898296,1090.821165182254,1071.3957014284565,1059.1735595208809,1054.0049552647226,1043.5703062076018,1033.2389601761465,1023.0098944704026,1012.8820965151456,1002.8545637596457,992.9263035784252,983.0963331729987,973.363679474586,963.7273790477875,prices
4,Telematics Systems,Total,Hardware,Euros,EU Europe,Ireland,1084.7836225584435,1073.9357863328592,1063.1964284695305,1052.564464184835,1042.0388195429866,1031.6184313475567,1021.3022470340811,1016.5389819159207,1005.2753410310147,987.3732867593399,976.1096458744339,971.3463807562734,961.7300515867863,952.2089240760771,942.7820557277239,933.4485133760194,924.2073730935967,915.0577200999701,905.9986486709804,897.0292620491376,888.1486723548511,prices
4,Telematics Systems,Total,Hardware,Euros,EU Europe,Italy,1158.603184872424,1147.0171530236996,1135.5469814934627,1124.191511678528,1112.9495965617427,1101.8201005961253,1090.8018995901639,1085.7144941191293,1073.6843620899115,1054.5640724177617,1042.5339403885437,1037.4465349175093,1027.175814221826,1017.0067736610298,1006.9384066017856,996.9697163764279,987.0997161843012,977.3274289940766,967.6518874470353,958.0721337613096,948.5872196370726,prices
4,Telematics Systems,Total,Hardware,Euros,EU Europe,Lithuania,1430.8439204834974,1416.5354812786625,1402.3701264658757,1388.346425201217,1374.462960949205,1360.718331339713,1347.1111480263157,1340.8283384463768,1325.9714474060545,1302.3584014620355,1287.5015104217132,1281.2187008417743,1268.5346357034407,1255.9761428099766,1243.541978996158,1231.2309134040959,1219.0417273613953,1206.9732142605174,1195.0241794393382,1183.1934400628888,1171.4798250062663,prices
4,Telematics Systems,Total,Hardware,Euros,EU Europe,Luxembourg,1248.2182271945312,1235.736044922586,1223.3786844733602,1211.1448976286265,1199.0334486523402,1187.0431141658169,1175.1726830241587,1169.6917795353825,1156.7311470509485,1136.1319510625092,1123.171318578075,1117.690415089299,1106.625279979915,1095.6696897081138,1084.8225597800035,1074.0828164381815,1063.4493965554434,1052.9212475295444,1042.497327179002,1032.17660363993,1021.9580552638946,prices
4,Telematics Systems,Total,Hardware,Euros,EU Europe,Latvia,1147.910648121294,1136.431541640081,1125.06722622368,1113.8165539614433,1102.678388421829,1091.6516045376106,1080.7350884922346,1075.6946337552195,1063.7755256128016,1044.8316935947314,1032.9125854523136,1027.8721307152985,1017.6961966212169,1007.6210042746669,997.6455563323477,987.7688653246574,977.9899535579433,968.3078530177196,958.7216052728442,949.230261380643,939.8328817929746,prices
4,Telematics Systems,Total,Hardware,Euros,EU Europe,Malta,1149.6495111748552,1138.1530160631066,1126.7714859024757,1115.5037710434508,1104.3487333330163,1093.3052459996861,1082.3721935396893,1077.3241034866942,1065.3869401961563,1046.4144119292596,1034.4772486387217,1029.4291585857266,1019.2378099157279,1009.1473555975622,999.1567967771463,989.2651444890525,979.4714195586109,969.7746525049806,960.1738834451813,950.6681619990741,941.2565471952832,prices
4,Telematics Systems,Total,Hardware,Euros,EU Europe,Poland,1117.6460802129805,1106.4696194108506,1095.404923216742,1084.4508739845746,1073.606365244729,1062.8703015922817,1052.241598576359,1047.3340350055046,1035.7291731490436,1017.2847936724171,1005.6799318159563,1000.7723682451019,990.8647217994754,981.0551610536606,971.3427149592294,961.726422081133,952.2053305025298,942.7784977305547,933.4449906030222,924.2038851960523,915.0542667326114,prices
4,Telematics Systems,Total,Hardware,Euros,EU Europe,Portugal,1155.3942802123004,1143.8403374101774,1132.4019340360755,1121.0779146957148,1109.8671355487577,1098.7684641932701,1087.7807795513374,1082.7074643221883,1070.710651333721,1051.6433178310629,1039.6465048425955,1034.5731896134464,1024.3309150362732,1014.190038977414,1004.1495575915376,994.2084769713814,984.3658130493648,974.620591500176,964.9718476443243,955.4186263526454,945.9599819517542,prices
4,Telematics Systems,Total,Hardware,Euros,EU Europe,Romania,1178.3773478717208,1166.5935743930036,1154.9276386490735,1143.3783622625829,1131.944578639957,1120.6251328535573,1109.4188815250218,1104.2446480646108,1092.0091948393572,1072.5625745222485,1060.3271212969948,1055.152887836584,1044.7068742470017,1034.3642761919564,1024.124069857656,1013.9852415660652,1003.946787674561,994.0077144765829,984.1670381032648,974.4237844260424,964.7769889602246,prices
4,Telematics Systems,Total,Hardware,Euros,EU Europe,Slovakia,1149.0037387331906,1137.5137013458586,1126.1385643324,1114.877178689076,1103.728406902185,1092.6911228331633,1081.7642116048316,1076.7189571268596,1064.7884990895402,1045.8266279279474,1033.896169890628,1028.850915412656,1018.6652913500706,1008.5805049657048,998.5955579665443,988.7094619426755,978.9212382694429,969.2299180105755,959.6345418222708,950.1341598582303,940.7278316756338,prices
4,Telematics Systems,Total,Hardware,Euros,EU Europe,Slovenia,1220.1460744407968,1207.9446136963888,1195.865167559425,1183.9065158838307,1172.0674507249923,1160.3467762177424,1148.743308455565,1143.3856692779593,1130.7165185608646,1110.580593949011,1097.9114432319163,1092.5538040543106,1081.737521394173,1071.0283199323706,1060.4251395650401,1049.9269306833462,1039.532654069581,1029.2412807942922,1019.0517921144286,1008.9631793724958,998.9744438967081,prices
4,Telematics Systems,Total,Hardware,Euros,EU Europe,Sweden,1236.6223086604684,1224.2560855738636,1212.013524718125,1199.8933894709437,1187.8944555762343,1176.015511020472,1164.2553559102673,1158.8253698884566,1145.9851413807992,1125.5773114478664,1112.737082940209,1107.3070969183982,1096.3447566589061,1085.4909435679829,1074.7445832266599,1064.1046118527158,1053.569976195374,1043.1396334310398,1032.8125510600726,1022.5877068045778,1012.4640885072124,prices
1,Field Survey Technologies,Sensors,Hardware,Euros,EU Europe,Austria,817786.5729807131,851694.0370110794,1032720.4073874857,1087714.307136611,1176302.6645250104,1221688.9020887385,1316417.7689161173,1383699.561778998,1542800.0808768712,1795669.127097849,1954769.6461957223,2022051.439058603,2058238.8622603745,2171472.508757712,2281355.9793495135,2386887.3608430875,2487169.41443476,2581434.765922563,2669063.4757381794,2749592.3841359275,2822716.3944848473,revenues
1,Field Survey Technologies,Sensors,Hardware,Euros,EU Europe,Belgium,1157014.111546462,1204986.792519806,1461105.0414709025,1538911.0609886749,1664246.9163372277,1728459.9018107273,1862483.4225083066,1957674.4984742054,2182771.793823108,2540533.9099025875,2765631.2052514907,2860822.2812173893,2912020.6753807287,3072224.9771238584,3227689.4103891547,3376996.4565467075,3518876.69152968,3652244.425245024,3776222.5598623906,3890155.8114979896,3993612.525831408,revenues
1,Field Survey Technologies,Sensors,Hardware,Euros,EU Europe,Bulgaria,75333.61157455466,78457.13036189727,95133.08313644755,100199.06149748906,108359.72483682577,112540.65578436409,121266.97618903987,127464.90192790063,142121.06907838755,165415.09118223115,180071.25833271808,186269.18407157884,189602.73022339438,200033.6908483764,210156.03690482365,219877.47323678277,229115.3471794158,237798.96905405435,245871.23070047382,253289.46634556045,260025.5708187862,revenues
1,Field Survey Technologies,Sensors,Hardware,Euros,EU Europe,Cyprus,1716347.5010259687,1787511.5346228122,2167444.598677502,2282864.2515852903,2468791.0090635656,2564046.3702998683,2762860.65660147,2904069.7946090167,3237985.497541461,3768699.952764525,4102615.6556969695,4243824.793704516,4319773.941603273,4557425.539977396,4788045.883213023,5009532.184028804,5220001.34281246,5417842.816131979,5601755.492225416,5770767.304421168,5924237.924475388,revenues
1,Field Survey Technologies,Sensors,Hardware,Euros,EU Europe,Czechia,4332147.801993629,4511769.417979482,5470739.665767506,5762064.70067591,6231353.22951977,6471782.573554871,6973599.876223222,7330018.874401117,8172838.977932153,9512389.074463598,10355209.177994635,10711628.17617253,10903327.662399072,11503172.3027888,12085269.699991887,12644312.312677974,13175547.102291983,13674908.975847311,14139113.861525,14565708.213937381,14953075.812247783,revenues
1,Field Survey Technologies,Sensors,Hardware,Euros,EU Europe,Germany,797336.4335417562,830395.9839595095,1006895.4830975776,1060514.1671665744,1146887.2225176,1191138.5002795246,1283498.5112225947,1349097.8088095577,1504219.7497455236,1750765.3768424054,1905887.3177783715,1971486.6153653346,2006769.1107107883,2117171.1579418136,2224306.8060945063,2327199.19651384,2424973.527373284,2516881.6139635216,2602319.019355964,2680834.165899444,2752129.586421411,revenues
1,Field Survey Technologies,Sensors,Hardware,Euros,EU Europe,Denmark,4534582.605682469,4722597.6718072165,5726379.168593963,6031317.387758036,6522535.069426785,6774199.318013938,7299465.794578568,7672539.720802526,8554743.550374672,9956888.824452441,10839092.654024586,11212166.580248544,11412823.897471448,12040698.383002933,12649996.323150648,13235162.163096132,13791220.761883667,14313917.07079606,14799813.558237733,15246342.028305477,15651810.736574152,revenues
1,Field Survey Technologies,Sensors,Hardware,Euros,EU Europe,Spain,1105634.717875747,1151477.0814773568,1396221.9165627197,1470572.813047107,1590342.893364272,1651704.3801166324,1779776.3336186719,1870740.2703326095,2085841.6957638273,2427716.7103645303,2642818.1357957483,2733782.072509686,2782706.9054236216,2935797.0330137676,3084357.774924897,3227034.560115203,3362614.3356875805,3490059.623665099,3608532.2754007126,3717406.106127309,3816268.629948641,revenues
1,Field Survey Technologies,Sensors,Hardware,Euros,EU Europe,Estonia,8368437.226757321,8715413.43501471,10567862.309738904,11130616.71670811,12037144.327114165,12501583.207085496,13470946.855008177,14159443.681294398,15787524.589938099,18375141.95833937,20003222.86698307,20691719.693269294,21062026.799631227,22220750.47397082,23345191.68673626,24425097.82687141,25451287.419827733,26415907.899849355,27312615.404694892,28136670.405267444,28884950.837585226,revenues
1,Field Survey Technologies,Sensors,Hardware,Euros,EU Europe,Finland,6391307.969892403,6656307.484748984,8071096.284142375,8500894.181753904,9193245.332192158,9547955.75597326,10288297.284602124,10814129.66331901,12057559.733365217,14033825.918025773,15277255.98807198,15803088.366788866,16085906.61541375,16970869.919079382,17829650.34487317,18654417.56641759,19438159.326839898,20174878.30970697,20859729.455397215,21489092.99724812,22060584.490964014,revenues
1,Field Survey Technologies,Sensors,Hardware,Euros,EU Europe,France,781821.6116356818,814237.8789731076,987302.9956090807,1039878.3505397447,1124570.73194326,1167960.9544909596,1258523.7954305722,1322846.6413511988,1474950.171004169,1716698.4361152975,1868801.9657682679,1933124.8116888942,1967720.769195791,2075974.57883375,2181025.548009091,2281915.826088274,2377787.6334125376,2467907.3436848368,2551682.2812995394,2628669.655544768,2698577.787457329,revenues
1,Field Survey Technologies,Sensors,Hardware,Euros,EU Europe,Greece,753700.5792422767,784950.8786781986,951791.084568987,1002475.377348009,1084121.4919747075,1125951.0287653739,1213256.4506904704,1275265.6936013442,1421898.2715424863,1654951.1889002868,1801583.766841429,1863593.009752303,1896944.598943904,2001304.6701097717,2102577.102515123,2199838.4980770918,2292261.9302742733,2379140.160323802,2459901.8303345433,2534120.076158643,2601513.710118195,revenues
1,Field Survey Technologies,Sensors,Hardware,Euros,EU Europe,Croatia,744203.0823370527,775059.5919440239,939797.4187432268,989843.0309545674,1070460.3103350862,1111762.7466999895,1197968.019577335,1259195.8744823334,1403980.7127592696,1634096.8944659121,1778881.7327428483,1840109.5876478467,1873040.908335147,1976085.9221954688,2076082.2051061206,2172117.994865483,2263376.785180413,2349160.2492927094,2428904.229079889,2502187.2393748686,2568731.635788915,revenues
1,Field Survey Technologies,Sensors,Hardware,Euros,EU Europe,Hungary,519657.9243986211,541204.2336213527,656236.4327296622,691182.0001214737,747474.978567605,776315.4105187736,836510.3414978005,879264.1821502652,980363.7211458678,1141047.9486025483,1242147.487598151,1284901.3282506156,1307896.4248340987,1379850.115020549,1449674.9545814688,1516734.2833571723,1580457.955945654,1640358.348682982,1696041.5244222663,1747213.1708819678,1793679.4161067097,revenues
1,Field Survey Technologies,Sensors,Hardware,Euros,EU Europe,Ireland,3549775.8237074455,3696958.352786534,4482741.654013261,4721454.323346168,5105990.851224219,5302999.427979813,5714190.137611289,6006241.0095274495,6696850.50947855,7794482.161178898,8485091.66113,8777142.53304616,8934221.707794297,9425736.332816102,9902708.809767062,10360790.122233376,10796085.615156379,11205264.338285865,11585635.312625019,11935188.095202457,12252598.349473348,revenues
1,Field Survey Technologies,Sensors,Hardware,Euros,EU Europe,Italy,749056.6743230487,780114.4259179919,945926.6505729954,996298.6535076859,1077441.7078956198,1119013.513171914,1205781.0051955094,1267408.179900358,1413137.2853369354,1644754.2536996505,1790483.359136228,1852110.5338410765,1885256.6281539737,1988973.6876767492,2089622.1328383829,2186284.2550473246,2278138.222866671,2364481.1551454235,2444745.214398024,2518506.1665880587,2585484.5565675893,revenues
1,Field Survey Technologies,Sensors,Hardware,Euros,EU Europe,Lithuania,70658.67371477858,73588.35795829054,89229.46000228169,93981.06163901868,101635.3030345701,105556.78017434276,113741.57595563072,119554.88031390088,133301.53749587646,155150.01486127425,168896.67204324983,174709.97640152,177836.65445307182,187620.30650329767,197114.49551510077,206232.65384392443,214897.2579573855,223042.00492860124,230613.33052806748,237571.21666985663,243889.30229105733,revenues
1,Field Survey Technologies,Sensors,Hardware,Euros,EU Europe,Luxembourg,1281254.1281061117,1334378.1089806922,1617998.3003656478,1704159.1195845301,1842953.5218847778,1914061.6889286295,2062476.6368911655,2167889.317534406,2417157.5295753283,2813336.0925957365,3062604.304636658,3168016.985279899,3224713.0559842614,3402120.073669111,3574278.2564492687,3739617.872738825,3896733.1878888076,4044421.9305529273,4181712.8202561503,4307880.208821145,4422446.090945793,revenues
1,Field Survey Technologies,Sensors,Hardware,Euros,EU Europe,Latvia,63.442382641931616,66.07286152053582,80.1165553608978,84.38288125340952,91.25540356270837,94.77638464179434,102.12527641265602,107.34487451890021,119.68760102558161,139.30471790997666,151.6474444166581,156.86704252290227,159.6743964529434,168.45885509579117,176.98341323557483,185.17034428415394,192.95004210053224,200.26297520136265,207.06104981180536,213.3083348481512,218.98116147326886,revenues
1,Field Survey Technologies,Sensors,Hardware,Euros,EU Europe,Malta,3366648.8720990103,3506238.502578585,4251484.567730443,4477882.452801958,4842581.389341956,5029426.625680098,5419404.699662403,5696389.159347285,6351371.279216167,7392377.964060178,8047360.08392906,8324344.543613941,8473320.26849343,8939478.482456798,9391844.753257543,9826294.422908403,10239133.755040761,10627203.63751351,10987951.914400646,11319471.858095082,11620507.452342171,revenues
1,Field Survey Technologies,Sensors,Hardware,Euros,EU Europe,Poland,1822481.9070764661,1898046.5369589939,2301473.66038586,2424030.5604423755,2621454.5385954003,2722600.2403262113,2933708.678120073,3083649.817067042,3438213.987038057,4001746.4254806275,4356310.595451643,4506251.734398612,4586897.3774403725,4839244.724330056,5084126.021794268,5319308.451728047,5542792.468601977,5752867.937222781,5948153.288506216,6127616.345739578,6290577.184468,revenues
1,Field Survey Technologies,Sensors,Hardware,Euros,EU Europe,Portugal,2322855.581712705,2419166.947889313,2933357.4821424894,3089563.1367875645,3341191.0886679343,3470106.968117488,3739176.5326339086,3930284.938253166,4382196.893095936,5100450.646414308,5552362.601257078,5743471.0068763355,5846258.409787165,6167889.280841128,6480004.252442833,6779757.4724727515,7064600.407814663,7332353.395085483,7581255.546867679,7809991.295950895,8017694.040417712,revenues
1,Field Survey Technologies,Sensors,Hardware,Euros,EU Europe,Romania,1076473.4193616186,1121106.683042643,1359396.3326310923,1431786.211925879,1548397.336569238,1608140.4039616364,1732834.4385118037,1821399.1863529175,2030827.2761187484,2363685.2806761633,2573113.370441994,2661678.118283108,2709312.5506386217,2858364.900798261,3003007.328575158,3141920.989962727,3273924.8265346177,3398008.7239671,3513356.639922292,3619358.905359862,3715613.9137672847,revenues
1,Field Survey Technologies,Sensors,Hardware,Euros,EU Europe,Slovakia,1503991.3942668443,1566350.6158388108,1899276.2374825142,2000415.5257669755,2163338.385528248,2246808.221019919,2421024.0925005917,2544762.046631814,2837363.83229629,3302415.328564602,3595017.114229078,3718755.0683603003,3785307.3631452136,3993555.377358411,4195642.082621718,4389724.860250264,4574153.598241831,4747517.018600334,4908674.990383888,5056775.716443095,5191258.093523709,revenues
1,Field Survey Technologies,Sensors,Hardware,Euros,EU Europe,Slovenia,6213198.8882381115,6470813.557856086,7846175.88382936,8263996.435144773,8937053.564990098,9281879.13450812,10001589.275884833,10512768.07781923,11721546.995249957,13642739.796353899,14851518.713784628,15362697.515719024,15637634.357474621,16497936.04225784,17332784.497678533,18134567.608130224,18896468.530048035,19612657.076564074,20278423.207230255,20890248.02883895,21445813.545337275,revenues
1,Field Survey Technologies,Sensors,Hardware,Euros,EU Europe,Sweden,1067723.3117474527,1111993.7742172668,1348346.487844513,1420147.9464476102,1535811.198276568,1595068.6445105788,1718749.104362538,1806593.9541917802,2014319.7090091393,2344472.079309611,2552197.8341269707,2640042.6839562124,2687289.920119276,2835130.699161057,2978597.4018472475,3116381.904386714,3247312.7485793107,3370388.030809419,3484798.3419343163,3589938.9686047393,3685411.5687642503,revenues
1,Field Survey Technologies,GIS software,Software,Euros,EU Europe,Austria,94899.16093404139,101266.15872009452,118641.36507329716,123830.86804340345,126996.36257825715,128870.76796707347,135209.95926450138,139344.99988546222,149123.0851785582,164664.04705569387,174442.13234878983,178577.17296975068,179761.86699234185,185453.08970780086,190768.83969822558,195687.4683123529,200194.01198549004,204279.9981424626,207943.05091271282,211186.33963502696,214017.9163519586,revenues
1,Field Survey Technologies,GIS software,Software,Euros,EU Europe,Belgium,663893.8629811843,708435.9929027902,829989.1526187164,866293.7852399764,888438.8956319483,901551.8275285634,945899.4293113782,974827.272976317,1043232.628238677,1151953.8130574345,1220359.1683197946,1249287.0119847334,1257574.8733669356,1297389.428063351,1334577.2573449833,1368986.911962187,1400513.7100751004,1429098.3793929417,1454724.2988426993,1477413.6404283114,1497222.734485928,revenues
1,Field Survey Technologies,GIS software,Software,Euros,EU Europe,Bulgaria,60144.002822073984,64179.19901394204,75191.03989489001,78479.97815532594,80486.16567441082,81674.10286885065,85691.67621227741,88312.33051868709,94509.36307065233,104358.71943794249,110555.75198990773,113176.40629631741,113927.22685085892,117534.1387739003,120903.08829124912,124020.35519157944,126876.456054087,129466.02123608808,131787.54498806794,133843.03593390717,135637.5971963869,revenues
1,Field Survey Technologies,GIS software,Software,Euros,EU Europe,Cyprus,718505.858929452,766712.0302806364,898264.1688033504,937555.225249516,961521.9953169811,975713.5987054401,1023709.2400077089,1055016.6918737653,1129049.0806014638,1246713.6842946645,1320746.0730223628,1352053.5248884193,1361023.1468312503,1404112.8520012659,1444359.756980531,1481599.9542843283,1515720.1509309667,1546656.198883276,1574390.1098166066,1598945.8796068393,1620384.4723309379,revenues
1,Field Survey Technologies,GIS software,Software,Euros,EU Europe,Czechia,630554.1450655765,672859.4384538874,788308.3874176882,822789.8578166204,843822.8751846215,856277.296022682,898397.8301729787,925872.96249131,990843.1071341246,1094104.4830354878,1159074.6276783026,1186549.7599966337,1194421.41786196,1232236.5475048684,1267556.8618006327,1300238.5170455275,1330182.088358984,1357331.2800125366,1381670.305617627,1403220.2237346165,1422034.5358777284,revenues
1,Field Survey Technologies,GIS software,Software,Euros,EU Europe,Germany,264838.6660954145,282607.28685132146,331096.9302625321,345579.47184428957,354413.53678112983,359644.5105643564,377335.5307041587,388875.34445516515,416163.41571419983,459534.1639154508,486822.23517448554,498362.048925492,501668.21919703635,517550.9289868696,532385.7928877134,546112.3951923385,558688.9765166336,570091.8921256457,580314.5115878388,589365.679696448,597267.8675901872,revenues
1,Field Survey Technologies,GIS software,Software,Euros,EU Europe,Denmark,377664.64336738986,403003.01226890204,472150.1053119894,492802.4669258229,505400.0004848167,512859.4620409125,538087.1710850921,554543.150527421,593456.4249830263,655303.8825068503,694217.1569624556,710673.1364047845,715387.7939543109,738036.8203103193,759191.5998110498,778765.978584558,796700.4070071426,812961.167266653,827538.8042499135,840445.930789226,851714.5911276527,revenues
1,Field Survey Technologies,GIS software,Software,Euros,EU Europe,Spain,1976892.0314144078,2109526.1565573053,2471477.7970749824,2579582.9369690535,2645524.9417227902,2684571.6207483993,2816626.4949764963,2902765.6006618883,3106457.800973829,3430199.374587722,3633891.5748996628,3720030.6805850547,3744709.6361192623,3863266.3517367514,3974001.406647994,4076463.826937605,4170341.8990823934,4255459.126618293,4331766.01659376,4399328.591095082,4458314.586260323,revenues
1,Field Survey Technologies,GIS software,Software,Euros,EU Europe,Estonia,3305343.736935281,3527106.669800818,4132286.1986001628,4313036.913055584,4423291.286562149,4488576.944005506,4709371.375125411,4853395.099718356,5193966.424740053,5735259.103210028,6075830.4282317255,6219854.15282467,6261117.120054466,6459342.764758753,6644490.670862752,6815806.814482992,6972770.013721203,7115085.168251816,7242669.526354047,7355633.476296923,7454257.471228416,revenues
1,Field Survey Technologies,GIS software,Software,Euros,EU Europe,Finland,547548.8408093188,584285.1219616038,684536.5257030053,714478.9014594483,732743.1605539208,743558.0980913185,780133.941464556,803992.2841139734,860409.8458170802,950078.0323124474,1006495.5940155543,1030353.9366649716,1037189.380017673,1070026.5765741644,1100697.3719388596,1129076.8578007927,1155078.6974376875,1178654.0058154743,1199789.07464467,1218502.1903649166,1234839.8116226664,revenues
1,Field Survey Technologies,GIS software,Software,Euros,EU Europe,France,431421.32679462526,460366.35228822957,539355.8238962991,562947.8370893769,577338.5001758176,585859.7394769342,614678.3538189736,633476.6729346138,677928.8523758049,748579.6603145453,793031.8397557364,811830.1588713765,817215.899504291,843088.7821601614,867254.7272665837,889615.3178327287,910102.527957527,928677.8404445442,945330.4543423475,960074.7777903843,972947.4162006279,revenues
1,Field Survey Technologies,GIS software,Software,Euros,EU Europe,Greece,761960.0282367027,813081.6373752278,952589.8542361397,994257.17553506,1019673.4203302766,1034723.3108554644,1085621.6573997843,1118822.5375476829,1197332.295407467,1322113.0799178614,1400622.8377776456,1433823.7179255441,1443335.8093078153,1489031.5159746686,1531712.494109117,1571204.923344726,1607388.658908206,1640195.673184186,1669606.889940805,1695647.756288948,1718382.9233225873,revenues
1,Field Survey Technologies,GIS software,Software,Euros,EU Europe,Croatia,202441.4873556001,216023.74128821684,253089.0070148294,264159.3967797591,270912.11635646014,274910.6492316144,288433.58560167294,297254.56742431474,318113.4465834265,351265.85179310705,372124.7309522188,380945.7127748606,383472.93448719307,395613.60654424404,406953.3099081131,417445.8630834338,427059.3453844728,435775.6828819859,443589.80730387516,450508.47957038,456548.87651904795,revenues
1,Field Survey Technologies,GIS software,Software,Euros,EU Europe,Hungary,169807.436652057,181200.19884908482,212290.4553181441,221576.271843587,227240.43691532247,230594.3967521531,241937.40351921425,249336.4220288249,266832.8001068128,294640.9585087394,312137.3365867273,319536.35509633797,321656.18263973476,331839.7493985572,341351.46552831953,350152.594100878,358216.36012118915,365527.6032205201,372082.0721443257,377885.43793637387,382952.1084870229,revenues
1,Field Survey Technologies,GIS software,Software,Euros,EU Europe,Ireland,515651.16007736116,550247.3542088373,644658.571593991,672856.6420555427,690056.9092976352,700241.8182439869,734686.9209645785,757155.386145714,810286.3198135549,894730.8495837697,947861.7832516108,970330.2484327462,976767.4902489352,1007691.7425457998,1036575.7982346473,1063302.0255890414,1087789.117467626,1109991.0366539017,1129894.8734403716,1147517.8489826897,1162903.715459936,revenues
1,Field Survey Technologies,GIS software,Software,Euros,EU Europe,Italy,393624.56210109533,420033.7177855773,492102.9323590248,513628.0524341138,526757.9514537818,534532.6461203191,560826.4655173045,577977.8664114308,618535.5963618272,682996.6964738622,723554.4264242586,740705.8273183849,745619.7239353447,769225.886804892,791274.6566952195,811676.2389148921,830368.5673029269,847316.499149314,862510.1797725293,875962.7550168526,887707.6232990131,revenues
1,Field Survey Technologies,GIS software,Software,Euros,EU Europe,Lithuania,247926.56986915524,264560.5201161739,309953.7066261405,323511.4204988532,331781.3587600704,336678.2924528402,353239.5975123028,364042.5005868304,389588.0072356222,430189.18150041427,455734.6881492061,466537.5912237337,469632.63571595715,484501.1057036514,498388.64325863577,511238.690706457,523012.1553382781,533686.9023271916,543256.7246484768,551729.902283604,559127.4714068776,revenues
1,Field Survey Technologies,GIS software,Software,Euros,EU Europe,Luxembourg,1320675.8829855046,1409282.993315035,1651087.1964999326,1723307.5549292827,1767360.5502219324,1793445.9441030049,1881666.0820024696,1939211.885037167,2075289.8155611535,2291567.529162811,2427645.459686798,2485191.2627214952,2501678.2032692656,2580880.8064432815,2654858.0971088316,2723308.7991393297,2786024.670240337,2842887.800773988,2893865.1266444987,2939000.7543461625,2978406.741122738,revenues
1,Field Survey Technologies,GIS software,Software,Euros,EU Europe,Latvia,48276.614988045796,51515.601484045124,60354.62744797774,62994.60481343908,64604.93897658421,65558.47688352417,68783.31780508092,70886.87448622803,75861.13194402748,83767.05045481223,88741.3079126117,90844.86459375879,91447.53606782056,94342.74573185957,97046.94683474189,99549.12638550151,101841.67219616537,103920.27414169518,105783.72358139222,107433.63280504756,108874.09800649894,revenues
1,Field Survey Technologies,GIS software,Software,Euros,EU Europe,Malta,306983.2575081721,327579.45353005687,383785.40302090754,400572.59598374966,410812.4528420112,416875.8475705445,437382.0941516332,450758.273954039,482388.7799134505,532661.2486570819,564291.7546164934,577667.9344188991,581500.2257334482,599910.3999773533,617105.98139344,633016.9401371868,647594.8715252632,660812.3681633268,672661.7444988805,683153.2528243074,692312.9401797323,revenues
1,Field Survey Technologies,GIS software,Software,Euros,EU Europe,Poland,377666.8380639814,403005.3542126157,472152.8490854536,492805.33071493707,505402.93748111196,512862.4423858642,538090.2980340959,554546.3731059275,593459.8736955707,655307.6906292748,694221.1912189182,710677.2662907497,715391.9512382412,738041.1092129805,759196.0116490274,778770.5041737779,796705.0368174742,812965.8915720233,827543.6132693039,840450.8148149139,851719.5406381323,revenues
1,Field Survey Technologies,GIS software,Software,Euros,EU Europe,Portugal,128086.38561543655,136679.98882130528,160131.4857491962,167135.81194174793,171408.31287499258,173938.2173448377,182494.28984348406,188075.3972241911,201272.9807550151,222248.77881515955,235446.36234598354,241027.4697266906,242626.46358417423,250307.96614100155,257482.68925137806,264121.41350528493,270203.94242365373,275718.8404835542,280662.9009477564,285040.40150582,288862.21008341823,revenues
1,Field Survey Technologies,GIS software,Software,Euros,EU Europe,Romania,795763.0798746608,849152.6116462462,994849.8716114032,1038365.6922558105,1064909.4852207704,1080627.0383630455,1133783.4028778172,1168457.183210076,1250449.8920130474,1380766.3623152422,1462759.0711182135,1497432.8514504724,1507366.9304754864,1555089.8489052288,1599664.2955345744,1640908.7387542361,1678697.7037738299,1712960.1450493394,1743676.1400645503,1770872.2648478376,1794616.03862823,revenues
1,Field Survey Technologies,GIS software,Software,Euros,EU Europe,Slovakia,2279405.0002797404,2432335.3997422457,2849674.5189986266,2974322.39683654,3050355.14570477,3095376.9243355505,3247639.4332857607,3346959.934910944,3581822.0379145304,3955104.0128365327,4189966.115840119,4289286.617465302,4317742.058507323,4454440.8595045125,4582121.093862252,4700262.777594876,4808506.497364615,4906648.748419399,4994632.464172167,5072533.769707757,5140546.068907491,revenues
1,Field Survey Technologies,GIS software,Software,Euros,EU Europe,Slovenia,2387193.394976426,2547355.559858575,2984429.7914373623,3114972.0121642523,3194600.1940265647,3241750.960373177,3401213.6515684114,3505230.8163268836,3751199.0672307936,4142132.7823398686,4388101.033243779,4492118.198002251,4521919.238580086,4665082.245944569,4798800.217121447,4922528.5791471945,5035890.922763309,5138674.119894731,5230818.405392355,5312403.504140397,5383631.965693669,revenues
1,Field Survey Technologies,GIS software,Software,Euros,EU Europe,Sweden,108122.91667596636,115377.12592630909,135173.48629730107,141086.12231751284,144692.71376112,146828.30880408175,154050.83686121806,158762.07611888266,169902.69202096347,187609.21449774082,198749.83039982163,203461.06965748622,204810.84527015127,211295.11334366596,217351.5883180279,222955.60490332678,228090.1144318765,232745.46371464364,236918.94581458243,240614.1717030664,243840.3154372476,revenues
2,Remote Sensing Technologies,Drones,Hardware,Euros,EU Europe,Austria,2059206.533412762,2170647.5933636692,2663769.1940115164,2839229.3112031817,3107001.52557771,3265020.8683453077,3559503.1621208866,3772191.7159289103,4275134.010971427,5074493.681026023,5577435.97606854,5790124.529876563,5942401.932237679,6326950.5877476595,6704086.702809057,7069746.5530424705,7420157.3442186825,7751971.738966711,8062373.240693871,8349146.0748703275,8610707.27274584,revenues
2,Remote Sensing Technologies,Drones,Hardware,Euros,EU Europe,Belgium,2913389.7479671882,3071057.877071996,3768732.1474850834,4016975.1956246635,4395822.490197058,4619390.124491929,5036027.155174691,5336941.435563709,6048510.140509272,7179453.651948048,7891022.356893611,8191936.637282629,8407380.50640764,8951444.490461046,9485021.124654742,10002361.003694309,10498126.333701262,10967581.262190009,11406740.976483837,11812470.572582448,12182530.447583728,revenues
2,Remote Sensing Technologies,Drones,Hardware,Euros,EU Europe,Bulgaria,189691.87103975695,199957.70053754246,245383.52721359828,261546.72278572037,286213.60856574017,300770.17892606254,327897.568232559,347490.20698245603,393820.70536793343,467456.8506433063,513787.34902878373,533379.9877786807,547407.6168203782,582831.8216225146,617573.1912432187,651257.379802944,683536.8415918374,714103.2235240871,742697.0729902653,769114.2752454225,793209.0089262528,revenues
2,Remote Sensing Technologies,Drones,Hardware,Euros,EU Europe,Cyprus,4321804.86265172,4555694.2307068575,5590644.002367903,5958894.770504127,6520887.576659861,6852534.137063011,7470585.308013246,7916970.073777599,8972531.243130336,10650204.877607465,11705766.046960203,12152150.812724555,12471746.349800432,13278826.27225719,14070348.96291836,14837785.591140494,15573217.922311828,16269620.658730507,16921082.61641746,17522953.38999459,18071910.6890888,revenues
2,Remote Sensing Technologies,Drones,Hardware,Euros,EU Europe,Czechia,10908453.809726972,11498802.390724694,14111067.899775224,15040551.442478662,16459049.676937858,17296142.3500885,18856134.729342207,19982832.42936713,22647122.147473633,26881655.156504877,29545944.874611385,30672642.574636307,31479317.856094524,33516428.35383126,35514271.61256886,37451320.43288908,39307588.79060479,41065344.479400404,42709667.37228134,44228819.61113611,45614415.56722176,revenues
2,Remote Sensing Technologies,Drones,Hardware,Euros,EU Europe,Germany,2007712.5836057693,2116366.8709554644,2597157.1301178993,2768229.5696671368,3029305.685936412,3183373.4871888794,3470491.7520491094,3677861.6680533956,4168227.0385006843,4947597.365058342,5437962.735505631,5645332.651509917,5793802.099308581,6168734.463861889,6536439.651105088,6892955.556975066,7234603.732357341,7558120.545725772,7860759.931759046,8140361.525125276,8395381.941891022,revenues
2,Remote Sensing Technologies,Drones,Hardware,Euros,EU Europe,Denmark,11418189.582016315,12036124.271467514,14770457.05053695,15743373.972501496,17228156.513210256,18104365.278125044,19737253.773920517,20916600.376555882,23705388.37835596,28137794.797431678,30926582.799231756,32105929.40186712,32950299.41575517,35082601.04790151,37173800.541552775,39201364.76337816,41144373.7720973,42984266.761848,44705426.41036046,46295566.36692524,47745909.15487872,revenues
2,Remote Sensing Technologies,Drones,Hardware,Euros,EU Europe,Spain,2784015.1817599107,2934681.760240775,3601374.488911411,3838593.8363293684,4200617.702306839,4414257.394167963,4812392.871755028,5099944.486020137,5779914.640653904,6860636.472587071,7540606.627220839,7828158.241485947,8034034.919290433,8553938.716065414,9063820.873529617,9558187.299573695,10031937.235123033,10480545.132153155,10900203.131109335,11287915.539315619,11641542.207660483,revenues
2,Remote Sensing Technologies,Drones,Hardware,Euros,EU Europe,Estonia,21071929.010748945,22212309.0872808,27258438.843530692,29053928.064105805,31794050.048373077,33411067.243634954,36424514.35963519,38600963.41150073,43747588.66043817,51927462.77609096,57074088.02502841,59250537.07689394,60808796.80481774,64743895.998901844,68603142.41980006,72344951.84064998,75930717.13250156,79326184.88059926,82502533.78154436,85437089.7408063,88113654.18646431,revenues
2,Remote Sensing Technologies,Drones,Hardware,Euros,EU Europe,Finland,16093469.327437695,16964422.896706283,20818352.66331913,22189639.11195564,24282379.130429897,25517359.403029125,27818848.68322111,29481089.28972,33411771.456565775,39659066.287305176,43589748.45415095,45251989.06064984,46442093.92113648,49447485.50859448,52394945.31970464,55252713.828361236,57991305.23640778,60584558.85018179,63010462.69526993,65251699.66488675,67295898.26612228,revenues
2,Remote Sensing Technologies,Drones,Hardware,Euros,EU Europe,France,1968645.8836998548,2075185.941915339,2546620.8337180433,2714364.492189443,2970360.507666316,3121430.4094157154,3402961.837204547,3606296.6844722987,4087120.3720472753,4851325.466832306,5332149.154407282,5535484.001675034,5681064.48448453,6048701.297727047,6409251.562337805,6758830.270114768,7093830.548357756,7411052.270304444,7707802.804432115,7981963.822473745,8232021.972143581,revenues
2,Remote Sensing Technologies,Drones,Hardware,Euros,EU Europe,Greece,1897836.4383701836,2000544.3993608288,2455022.4359596595,2616732.589110334,2863520.7851349567,3009156.913325865,3280562.0485144597,3476583.225065484,3940112.355554063,4676830.059474194,5140359.1899627745,5336380.366513798,5476724.52250397,5831137.952585499,6178719.727300771,6515724.576771524,6838675.362475464,7144487.061744355,7430563.893253976,7694863.722049087,7935927.629013878,revenues
2,Remote Sensing Technologies,Drones,Hardware,Euros,EU Europe,Croatia,1873921.5095556704,1975335.2317351464,2424086.3207038864,2583758.739346467,2827437.119361202,2971238.0643044435,3239223.181647083,3432774.2652077004,3890462.3938401816,4617896.604678698,5075584.733311179,5269135.816871797,5407711.474569822,5757658.886516197,6100860.729836179,6433618.929373199,6752500.162562205,7054458.281580026,7336930.214942095,7597899.560949791,7835925.784551434,revenues
2,Remote Sensing Technologies,Drones,Hardware,Euros,EU Europe,Hungary,1308511.3260799309,1379325.9271265,1692677.3025774015,1804172.4570921357,1974326.8197717632,2074739.3312882376,2261866.4652026403,2397018.222478837,2716610.103501609,3224558.7550360654,3544150.636058838,3679302.393335034,3776066.220791092,4020425.522783826,4260074.567221227,4492431.083073056,4715097.669253118,4925947.278866863,5123190.184836603,5305418.385574695,5471625.992402708,revenues
2,Remote Sensing Technologies,Drones,Hardware,Euros,EU Europe,Ireland,8938422.089379804,9422155.612834722,11562654.3614843,12324276.161854135,13486598.17135199,14172514.596453028,15450777.36267127,16373997.076997427,18557124.629647974,22026914.57846569,24210042.13111624,25133261.845442396,25794254.16209077,27463469.047085866,29100508.230319645,30687732.25544395,32208764.51004523,33649075.167313084,34996438.62726505,36241236.85126286,37376598.62818011,revenues
2,Remote Sensing Technologies,Drones,Hardware,Euros,EU Europe,Italy,1886142.972536713,1988218.1013146408,2439895.884274335,2600609.6648648866,2845877.2823612588,2990616.077644711,3260348.957726811,3455162.3553121174,3915835.464101144,4648013.902610659,5108687.011399685,5303500.408984992,5442979.838405574,5795209.560106447,6140649.719493446,6475578.123063316,6796539.056584965,7100466.505670554,7384780.682829477,7647452.035663582,7887030.634146156,revenues
2,Remote Sensing Technologies,Drones,Hardware,Euros,EU Europe,Lithuania,177920.2635052113,187549.0318827601,230155.8921970432,245316.05693955618,268452.20291027235,282105.4439271101,307549.40326582495,325926.19205512153,369381.5833477947,438448.12952655286,481903.52081922605,500280.3096085226,513437.4335367742,546663.3373054062,579248.7802322259,610842.6470208006,641118.9594205166,669788.4996489799,696607.9158093305,721385.759796767,743985.2594067568,revenues
2,Remote Sensing Technologies,Drones,Hardware,Euros,EU Europe,Luxembourg,3226229.1393972216,3400827.6505738,4173418.0884254235,4448317.441016169,4867845.30610325,5115419.602296024,5576795.060172386,5910021.47470521,6697998.329563139,7950382.400098796,8738359.254956726,9071585.66948955,9310163.871723073,9912649.371740494,10503521.391709099,11076413.155982751,11625413.699108616,12145278.63341094,12631595.257574491,13080892.042037522,13490688.89564554,revenues
2,Remote Sensing Technologies,Drones,Hardware,Euros,EU Europe,Latvia,159.74946660639137,168.3948596722844,206.65032914431768,220.26220327022648,241.03548060994476,253.29433143962805,276.1397277572619,292.63971572486315,331.65705665845053,393.6699139633696,432.687254896957,449.18724286455824,461.0006444873073,490.83322398097897,520.0907521800644,548.457972799431,575.6421993814774,601.3837516314455,625.4641309086792,647.7114414885299,668.0028795582665,revenues
2,Remote Sensing Technologies,Drones,Hardware,Euros,EU Europe,Malta,8477303.959472548,8936082.485783841,10966156.511794863,11688487.527194897,12790847.303313049,13441378.456153218,14653697.80077035,15529290.166118503,17599793.847982805,20890583.181661654,22961086.863525957,23836679.22887411,24463572.066007137,26046674.96854206,27599262.059537485,29104603.872466996,30547168.63674874,31913176.094847463,33191031.344877616,34371612.52660309,35448402.90309808,revenues
2,Remote Sensing Technologies,Drones,Hardware,Euros,EU Europe,Poland,4589053.88529399,4837406.355457073,5936354.693400112,6327377.118517463,6924122.078680666,7276276.788328673,7932546.614824135,8406534.638061738,9527368.928208634,11308785.478753384,12429619.76890028,12903607.792137884,13242966.274936404,14099953.892748576,14940422.260551814,15755315.147293309,16536224.675601324,17275691.1218792,17967437.770109456,18606526.646101497,19189430.017801408,revenues
2,Remote Sensing Technologies,Drones,Hardware,Euros,EU Europe,Portugal,5849007.000204074,6165546.176428803,7566217.574533268,8064597.6238670405,8825182.602072734,9274023.564364916,10110476.328952307,10714600.694284754,12143166.96807519,14413682.445743877,15842248.719534315,16446373.084866762,16878904.53711836,17971183.403517094,19042407.55769072,20081034.324362945,21076347.391449977,22018838.922123786,22900508.889180027,23715063.567086264,24458006.663143832,revenues
2,Remote Sensing Technologies,Drones,Hardware,Euros,EU Europe,Romania,2710586.320970195,2857279.0435290816,3506387.6412352724,3737350.2891379753,4089825.715785239,4297830.625445603,4685465.213974763,4965432.60686347,5627468.436227431,6679686.051132854,7341721.880496817,7621689.273385523,7822135.919768686,8328327.167931312,8824761.099177178,9306088.528984837,9767343.231643744,10204119.021206921,10612708.471045075,10990194.900371948,11334494.606862746,revenues
2,Remote Sensing Technologies,Drones,Hardware,Euros,EU Europe,Slovakia,3787087.007289244,3992038.275348389,4898938.27616186,5221627.000839099,5714086.915624916,6004700.309757733,6546282.735094125,6937438.282464395,7862399.523634836,9332501.998299029,10257463.23946947,10648618.78683974,10928672.177613394,11635895.660698798,12329486.739667207,13001971.818476304,13646412.350761354,14256652.247921744,14827511.690702254,15354915.647872718,15835952.88139572,revenues
2,Remote Sensing Technologies,Drones,Hardware,Euros,EU Europe,Slovenia,15644986.316441467,16491668.681581477,20238199.478417706,21571271.750675585,23605692.56366209,24806257.157459736,27043609.934753854,28659528.23143656,32480672.539316732,38553871.558937624,42375015.8668178,43990934.1635005,45147873.905865446,48069513.069222584,50934834.86372602,53712964.81841915,56375238.82742762,58896225.22738221,61254525.46017916,63433305.00162812,65420537.12005603,revenues
2,Remote Sensing Technologies,Drones,Hardware,Euros,EU Europe,Sweden,2688553.336616496,2834053.668276057,3477885.990710558,3706971.2601405066,4056581.592435193,4262895.7354578795,4647379.438601858,4925071.118247515,5581725.593416215,6625390.263865842,7282044.739034543,7559736.4186801985,7758553.735722581,8260630.411416339,8753029.082484297,9230444.045218721,9687949.441844415,10121174.902069964,10526443.135060774,10900861.16825256,11242362.236682136,revenues
3,Decision Support Systems,Total,Software,Euros,EU Europe,Austria,1454424.7404727298,1542583.5174404045,1904325.6920832177,2041510.7712675524,2246592.646043204,2373717.993922203,2601505.7572386083,2766867.160342348,3157895.4601704315,3779382.7675883994,4170411.0674164835,4335772.470520223,4470151.052627555,4778829.944651683,5082814.320230822,5378606.6015525805,5662917.435521856,5932793.386104013,6185720.167265469,6419694.2879375,6633259.892270096,revenues
3,Decision Support Systems,Total,Software,Euros,EU Europe,Belgium,2057737.3174222286,2182465.397312924,2694262.502611093,2888353.574480083,3178505.8354458897,3358364.2805352355,3680641.1010436364,3914596.3691018973,4467827.830540657,5347115.420466105,5900346.881904865,6134302.149963126,6324422.556588407,6761145.102309226,7191225.790663838,7609716.207213962,8011962.536313025,8393786.22174291,8751630.021898733,9082659.373930663,9384814.515770573,revenues
3,Decision Support Systems,Total,Software,Euros,EU Europe,Bulgaria,133980.0286324573,142101.11948965245,175424.41602575136,188061.75663581898,206953.67636863995,218664.32544849778,239647.88699141805,254880.79998170538,290901.9025861891,348152.6388570146,384173.7414614984,399406.65445178567,411785.4635969585,440220.6281268095,468223.33889661875,495471.4028341645,521661.80830219877,546522.4879785199,569821.8285624216,591375.2706310047,611048.702323379,revenues
3,Decision Support Systems,Total,Software,Euros,EU Europe,Cyprus,3052505.814129558,3237530.980280755,3996745.300957226,4284665.4938479895,4715085.575207299,4981892.68644893,5459967.249237854,5807023.119755239,6627702.337798838,7932062.451120658,8752741.669164255,9099797.539681641,9381827.535296123,10029674.128098486,10667668.001578849,11288468.537614727,11885172.13427464,12451580.202923153,12982415.830618456,13473474.146551043,13921699.641334262,revenues
3,Decision Support Systems,Total,Software,Euros,EU Europe,Czechia,7704678.886617877,8171691.753404046,10087987.0540903,10814712.166595606,11901114.19665073,12574548.824446548,13781233.173121324,14657219.72347441,16728655.530305017,20020926.352243766,22092362.159074377,22968348.70942746,23680206.666436285,25315404.195701282,26925732.963640876,28492664.879267916,29998774.902539257,31428417.48258808,32768273.42456105,34007729.42210608,35139073.21516773,revenues
3,Decision Support Systems,Total,Software,Euros,EU Europe,Germany,1418054.3845279925,1504008.6018448698,1856704.8002430086,1990459.3339880384,2190412.788862787,2314359.151935426,2536450.696120561,2697676.957045373,3078926.9314273493,3684872.895277013,4066122.86965899,4227349.130583801,4358367.348468365,4659327.201574126,4955709.932576003,5244105.426523339,5521306.586170761,5784433.831157872,6031035.749435184,6259158.95062414,6467383.985017996,revenues
3,Decision Support Systems,Total,Software,Euros,EU Europe,Denmark,8064707.036437755,8553542.7177559,10559383.638936855,11320067.531753872,12457235.507878553,13162138.731139272,14425209.639184427,15342129.734157845,17510360.645882335,20956474.371616513,23124705.283341,24041625.37831442,24786747.3956388,26498355.265907604,28183932.294735786,29824084.60108628,31400572.898791015,32897020.543732636,34299485.95495313,35596859.88212846,36781069.6827967,revenues
3,Decision Support Systems,Total,Software,Euros,EU Europe,Spain,1966359.6110937842,2085548.9053685204,2574618.6949924673,2760090.786772961,3037358.2893837597,3209229.7810184956,3517195.291520734,3740761.334677635,4269425.509715457,5109666.67593552,5638330.8509733435,5861896.894130244,6043574.645545571,6460903.702995556,6871885.847281758,7271792.4076413885,7656176.229888434,8021044.314474102,8362997.385815692,8679326.755172493,8968064.12809559,revenues
3,Decision Support Systems,Total,Software,Euros,EU Europe,Estonia,14883176.789423635,15785308.489082986,19487028.205188498,20890847.687596306,22989457.339684855,24290335.25674034,26621295.022182405,28313443.765293147,32314849.375402294,38674549.68253408,42675955.292643234,44368104.03575397,45743204.54013996,48901925.91864543,52012608.154081255,55039460.416253164,57948822.64543104,60710472.232347764,63298680.404317036,65692945.37053312,67878369.30961506,revenues
3,Decision Support Systems,Total,Software,Euros,EU Europe,Finland,11366873.390340282,12055867.2091013,14883017.617567772,15955170.326978711,17557961.891477786,18551494.03778456,20331740.614616584,21624101.83512105,24680134.26670714,29537290.048330747,32593322.47991684,33885683.7004213,34935902.58537441,37348343.59127227,39724095.19511713,42035822.51799774,44257818.035057224,46366999.53891972,48343716.94373651,50172312.21737765,51841407.30179645,revenues
3,Decision Support Systems,Total,Software,Euros,EU Europe,France,1390461.4384345196,1474743.1316854593,1820576.4570542173,1951728.3532137969,2147791.0511741713,2269325.627116457,2487095.644515751,2645184.71438845,3019016.20743005,3613171.4850419452,3987002.9780835453,4145092.047956244,4273560.872345894,4568664.55442348,4859280.177471811,5142063.981624373,5413871.274337879,5671878.507027953,5913681.9679881,6137366.276521207,6341539.603017234,revenues
3,Decision Support Systems,Total,Software,Euros,EU Europe,Greece,1340448.4807852763,1421698.679139162,1755092.8623805137,1881527.4078484904,2070538.0041549494,2187701.150993553,2397638.284749754,2550041.111381322,2910426.4072737996,3483210.7486519413,3843596.0445444193,3995998.8711759876,4119846.8512215577,4404336.06565127,4684498.650272235,4957111.115594362,5219141.879276943,5467868.951838122,5700975.079727274,5916613.775818183,6113443.27266968,revenues
3,Decision Support Systems,Total,Software,Euros,EU Europe,Croatia,1323557.2833409696,1403783.6354505133,1732976.667318547,1857817.991635622,2044446.836351443,2160133.5923590558,2367425.276008073,2517907.651184322,2873751.6765421955,3439318.274350246,3795162.2997081196,3945644.6748843687,4067932.0274876957,4348836.349576828,4625468.562384796,4894645.796108287,5153374.669841878,5398967.494311765,5629136.216035672,5842057.615755613,6036406.833848293,revenues
3,Decision Support Systems,Total,Software,Euros,EU Europe,Hungary,924206.1031563136,980226.1071159815,1210093.1578272202,1297266.652554032,1427584.787992783,1508365.8824737894,1653112.34836031,1758190.3312370959,2006667.0871333755,2401587.7362163793,2650064.492112659,2755142.4749894445,2840532.5967751355,3036680.8800005033,3229846.058889778,3417805.6170964437,3598469.3535112003,3769960.523650448,3930681.438453589,4079358.99067636,4215068.064825014,revenues
3,Decision Support Systems,Total,Software,Euros,EU Europe,Ireland,6313238.626936751,6695910.47001536,8266128.994491791,8861609.885902107,9751811.198826296,10303625.69589791,11292386.727042938,12010172.920049848,13707514.073568512,16405211.359759303,18102552.513277967,18820338.706284877,19403637.40272843,20743523.510423046,22063032.075209767,23346981.11982194,24581092.51047941,25752546.232548766,26850428.49498627,27866042.72047732,28793069.458360918,revenues
3,Decision Support Systems,Total,Software,Euros,EU Europe,Italy,1332189.345174491,1412938.9227165899,1744278.9070754717,1869934.4296478454,2057780.4424815727,2174221.6918864464,2382865.303898032,2534329.1048000325,2892493.8968286347,3461749.0435984125,3819913.8356270147,3971377.6365290154,4094462.5307290806,4377198.872866077,4655635.243602198,4926568.01488717,5186984.283389614,5434178.831089295,5665848.682128171,5880158.72645851,6075775.463901495,revenues
3,Decision Support Systems,Total,Software,Euros,EU Europe,Lithuania,125665.7012662738,133282.82590815733,164538.19635743936,176391.30824369987,194110.8621632157,205094.78972260325,224776.18554905767,239063.79776105305,272849.55796263175,326547.51574722124,360333.2759487999,374620.8881607953,386231.51213175216,412902.0907824566,439167.0522260626,464724.19755444047,489289.3189623282,512607.2326646114,534460.6984639796,554676.6100434636,573129.1780505838,revenues
3,Decision Support Systems,Total,Software,Euros,EU Europe,Luxembourg,2278696.8682528054,2416818.232249917,2983572.040498267,3198504.5850359453,3519813.355976405,3718984.976223507,4075867.8375028707,4334945.190147399,4947582.570014069,5921287.94071059,6533925.32057726,6793002.673221788,7003538.183026651,7487155.935790197,7963418.629454791,8426846.489518674,8872285.974249633,9295109.83463613,9691378.852957796,10057954.091394866,10392554.610910939,revenues
3,Decision Support Systems,Total,Software,Euros,EU Europe,Latvia,112.83160418328237,119.67080043132326,147.7340949627621,158.3766618303664,174.28653758807025,184.14868894894659,201.82004590067035,214.6484803070659,244.9837387243037,293.1975843253665,323.53284274260426,336.3612771489998,346.7861211200375,370.73286349550074,394.3154138941549,417.26243664331355,439.31874976200646,460.25523109879646,479.8768269539972,498.0281101645795,514.5961381035066,revenues
3,Decision Support Systems,Total,Software,Euros,EU Europe,Malta,5987549.287118017,6350479.7348044505,7839693.332201796,8404454.368105525,9248731.69572762,9772079.012977002,10709831.529079035,11390588.342215214,13000366.526487315,15558894.156644275,17168672.340916377,17849429.154052556,18402636.453894813,19673400.095667507,20924837.437624644,22142549.715117574,23312995.379222102,24424015.778251667,25465260.145247307,26428480.54466003,27307683.53563703,revenues
3,Decision Support Systems,Total,Software,Euros,EU Europe,Poland,3241264.728833412,3437731.363627824,4243893.496994827,4549617.915803789,5006654.040627474,5289959.800461394,5797597.234253493,6166114.1251421515,7037541.983139474,8422560.288243914,9293988.146241238,9662505.037129896,9961975.024386557,10649882.743096007,11327328.476287307,11986517.68135939,12620119.855831685,13221553.106683852,13785214.210584994,14306638.27859664,14782580.856684413,revenues
3,Decision Support Systems,Total,Software,Euros,EU Europe,Portugal,4131173.9984606113,4381581.7624447225,5409080.6934277415,5798743.6414871095,6381261.859895132,6742350.967559985,7389363.397143912,7859058.878691546,8969742.642491512,10735026.285799107,11845710.049599074,12315405.531146707,12697096.85480459,13573873.890506849,14437316.537888281,15277490.214488847,16085051.783052899,16851612.25114042,17570029.995814458,18234614.265275393,18841229.820575684,revenues
3,Decision Support Systems,Total,Software,Euros,EU Europe,Romania,1914496.551189693,2030542.2081185337,2506712.701167507,2687292.935857223,2957247.4622371066,3124585.814858933,3424428.6840958297,3642098.135895102,4156818.705895247,4974898.372412153,5489618.942412298,5707288.39421157,5884174.364890691,6290496.299439994,6690638.721709747,7079997.680410476,7454243.315783214,7809487.944302557,8142421.94684141,8450408.076772515,8731529.953738526,revenues
3,Decision Support Systems,Total,Software,Euros,EU Europe,Slovakia,2674832.732098872,2836965.5504517113,3502245.6315652416,3754542.7287932257,4131708.8317514416,4365505.075808512,4784429.581377822,5088545.759643542,5807685.957449288,6950663.346520141,7669803.544325888,7973919.722591608,8221055.390674988,8788746.781723373,9347804.48695839,9891796.1105638,10414672.202828407,10911001.09915124,11376158.7757562,11806460.611954466,12199229.143060192,revenues
3,Decision Support Systems,Total,Software,Euros,EU Europe,Slovenia,11050108.278977929,11719901.637222394,14468266.738311633,15510541.348377978,17068667.292791,18034512.28976836,19765148.03820478,21021494.52256541,23992363.30181937,28714162.82150221,31685031.60075617,32941378.085116796,33962330.109199464,36307542.6770171,38617088.280714124,40864393.793152645,43024468.091136515,45074872.20820045,46996503.65513185,48774140.74831293,50396722.50649555,revenues
3,Decision Support Systems,Total,Software,Euros,EU Europe,Sweden,1898934.5776671213,2014036.9581824234,2486336.9022871046,2665449.291642131,2933209.494303222,3099187.6381478673,3396593.236453616,3612493.363443466,4123030.0304342853,4934459.941378752,5444996.608369571,5660896.735359421,5836344.8895063,6239364.03869244,6636253.905726848,7022447.96250999,7393651.544521496,7746008.56924776,8076236.319780542,8381718.986335685,8660555.765841873,revenues
4,Telematics Systems,Total,Hardware,Euros,EU Europe,Austria,54926.635555036504,56960.72794792968,60664.22132476188,66009.81320188733,70166.64498025106,72654.47689041644,75083.68638997404,76140.6896573014,78640.17371330236,82612.77011254287,85112.25416854383,86169.25743587119,93495.94992277258,97454.08642572105,101578.63572641964,105876.48202032599,110354.7833480687,115020.98141588985,119882.81166047092,124948.31355246005,130225.8411313352,revenues
4,Telematics Systems,Total,Hardware,Euros,EU Europe,Belgium,51168.26131964515,54287.730380952395,62512.783944235285,55314.63311051534,58469.952460460765,60205.325234080185,61871.21018469705,62555.464077487726,64173.51176773883,66745.18267424389,68363.230364495,69047.48425728567,71275.53450510441,72996.35756143362,74758.35970438141,76562.50453684846,78409.77691193136,80301.18332329667,82237.75229779947,84220.53478999314,86250.60457814788,revenues
4,Telematics Systems,Total,Hardware,Euros,EU Europe,Bulgaria,82.74021263694164,99.92742496398536,99.87012091247239,93.68766235689034,95.03970357470962,93.91548484136248,92.62343319303635,96.35709697227945,105.18605084134657,119.21849496320777,128.0474488322749,131.781112611518,113.74749430908702,116.35188359689012,119.01558546298283,121.73993262672037,124.52628672489281,127.37603888026352,130.29061027782075,133.27145274862818,136.32004936113597,revenues
4,Telematics Systems,Total,Hardware,Euros,EU Europe,Cyprus,156246.19720350386,201537.97637704143,217258.36836316495,227310.26424344917,242705.21337856734,252434.4510810394,262041.26232097403,266377.11810470425,276630.0688150231,292925.76591123507,303178.71662155393,307514.57240528415,342565.89514351817,360321.41123701795,378991.34346972685,398622.09573298506,419262.3458788906,440963.1476018499,463778.0357339202,487763.1349198018,512977.27161263436,revenues
4,Telematics Systems,Total,Hardware,Euros,EU Europe,Czechia,781399.6268776029,854497.4555545268,929224.9260211397,872512.5946695118,930499.7315619615,966652.2389612178,1002249.4072382168,1018169.4597523113,1055815.433667124,1115648.6860780886,1153294.6599929011,1169214.7125069958,1221191.177891937,1263018.9767468232,1306269.6161613339,1350990.7061860326,1397231.3863678232,1445042.3697287475,1494475.9875797082,1545586.2351457544,1598428.8179749073,revenues
4,Telematics Systems,Total,Hardware,Euros,EU Europe,Germany,40867.930491892796,42381.38831953546,45136.956876977994,49114.32186692882,51445.992082361954,52493.36369909122,53457.518700464956,53795.87609342521,54595.986116805405,55867.654239770665,56667.76426315086,57006.121656111114,61689.71838351441,63553.77940651147,65473.63859863129,67450.92822062656,69487.32554195484,71584.55388199576,73744.38366015659,75968.63345359579,78259.17106115597,revenues
4,Telematics Systems,Total,Hardware,Euros,EU Europe,Denmark,155985.9558203001,181088.13172332163,194411.13424269282,232566.10871558113,249092.09794836573,259886.0307018797,270618.4857361253,275571.8104627804,287284.88322344894,305901.2494936629,317614.32225433143,322567.6469809865,370455.27456952166,393872.8010950387,418761.5520374448,445212.6743147205,473322.779787686,503194.2470406697,534935.5360768487,568661.5159036545,604493.8048718676,revenues
4,Telematics Systems,Total,Hardware,Euros,EU Europe,Spain,111966.77832726378,103709.89072089714,115473.11549803529,124526.73044673711,132451.53248311934,137233.7247812942,141911.06276887553,143957.57988098677,148796.95649425787,156488.49989990305,161327.87651317415,163374.3936252854,175648.71588167816,182796.10052613335,190232.32731854083,197968.8818038302,206017.68864899344,214391.12676803814,223102.0448065699,232163.77697754916,241590.15923741224,revenues
4,Telematics Systems,Total,Hardware,Euros,EU Europe,Estonia,612130.950061575,705202.8176250911,739093.0976415842,776184.7817957923,825473.4625908042,855166.2844378252,884198.068960469,896886.1861323313,926889.6379210191,974576.1211591748,1004579.5729478627,1017267.690119725,1103864.5048991463,1150560.4468717717,1199218.1988187053,1249918.865061164,1302746.774803511,1357789.5978111858,1415138.4629781442,1474888.0797187055,1537136.8620990552,revenues
4,Telematics Systems,Total,Hardware,Euros,EU Europe,Finland,496083.79977209476,577325.4240681196,576474.351443407,626629.8313459889,651959.1453634002,660753.0234189342,668358.4976225543,670331.5788876754,674997.3025574181,682412.8477799492,687078.5714496919,689051.652714813,744967.5792918963,763230.7300076109,781936.4970890874,801095.2999920276,820717.7848868072,840814.8284528272,861397.5416622704,882477.2735471615,904065.6149431845,revenues
4,Telematics Systems,Total,Hardware,Euros,EU Europe,France,12613.86348930514,13080.991386532329,13931.49605365505,15159.107494374653,15667.062159601188,15772.878646793355,15848.417201908045,15844.127466728156,15833.983576904893,15817.861217536589,15807.717327713326,15803.427592533437,17060.58847535134,17389.27764526667,17724.20690086085,18065.49014603509,18413.24313748475,18767.58350333273,19128.63076130826,19496.506336425013,19871.33357811084,revenues
4,Telematics Systems,Total,Hardware,Euros,EU Europe,Greece,50022.466289622345,49416.162923041775,56396.58880123533,59727.077852359565,64054.01377340487,66916.14164626722,69769.71880143111,71098.19608375497,74239.63177138905,79232.52463308928,82373.96032072336,83702.43760304722,91143.45633115285,95714.6831053257,100513.80390664453,105552.023981164,110841.08173563254,116393.27207014931,122221.470494365,128339.15802398254,134760.44684964835,revenues
4,Telematics Systems,Total,Hardware,Euros,EU Europe,Croatia,59769.84010753424,74602.73040859864,66013.34256484623,71830.28672221735,75311.53614710852,76917.44926380937,78404.28149037657,78938.30515256399,80201.10506096894,82208.15701917069,83470.95692757564,84004.98058976306,88905.79798727679,91129.51702605948,93408.30563180658,95743.49390812151,98136.44201870075,100588.54073819629,103101.21200478054,105675.90947375534,108314.11907149643,revenues
4,Telematics Systems,Total,Hardware,Euros,EU Europe,Hungary,39061.522442861184,40508.08374873682,43141.85310661357,46943.414133767474,50414.48314305418,52740.64389130041,55066.44930941343,56159.032810491415,58742.653055771494,62848.972701525025,65432.5929468051,66525.17644788309,72315.36540498157,75995.47788983415,79861.77164544155,83923.53901839162,88190.52150279246,92672.92975208866,97381.46428182162,102327.33686195071,107522.29259335183,revenues
4,Telematics Systems,Total,Hardware,Euros,EU Europe,Ireland,145769.44446661015,151167.70917205885,160996.38640071714,147274.7661940591,155816.5812369952,160586.28902986337,165178.9841543145,167085.38257929357,171593.4220668809,178758.3493217786,183266.38880936595,185172.787234345,188489.52315851868,192563.73536563042,196725.2045238047,200975.75566620484,205317.2496214358,209751.58358476253,214280.69169087586,218906.54558768292,223631.1550105584,revenues
4,Telematics Systems,Total,Hardware,Euros,EU Europe,Italy,62566.23565709213,67410.89845581568,75636.45460636947,87002.27565891575,93075.78566268265,96995.65293628014,100883.32061880176,102663.07370469985,106871.63634525705,113560.58511118955,117769.14775174674,119548.90083764483,135365.5065188924,143290.14378830531,151675.83671112312,160549.03131650528,169937.6407636846,179871.12014241776,190380.54419846914,201498.68797088802,213260.11030457704,revenues
4,Telematics Systems,Total,Hardware,Euros,EU Europe,Lithuania,4244.500301090245,3541.2366687731405,3127.7133922077946,4072.9218390467922,4320.117928801848,4463.695801314741,4603.0438872773475,4662.464297496804,4802.975091110625,5026.298249113787,5166.809042727608,5226.229452947065,5529.653708005398,5728.150599023989,5933.721055764763,6146.612804215692,6367.081881413173,6595.392883430475,6831.8192180826945,7076.643362180665,7330.157123134593,revenues
4,Telematics Systems,Total,Hardware,Euros,EU Europe,Luxembourg,162496.56970902014,175061.95458841868,180409.87396315485,221413.42407836043,235881.3709849421,244789.50829449002,253538.25356473812,257418.2378980831,266593.19437977,281175.5634870382,290350.51996872516,294230.5043020701,332597.1665641537,350956.47628509003,370322.5792576713,390749.8596907878,412295.5364997212,435019.79816460086,458985.94235595415,484260.5202699401,510913.48557588237,revenues
4,Telematics Systems,Total,Hardware,Euros,EU Europe,Latvia,0.0,0.0,0.0,0.0,0.0,0.0,0.0,0.0,0.0,0.0,0.0,0.0,0.0,0.0,0.0,0.0,0.0,0.0,0.0,0.0,0.0,revenues
4,Telematics Systems,Total,Hardware,Euros,EU Europe,Malta,396289.6335515815,436364.0780472205,492156.23178018833,501447.31058845,539824.5710317428,566095.1730328235,592485.5911667,605068.6151329082,634823.5541685648,682115.0595449947,711869.9985806514,724453.0225468596,789888.0396697155,831768.8436660287,875857.589057574,922269.1634694716,971124.2509286399,1022549.6024186956,1076678.3163781248,1133650.1291578629,1193611.7153980164,revenues
4,Telematics Systems,Total,Hardware,Euros,EU Europe,Poland,120859.95794761888,142542.17850693324,153074.3507259608,156035.0083517709,166510.59998117856,173089.6837275588,179577.54123061834,182493.4180269875,189388.5599693735,200347.4680635503,207242.61000593632,210158.48680230547,228206.9438511641,238457.84876262967,249166.23322127873,260352.20705113243,272036.73252554436,284241.6572399627,296989.74790730904,310304.72506254533,324211.2986571937,revenues
4,Telematics Systems,Total,Hardware,Euros,EU Europe,Portugal,176893.01109730464,180880.5502442477,189178.55743375685,205848.5374954876,220146.1990566994,229342.24466374092,238456.11495655953,242618.65910756175,252461.7816970854,268106.11167892435,277949.23426844797,282111.7784194502,304129.00050297024,317968.7868952676,332434.4291367277,347553.8194381689,363356.0504091567,379871.46225478395,397131.69135080645,415169.720182627,434019.9286255002,revenues
4,Telematics Systems,Total,Hardware,Euros,EU Europe,Romania,74448.25202894947,79453.66343620958,82087.53249383907,85304.43780061444,90664.42994002793,93866.7339172698,96992.4693869512,98350.9470278837,101563.32423512748,106668.96917647451,109881.3463837183,111239.82402465079,118227.86404091849,122562.78539685335,127055.52462539704,131711.7311147447,136537.24825973026,141538.11941562046,146720.59397189162,152091.13354231315,157656.41826689904,revenues
4,Telematics Systems,Total,Hardware,Euros,EU Europe,Slovakia,37922.514435708494,37564.86893506768,44749.512367286625,51343.87004650132,55827.179722497174,59130.59354705029,62507.24041617628,64207.22583608846,68227.16275004754,74616.31609200496,78636.25300596404,80336.23842587622,91442.71178448634,98125.49805739791,105294.17452625252,112983.66201406214,121231.32476809621,130077.13058646725,139563.81964196518,149737.08216379813,160645.7450771906,revenues
4,Telematics Systems,Total,Hardware,Euros,EU Europe,Slovenia,767025.3779933088,829877.821535668,882715.9158232033,898076.2353872403,954085.5602584749,987349.483161343,1019778.8984685534,1033816.7320371728,1067011.8434149057,1119771.0437046466,1152966.1550823795,1167003.9886509988,1243882.5068145674,1289760.897592501,1337319.3764534744,1386618.4337102922,1437720.648567754,1490690.7535464722,1545595.700207214,1602504.726135001,1661489.423133656,revenues
4,Telematics Systems,Total,Hardware,Euros,EU Europe,Sweden,31112.51960918266,32746.536027842365,34483.02006904242,37521.58461259796,41490.014725532004,44690.5262027978,48043.969806070454,49867.20408418117,54178.58622400649,61030.95286475343,65342.33500457875,67165.56928268947,73339.80338569317,78867.74660560746,84810.59765692997,91199.20294503914,98066.65261258477,105448.43540709291,113382.60281863062,121909.9427920483,131074.16327850902,revenues
