Tech #,Technology,Technology subcategory,Technology type,Unit,Region,Country,2020,2021,2022,2023,2024,2025,2026,2027,2028,2029,2030,2031,2032,2033,2034,2035,2036,2037,2038,2039,2040,Indicator
1,Field Survey Technologies,Sensors,Hardware,Units,EU Europe,Austria,2721216.7849999997,2723722.246,2725887.9464473454,2728055.3688978925,2730224.514720849,2732395.385286513,2734567.9819662697,2736742.306132597,2738918.359159063,2741096.1424203273,2743275.657292145,2745456.905151362,2747639.887375921,2749824.6053448594,2752011.060438312,2754199.2540375106,2756389.187524784,2758580.8622835623,2760774.279698374,2762969.4411548492,2765166.348039719,addressable_market
1,Field Survey Technologies,Sensors,Hardware,Units,EU Europe,Belgium,553909.0726000001,553909.0726000001,554765.3087812233,555622.8685378025,556481.7539157292,557341.9669641572,558203.5097354082,559066.3842849759,559930.5926715321,560796.1369569303,561663.0192062114,562531.2414876088,563400.8058725523,564271.7144356745,565143.9692548143,566017.5724110231,566892.525988569,567768.8320749416,568646.4927608579,569525.5101402666,570405.886310353,addressable_market
1,Field Survey Technologies,Sensors,Hardware,Units,EU Europe,Bulgaria,991936.4,995248.8,1002197.9132449218,1009195.5471963149,1016242.0406397012,1023337.7347261002,1030482.9729885462,1037678.1013587196,1044923.4681836956,1052219.4242428085,1059566.322764635,1066964.5194440954,1074414.3724596738,1081916.2424907594,1089470.4927351086,1097077.48892643,1104737.5993520885,1112451.1948709385,1120218.6489312768,1128040.3375889238,1135916.6395254298,addressable_market
1,Field Survey Technologies,Sensors,Hardware,Units,EU Europe,Cyprus,128838.5028,128823.5676,128855.65937195202,128887.75913841816,128919.86690138992,128951.98266285937,128984.10642481905,129016.23818926199,129048.37795818172,129080.52573357229,129112.68151742817,129144.84531174442,129177.01711851658,129209.19693974062,129241.3847774131,129273.58063353098,129305.78451009179,129337.99640909355,129370.21633253476,129402.4442824144,129434.68026073198,addressable_market
1,Field Survey Technologies,Sensors,Hardware,Units,EU Europe,Czechia,1955169.84806,1956491.7526,1957950.7573129102,1959410.850042036,1960872.0315987384,1962334.3027949827,1963797.6644433409,1965262.11735699,1966727.662349714,1968194.300235903,1969662.0318305553,1971130.8579492762,1972600.77940828,1974071.7970243897,1975543.911615036,1977017.123998261,1978491.4349927155,1979966.8454176618,1981443.356092972,1982920.9678391307,1984399.681477234,addressable_market
1,Field Survey Technologies,Sensors,Hardware,Units,EU Europe,Germany,9062255.428000001,9062255.428000001,9064719.198888179,9067183.639605967,9069648.750335468,9072114.53125884,9074580.982558291,9077048.104416078,9079515.897014504,9081984.360535927,9084453.49516275,9086923.301077427,9089393.778462468,9091864.92750042,9094336.748373888,9096809.241265526,9099282.406358037,9101756.243834173,9104230.753876738,9106705.93666858,9109181.792392604,addressable_market
1,Field Survey Technologies,Sensors,Hardware,Units,EU Europe,Denmark,556290.06048,557122.14096,559682.6977279314,562255.0229223528,564839.1706314468,567435.1951919874,570043.1511904829,572663.0934643237,575295.0771029347,577939.1574489343,580595.390099298,583263.8309065271,585944.5359798237,588637.5616862698,591342.9646520133,594060.8017634574,596791.1301684587,599534.007277527,602289.4907650335,605057.6385704231,607838.508899433,addressable_market
1,Field Survey Technologies,Sensors,Hardware,Units,EU Europe,Spain,14650322.00544,14653706.09472,14711858.05672193,14770240.789742658,14828855.209576964,14887702.235653881,14946782.791051108,15006097.802509505,15065648.200447619,15125434.91897629,15185458.895913284,15245721.072798025,15306222.394906353,15366963.811265344,15427946.274668217,15489170.741689268,15550638.172698868,15612349.531878531,15674305.787236065,15736507.9106207,15798956.877738394,addressable_market
1,Field Survey Technologies,Sensors,Hardware,Units,EU Europe,Estonia,1359544.5503999998,1359544.5503999998,1365082.144077415,1370642.2930611107,1376225.0892216482,1381830.62480379,1387458.9924280217,1393110.2850920847,1398784.5961725109,1404482.019426167,1410202.6489918032,1415946.5793916075,1421713.9055327699,1427504.7227090476,1433319.1266023426,1439157.2132842806,1445019.0792177983,1450904.821258739,1456814.5366574507,1462748.323060395,1468706.2785117598,addressable_market
1,Field Survey Technologies,Sensors,Hardware,Units,EU Europe,Finland,18032970.48,18032970.48,18031567.636365935,18030164.90186366,18028762.276484676,18027359.760220505,18025957.353062645,18024555.05500262,18023152.866031937,18021750.78614211,18020348.815324653,18018946.953571085,18017545.200872917,18016143.557221666,18014742.02260885,18013340.597025987,18011939.280464593,18010538.072916187,18009136.97437229,18007735.984824426,18006335.10426411,addressable_market
1,Field Survey Technologies,Sensors,Hardware,Units,EU Europe,France,14621054.850000001,14691732.180000002,14779964.654564478,14868727.016923828,14958022.44936526,15047854.153287489,15138225.349315504,15229139.277416036,15320599.197013715,15412608.387107939,15505170.146390412,15598287.79336342,15691964.666458808,15786204.124157662,15881009.545110708,15976384.32825947,16072331.892958095,16168855.679095965,16265959.147221023,16363645.77866382,16461919.07566235,addressable_market
1,Field Survey Technologies,Sensors,Hardware,Units,EU Europe,Greece,3334322.208,3334322.208,3347118.8005963448,3359964.5044578467,3372859.508065646,3385804.000624244,3398798.1720642773,3411842.2130453065,3424936.314958613,3438080.669930006,3451275.4708226444,3464520.911239864,3477817.185528018,3491164.488779333,3504563.0168347633,3518012.966286875,3531514.5344827194,3545067.9195267376,3558673.3202836625,3572330.936381438,3586040.968214148,addressable_market
1,Field Survey Technologies,Sensors,Hardware,Units,EU Europe,Croatia,1436647.8168,1438500.0167999999,1440528.3402622398,1442559.5237147612,1444593.5711902264,1446630.4867269841,1448670.2743690778,1450712.9381662528,1452758.4821739641,1454806.910453386,1456858.2270714182,1458912.4361006957,1460969.5416195958,1463029.547712246,1465092.4584685327,1467158.2779841095,1469227.0103604044,1471298.6597046293,1473373.2301297863,1475450.725754678,1477531.1507039142,addressable_market
1,Field Survey Technologies,Sensors,Hardware,Units,EU Europe,Hungary,1575759.0833599998,1574643.6232911998,1579575.0520744305,1584521.9249806895,1589484.290377488,1594462.196783813,1599455.6928706025,1604464.8274612203,1609489.6495319349,1614530.208212396,1619586.5527861172,1624658.7326909578,1629746.7975196033,1634850.7970200537,1639970.7810961085,1645106.799807854,1650258.9033721539,1655427.1421631398,1660611.566712703,1665812.2277109905,1671029.1760068987,addressable_market
1,Field Survey Technologies,Sensors,Hardware,Units,EU Europe,Ireland,619061.10836,622227.58036,628801.1142563894,635444.0943638614,642157.2543480984,648941.3356256067,655797.0874456002,662725.2669727484,669726.6393708003,676801.9778870902,683952.0639379371,691177.687194946,698479.6456722211,705858.7458145001,713315.8025862202,720851.6395615243,728467.0890152177,736162.9920146881,743940.1985127933,751799.5674417327,759741.9668079098,addressable_market
1,Field Survey Technologies,Sensors,Hardware,Units,EU Europe,Italy,7927184.079360001,7971774.919680001,8024820.1019706875,8078218.253505063,8131971.722984397,8186082.874738509,8240554.088829763,8295387.761157757,8350586.3035646975,8406152.143941497,8462087.72633455,8518395.51105324,8575077.97477816,8632137.610670041,8689576.928479416,8747398.454657007,8805604.732464857,8864198.322088195,8923181.800748032,8982557.762814537,9042328.819921132,addressable_market
1,Field Survey Technologies,Sensors,Hardware,Units,EU Europe,Lithuania,1640458.124,1641700.3555108001,1648482.1367459828,1655291.9331768544,1662129.8605327727,1668996.0350211682,1675890.5733295183,1682813.5926273302,1689765.2105681323,1696745.5452914748,1703754.715424935,1710792.8400861362,1717860.0388847687,1724956.431924627,1732082.1398056452,1739237.2836259522,1746421.9849839262,1753636.3659802617,1760880.549220046,1768154.6578148408,1775458.8153847759,addressable_market
1,Field Survey Technologies,Sensors,Hardware,Units,EU Europe,Luxembourg,71277.7234,71277.7234,71355.1730739501,71432.70690395498,71510.32498145777,71588.02739800098,71665.81424522659,71743.68561487617,71821.64159879091,71899.68228891188,71977.80777727999,72056.01815603618,72134.31351742151,72212.6939537773,72291.15955754515,72369.71042126713,72448.34663758586,72527.06829924465,72605.87549908759,72684.7683300596,72763.74688520662,addressable_market
1,Field Survey Technologies,Sensors,Hardware,Units,EU Europe,Latvia,2600959.30872,2603910.44688,2610390.5786088565,2616886.836893553,2623399.261866885,2629927.8937615226,2636472.7729102615,2643033.939746269,2649611.4348033345,2656205.2987161214,2662815.5722204163,2669442.2961533815,2676085.5114538083,2682745.259162369,2689421.580421868,2696114.5164775015,2702824.1086771064,2709550.3984714206,2716293.427414336,2723053.2371631553,2729829.869478851,addressable_market
1,Field Survey Technologies,Sensors,Hardware,Units,EU Europe,Malta,0.0,0.0,0.0,0.0,0.0,0.0,0.0,0.0,0.0,0.0,0.0,0.0,0.0,0.0,0.0,0.0,0.0,0.0,0.0,0.0,0.0,addressable_market
1,Field Survey Technologies,Sensors,Hardware,Units,EU Europe,Poland,6832918.752,6841565.28,6856896.65925071,6872262.394848267,6887662.5637823865,6903097.243215317,6918566.510482217,6934070.44309155,6949609.118725467,6965182.615240195,6980791.010666439,6996434.383209759,7012112.811250966,7027826.373346519,7043575.148228913,7059359.214807077,7075178.65216677,7091033.539570972,7106923.956460288,7122849.982453342,7138811.697347175,addressable_market
1,Field Survey Technologies,Sensors,Hardware,Units,EU Europe,Portugal,2949084.288,2949084.288,2950405.2093172492,2951726.72228701,2953048.827174289,2954371.5242442116,2955694.8137620217,2957018.6959930817,2958343.171202873,2959668.239656996,2960993.901621171,2962320.1573612364,2963647.007143149,2964974.4512329865,2966302.489896944,2967631.123401336,2968960.3520125984,2970290.175997284,2971620.5956220655,2972951.6111537362,2974283.2228592075,addressable_market
1,Field Survey Technologies,Sensors,Hardware,Units,EU Europe,Romania,5196191.6017,5196191.6017,5217204.66380103,5238302.701363457,5259486.05802254,5280755.078803177,5302110.110125524,5323551.499810638,5345079.597086142,5366694.752591912,5388397.318385789,5410187.647949314,5432066.096193484,5454033.019464534,5476088.775549737,5498233.723683238,5520468.2245519,5542792.640301181,5565207.334541031,5587712.672351815,5610309.02029026,addressable_market
1,Field Survey Technologies,Sensors,Hardware,Units,EU Europe,Slovakia,1508364.88,1508364.88,1509284.3774397653,1510204.435404078,1511125.0542346332,1512046.2342733345,1512967.9758622935,1513890.2793438307,1514813.145060475,1515736.5733549641,1516660.5645702453,1517585.1190494741,1518510.2371360157,1519435.9191734442,1520362.1655055434,1521288.976476307,1522216.3524299378,1523144.2937108488,1524072.8006636626,1525001.8736332124,1525931.5129645413,addressable_market
1,Field Survey Technologies,Sensors,Hardware,Units,EU Europe,Slovenia,1031112.39,1029415.8189000002,1029526.7511890207,1029637.6954323679,1029748.6516313296,1029859.6197871944,1029970.5999012507,1030081.5919747871,1030192.5960090924,1030303.6120054559,1030414.6399651663,1030525.6798895127,1030636.7317797847,1030747.7956372716,1030858.8714632629,1030969.9592590488,1031081.059025919,1031192.1707651633,1031303.2944780721,1031414.4301659354,1031525.5778300441,addressable_market
1,Field Survey Technologies,Sensors,Hardware,Units,EU Europe,Sweden,16619000.8,16619000.8,16613842.516419426,16608685.833891157,16603530.751918249,16598377.270003911,16593225.387651512,16588075.104364572,16582926.419646766,16577779.333001923,16572633.843934026,16567489.951947208,16562347.656545766,16557206.957234137,16552067.853516923,16546930.344898878,16541794.430884903,16536660.11098006,16531527.38468956,16526396.251518773,16521266.710973216,addressable_market
1,Field Survey Technologies,Sensors,Hardware,Units,EU Europe,Netherlands,349603.5335,350489.79501510004,350990.32442441134,351491.568632536,351993.5286602679,352496.20552985865,352999.6002650198,353503.7138909249,354008.5474342111,354514.1019229824,355020.37838681025,355527.3778567371,356035.1013652773,356543.5499464201,357052.7246356311,357562.6264698547,358073.25648751616,358584.6157285239,359096.70523427107,359609.5260476382,360123.07921299525,addressable_market
1,Field Survey Technologies,GIS software,Software,Units,EU Europe,Austria,4439.032307692308,4443.119384615385,4446.652221215373,4450.187866863095,4453.726323792099,4457.267594237701,4460.811680437003,4464.35858462888,4467.908309053989,4471.4608559547705,4475.016227575446,4478.57442616202,4482.135453962286,4485.699313225823,4489.2660062039995,4492.835535149972,4496.407902318692,4499.983109966904,4503.561160353141,4507.142055737737,4510.725798382824,addressable_market
1,Field Survey Technologies,GIS software,Software,Units,EU Europe,Belgium,562.0446153846154,562.0446153846154,562.9134275398218,563.7835827104052,564.6550829724074,565.5279304050792,566.4021270908859,567.2776751155112,568.1545765678636,569.0328335400801,569.9124481275321,570.79342242883,571.6757585458279,572.5594585836293,573.4445246505917,574.3309588583317,575.21876332173,576.1079401589366,576.9984914913756,577.8904194437508,578.7837261440498,addressable_market
1,Field Survey Technologies,GIS software,Software,Units,EU Europe,Bulgaria,4671.6,4687.2,4719.927377919568,4752.883267800541,4786.069265179126,4819.486976732026,4853.13802035422,4887.024025237298,4921.146631948331,4955.507492509302,4990.108270477089,5024.950641023997,5060.036291018871,5095.3669191087565,5130.94423580114,5166.769963546765,5202.845836823023,5239.173602217921,5275.755018514647,5312.59185677672,5349.685900433735,addressable_market
1,Field Survey Technologies,GIS software,Software,Units,EU Europe,Cyprus,713.124,713.0413333333333,713.2189620101975,713.3966349368761,713.5743521243929,713.7521135837736,713.9299193260468,714.1077693622444,714.2856637034002,714.4636023605515,714.6415853447379,714.8196126670019,714.9976843383888,715.1758003699465,715.3539607727259,715.5321655577803,715.7104147361662,715.8887083189423,716.0670463171706,716.2454287419156,716.4238556042444,addressable_market
1,Field Survey Technologies,GIS software,Software,Units,EU Europe,Czechia,4104.8713333333335,4107.6466666666665,4110.709841268693,4113.775300156443,4116.843045033367,4119.913077604184,4122.985399574884,4126.060012652729,4129.136918546256,4132.216118965274,4135.297615620869,4138.3814102254,4141.467504492506,4144.555900137102,4147.646598875385,4150.739602424826,4153.834912504183,4156.932530833493,4160.032459134073,4163.134699128528,4166.239252540745,addressable_market
1,Field Survey Technologies,GIS software,Software,Units,EU Europe,Germany,2740.56,2740.56,2741.305080736132,2742.0503640386382,2742.7958499625915,2743.541538563078,2744.2874298952,2745.0335240140753,2745.779820974835,2746.5263208326264,2747.273023642611,2748.019929459966,2748.7670383398836,2749.514350337571,2750.2618655082497,2751.0095839071564,2751.7575055895436,2752.5056306106785,2753.2539590258425,2754.0024908903333,2754.7512262594623,addressable_market
1,Field Survey Technologies,GIS software,Software,Units,EU Europe,Denmark,955.2288000000001,956.6576,961.0544385245865,965.47148510377,969.9088326146183,974.3665743610661,978.8448040758774,983.3436159226156,987.8631044976238,992.403364832014,996.9644923936647,1001.5465830892296,1006.1497332661525,1010.7740397146948,1015.41959966997,1020.0865108139876,1024.7748712777084,1029.4847796431068,1034.2163349452446,1038.9696366743522,1043.744784777922,addressable_market
1,Field Survey Technologies,GIS software,Software,Units,EU Europe,Spain,2847.7327333333337,2848.390533333333,2859.694124178569,2871.0425723439307,2882.4360558418034,2893.874753390999,2905.3588444195593,2916.8885090675712,2928.463928189993,2940.085283359487,2951.7527568692744,2963.4665317359895,2975.226791702552,2987.0337212410495,2998.8875055556323,3010.7883305854157,3022.736383007399,3034.731850239394,3046.7749204429624,3058.865782526369,3071.0046261475454,addressable_market
1,Field Survey Technologies,GIS software,Software,Units,EU Europe,Estonia,7193.28,7193.28,7222.579122148043,7251.997583256706,7281.535869408386,7311.194468665355,7340.973871077818,7370.874568692023,7400.897055558378,7431.041827739623,7461.3093833190205,7491.700222408587,7522.214847157364,7552.853761759699,7583.617472463594,7614.506487579056,7645.521317486505,7676.662474645202,7707.930473601718,7739.3258309984385,7770.849065582097,addressable_market
1,Field Survey Technologies,GIS software,Software,Units,EU Europe,Finland,10457.533333333333,10457.533333333333,10456.719807681475,10455.906345316434,10455.092946233284,10454.279610427106,10453.466337892974,10452.653128625969,10451.839982621164,10451.026899873643,10450.213880378482,10449.400924130763,10448.58803112556,10447.77520135796,10446.962434823039,10446.149731515881,10445.337091431566,10444.524514565175,10443.71200091179,10442.899550466496,10442.087163224374,addressable_market
1,Field Survey Technologies,GIS software,Software,Units,EU Europe,France,3234.9375,3250.575,3270.0966106918863,3289.7354601135376,3309.4922523523346,3329.3676957241187,3349.36250279858,3369.4773904248113,3389.713079757002,3410.0702962802975,3430.5497698368067,3451.1522346517686,3471.8784293598756,3492.7290970317554,3513.7049852006107,3534.8068458890198,3556.035435635899,3577.391515523622,3598.875851205312,3620.489212932286,3642.232375581675,addressable_market
1,Field Survey Technologies,GIS software,Software,Units,EU Europe,Greece,3355.548,3355.548,3368.426053773704,3381.353531447468,3394.3306227022745,3407.357517947072,3420.4344083215674,3433.5614856990305,3446.7389426891114,3459.9669726406632,3473.245769644582,3486.5755285366536,3499.9564449004115,3513.388715070008,3526.872536133094,3540.4081059337113,3553.995623075195,3567.635286923088,3581.3272976080666,3595.071856028877,3608.869163855279,addressable_market
1,Field Survey Technologies,GIS software,Software,Units,EU Europe,Croatia,7239.343999999999,7248.677333333332,7258.89816206722,7269.133402442738,7279.383074780682,7289.647199430509,7299.925796770361,7310.21888720712,7320.52649117644,7330.848629142786,7341.185321599487,7351.536589068763,7361.902452101768,7372.28293127864,7382.67804720853,7393.087820529652,7403.512271909321,7413.951422043988,7424.405291659292,7434.873901510095,7445.357272380522,addressable_market
1,Field Survey Technologies,GIS software,Software,Units,EU Europe,Hungary,1149.6855999999998,1148.8717519999998,1152.4697592838395,1156.0790347152265,1159.6996135834584,1163.3315312883503,1166.9748233405826,1170.629525362046,1174.295673086192,1177.9733023583801,1181.6624491362304,1185.3631494899735,1189.075439602804,1192.7993557712343,1196.534934405449,1200.2822120296614,1204.0412252824704,1207.8120109172185,1211.5946058023515,1215.389046921779,1219.195371375236,addressable_market
1,Field Survey Technologies,GIS software,Software,Units,EU Europe,Ireland,735.0988,738.8588,746.6644864075931,754.5526361225106,762.5241203297708,770.5798194180403,778.720623076868,786.9474303949424,795.26114995939,803.6626999561213,812.1530082712379,820.73301259351,829.4036605179364,838.1659096503997,847.0207277134263,855.9690926530634,865.0119927468862,874.1504267131453,883.3854038210671,892.7179440023201,902.1490779636581,addressable_market
1,Field Survey Technologies,GIS software,Software,Units,EU Europe,Italy,4209.0972,4232.7736,4260.939002243473,4289.29182057826,4317.833302094356,4346.564702180047,4375.487284577125,4404.602321436481,4433.911093374058,4463.414889527169,4493.115007611216,4523.0127539767545,4553.109443666965,4583.406400475482,4613.904957004632,4644.606454724044,4675.512244029649,4706.623684303085,4737.94214397148,4769.46900056765,4801.205640790686,addressable_market
1,Field Survey Technologies,GIS software,Software,Units,EU Europe,Lithuania,1716.78,1718.0800260000003,1725.1773277955178,1732.3039481862202,1739.4600082857426,1746.6456297080347,1753.860934569428,1761.1060454907094,1768.381085599207,1775.6861785308809,1783.0214484324263,1790.38701996338,1797.7830182982432,1805.2095691286058,1812.666798665283,1820.154833640461,1827.67380130985,1835.223829454847,1842.8050463847076,1850.417580938727,1858.061562488428,addressable_market
1,Field Survey Technologies,GIS software,Software,Units,EU Europe,Luxembourg,940.22,940.22,941.2416338144346,942.2643777261347,943.2882329413206,944.3132006675243,945.3392821135889,946.3664784896717,947.3947910072446,948.4242208790962,949.4547693193324,950.4864375433789,951.5192267679814,952.5531382112084,953.5881730924516,954.6243326324277,955.6616180531796,956.7000305780783,957.7395714318246,958.780241840449,959.8220430313149,addressable_market
1,Field Survey Technologies,GIS software,Software,Units,EU Europe,Latvia,6548.7168,6556.1472,6572.462929114523,6588.819261804351,6605.216299116169,6621.654142348123,6638.132893050459,6654.652653026138,6671.2135243314715,6687.81560927675,6704.459010426872,6721.143830601982,6737.870172878107,6754.638140587788,6771.44783732072,6788.299366924395,6805.192833504742,6822.128341426767,6839.1059953152035,6856.125900055153,6873.188160792734,addressable_market
1,Field Survey Technologies,GIS software,Software,Units,EU Europe,Malta,0.0,0.0,0.0,0.0,0.0,0.0,0.0,0.0,0.0,0.0,0.0,0.0,0.0,0.0,0.0,0.0,0.0,0.0,0.0,0.0,0.0,addressable_market
1,Field Survey Technologies,GIS software,Software,Units,EU Europe,Poland,1706.94,1709.1,1712.9299510718677,1716.7684847458142,1720.6156202547375,1724.471376874635,1728.3357739247,1732.2088307674187,1736.0905668086666,1739.9810014978061,1743.8801543277843,1747.788044835231,1751.7046926005544,1755.6301172480423,1759.5643384459577,1763.5073759066397,1767.4592493866003,1771.4199786866243,1775.3895836518684,1779.368084171961,1783.3555001811014,addressable_market
1,Field Survey Technologies,GIS software,Software,Units,EU Europe,Portugal,3212.64,3212.64,3214.0789702857646,3215.5185850992334,3216.9588447290957,3218.399749464171,3219.8412995934077,3221.283495405884,3222.726337190806,3224.1698252375118,3225.613959835467,3227.0587412742684,3228.5041698436416,3229.950245833442,3231.396969533655,3232.8443412343963,3234.2923612259106,3235.741029798574,3237.1903472428903,3238.640313849496,3240.0909299091572,addressable_market
1,Field Survey Technologies,GIS software,Software,Units,EU Europe,Romania,762.1955,762.1955,765.2777692083537,768.3725029136411,771.4797515214805,774.5995656413262,777.7319960872949,780.8770938789918,784.0349102423419,787.2054966104251,790.3889046243127,793.5851861339095,796.7943931987978,800.0165780890857,803.2517932862582,806.5000914840318,809.761525589213,813.0361487225601,816.3240142196483,819.6251756317388,822.9396867266496,addressable_market
1,Field Survey Technologies,GIS software,Software,Units,EU Europe,Slovakia,3851.8,3851.8,3854.1480527062445,3856.49753678263,3858.8484531017193,3861.200802536605,3863.554585960913,3865.9098042488013,3868.266458274961,3870.624548914617,3872.984077043527,3875.3450435379827,3877.70744927481,3880.071295131369,3882.436581985555,3884.8033107157994,3887.1714822010667,3889.54109732086,3891.9121569552162,3894.28466198471,3896.6586132904526,addressable_market
1,Field Survey Technologies,GIS software,Software,Units,EU Europe,Slovenia,11604.65625,11585.562187500002,11586.81067514654,11588.05929733307,11589.308054074087,11590.55694538409,11591.80597127758,11593.05513176906,11594.30442687304,11595.55385660402,11596.80342097651,11598.05312000502,11599.30295370406,11600.55292208814,11601.803025171776,11603.053262969484,11604.303635495784,11605.554142765192,11606.804784792224,11608.055561591409,11609.306473177265,addressable_market
1,Field Survey Technologies,GIS software,Software,Units,EU Europe,Sweden,7088.266666666666,7088.266666666666,7086.066577142549,7083.867170492558,7081.668446504742,7079.47040496721,7077.273045668143,7075.076368395782,7072.880372938438,7070.685059084485,7068.490426622366,7066.296475340584,7064.103205027714,7061.910615472391,7059.718706463321,7057.527477789272,7055.336929239077,7053.147060601638,7050.957871665919,7048.769362220952,7046.581532055831,addressable_market
1,Field Survey Technologies,GIS software,Software,Units,EU Europe,Netherlands,418.76666666666665,419.82826,420.42781066874613,421.02821754713466,421.6294818579063,422.2316048255477,422.8345876762946,423.43843163813335,424.0431379408044,424.64870781580424,425.255142496388,425.862443217572,426.47061121613626,427.0796477306272,427.68955400135974,428.30033127042026,428.9119807816689,429.524503780742,430.137901515055,430.7521752338046,431.3673261879716,addressable_market
2,Remote Sensing Technologies,Drones,Hardware,Units,EU Europe,Austria,17702.141,17718.4396,17732.52797946833,17746.62756096351,17760.738353392542,17774.860365669538,17788.99360671567,17803.138085459224,17817.293810835574,17831.4607917872,17845.639037263703,17859.828556221786,17874.02935762528,17888.24145044514,17902.464843659465,17916.699546253472,17930.945567219547,17945.202915557205,17959.471600273133,17973.751630381168,17988.043014902316,addressable_market
2,Remote Sensing Technologies,Drones,Hardware,Units,EU Europe,Belgium,7506.477,7506.477,7518.080560076656,7529.702057010572,7541.341518528651,7552.998972400666,7564.674446439311,7576.367968500274,7588.079566482305,7599.809268327277,7611.557102020257,7623.323095589571,7635.107277106871,7646.9096746872065,7658.730316489081,7670.569230714528,7682.4264456091805,7694.301989462325,7706.195890606986,7718.10817741998,7730.038878321992,addressable_market
2,Remote Sensing Technologies,Drones,Hardware,Units,EU Europe,Bulgaria,14430.053333333333,14478.240000000002,14579.331234018226,14681.128316095008,14783.636174664414,14886.85977257226,14990.804107316371,15095.474211288543,15200.875152018178,15307.012032417624,15413.889991029231,15521.514202274127,15629.889876702739,15739.022261247048,15848.916639474633,15959.578331844456,16071.012695964451,16183.225126850914,16296.221057189689,16410.005957599205,16524.585336895318,addressable_market
2,Remote Sensing Technologies,Drones,Hardware,Units,EU Europe,Cyprus,1385.4159,1385.2552999999998,1385.6003866794883,1385.9455593249475,1386.2908179577923,1386.6361625994439,1386.981593271328,1387.327109994876,1387.672712791525,1388.0184016827163,1388.364176689898,1388.7100378345222,1389.0559851380472,1389.4020186219361,1389.7481383076586,1390.0943442166874,1390.4406363705034,1390.7870147905903,1391.1334794984386,1391.4800305155438,1391.826667863407,addressable_market
2,Remote Sensing Technologies,Drones,Hardware,Units,EU Europe,Czechia,9356.42955,9362.755500000001,9369.737540370053,9376.724787421806,9383.717245038013,9390.71491710432,9397.717807509272,9404.72592014432,9411.739258903803,9418.75782768498,9425.781630388,9432.810670915938,9439.844953174766,9446.884481073374,9453.929258523569,9460.979289440069,9468.034577740515,9475.095127345472,9482.160942178425,9489.232026165786,9496.308383236894,addressable_market
2,Remote Sensing Technologies,Drones,Hardware,Units,EU Europe,Germany,29232.64,29232.64,29240.587527852073,29248.537216412144,29256.489066267644,29264.443078006167,29272.399252215473,29280.357589483472,29288.318090398243,29296.280755548018,29304.245585521185,29312.212580906307,29320.181742292094,29328.153070267424,29336.126565421328,29344.102228343,29352.080059621796,29360.060059847237,29368.04222960899,29376.026569496888,29384.01308010094,addressable_market
2,Remote Sensing Technologies,Drones,Hardware,Units,EU Europe,Denmark,5815.164800000001,5823.862933333334,5850.629652070729,5877.5193917720735,5904.532717846887,5931.670198303333,5958.932403760166,5986.31990745873,6013.833285275008,6041.473115731734,6069.239980010555,6097.134461964258,6125.157148129033,6153.308627736827,6181.589492727712,6210.000337762346,6238.5417602344705,6267.214360283476,6296.018740807015,6324.955507473688,6354.025268735771,addressable_market
2,Remote Sensing Technologies,Drones,Hardware,Units,EU Europe,Spain,123566.83773333332,123595.38053333333,124085.85808392227,124578.28205214099,125072.6601621791,125569.00016887899,126067.3098578574,126567.59704562767,127069.86957972228,127574.13533881602,128080.40223284939,128588.67820315293,129098.97122257159,129611.28929558987,130125.64045845742,130642.03277931499,131160.47435832108,131680.97332777892,132203.5378522642,132728.17612875288,133254.89638675,addressable_market
2,Remote Sensing Technologies,Drones,Hardware,Units,EU Europe,Estonia,7114.031999999999,7114.031999999999,7143.008335209124,7172.102694627607,7201.315558982699,7230.647410959718,7260.098735210011,7289.670018358975,7319.3617490140905,7349.174417773,7379.108517231606,7409.1645419922215,7439.342988671731,7469.644355909803,7500.069144377129,7530.617856783692,7561.290997887075,7592.089074500804,7623.012595502715,7654.062071843371,7685.238016554496,addressable_market
2,Remote Sensing Technologies,Drones,Hardware,Units,EU Europe,Finland,58711.58,58711.58,58707.01263455457,58702.44562441942,58697.87896956688,58693.31266996933,58688.746725599136,58684.181136428655,58679.61590243026,58675.05102357632,58670.4864998392,58665.92233119129,58661.35851760494,58656.79505905256,58652.2319555065,58647.669206939165,58643.106813322935,58638.5447746302,58633.983090833346,58629.42176190477,58624.86078781685,addressable_market
2,Remote Sensing Technologies,Drones,Hardware,Units,EU Europe,France,118614.375,119187.75,119903.54239203583,120623.63353749638,121348.04925291894,122076.81550988434,122809.95843594795,123547.50431557641,124289.47959109007,125035.9108636109,125786.82489401624,126542.24860389817,127302.20907652877,128066.73355783103,128835.84945735573,129609.58434926406,130387.96597331628,131171.0222358661,131958.78121086143,132751.2711408505,133548.52043799477,addressable_market
2,Remote Sensing Technologies,Drones,Hardware,Units,EU Europe,Greece,39486.216,39486.216,39637.75774905801,39789.881090986484,39942.588257845375,40095.881490260894,40249.76303745845,40404.235157295574,40559.300116295126,40714.96018967851,40871.21766139904,41028.07482417551,41185.533979525775,41343.59743780056,41502.26751821734,41661.54654889437,41821.436866884855,41981.940818211224,42143.060757899584,42304.799050014226,42467.158067692355,addressable_market
2,Remote Sensing Technologies,Drones,Hardware,Units,EU Europe,Croatia,7407.400199999999,7416.950199999999,7427.408297972353,7437.881142142301,7448.368753302377,7458.87115227443,7469.388359909672,7479.920397088713,7490.467284721605,7501.029043747886,7511.605695136617,7522.1972598864295,7532.803759025559,7543.425213611893,7554.061644733014,7564.713073506233,7575.379521078644,7586.061008627152,7596.7575573585245,7607.469188509435,7618.195923346497,addressable_market
2,Remote Sensing Technologies,Drones,Hardware,Units,EU Europe,Hungary,12947.649733333332,12938.484254666666,12979.004670029906,13019.65198619767,13060.426600594661,13101.32891189023,13142.359320002273,13183.518226101138,13224.806032613544,13266.223143226518,13307.769962891356,13349.446897827558,13391.254355526817,13433.192744756994,13475.262475566127,13517.463959286422,13559.797608538298,13602.263837234388,13644.863060583624,13687.595695095275,13730.462158583015,addressable_market
2,Remote Sensing Technologies,Drones,Hardware,Units,EU Europe,Ireland,5270.814799999999,5297.774799999999,5353.743232326785,5410.302944112469,5467.4601819389945,5525.221258380417,5583.592552700095,5642.580511555225,5702.191649708817,5762.4325507492085,5823.309867817174,5884.830324340699,5947.000714777543,6009.8279053656315,6073.318834881376,6137.480515406008,6202.320033100014,6267.844548985745,6334.0612997382905,6400.977598484721,6468.600835611762,addressable_market
2,Remote Sensing Technologies,Drones,Hardware,Units,EU Europe,Italy,80227.9436,80679.23013333333,81216.07977003466,81756.50167102198,82300.51960658637,82848.15750518937,83399.4394545155,83954.38970253173,84513.032658554,85075.39289432089,85641.49514507438,86211.36431064786,86785.02545656123,87362.50381512356,87943.82478654283,88529.01394004314,89118.09701498935,89711.09992201938,90308.04874418366,90908.96973809248,91513.88933507094,addressable_market
2,Remote Sensing Technologies,Drones,Hardware,Units,EU Europe,Lithuania,9981.535,9989.093484500001,10030.35792506753,10071.792826954497,10113.398894328004,10155.17683426402,10197.127356759429,10239.25117474406,10281.549004092823,10324.02156363788,10366.669575180837,10409.493763505037,10452.494856387862,10495.67358461311,10539.030681983408,10582.56688533268,10626.282934538678,10670.179572535551,10714.257545326473,10758.517601996318,10802.960494724386,addressable_market
2,Remote Sensing Technologies,Drones,Hardware,Units,EU Europe,Luxembourg,965.943,965.943,966.9925841735087,968.0433088148684,969.0951751633,970.1481844593715,971.2023379449982,972.2576368634456,973.3140824593295,974.3716759786186,975.4304186686348,976.4903117780561,977.5513565569167,978.6135542566094,979.6769061298866,980.7414134308619,981.8070774150117,982.8738993391767,983.9418804615631,985.0110220417442,986.0813253406621,addressable_market
2,Remote Sensing Technologies,Drones,Hardware,Units,EU Europe,Latvia,8731.6224,8741.5296,8763.283905486032,8785.092349072469,8806.955065488224,8828.872189797497,8850.84385740061,8872.870204034853,8894.951365775296,8917.087479035668,8939.278680569163,8961.52510746931,8983.82689717081,9006.184187450384,9028.597116427627,9051.06582256586,9073.590444672991,9096.171121902358,9118.807993753604,9141.501200073537,9164.25088105698,addressable_market
2,Remote Sensing Technologies,Drones,Hardware,Units,EU Europe,Malta,0.0,0.0,0.0,0.0,0.0,0.0,0.0,0.0,0.0,0.0,0.0,0.0,0.0,0.0,0.0,0.0,0.0,0.0,0.0,0.0,0.0,addressable_market
2,Remote Sensing Technologies,Drones,Hardware,Units,EU Europe,Poland,60122.22,60198.3,60333.199387753564,60468.401073824796,60603.90573563909,60739.71405213993,60875.82670379222,61012.24437258575,61148.96774203859,61285.9974972005,61423.33432465641,61560.978912529805,61698.9319504862,61837.1941297366,61975.766143040964,62114.648684711654,62253.842450616925,62393.34813818444,62533.16644640469,62673.29807583464,62813.743728601024,addressable_market
2,Remote Sensing Technologies,Drones,Hardware,Units,EU Europe,Portugal,36674.88,36674.88,36691.30700786705,36707.74137353832,36724.18310030947,36740.63219147758,36757.08865034124,36773.5524802005,36790.0236843569,36806.50226611346,36822.98822877465,36839.48157564646,36855.98231003635,36872.49043525325,36889.005954607564,36905.52887141122,36922.05918897758,36938.59691062152,36955.14203965939,36971.69457940903,36988.254533189756,addressable_market
2,Remote Sensing Technologies,Drones,Hardware,Units,EU Europe,Romania,38294.549666666666,38294.549666666666,38449.41034386214,38604.897267600514,38761.01297038225,38917.75999494906,39075.140894325305,39233.15823185965,39391.814581266764,39551.11252666924,39711.05466263971,39871.64359424308,40032.88193707899,40194.77231732437,40357.317371776255,40520.51974789469,40684.382103845914,40848.907108545594,41014.09744170233,41179.95579386129,41346.48486644803,addressable_market
2,Remote Sensing Technologies,Drones,Hardware,Units,EU Europe,Slovakia,10110.975,10110.975,10117.138638353892,10123.306034054403,10129.477189392013,10135.652106658588,10141.830788147396,10148.013236153103,10154.199452971776,10160.389440900872,10166.583202239259,10172.780739287206,10178.982054346376,10185.187149719844,10191.396027712082,10197.608690628973,10203.8251407778,10210.045380467258,10216.269412007443,10222.497237709864,10228.72885988744,addressable_market
2,Remote Sensing Technologies,Drones,Hardware,Units,EU Europe,Slovenia,17020.1625,16992.157875,16993.988990214923,16995.82030275517,16997.65181264199,16999.483519896665,17001.31542454045,17003.147526594625,17004.979826080456,17006.81232301923,17008.645017432216,17010.477909340698,17012.310998765955,17014.14428572927,17015.97777025194,17017.811452355247,17019.645332060485,17021.479409388947,17023.31368436193,17025.148157000734,17026.982827326654,addressable_market
2,Remote Sensing Technologies,Drones,Hardware,Units,EU Europe,Sweden,55480.34285714287,55480.34285714287,55463.12260755936,55445.90770287785,55428.698141439374,55411.49392158546,55394.29504165817,55377.10150000007,55359.91329495425,55342.730424864276,55325.55288807431,55308.38068292893,55291.21380777332,55274.05226095309,55256.89604081442,55239.74514570401,55222.59957396902,55205.459323957184,55188.32439401671,55171.19478249633,55154.07048774527,addressable_market
2,Remote Sensing Technologies,Drones,Hardware,Units,EU Europe,Netherlands,3927.785,3937.7421209999998,3943.3655535959742,3948.997016934742,3954.636522484891,3960.2840817313877,3965.939706175598,3971.6034073353153,3977.27519674478,3982.955085954705,3988.6430865322973,3994.339210061285,4000.0434681419365,4005.7558723910884,4011.4764344421656,4017.205165945206,4022.942078566888,4028.6871839905475,4034.440493916207,4040.2020200605966,4045.971774157181,addressable_market
3,Decision Support Systems,Total,Software,Units,EU Europe,Austria,315654.8406086957,315945.4682782609,316196.68451111723,316448.1004923541,316699.7163807966,316951.532335396,317203.5485152299,317455.76507950254,317708.1821875446,317960.7999988134,318213.6186728934,318466.63836949546,318719.8592484578,318973.2814697456,319226.9051934512,319480.73057979427,319734.7577891219,319988.98698190856,320243.4183187566,320498.05196039565,320752.88806768355,addressable_market
3,Decision Support Systems,Total,Software,Units,EU Europe,Belgium,151610.33869421488,151610.33869421488,151844.6989238247,152079.42142897384,152314.5067696702,152549.95550678726,152785.76820206558,153021.94541811393,153258.48771841085,153495.395667306,153732.6698300212,153970.31077265216,154208.31906216958,154446.69526642072,154685.43995413042,154924.5536949028,155164.0370592225,155403.89061845583,155644.11494485257,155884.71061154694,156125.67819255905,addressable_market
3,Decision Support Systems,Total,Software,Units,EU Europe,Bulgaria,474011.68,475594.56,478915.2979462389,482259.2222394949,485626.49477350863,489017.2785724096,492431.73779860826,495870.03776074445,499332.34492169064,502818.8269066105,506329.65251107526,509864.99170923495,513425.0156620481,517009.89672556845,520619.80845928896,524254.92563454516,527915.4242429761,531601.481505045,535313.2758786195,539050.9870676112,542814.7960306763,addressable_market
3,Decision Support Systems,Total,Software,Units,EU Europe,Cyprus,16694.799092307694,16692.8638,16697.022228370493,16701.181692664282,16705.342193139433,16709.503730054075,16713.666303666392,16717.829914234648,16721.99456201716,16726.16024727231,16730.326970258553,16734.4947312344,16738.663530458423,16742.83336818928,16747.00424468566,16751.17616020634,16755.349115010165,16759.523109356025,16763.698143502883,16767.874217709774,16772.051332235795,addressable_market
3,Decision Support Systems,Total,Software,Units,EU Europe,Czechia,250414.99860000002,250584.30599999998,250771.17296887405,250958.17928910893,251145.3250646225,251332.61039941,251520.0353975443,251707.6001631758,251895.30480053273,252083.14941392074,252271.1341077235,252459.25898640256,252647.52415449717,252835.9297166247,253024.47577748058,253213.162441838,253401.9898145487,253590.95800054233,253780.06710482686,253969.3172324886,254158.70848869212,addressable_market
3,Decision Support Systems,Total,Software,Units,EU Europe,Germany,925395.76,925395.76,925647.3489285671,925899.0062570468,926150.732004035,926402.5261881327,926654.388827946,926906.3199420861,927158.3195491692,927410.3876678168,927662.5243166549,927914.7295143153,928167.003279434,928419.3456306531,928671.756586619,928924.236165983,929176.7843874025,929429.401269539,929682.0868310595,929934.8410906359,930187.6640669452,addressable_market
3,Decision Support Systems,Total,Software,Units,EU Europe,Denmark,239108.8512,239466.5024,240567.1005064702,241672.75700808052,242783.4951534276,243899.3382979595,245020.309904467,246146.43354357683,247277.73289424728,248414.23174426623,249555.95399075103,250702.92364065134,251855.16481125375,253012.7017306889,254175.55873844092,255343.7602858592,256517.3309366727,257696.29536750613,258880.67836839912,260070.50484332733,261265.79981072614,addressable_market
3,Decision Support Systems,Total,Software,Units,EU Europe,Spain,3437337.2236,3438131.2167999996,3451775.142410671,3465473.2127570524,3479225.6427078326,3493032.6479843874,3506894.4451641655,3520811.251684083,3534783.285843938,3548810.7668098295,3562893.9146176,3577032.9501762846,3591228.0952715757,3605479.572569305,3619787.605618933,3634152.418857057,3648574.237610931,3663053.288102003,3677589.7974494575,3692183.993673785,3706836.1057003546,addressable_market
3,Decision Support Systems,Total,Software,Units,EU Europe,Estonia,226789.488,226789.488,227713.22972989292,228640.73397449087,229572.0160589832,230507.09137098063,231445.97536076955,232388.68354156724,233335.23148977823,234285.63484525183,235239.90931154025,236198.0706561582,237160.13471084353,238126.11737181872,239096.03460005342,240069.90242152847,241047.73692750034,242029.55427476732,243015.37068593618,244005.20244969058,244999.06592105996,addressable_market
3,Decision Support Systems,Total,Software,Units,EU Europe,Finland,536322.0666666667,536322.0666666667,536280.3444225214,536238.6254240858,536196.9096711071,536155.1971633331,536113.4879005111,536071.781882389,536030.079108714,535988.379579234,535946.6832936964,535904.9902518492,535863.3004534395,535821.6138982153,535779.9305859245,535738.2505163145,535696.5736891332,535654.9001041283,535613.2297610475,535571.5626596389,535529.89879965,addressable_market
3,Decision Support Systems,Total,Software,Units,EU Europe,France,4052298.375,4071886.95,4096341.0209933696,4120941.9530355576,4145690.628113358,4170587.9335104125,4195634.761839021,4220832.011072147,4246180.584575605,4271681.391140452,4297335.345015573,4323143.365940448,4349106.3791781375,4375225.315548445,4401501.111461299,4427934.708950312,4454527.055706569,4481279.10511259,4508191.8162765205,4535266.1540665105,4562503.089145311,addressable_market
3,Decision Support Systems,Total,Software,Units,EU Europe,Greece,2582283.273230769,2582283.273230769,2592193.6612960277,2602142.08383745,2612128.686825241,2622153.6167898164,2632217.0208239504,2642319.046584938,2652459.8422967573,2662639.5567522463,2672858.3393152873,2683116.339922996,2693413.7090879227,2703750.5979002616,2714127.1580300652,2724543.5417294735,2734999.9018349433,2745496.3917694953,2756033.165544961,2766610.3777642474,2777228.183623599,addressable_market
3,Decision Support Systems,Total,Software,Units,EU Europe,Croatia,545743.1183999999,546446.7183999999,547217.222874696,547988.8137812904,548761.4926516808,549535.2610199257,550310.1204222456,551086.0723970282,551863.1184848296,552641.2602283783,553420.4991725784,554200.8368645123,554982.2748534433,555764.8146908197,556548.4579302773,557333.2061276425,558119.0608409356,558906.0236303732,559694.0960583726,560483.2796895538,561273.5760907431,addressable_market
3,Decision Support Systems,Total,Software,Units,EU Europe,Hungary,394319.76432727266,394040.63031745446,395274.6767247605,396512.5878871659,397754.37590821215,399000.05292934657,400249.63113004045,401503.1227279085,402760.5399788284,404021.8951770602,405287.2006553672,406556.4687851358,407829.7119764968,409106.9426784469,410388.1733789701,411673.4166051602,412962.6849233429,414255.9909391984,415553.3472978857,416854.7666841652,418160.2618225233,addressable_market
3,Decision Support Systems,Total,Software,Units,EU Europe,Ireland,57375.00273846153,57668.4735076923,58277.71308067383,58893.38897552604,59515.569188881236,60144.32243572328,60779.7181569767,61421.82652717579,62070.71846221497,62726.4656271808,63389.14044426688,64058.81610077233,64735.56655718473,65419.46655534847,66110.59162671944,66809.01810070695,67514.82311310353,68228.08461460423,68948.8813794155,69677.29301395522,70413.39996564467,addressable_market
3,Decision Support Systems,Total,Software,Units,EU Europe,Italy,776461.773278049,780829.4128585367,786025.1489349228,791255.4580856974,796520.5703643996,801820.7173553733,807156.1321839537,812527.0495267207,817933.7056218215,823376.3382793613,828855.1868918634,834370.4924447985,839922.4975271851,845511.4463422587,851137.5847182138,856801.1601190162,862502.4216552877,868241.6200952632,874019.0078758209,879834.8391135851,885689.3696161035,addressable_market
3,Decision Support Systems,Total,Software,Units,EU Europe,Lithuania,255152.86705882353,255346.08072694123,256400.9024871598,257460.0816627837,258523.6362540757,259591.58433565704,260663.94405681407,261740.733641807,262821.9713901796,263907.67567707,264997.8649535234,266092.5577468048,267191.7726607149,268295.5283759056,269403.84365019755,270516.73731889913,271634.22829512623,272756.33557012404,273883.0782135896,275014.475373996,276150.5462789174,addressable_market
3,Decision Support Systems,Total,Software,Units,EU Europe,Luxembourg,13515.092285714287,13515.092285714287,13529.777652207544,13544.478975675751,13559.196273457597,13573.92956291062,13588.678861411208,13603.444186354636,13618.22555515508,13633.02298524564,13647.83649407835,13662.666099124219,13677.51181787323,13692.373667834376,13707.251666535674,13722.145831524187,13737.05618036604,13751.982730646452,13766.92549996975,13781.884505959382,13796.85976625795,addressable_market
3,Decision Support Systems,Total,Software,Units,EU Europe,Latvia,139978.8216,140137.6464,140486.39510982292,140836.01172106803,141186.4983936081,141537.85729269113,141890.09058895355,142243.2004584337,142597.18908258522,142952.05864829052,143307.81134787438,143664.44937911737,144021.97494526955,144380.39025506398,144739.6975227304,145099.89896800893,145460.99681616385,145822.99329799713,146185.89064986247,146549.69111367888,146914.3969369447,addressable_market
3,Decision Support Systems,Total,Software,Units,EU Europe,Malta,0.0,0.0,0.0,0.0,0.0,0.0,0.0,0.0,0.0,0.0,0.0,0.0,0.0,0.0,0.0,0.0,0.0,0.0,0.0,0.0,0.0,addressable_market
3,Decision Support Systems,Total,Software,Units,EU Europe,Poland,1722492.12,1724671.8,1728536.6461816337,1732410.1531623872,1736292.3403503918,1740183.2271972706,1744082.8331982363,1747991.1778921885,1751908.2808618122,1755834.161733675,1759768.8401783265,1763712.3359103964,1767664.6686886926,1771625.8583163023,1775595.9246406876,1779574.8875537892,1783562.7669921226,1787559.5829368802,1791565.35541403,1795580.1044944166,1799603.8502938626,addressable_market
3,Decision Support Systems,Total,Software,Units,EU Europe,Portugal,1071078.72,1071078.72,1071558.4657703927,1072038.4264232214,1072518.6020547333,1072998.9927612196,1073479.5986390146,1073960.4197844951,1074441.456294081,1074922.7082642368,1075404.1757914685,1075885.8589723264,1076367.7579034036,1076849.8726813362,1077332.2034028047,1077814.7501645314,1078297.5130632832,1078780.4921958696,1079263.6876591435,1079747.0995500013,1080230.7279653836,addressable_market
3,Decision Support Systems,Total,Software,Units,EU Europe,Romania,2295871.427,2295871.427,2305155.7822681447,2314477.682867326,2323837.28062843,2333234.7279963368,2342670.1780324024,2352143.784416956,2361655.701451796,2371206.0840627113,2380795.0878019975,2390422.8688509963,2400089.5840226333,2409795.390763979,2419540.4471588074,2429324.9119301736,2439148.944442998,2449012.704706664,2458916.3533776207,2468860.051762003,2478843.9618182555,addressable_market
3,Decision Support Systems,Total,Software,Units,EU Europe,Slovakia,333977.6241379311,333977.6241379311,334181.2165010294,334384.9329737905,334588.7736318715,334792.7385509756,334996.8278068523,335201.04147529695,335405.3796321514,335609.8423533036,335814.42971468787,336019.1417922848,336223.97866212105,336428.94040026993,336634.027082851,336839.23878603027,337044.57558602013,337250.03755907936,337455.62478151347,337661.3373296742,337867.1752799601,addressable_market
3,Decision Support Systems,Total,Software,Units,EU Europe,Slovenia,290735.32125,290256.9513375,290288.23011467134,290319.5122625178,290350.79778140277,290382.08667168935,290413.37893374095,290444.67456792085,290475.9735745925,290507.27595411934,290538.5817068648,290569.8908331924,290601.2033334657,290632.5192080482,290663.83845730353,290695.16108159546,290726.4870812877,290757.8164567439,290789.1492083279,290820.4853364035,290851.82484133437,addressable_market
3,Decision Support Systems,Total,Software,Units,EU Europe,Sweden,604119.2888888889,604119.2888888889,603931.7795045351,603744.3283202254,603556.9353178954,603369.600479486,603182.3237869445,602995.105222223,602807.9447672796,602620.8424040778,602433.798114587,602246.8118807818,602059.8836846426,601873.0135081558,601686.2013333126,601499.4471421102,601312.7509165514,601126.1126386449,600939.5322904041,600753.0098538488,600566.545311004,addressable_market
3,Decision Support Systems,Total,Software,Units,EU Europe,Netherlands,68887.56454545454,69062.19778418182,69160.82451042121,69259.59208406252,69358.50070624788,69457.55057840669,69556.74190225599,69656.0748798009,69755.54971333499,69855.16660544078,69954.92575899004,70054.8273771443,70154.87166335518,70255.05882136489,70355.38905520657,70455.86256920474,70556.47956797575,70657.24025642808,70758.14483976293,70859.19352347447,70960.38651335042,addressable_market
4,Telematics Systems,Total,Hardware,Units,EU Europe,Austria,2749.988956954294,3017.0829469826613,3170.6653285009093,2956.286815751052,2996.0292048139136,3036.3058645977385,3077.1239774891415,3118.4908224300525,3160.4137762157434,3202.9003148103034,3245.9580146797985,3289.594554143358,3333.8177147424162,3378.63538262837,3424.0555499688835,3470.0863163731046,3516.735890336034,3564.0125907023203,3611.924848149724,3660.481206692532,3709.6903252051784,addressable_market
4,Telematics Systems,Total,Hardware,Units,EU Europe,Belgium,619.2432151059875,619.2432151059875,619.2432151059875,619.2432151059875,623.1511636336426,627.0837746223827,631.0412037132005,635.0236075293144,639.0311436823681,643.0639707786678,647.1222484254603,651.2061372372485,655.315798842149,659.4513958882885,663.613092050241,667.8010520355054,672.0154415910245,676.2564275097441,680.5241776372147,684.8188608782348,689.1406472035342,addressable_market
4,Telematics Systems,Total,Hardware,Units,EU Europe,Bulgaria,1199.5513446741097,1227.2338741915848,1326.8975507102293,1079.027994069683,1079.780207868158,1080.532946051173,1081.2862089842884,1082.0399970333183,1082.794310564333,1083.5491499436569,1084.30451553787,1085.0604077138091,1085.816826838565,1086.5737732794848,1087.331247404173,1088.0892495804885,1088.8477801765482,1089.6068395607247,1090.3664281016472,1091.126546168203,1091.8871941295356,addressable_market
4,Telematics Systems,Total,Hardware,Units,EU Europe,Cyprus,1.637828659306252,1.907409743333677,2.626989717271479,1.5431520867775796,1.4819766016577502,1.4232263084627566,1.3668050648267347,1.312620539774754,1.2605840626270888,1.2106104778934068,1.1626180059194162,1.1165281090579282,1.0722653631453214,1.029757334073097,0.9889344592525259,0.9497299337784211,0.9120796011057395,0.8759218480601146,0.8411975040105067,0.8078497440389714,0.7758239959490896,addressable_market
4,Telematics Systems,Total,Hardware,Units,EU Europe,Czechia,5550.037384190027,5040.566177128127,4180.229580245309,3080.9846410057985,3114.2934886671,3147.962441769292,3181.9953934500118,3216.3962789360203,3251.1690759982225,3286.3178054116247,3321.84653142025,3357.7593622070926,3394.0604503691397,3430.7539933975427,3467.8442341629675,3505.3354614062005,3543.232010234052,3581.5382626206283,3620.2586479140164,3659.397643348447,3698.959774562003,addressable_market
4,Telematics Systems,Total,Hardware,Units,EU Europe,Germany,8198.28870867328,8645.064732417104,8827.164705348963,7617.214886145347,7690.431372918647,7764.351614806586,7838.9823762864435,7914.330486855496,7990.402841655981,8067.20640210608,8144.748196536955,8223.035320835923,8302.074939095799,8381.874284270481,8462.440658836857,8543.781435463035,8625.904057683047,8708.816040577978,8792.524971463707,8877.038510585204,8962.36439181753,addressable_market
4,Telematics Systems,Total,Hardware,Units,EU Europe,Denmark,310.6066765970165,310.6066765970165,310.6066765970165,310.6066765970165,308.0095110950816,305.4340620247391,302.8801478021042,300.3475883616221,297.8362051433722,295.3458210804786,292.876260586626,290.4273495436797,287.9989152894096,285.5907866053158,283.2027937045576,280.8347682199821,278.4865431922532,276.15795305808035,273.8488336385454,271.55902212752665,269.2883570802205,addressable_market
4,Telematics Systems,Total,Hardware,Units,EU Europe,Spain,1998.251532180729,2236.9800516941723,2254.9460751583742,2479.051657809899,2513.6745420819198,2548.7809758239714,2584.377712375497,2620.4715993943,2657.069580173812,2694.1786949787606,2731.806082399481,2769.958980725157,2808.6447293362276,2847.870770116248,2887.644648883467,2927.9740168423978,2968.866632055659,3010.3303609363784,3052.373179761432,3095.003176205824,3138.2285508984905,addressable_market
4,Telematics Systems,Total,Hardware,Units,EU Europe,Estonia,998.2942056106588,891.6553335522325,932.1818050936663,923.8606033105045,930.2738127524505,936.7315410917265,943.2340973673934,949.7817927637828,956.3749406253912,963.0138564718741,969.6988580131448,976.4302651645805,983.2084000623304,990.0335870787326,996.9061528378364,1003.8264262310345,1010.7947384328006,1017.8114229165394,1024.8768154705444,1031.9912542140678,1039.1550796135007,addressable_market
4,Telematics Systems,Total,Hardware,Units,EU Europe,Finland,3894.2072578639754,4326.096762546876,4257.201830067254,4108.793745296628,4136.7786134818825,4164.95408574607,4193.321460287726,4221.882044147376,4250.637153267761,4279.588112554465,4308.736255936963,4338.082926430086,4367.629476195894,4397.377266605985,4427.327668304213,4457.4820612698495,4487.84183488116,4518.408387979423,4549.183128933383,4580.167475704139,4611.362855910482,addressable_market
4,Telematics Systems,Total,Hardware,Units,EU Europe,France,5652.9666152790605,6343.8006338708,5947.736714253414,5941.648226016989,5852.294837454789,5764.285188498814,5677.599071340959,5592.2165820679475,5508.1181160912,5425.284363645456,5343.696305355072,5263.3352078670005,5184.182619549447,5106.220366255209,5029.430547148723,4953.7955305958785,4879.2979501156315,4805.920700392505,4733.646933349054,4662.460054277397,4592.343718028918,addressable_market
4,Telematics Systems,Total,Hardware,Units,EU Europe,Greece,258.38434358751294,258.38434358751294,258.38434358751294,258.38434358751294,252.8075702709788,247.3511618348867,242.0125204141951,236.78910421422728,231.67842630049114,226.6780534146177,221.7856048158566,216.9987511475748,212.31521332822106,207.7327614662256,203.24921379832122,198.8624356507779,194.5703384230578,190.37087859340593,186.26205674590383,182.24191661852223,178.30854417171992,addressable_market
4,Telematics Systems,Total,Hardware,Units,EU Europe,Croatia,995.0292944396097,947.8666731411698,1015.7199278091136,988.5907171668615,1003.6945260635142,1019.0290927846389,1034.5979428762698,1050.4046557481606,1066.452865496722,1082.7462617405306,1099.288590468602,1116.0836549016276,1133.1353163663657,1150.4474951833931,1168.0241715684192,1185.8693865473729,1203.987242885467,1222.3819060304581,1241.057605070321,1260.018633705547,1279.2693512363066,addressable_market
4,Telematics Systems,Total,Hardware,Units,EU Europe,Hungary,705.4661673155633,849.0950054424542,705.4661673155633,705.4661673155633,700.2289190046049,695.0305510413391,689.870774785368,684.7493037391057,679.6658535318707,674.6201419040959,669.6118886916561,664.640815810312,659.7066472402698,654.8091090108543,649.9479291852977,645.1228378456387,640.3335670777374,635.5798509563975,630.8614255306015,626.1780288088547,621.529400744638,addressable_market
4,Telematics Systems,Total,Hardware,Units,EU Europe,Ireland,266.48509239268697,266.48509239268697,266.48509239268697,266.48509239268697,270.9340019349518,275.45718503577683,280.05588167575706,284.7313525366887,289.4848793471708,294.3177652339776,299.23133507929566,304.2269358839261,309.3059371365497,314.4697311891574,319.71973363874764,325.05738371539724,330.4841446768099,336.0015042094523,341.610974836387,347.31409433191385,353.11242614313346,addressable_market
4,Telematics Systems,Total,Hardware,Units,EU Europe,Italy,1993.2286606358257,1993.2286606358257,1993.2286606358257,1675.6891613717878,1678.373972184582,1681.06308463593,1683.7565056179722,1686.4542420338923,1689.1563007979346,1691.8626888354208,1694.5734130827686,1697.2884804875093,1700.0078980083063,1702.731672614971,1705.4598112884833,1708.1923210210075,1710.92920881591,1713.6704816877796,1716.4161466624428,1719.1662107769837,1721.920681079761,addressable_market
4,Telematics Systems,Total,Hardware,Units,EU Europe,Lithuania,903.1814732325258,938.3666767137804,988.5907171668615,1045.0572937214556,1058.4153877804747,1071.9442271928458,1085.6459944537335,1099.5228999553142,1113.5771823433604,1127.8111088783824,1142.2269758013872,1156.8271087043115,1171.613862905191,1186.5896238281225,1201.7568073880861,1217.1178603806843,1232.675260876863,1248.431518622678,1264.3891754441715,1280.5508056574242,1296.9190164838478,addressable_market
4,Telematics Systems,Total,Hardware,Units,EU Europe,Luxembourg,38.891843285358284,31.28919413755419,25.948321989733884,31.05364102323223,31.182576798572548,31.31204791964415,31.442056609220746,31.57260509930508,31.703695631167253,31.835330455383186,31.967511831873274,32.100242029941185,32.2335233283128,32.36735801517534,32.50174838821668,32.636696754664776,32.772205431327244,32.90827674463118,33.044913030663096,33.182116635209,33.319889913794675,addressable_market
4,Telematics Systems,Total,Hardware,Units,EU Europe,Latvia,1683.7985059900325,1749.2229326825368,1692.6088052746345,1909.0810404990366,1925.413469928118,1941.885625353843,1958.4987021497602,1975.2539059159903,1992.1524525667173,2009.1955684184222,2026.3844902788787,2043.7204655369087,2061.204752252902,2078.8386192501134,2096.623346206742,2114.560223748795,2132.650553543749,2150.895648395008,2169.2968323371765,2187.8554407321435,2206.5728203659846,addressable_market
4,Telematics Systems,Total,Hardware,Units,EU Europe,Malta,0.0,0.0,0.0,0.0,0.0,0.0,0.0,0.0,0.0,0.0,0.0,0.0,0.0,0.0,0.0,0.0,0.0,0.0,0.0,0.0,0.0,addressable_market
4,Telematics Systems,Total,Hardware,Units,EU Europe,Poland,7423.425556552861,7882.211874825099,8347.280444699956,7816.124100572548,7965.787821109184,8118.317313600905,8273.76745206039,8432.194161231959,8593.654436711062,8758.206365449008,8925.90914665034,9096.823113070324,9271.009752720283,9448.531730988505,9629.452913184758,9813.838387516473,10001.754488504863,10193.26882084946,10388.450283749557,10587.369095691392,10790.096819709965,addressable_market
4,Telematics Systems,Total,Hardware,Units,EU Europe,Portugal,1604.0277741473826,1824.2329842407544,1839.4256638907018,1723.1615195958739,1740.8276292740757,1758.6748545514906,1776.7050522523355,1794.9200982372681,1813.3218875985492,1831.9123348572093,1850.6933741622354,1869.666959491798,1888.8350648565456,1908.199684504978,1927.76283313093,1947.526546083178,1967.492879577199,1987.6639109090984,2008.0417386717327,2028.6284829730457,2049.4262856566447,addressable_market
4,Telematics Systems,Total,Hardware,Units,EU Europe,Romania,3866.581075112304,3812.5520698670466,3744.024880932891,3744.024880932891,3790.6359576531004,3837.827316968141,3885.6061830812173,3933.979870132942,3982.955783321007,4032.5414200337946,4082.744370998101,4133.572321441149,4185.033052267068,4237.134441248016,4289.884464230139,4343.291196354539,4397.362813293433,4452.107592501723,4507.53391448413,4563.650264078103,4620.465231752715,addressable_market
4,Telematics Systems,Total,Hardware,Units,EU Europe,Slovakia,1653.1871049721078,1701.3313197735877,1650.422270329087,1576.208346218561,1585.947764149967,1595.7473621088864,1605.6075119487236,1615.5285878205707,1625.5109661874067,1635.555025838381,1645.6611479031872,1655.8297158665266,1666.0611155826584,1676.3557352900418,1686.7139656260679,1697.1361996418834,1707.622832817304,1718.174263075822,1728.7908907997057,1739.473118845192,1750.221352557774,addressable_market
4,Telematics Systems,Total,Hardware,Units,EU Europe,Slovenia,863.6297067176879,824.9351178332497,922.71828061589,972.9567644328563,1001.5221899221253,1030.9262791251501,1061.1936547042128,1092.3496622281525,1124.4203913964682,1157.4326978865445,1191.4142258423055,1226.3934310231152,1262.3996046323202,1299.4628978453825,1337.6143470581428,1376.8858998763603,1417.3104418682851,1458.9218241026756,1501.7548914953115,1545.8455119877444,1591.2306065827204,addressable_market
4,Telematics Systems,Total,Hardware,Units,EU Europe,Sweden,4800.388086714006,5008.275847532286,5001.933844806257,4676.859404115013,4703.686615204322,4730.667711453016,4757.8035755709025,4785.095095331149,4812.543163599339,4840.1486783626615,4867.912542759317,4895.835665108044,4923.918958937842,4952.163343017862,4980.569741387456,5009.139083386419,5037.872303685383,5066.7703423163985,5095.834144703695,5125.064661694603,5154.4628495906645,addressable_market
4,Telematics Systems,Total,Hardware,Units,EU Europe,Netherlands,239.7737055913753,243.3544012837922,240.61463389880146,240.61463389880146,251.88041540031182,263.6736703592061,276.0190955307167,288.94254399312985,302.4710792878127,316.6330320941232,331.4580595578866,346.9772073976819,363.2229749189981,380.2293830724067,398.03204569827756,416.6682441072318,436.1770051525151,456.59918295778556,477.97754447146644,500.3568590268261,523.7839920953368,addressable_market
1,Field Survey Technologies,Sensors,Hardware,%,EU Europe,Austria,0.0900571124689263,0.10304738184764323,0.11407375279969931,0.12631066222343598,0.1396927100922624,0.1542914932245419,0.17017578237827571,0.1874098090395176,0.20605135806260597,0.22614970065262904,0.2477434182971566,0.27085818469232253,0.2955045881151373,0.321676089495439,0.3493472199968818,0.37847212472389513,0.4089835550888098,0.4407924008238655,0.47378783373717687,0.5078381099714805,0.5427920472926069,penetration
1,Field Survey Technologies,Sensors,Hardware,%,EU Europe,Belgium,0.09863505698739371,0.10932408226266085,0.12083843965490085,0.13338963435369502,0.1470334920521152,0.16182095152021744,0.1777961872817784,0.19499456748913974,0.21344050030793588,0.23314524247584523,0.2541047639445921,0.27629778059799515,0.2996840805129211,0.32420327548524136,0.34977410615061516,0.3762944141619236,0.40364186774994215,0.431675488203294,0.46023797657659277,0.48915878605727175,0.5182578309190701,penetration
1,Field Survey Technologies,Sensors,Hardware,%,EU Europe,Bulgaria,0.06066766018310006,0.06699002941063471,0.07361112065581281,0.08077585138761288,0.08850593058900016,0.09681916976569005,0.10572844229733679,0.11524059361287324,0.1253553408660107,0.1360642113278181,0.14734957822069178,0.15918385989762532,0.17152895170427096,0.1843359581832056,0.1975452854067619,0.21108713860891176,0.22488244914518335,0.2388442282739298,0.2528793153827613,0.26689045791411037,0.28077863265272063,penetration
1,Field Survey Technologies,Sensors,Hardware,%,EU Europe,Cyprus,0.038934605563809996,0.043137987875254094,0.047717744754757416,0.05271144810305805,0.05814105564598531,0.06402643303388018,0.07038458372151259,0.07722881662554212,0.08456787538023922,0.09240506148641113,0.1007373918870438,0.1095548385867852,0.11883970278992184,0.12856617755303607,0.1387001501459564,0.14919928751244188,0.16001343524769512,0.1710853428419177,0.18235170677039303,0.1937445001909164,0.20519253585661834,penetration
1,Field Survey Technologies,Sensors,Hardware,%,EU Europe,Czechia,0.04956987380112103,0.05492805157898178,0.06079036879413619,0.06719290796522191,0.07416708386843489,0.08174226619128522,0.08994484316481732,0.09879718837532844,0.10831655352844353,0.11851392007717222,0.12939285305714635,0.14094841027308205,0.15316616801108593,0.16602142944960505,0.17947868266878933,0.1934913705855054,0.20800202465542605,0.22294279777014595,0.2382364101458313,0.2537974966110705,0.26953431667245303,penetration
1,Field Survey Technologies,Sensors,Hardware,%,EU Europe,Germany,0.06474138137344215,0.07185995096295023,0.07965512408832044,0.08819378483793805,0.09752473452533648,0.10769532276088928,0.11875031929720616,0.1307306360579466,0.14367191747625768,0.15760302886171984,0.17254448505847045,0.18850687429516408,0.20548934374531236,0.2234782226163643,0.24244586421085315,0.2623497891045445,0.2831322064129541,0.30471997859296795,0.32702507748581244,0.3499455561584553,0.3733670339900383,penetration
1,Field Survey Technologies,Sensors,Hardware,%,EU Europe,Denmark,0.12916028662273119,0.14314785240696415,0.1579931407149298,0.17417631106559475,0.19177521479902532,0.21086336695371907,0.23150782469931294,0.25376683082012713,0.2776872651994276,0.3033019682164949,0.330627021914253,0.35965909602920654,0.3903729843926192,0.42271947045981495,0.45662366645396457,0.49198396679175377,0.5286717417185866,0.566531871007491,0.6053841809177654,0.6450258023305022,0.6852344171354064,penetration
1,Field Survey Technologies,Sensors,Hardware,%,EU Europe,Spain,0.025925601217165035,0.028728507920730378,0.03167766097357674,0.0348835638104057,0.03835886997587918,0.04211482989474761,0.0461608196221842,0.05050383385192749,0.05514795761875649,0.06009383610521498,0.06533816679732261,0.07087324240533482,0.0766865758617412,0.08276063969316458,0.08907275056247638,0.09559512538748731,0.10229512803246993,0.10913571536720873,0.11607607912408828,0.12307246646412878,0.13007914878074892,penetration
1,Field Survey Technologies,Sensors,Hardware,%,EU Europe,Estonia,0.12152096024428323,0.13474762017518324,0.14863465825152222,0.1637446610763765,0.18014130990115426,0.19788240845380883,0.21701771362391434,0.23758657736765637,0.25961545930190333,0.28311539216272946,0.30807950500700804,0.33448072953299673,0.3622698305534683,0.3913739096473981,0.42169552867856436,0.4531125851314005,0.48547904305489237,0.51862658224223,0.5523671761969954,0.5864965502026543,0.620798409559812,penetration
1,Field Survey Technologies,Sensors,Hardware,%,EU Europe,Finland,0.13167724523300095,0.15080972679336477,0.16709255051610908,0.18517840491345658,0.20497601117025221,0.22659495929102183,0.25014106016270454,0.27571380779034543,0.3034035424083043,0.33328836350986973,0.3654308659595877,0.3998747971367206,0.4366417565112827,0.47572807883573864,0.517102055784975,0.5607016561137693,0.6064328994577475,0.6541690228361688,0.7037505518198331,0.7549863514198555,0.8076556872738958,penetration
1,Field Survey Technologies,Sensors,Hardware,%,EU Europe,France,0.049569185269328304,0.05470000869512044,0.06022146696508229,0.06621606067663603,0.07270670408887066,0.0797137570959155,0.08725417668613059,0.09534060256409048,0.10398040170542588,0.11317470531783017,0.12291748022988434,0.13319468424705697,0.14398356047287458,0.15525212791026788,0.16695892383776986,0.17905304675852837,0.1914745368381795,0.20415511394570962,0.21701927260697282,0.22998570992633852,0.24296903888971794,penetration
1,Field Survey Technologies,Sensors,Hardware,%,EU Europe,Greece,0.039909244299370566,0.044212722850504704,0.048731738021595826,0.05363910857049707,0.05895275836800189,0.06468821066025228,0.07085785320960444,0.07747015722421892,0.08452887524350852,0.0920322508852795,0.09997228060485039,0.10833407347066913,0.1170953584149055,0.1262261884637016,0.13568888724313197,0.14543827408680932,0.15542219034421703,0.16558233164344988,0.1758553702032314,0.1861743297051791,0.19647015499253748,penetration
1,Field Survey Technologies,Sensors,Hardware,%,EU Europe,Croatia,0.022623948279568016,0.025002131602092456,0.02758918928743244,0.030398613998919702,0.033440002966422105,0.03672138163523066,0.040248767165671655,0.044025713758985334,0.04805285749007444,0.052327482799577954,0.05684313661842437,0.06158931865790673,0.0665512770612796,0.07170993681119761,0.07704198363693536,0.082520118582479,0.08811348818945572,0.09378828315562233,0.09950848547959501,0.10523673189192542,0.1109352512669651,penetration
1,Field Survey Technologies,Sensors,Hardware,%,EU Europe,Hungary,0.027586029259762886,0.030582324386631752,0.03373189227132749,0.037154885792179244,0.04086430193431404,0.044871508253741206,0.04918572697960292,0.05381348484993261,0.058758046011713846,0.0640188507972291,0.06959098836024491,0.07546473539107829,0.08162519571822534,0.08805207583153542,0.09471962861988671,0.10159679153013705,0.10864753590362326,0.11583143185457276,0.12310441861460329,0.13041975508771145,0.13772911102316576,penetration
1,Field Survey Technologies,Sensors,Hardware,%,EU Europe,Ireland,0.07175216050787528,0.07915696915798613,0.08675398632755865,0.09495936388361319,0.10379711000732947,0.11328709234478303,0.12344392545825121,0.1342757968838103,0.1457832689506716,0.15795810436470706,0.17078217372331506,0.18422651142032936,0.19825059147672736,0.21280189534835947,0.22781583855755622,0.2432161113241566,0.2589154701113403,0.2748169928168027,0.2908157817430904,0.30680106776448557,0.3226586391312541,penetration
1,Field Survey Technologies,Sensors,Hardware,%,EU Europe,Italy,0.0512886045367276,0.056528744316844855,0.06216545927646953,0.06827420620165554,0.07487578504642847,0.08198802164437258,0.08962489084257245,0.09779558477033798,0.10650355528066184,0.11574556857361525,0.1255108184931923,0.13578015198691692,0.14652546459884533,0.15770932448605704,0.16928487931585323,0.18119609087486646,0.19337832720044715,0.20575932210970752,0.21826048847069662,0.23079854642442454,0.24328740349428388,penetration
1,Field Survey Technologies,Sensors,Hardware,%,EU Europe,Lithuania,0.04611253890559714,0.05107105524797961,0.05630468895259821,0.06199290680588642,0.06815797110412714,0.07481963692734697,0.08199431709357487,0.08969418444739426,0.09792623718919216,0.10669136174809007,0.11598343623930318,0.1257885248943664,0.13608421892671146,0.14683918096990553,0.1580129474901872,0.16955603571791897,0.18141038844102533,0.19351017187154315,0.20578291985689262,0.21815099375188307,0.23053330359041468,penetration
1,Field Survey Technologies,Sensors,Hardware,%,EU Europe,Luxembourg,0.045288750433953036,0.05017230985788474,0.05545243902925011,0.06120434043468429,0.0674522931874997,0.07421806807415308,0.08152004591359704,0.08937226836167493,0.09778344911239,0.10675598305247716,0.11628500018525563,0.12635751899654166,0.13695175916650407,0.14803667488048258,0.15957176635444983,0.17150721783216671,0.18378439508092162,0.19633671490974253,0.2090908748702993,0.22196840522870168,0.2348874801843759,penetration
1,Field Survey Technologies,Sensors,Hardware,%,EU Europe,Latvia,0.030380035220389262,0.03364849915975923,0.03717496568828186,0.041018854618361925,0.04519762246847031,0.049727354413040104,0.05462220701617079,0.05989379814321568,0.0655505585102971,0.07159706526038047,0.07803338396539425,0.08485445098877221,0.0920495325243202,0.09960179911756517,0.10748805436507897,0.11567865320577717,0.12413763845468266,0.1328231140365036,0.14168786023621427,0.15068018111638778,0.15974495834807845,penetration
1,Field Survey Technologies,Sensors,Hardware,%,EU Europe,Malta,0.0,0.0,0.0,0.0,0.0,0.0,0.0,0.0,0.0,0.0,0.0,0.0,0.0,0.0,0.0,0.0,0.0,0.0,0.0,0.0,0.0,penetration
1,Field Survey Technologies,Sensors,Hardware,%,EU Europe,Poland,0.04087721537659093,0.045249795958463665,0.049980958618220855,0.055134094036609446,0.06073137588130419,0.06679289796430123,0.07333590700349203,0.08037397066285103,0.08791610315233789,0.0959658789231953,0.10452057315287142,0.1135703749324099,0.12309772434864366,0.13307682693613848,0.14347339728400124,0.15424467719850937,0.1653397624524,0.1767002560807868,0.18826124635246091,0.1999525855275269,0.21170042337703532,penetration
1,Field Survey Technologies,Sensors,Hardware,%,EU Europe,Portugal,0.07745352085616992,0.08584711505458807,0.09499293569354592,0.1049746943477521,0.11583909197728504,0.12762917420368752,0.14038282842035762,0.15413114080880957,0.16889665440836552,0.1846915858753079,0.20151607513197214,0.21935655711573637,0.23818435632880156,0.2579546107465149,0.2786056298678018,0.30005878074418146,0.322218974971432,0.34497579925120014,0.3682052939003621,0.3917723405509388,0.41553357622180254,penetration
1,Field Survey Technologies,Sensors,Hardware,%,EU Europe,Romania,0.05726976562825415,0.06344525735545675,0.06991568988075189,0.07694052462080199,0.08454512427669614,0.09275138851598541,0.1015767040751462,0.11103282992572547,0.12112475366137848,0.1318495662905271,0.14319541291851254,0.15514058509230055,0.16765282541794807,0.18068891501106468,0.19419460820109344,0.20810496596894193,0.22234511987507294,0.23683147265837387,0.251473312133344,0.2661747841923559,0.2808371418701192,penetration
1,Field Survey Technologies,Sensors,Hardware,%,EU Europe,Slovakia,0.057472609657146095,0.06370088382278388,0.07047594023341139,0.07786889359128137,0.08591408040556753,0.09464310428717655,0.1040837238637665,0.11425863792116148,0.12518419838610945,0.13686909394490987,0.1493130593105767,0.16250567619956052,0.17642534050507974,0.19103847439528035,0.20629906064881517,0.22214856833563096,0.23851632342558976,0.2553203553558129,0.27246872225771346,0.28986128562646607,0.3073918726584473,penetration
1,Field Survey Technologies,Sensors,Hardware,%,EU Europe,Slovenia,0.08598278071112939,0.09545775018754116,0.10566337578528652,0.11680608656617522,0.12893881729133508,0.14211050399942757,0.1563644031629819,0.17173625132576806,0.18825231070860543,0.205927364779587,0.22476274643449956,0.24474449840489246,0.2658417786074223,0.2880056299935199,0.31116823280137934,0.3352427452011739,0.3601238153058062,0.3856888137815967,0.4117997936693541,0.4383061357834417,0.4650477886289645,penetration
1,Field Survey Technologies,Sensors,Hardware,%,EU Europe,Sweden,0.09275429739307446,0.10643225310942278,0.12155830576573727,0.13822315183214234,0.15655065937002824,0.17666806785540262,0.19524246891184846,0.21546078211008854,0.2374066536737437,0.2611561836246477,0.2867755104059331,0.3143182925222067,0.34382316568311916,0.37531126800109865,0.40878393594624657,0.44422067853159963,0.4815775355007913,0.520785916614545,0.5617520036986972,0.6043567758815661,0.6484566930020539,penetration
1,Field Survey Technologies,Sensors,Hardware,%,EU Europe,Netherlands,0.10863737542574552,0.12027757291440987,0.13317102638405784,0.1472761078588841,0.16266996882842844,0.17942697608024627,0.19761684932401283,0.2173025627427758,0.2385380425264519,0.26136571138061915,0.2858139513188054,0.31189457630395706,0.3396004246625067,0.36890319553051787,0.39975166171402476,0.432070391269521,0.4657591003640174,0.5006927398868183,0.5367223881990769,0.5736769837620879,0.6113658866517654,penetration
1,Field Survey Technologies,GIS software,Software,%,EU Europe,Austria,0.22622766518539816,0.24256230599817374,0.25973442462384283,0.27770210074848595,0.2964436742502562,0.31592892541107237,0.33611879418163965,0.35696528128296034,0.37841155494522394,0.4003922806870975,0.422834183270702,0.4456568401805617,0.46877369520820844,0.49209326967571904,0.5155205383012277,0.5389584275230002,0.5623093870192104,0.5854769808013484,0.6083674430096028,0.6308911455155114,0.6529639294700533,penetration
1,Field Survey Technologies,GIS software,Software,%,EU Europe,Belgium,0.147438588899943,0.1582298593077531,0.16930469726394567,0.18088103035877443,0.1929436144872764,0.2054716826072364,0.21843878307488887,0.23181273683866574,0.24555572831404868,0.2596245405233004,0.27397093966128716,0.28854220787876317,0.30328181611372135,0.3181302217054462,0.3330257688127045,0.347905663857324,0.3627069938128753,0.37736775254021454,0.39182783977479013,0.40602999885502594,0.4199206627214831,penetration
1,Field Survey Technologies,GIS software,Software,%,EU Europe,Bulgaria,0.13804577384414957,0.1476631479003675,0.15715232934895473,0.16699847581712113,0.17718095922134092,0.18767447340351184,0.19844901797876302,0.20946999247973563,0.2206984100532975,0.2320912356763317,0.24360184870753016,0.25518062384317725,0.2667756185503935,0.27833334923246705,0.28979963318907,0.3011204693045882,0.312242927700483,0.3231160175824216,0.333691503315919,0.3439246413309571,0.3537748145846772,penetration
1,Field Survey Technologies,GIS software,Software,%,EU Europe,Cyprus,0.08080764217401684,0.08673213924203066,0.09292300918537634,0.09940538747728841,0.10617198835632748,0.11321244232276038,0.12051318708837708,0.1280574234147687,0.13582514463165096,0.14379324636699406,0.1519357200778101,0.1602239304668004,0.1686269729967823,0.17711210372108016,0.18564522982135032,0.19419144588305526,0.2027155983207456,0.21118285871575118,0.219559286293665,0.22781236039645925,0.23591146553890574,penetration
1,Field Survey Technologies,GIS software,Software,%,EU Europe,Czechia,0.15748206605033196,0.1688942442796916,0.18085998416707258,0.19338090016523557,0.2064419903953845,0.22002228885133387,0.23409466840599377,0.24862577040856138,0.26357607749427553,0.2789001417785978,0.2945469748531626,0.310460599185389,0.3265807530227006,0.3428437332016978,0.35918335291962217,0.37553198511551167,0.3918216571638213,0.4079851595320619,0.4239571301684407,0.4396750777481496,0.45508031040003266,penetration
1,Field Survey Technologies,GIS software,Software,%,EU Europe,Germany,0.2131905237329269,0.22879428532037632,0.2451198593959301,0.2622136373927511,0.28005634875371443,0.2986205906929545,0.3178705414858118,0.337761844946563,0.3582416892546612,0.3792490973258054,0.4007154381593844,0.4225651593518072,0.44471673075026213,0.4670837786908978,0.4895763801775038,0.512102477498366,0.5345693668822447,0.556885210453009,0.5789605193403735,0.600709557468181,0.6220516201252798,penetration
1,Field Survey Technologies,GIS software,Software,%,EU Europe,Denmark,0.2398537495326737,0.2570245870625005,0.27417925357396494,0.29203705454883966,0.31056656633623314,0.3297278432363609,0.34947229092913307,0.3697427329830303,0.3904736899445732,0.41159188326474166,0.4330169673955977,0.45466248321386143,0.47643701509985137,0.49824552325772953,0.5199908130170764,0.5415750947091638,0.5629015819701652,0.5838760735139724,0.604408463819188,0.6244141317846084,0.6438151629355947,penetration
1,Field Survey Technologies,GIS software,Software,%,EU Europe,Spain,0.12424698217277742,0.13331002773241102,0.1422964783184007,0.1516592608917497,0.16138274175949005,0.17144681609748785,0.18182682818306303,0.19249359187502652,0.2034135219389352,0.2145488830912438,0.22585815901497494,0.23729653829821334,0.24881650857512977,0.26036854449065755,0.2719018698884481,0.283365270260163,0.2947079283677394,0.3058802543423802,0.31683468163094153,0.3275264019107142,0.33791401538589605,penetration
1,Field Survey Technologies,GIS software,Software,%,EU Europe,Estonia,0.2549665017274883,0.273627915171576,0.2920427581423719,0.31122604325848996,0.33114545032371745,0.35175949910009097,0.37301739044509713,0.3948590531857091,0.41721541831594117,0.44000893444889055,0.46315432896641123,0.4865596084358107,0.510127280240256,0.5337557657844618,0.5573409649589369,0.580777922640287,0.6039625416389331,0.6267932832571548,0.6491727968065588,0.6710094230689342,0.6922185234746627,penetration
1,Field Survey Technologies,GIS software,Software,%,EU Europe,Finland,0.28564819838126015,0.30655525516493476,0.3285442981264569,0.3515786979836664,0.37563369614893205,0.4006735872380176,0.4266513151335875,0.45350829807278764,0.4811745144290142,0.5095688729318547,0.538599880698129,0.5681666100568652,0.5981599514132804,0.6284641251912129,0.6589584122389519,0.6895190500415336,0.7200212326451865,0.7503411461757604,0.780357969752248,0.8099557736436165,0.8390252525090247,penetration
1,Field Survey Technologies,GIS software,Software,%,EU Europe,France,0.148670759482156,0.1587846586431544,0.1691451422295656,0.17990944735465209,0.19105648372539974,0.20256003907135553,0.2143887377831168,0.22650611833238465,0.2388708402400265,0.251437026806135,0.2641547442958973,0.27697061206051543,0.28982853153959326,0.302670515693493,0.31543759464161486,0.3280707686134368,0.34051197616576123,0.3527050442788949,0.3645965875601791,0.37613682632592743,0.38728029760120974,penetration
1,Field Survey Technologies,GIS software,Software,%,EU Europe,Greece,0.12747632887228635,0.13680652896250375,0.14604767392142282,0.15567752367576318,0.16568017943859417,0.17603514332213777,0.1867172334365312,0.19769660188055124,0.20893886660368743,0.22040536430454571,0.23205352679015565,0.24383737777577486,0.25570814127289554,0.2676149468878193,0.27950561197032514,0.29132747604691017,0.3030282597327975,0.3145569186344511,0.32586446279246656,0.33690471398451033,0.347634976566201,penetration
1,Field Survey Technologies,GIS software,Software,%,EU Europe,Croatia,0.10133910568317285,0.10861624621513113,0.11623428177882295,0.12419872384748612,0.1324992443962318,0.14112171650608918,0.15004810074142447,0.15925641309199368,0.16872078474197832,0.17841162102624267,0.18829586321515007,0.1983373523946888,0.20849728992248698,0.21873478405533037,0.22900746771607863,0.2392721683624503,0.24948560787189233,0.25960510853177937,0.26958928078757793,0.27939866939666114,0.288996336977866,penetration
1,Field Survey Technologies,GIS software,Software,%,EU Europe,Hungary,0.13480085540786557,0.1447696301256825,0.1546574553367669,0.1649710375102467,0.17569440126239097,0.18680664446240133,0.19828183081460227,0.21008899136511808,0.22219224714659458,0.2345510611825737,0.24712062306953902,0.2598523635683815,0.27269459040144306,0.28559323018324045,0.29849265557793564,0.31133657184296587,0.32406893330630654,0.3366348583576384,0.3489815113972174,0.36105892190527095,0.3728207142287406,penetration
1,Field Survey Technologies,GIS software,Software,%,EU Europe,Ireland,0.21288603934025913,0.22730486024746566,0.24104385210938536,0.2552271356166318,0.2698180535058666,0.28477334976401253,0.30004326760888944,0.315571812384871,0.3312971890778751,0.347152417424035,0.3630661197912122,0.3789634685801755,0.3947672713709669,0.4103991640559183,0.4257808753996937,0.44083552144518495,0.45548888541983606,0.46967063858860014,0.48331545992547564,0.49636401737836783,0.5087637805041144,penetration
1,Field Survey Technologies,GIS software,Software,%,EU Europe,Italy,0.12251006220616353,0.1307413459910992,0.13918231537182318,0.14794442771345614,0.1570097198331377,0.16635606751446463,0.17595716503792516,0.18578260224229728,0.19579804750244403,0.2059655412354275,0.21624390000290256,0.22658922619198305,0.23695551294029335,0.2472953287955691,0.25756056196559823,0.2677032003072225,0.2776761207538581,0.2874338609235151,0.2969333462910906,0.30613454851551497,0.31500105411041,penetration
1,Field Survey Technologies,GIS software,Software,%,EU Europe,Lithuania,0.21467460047333142,0.2302126562783975,0.2456915528450645,0.2618151084378239,0.278556024125099,0.2958793023650008,0.3137421156046472,0.3320938479590046,0.3508763280537942,0.37002426467060934,0.38946588884871086,0.4091237969530646,0.4289159794483036,0.44875701038508714,0.468559363639526,0.48823481447527106,0.5076958796655133,0.5268572467031563,0.5456371428067116,0.5639585975071398,0.58175055832875,penetration
1,Field Survey Technologies,GIS software,Software,%,EU Europe,Luxembourg,0.19991673954719422,0.2145489712553095,0.2296710072181192,0.24548748895999956,0.2619786641876467,0.279117241014795,0.2968681510026553,0.3151884731794624,0.33402753972076,0.3533272382776711,0.3730225186113096,0.3930421025416434,0.4133093867282276,0.43374351808580686,0.45426061240546245,0.4747750787276487,0.49520100586580457,0.5154535637426848,0.5354503712118457,0.5551127838887454,0.5743670600513161,penetration
1,Field Survey Technologies,GIS software,Software,%,EU Europe,Latvia,0.17526587018271597,0.1878806887100837,0.20084178687537105,0.2143726910799695,0.22845370943255006,0.24305868780298207,0.2581548493216265,0.2737027752068125,0.28965654347848546,0.3059640369920016,0.3225674257517071,0.3394038209297588,0.3564060898506422,0.3735038129472802,0.3906243559592272,0.4076940240440395,0.4246392595676768,0.4413878425632802,0.45787005245763424,0.4740197517089721,0.489775356309484,penetration
1,Field Survey Technologies,GIS software,Software,%,EU Europe,Malta,0.0,0.0,0.0,0.0,0.0,0.0,0.0,0.0,0.0,0.0,0.0,0.0,0.0,0.0,0.0,0.0,0.0,0.0,0.0,0.0,0.0,penetration
1,Field Survey Technologies,GIS software,Software,%,EU Europe,Poland,0.1696988157648532,0.18188918179196,0.19448500516848355,0.20763895106796354,0.2213323529402358,0.23554026323270877,0.2502312900658163,0.26536757069627653,0.28090489806271773,0.29679301176978434,0.31297605860720507,0.3293932203981375,0.34597949904031494,0.36266664056813713,0.3793841725148405,0.3960605223916953,0.4126241802709145,0.42900486568702173,0.44513465861350426,0.4609490561799778,0.4763879209112645,penetration
1,Field Survey Technologies,GIS software,Software,%,EU Europe,Portugal,0.11410123013371427,0.12245248496749653,0.13116697547201972,0.14028939945816865,0.149809232468839,0.15971160800879108,0.16997716805347857,0.18058200524206947,0.19149770902237148,0.20269152481031744,0.21412663106462926,0.22576253423257095,0.23755557606609984,0.24945954219122835,0.2614263554421594,0.2734068327654682,0.2853514808479064,0.29721130333930396,0.3089385918320277,0.3204876736854041,0.33181559226639923,penetration
1,Field Survey Technologies,GIS software,Software,%,EU Europe,Romania,0.15778082160164952,0.16932905686199465,0.1807299609220474,0.1926070901229234,0.2049404835303289,0.2177045087221067,0.2308677626407204,0.24439309976677273,0.25823780100066546,0.2723538919039351,0.2866886130809278,0.30118503875115665,0.31578283236699334,0.3304191209570357,0.345029463260685,0.3595488812002629,0.37391292028863754,0.38805870255115726,0.4019259356474939,0.4154578441210887,0.4286019929002776,penetration
1,Field Survey Technologies,GIS software,Software,%,EU Europe,Slovakia,0.19018817349058073,0.20410835560719862,0.21859866308927908,0.2337640211894961,0.24958656747122335,0.2660412181437735,0.2830954249253905,0.300709084819318,0.31883462305527027,0.3374172640869387,0.35639549858943126,0.3757017461614241,0.39526320435792855,0.4150028653479041,0.4348406725807847,0.4546947820546698,0.47448288675255723,0.4941235590724067,0.513537564954949,0.5326491050135669,0.5513869421542564,penetration
1,Field Survey Technologies,GIS software,Software,%,EU Europe,Slovenia,0.18544520586880942,0.19934624266576603,0.21360560222994382,0.22853918441986196,0.2441305214711071,0.26035604451778877,0.27718482775813297,0.2945784816722245,0.3124912156661606,0.33087008533994805,0.34965543282093353,0.3687815205497807,0.38817734999008474,0.40776764752813244,0.42747399099761557,0.4472160424931273,0.466912847067224,0.48648415306014087,0.5058517085280748,0.5249404896302688,0.5436798207833294,penetration
1,Field Survey Technologies,GIS software,Software,%,EU Europe,Sweden,0.299421902489999,0.32133707910623277,0.3444665405198501,0.3687030203393344,0.3940213169577519,0.420384719631654,0.44774457119931926,0.4760400706006365,0.5051983488409928,0.535134843779994,0.5657539882787405,0.5969502132482062,0.6286092527065731,0.6606097229966758,0.6928249339061475,0.7251248766900944,0.7573783239663727,0.7894549699943741,0.8212275375252903,0.8525737794292141,0.8833783094794461,penetration
1,Field Survey Technologies,GIS software,Software,%,EU Europe,Netherlands,0.2264938461018828,0.24245666039922142,0.2594572042589786,0.2772303666927002,0.29575305258531465,0.31499368908488246,0.33491197275797496,0.3554587988239405,0.37657639535012466,0.39819867880956505,0.4202518391002072,0.4426551523601837,0.465322009232219,0.48816113532997385,0.5110779703347869,0.5339761632173199,0.5567591342821843,0.5793316506681426,0.6016013609698752,0.6234802368755897,0.6448858749492824,penetration
2,Remote Sensing Technologies,Drones,Hardware,%,EU Europe,Austria,0.06608886504864293,0.07398685962914642,0.08273101455631696,0.09237530323448427,0.1029802275101353,0.11460273650714307,0.12729413911281764,0.14109774470216574,0.15604628696676706,0.17215921818612945,0.18943999609673717,0.2078735192270678,0.22742389455052267,0.2480327381421922,0.26961820971631123,0.2920749609311224,0.31527513278185554,0.3390704700995741,0.3632955358750637,0.38777191342030454,0.4123131917482058,penetration
2,Remote Sensing Technologies,Drones,Hardware,%,EU Europe,Belgium,0.035283665322711856,0.0395058072645974,0.044103502037118374,0.049160767202911786,0.05470553422505981,0.060763198926950555,0.06735549044578838,0.07449922330359621,0.08220497128750219,0.09047571929275273,0.09930556687467133,0.10867857277673365,0.11856784042574854,0.12893494737884847,0.13972981432874668,0.15089108980140997,0.1623470949494171,0.1740173307209196,0.18581450118710646,0.19764695774866436,0.2094214260460654,penetration
2,Remote Sensing Technologies,Drones,Hardware,%,EU Europe,Bulgaria,0.0399100113413581,0.04455312714287225,0.049489163916236124,0.05488964692670399,0.06077903721450653,0.06717860780105997,0.07410528677824653,0.08157040122192298,0.0895783649327083,0.09812537008710095,0.10719815966415094,0.1167729717676848,0.1268147559938924,0.1372767629580318,0.14810059850590218,0.15921681247864214,0.17054605823694677,0.18200081556616327,0.19348762026865038,0.20490969461742556,0.2161698306552928,penetration
2,Remote Sensing Technologies,Drones,Hardware,%,EU Europe,Cyprus,0.02369162742436168,0.026529709107536062,0.029655637529885624,0.03309904643224588,0.036879984951203815,0.041016891384484035,0.04552581794128544,0.05041957040030415,0.055706788150270935,0.061391002204291716,0.06746972112464018,0.07393360587230924,0.08076580253180639,0.08794150461436152,0.0954278123398788,0.10318394367032745,0.11116183069460839,0.11930710641686185,0.12756045374157962,0.1358592544133704,0.14413944548280147,penetration
2,Remote Sensing Technologies,Drones,Hardware,%,EU Europe,Czechia,0.07641590951137063,0.08554713356850545,0.09563514836989019,0.10675542880989423,0.11897572494499421,0.13235927151024365,0.1469623442251982,0.16283151586368896,0.1800006820326404,0.1984879647705055,0.2182926423261958,0.2393922915330361,0.2617403594399399,0.2852643968812447,0.30986518214504327,0.33541693290380936,0.3617687469615318,0.3887473290373917,0.4161609583191079,0.44380454086158,0.47146548610956435,penetration
2,Remote Sensing Technologies,Drones,Hardware,%,EU Europe,Germany,0.07963710419009914,0.08921351805262026,0.09978113201283813,0.11143626494779828,0.12425120945678753,0.13829367589786853,0.15362422690514868,0.17029339063493926,0.18833852487266065,0.20778054435987617,0.22862066628286137,0.25083736932510814,0.2743837941353517,0.29918583072587007,0.32514113449895293,0.35211928202137577,0.3799632179540217,0.408492057543653,0.4375052015765039,0.46678760413346887,0.49611592259717363,penetration
2,Remote Sensing Technologies,Drones,Hardware,%,EU Europe,Denmark,0.06272901471327753,0.07015100097721541,0.07810279567337078,0.08682560203473737,0.09636343451007721,0.10675563316031579,0.1180349674166178,0.13022555588537005,0.1433406680957966,0.1573805026456881,0.17233006486018096,0.1881572922533105,0.2048115933449417,0.22222296996787994,0.24030188078771678,0.2589399715012861,0.2780117447256552,0.2973771728663486,0.3168851767058946,0.3363778105084017,0.35569492215063625,penetration
2,Remote Sensing Technologies,Drones,Hardware,%,EU Europe,Spain,0.01780510727396256,0.019936954260162572,0.02221073514152438,0.02470674713530612,0.0274379367682214,0.030415950633341828,0.033650590677148755,0.03714921497513646,0.04091610257159096,0.04495180921003905,0.04925254910638568,0.05380964529219298,0.05860909620791175,0.06363130777563913,0.06885103686955878,0.07423758308212182,0.07975525081839713,0.08536408384397738,0.09102085128332221,0.09668024040502218,0.10229619051545903,penetration
2,Remote Sensing Technologies,Drones,Hardware,%,EU Europe,Estonia,0.08359357838179744,0.09364576085345387,0.10434186556089103,0.1160885620346482,0.12894847878765264,0.14297846577443737,0.15822705186838673,0.17473163161925717,0.1925154629726137,0.21158459623942447,0.23192489424290882,0.2534993396533287,0.27624585222724546,0.30007584953218014,0.3248737736533581,0.35049776891188195,0.37678163042413654,0.4035380532978542,0.4305631050447316,0.45764173133067265,0.4845540021299072,penetration
2,Remote Sensing Technologies,Drones,Hardware,%,EU Europe,Finland,0.08917579952406247,0.09994622208553143,0.11188267997846808,0.12506746510136613,0.13958810157857904,0.15552801248732667,0.17296369700325429,0.19196150911596369,0.21257410357089213,0.234836658759823,0.2587630345271838,0.28434207090580077,0.3115342755884151,0.34026917617144203,0.3704436201998474,0.4019212850785928,0.43453360683236975,0.4680822514309773,0.5023431400779339,0.5370719109828017,0.5720105695876885,penetration
2,Remote Sensing Technologies,Drones,Hardware,%,EU Europe,France,0.02783690070204888,0.031034288270027896,0.03451256317131389,0.03832419125834095,0.04248784853319481,0.04702015967037387,0.05193488247351358,0.057242013154851966,0.06294684027325936,0.06904898734636039,0.07554149645398686,0.08241001607817228,0.08963216411424549,0.09717713940545426,0.10500565042588976,0.11307021656955694,0.1213158756256869,0.12968130153236876,0.13810030200693474,0.14650363007492073,0.1548210115663589,penetration
2,Remote Sensing Technologies,Drones,Hardware,%,EU Europe,Greece,0.010009033521844523,0.011210027244978233,0.012490139127396929,0.013895571084340565,0.015433654287742227,0.017110992412215194,0.018933154683597624,0.020904338013833478,0.02302700864825181,0.025301538406248696,0.027725855298785726,0.030295132479119802,0.03300154240928439,0.035834104025550484,0.038778648849901565,0.04181792694050453,0.044931865220965664,0.04809797952461728,0.051291928658058865,0.054488185441129516,0.05766078780893518,penetration
2,Remote Sensing Technologies,Drones,Hardware,%,EU Europe,Croatia,0.05622667873470486,0.06290687086333038,0.07027841604746483,0.07839822068136447,0.08731450665850558,0.09707205440425201,0.10771042306422852,0.11926195789851073,0.13174963708189952,0.14518483775239927,0.1595651301500324,0.17487223590912046,0.19107030792555266,0.2081047000694317,0.22590139082016966,0.24436720217081093,0.26339091244672336,0.2828453005181139,0.30259008415780636,0.322475635076359,0.3423472776823179,penetration
2,Remote Sensing Technologies,Drones,Hardware,%,EU Europe,Hungary,0.023972842236024115,0.026868386819837147,0.029957652251585667,0.03335204549825849,0.03706981488909228,0.04112751063518814,0.04553924046460783,0.05031584771877471,0.05546403664861712,0.060985481009276775,0.06687596359860495,0.07312460472571287,0.0797132449897402,0.08661605029304319,0.09379940295185754,0.10122213089044779,0.10883610696000195,0.11658722344240152,0.12441671521112298,0.13226277246878876,0.14006235480650708,penetration
2,Remote Sensing Technologies,Drones,Hardware,%,EU Europe,Ireland,0.04726347162577002,0.052665281081841854,0.05828872171872482,0.06441591386610811,0.07106979407720643,0.07826921983055429,0.08602769887124954,0.09435203233108391,0.10324092361260673,0.1126836231137915,0.12265869600731424,0.13313301396205107,0.14406107896615677,0.15538478530101268,0.16703371176508236,0.1789260091868526,0.1909699086476387,0.20306582643931195,0.21510898762180106,0.22699243783988957,0.23861027019633063,penetration
2,Remote Sensing Technologies,Drones,Hardware,%,EU Europe,Italy,0.022504509898106307,0.025063862469169675,0.027847864148543088,0.030894722652890453,0.03421842006557719,0.03783116096768883,0.041742719400826835,0.04595972902814524,0.05048494057302166,0.05531648026613262,0.06044715253688058,0.06586383829055345,0.07154704529850667,0.07747066789069271,0.08360200786870264,0.08990209648476061,0.09632633847555443,0.10282547465273748,0.10934683177693721,0.1158358006971294,0.12223745982704036,penetration
2,Remote Sensing Technologies,Drones,Hardware,%,EU Europe,Lithuania,0.04063563090851568,0.045487646730822756,0.050680271600960974,0.05638255566767286,0.06262482685138852,0.06943459983635822,0.07683534222603895,0.08484510967052822,0.09347508967913369,0.10272811255708089,0.11259720712271198,0.12306429634296931,0.13409914094504294,0.14565864428592085,0.15768662632931155,0.17011415634490998,0.18286050226086414,0.19583471088038795,0.2089377811387738,0.22206533802508774,0.2351106648320561,penetration
2,Remote Sensing Technologies,Drones,Hardware,%,EU Europe,Luxembourg,0.02675342492447514,0.029954814474840344,0.03345630251306171,0.03730978025851278,0.04153693775793861,0.046157578264265975,0.051188754292259046,0.05664381243334068,0.06253137607234449,0.06885430854519936,0.07560871282770501,0.08278303587417907,0.09035735414684662,0.09830291943958172,0.10658203876090606,0.11514834745055841,0.12394751069348503,0.132918356547061,0.14199440654615805,0.15110573231424027,0.16018103353390103,penetration
2,Remote Sensing Technologies,Drones,Hardware,%,EU Europe,Latvia,0.08219762824473094,0.09200104862833448,0.10270043085873687,0.11447892019531236,0.1274058079377277,0.14154551053315345,0.15695503479453052,0.17368113449338324,0.19175722955187904,0.21120019795671702,0.23200719168975953,0.2541526671553245,0.27758585216472736,0.3022288890336638,0.3279758903087961,0.3546931148999974,0.3822204154852331,0.4103740244707583,0.4389506417167028,0.4677326733922948,0.49649436171163364,penetration
2,Remote Sensing Technologies,Drones,Hardware,%,EU Europe,Malta,0.0,0.0,0.0,0.0,0.0,0.0,0.0,0.0,0.0,0.0,0.0,0.0,0.0,0.0,0.0,0.0,0.0,0.0,0.0,0.0,0.0,penetration
2,Remote Sensing Technologies,Drones,Hardware,%,EU Europe,Poland,0.030493607728684695,0.034117311193675164,0.03808364297702273,0.04244851806099421,0.047237025008513206,0.052472307247142205,0.05817460967753849,0.06436021520875669,0.0710403000197157,0.07821975104960978,0.08589600454420714,0.09405797873686107,0.10268518473645821,0.11174710496074305,0.12120292560770417,0.1310016968935661,0.1410829714174043,0.15137793793448798,0.16181102773558298,0.17230192810912506,0.18276789749004801,penetration
2,Remote Sensing Technologies,Drones,Hardware,%,EU Europe,Portugal,0.024737814200895734,0.027706128725418246,0.030974587890821973,0.03457671597524957,0.038534097462624615,0.04286676436528234,0.04759239598547689,0.05272542471998243,0.05827607225593813,0.06424935301508328,0.07064409470458329,0.07745203786125372,0.08465708545212318,0.09223477781148798,0.10015206544284352,0.10836744100898961,0.1168314716791819,0.1254877447722175,0.13427420574095894,0.14312483178528632,0.15197155143030922,penetration
2,Remote Sensing Technologies,Drones,Hardware,%,EU Europe,Romania,0.0294767322672753,0.033013674206197545,0.03677606971826357,0.040905836986364,0.04542432641089182,0.05035073003882984,0.05570118072132287,0.06148776145301491,0.06771745568380136,0.07439108302955798,0.08150227855861968,0.08903658599960364,0.09697074369858445,0.10527224467012032,0.11389924655962137,0.12280089236819344,0.13191807816612838,0.14118467107485377,0.1505291425454805,0.15987654285673106,0.16915070805041543,penetration
2,Remote Sensing Technologies,Drones,Hardware,%,EU Europe,Slovakia,0.056940838893934385,0.06378801201095047,0.0713198169603542,0.0796235858337949,0.08875017155991911,0.09874708598355751,0.10965667420935012,0.1215140634029381,0.13434493803979927,0.1481632221374121,0.16296877914347968,0.1787452686866854,0.19545832213581693,0.21305421105349384,0.23145917944254263,0.2505795884596948,0.2703029793885607,0.29050009850522546,0.31102785092078344,0.33173306773502587,0.3524568923653537,penetration
2,Remote Sensing Technologies,Drones,Hardware,%,EU Europe,Slovenia,0.04237974789372448,0.047554184971830754,0.053195851129424696,0.05941924658121802,0.06626321090946921,0.07376416498381395,0.08195474034454675,0.09086223581909622,0.10050693966721931,0.11090037707180248,0.12204356560215637,0.13392538298787254,0.1465211690061645,0.1597916928791166,0.17368261571070293,0.18812456132645336,0.2030338771195229,0.21831412011731058,0.23385824606293518,0.24955141696156638,0.2652742831372358,penetration
2,Remote Sensing Technologies,Drones,Hardware,%,EU Europe,Sweden,0.07886754251504353,0.08843012565921433,0.09906059840764461,0.11081770179922043,0.12378393003405946,0.1380390098607519,0.15365746639058903,0.1707058109685415,0.18923939693948377,0.20929902664419106,0.23090743516192283,0.2540658198552131,0.2787506248459581,0.3049108201010988,0.33246592916449413,0.36130505147522995,0.3912870900914081,0.42224233196237626,0.4539754382506385,0.4862697937656242,0.5188930486485328,penetration
2,Remote Sensing Technologies,Drones,Hardware,%,EU Europe,Netherlands,0.06822186988119726,0.07617392973183787,0.08502632571159364,0.09475930637660018,0.10542522239551863,0.11707126850404638,0.1297372931314978,0.14345339607057084,0.15823739339680293,0.1740922624275349,0.19100371270780656,0.20893805740871027,0.2278405777845226,0.24763457586437407,0.2682212925153068,0.28948082655849755,0.311274126087139,0.33344603985952964,0.35582932303709575,0.3782493992085423,0.40052960255697645,penetration
3,Decision Support Systems,Total,Software,%,EU Europe,Austria,0.04390288527676506,0.04938110413916254,0.05547290518878579,0.062220403049099024,0.06966994740129633,0.0778651480314359,0.08684514683080864,0.09664265077891109,0.10728177491599304,0.11877577535917638,0.13112478590996118,0.14431370411031708,0.1583103987837197,0.17306442533204539,0.1885064315374803,0.2045484107782255,0.22108490951310333,0.23799522363033507,0.25514653031206663,0.27239780909016414,0.28960432100518796,penetration
3,Decision Support Systems,Total,Software,%,EU Europe,Belgium,0.017988892017648334,0.020227432473846875,0.022674848518004723,0.02537553387103105,0.028345056562169603,0.031597336805954716,0.03514392994905114,0.038993239533242026,0.04314968964073041,0.04761289814465073,0.05237690460467374,0.057429516479523345,0.06275184287339872,0.06831808395677132,0.07409563471221531,0.08004554296016377,0.08612333442080018,0.09228018432761713,0.09846437991374092,0.10462298606665764,0.11070360276815308,penetration
3,Decision Support Systems,Total,Software,%,EU Europe,Bulgaria,0.006732247684399499,0.007545351052989478,0.008413231531634464,0.009365117720954944,0.010405303696926544,0.01153737411017581,0.012763960917895665,0.014086482897530169,0.015504879238401593,0.017017352506624325,0.018620139954030855,0.020307334850468865,0.02207078052982612,0.023900058455057587,0.025782587326277986,0.027703842958949888,0.02964769875562469,0.031596875079572054,0.03353347420974367,0.03543956757841797,0.037297795345044724,penetration
3,Decision Support Systems,Total,Software,%,EU Europe,Cyprus,0.012282485398070843,0.013812520920641736,0.015503838100837187,0.017372913595588648,0.01943110242410321,0.02168868563477851,0.02415437032734712,0.026834737720313098,0.029733658907645108,0.03285170674963255,0.0361856010105214,0.039727731111116674,0.04346580516397273,0.04738267371317078,0.05145637050658151,0.05566040005895617,0.05996428312520876,0.06433434813278568,0.0687347319179032,0.07312853033387708,0.07747902210136497,penetration
3,Decision Support Systems,Total,Software,%,EU Europe,Czechia,0.017518573089137957,0.019685277627173273,0.022084738020531486,0.024734897715583317,0.02765154054015767,0.03084889105834104,0.03433890760980084,0.038130503635337425,0.042228725440445807,0.0466339269305938,0.05134099398926668,0.05633868125002276,0.061609129858437015,0.06712763419874392,0.07286271665958595,0.07877655148726241,0.08482575224300214,0.09096250470135486,0.0971359921845092,0.10329402836350596,0.10938478861192615,penetration
3,Decision Support Systems,Total,Software,%,EU Europe,Germany,0.032974728876880036,0.037123476837309995,0.041724955621491734,0.04682469070850829,0.05245835949708947,0.05865964912564977,0.06545894870156413,0.07288185718205004,0.0809475432164503,0.08966701685129749,0.09904139854995447,0.10906029575363553,0.11970041746629276,0.1309245686596144,0.14268116422032087,0.1549043831748425,0.16751504650229299,0.180422247410794,0.1935256963632279,0.2067186724167531,0.21989140762166037,penetration
3,Decision Support Systems,Total,Software,%,EU Europe,Denmark,0.021930025247120663,0.024652298850089745,0.027588701299378512,0.030827399080815422,0.03438771081433989,0.03828728890279938,0.04254130165588101,0.04716151767644144,0.05215531917153657,0.057524685121597384,0.06326520019364425,0.06936515913766471,0.07580484682277688,0.08255607839865091,0.08958207976923536,0.09683777380333063,0.10427051198450374,0.11182125588793143,0.11942617139595445,0.12701855614977206,0.13453098359664015,penetration
3,Decision Support Systems,Total,Software,%,EU Europe,Spain,0.003511134211546976,0.0039471485314595345,0.004414056330126919,0.0049278721553151815,0.0054912642053228785,0.006106554800039304,0.006775586147476805,0.00749957464242564,0.008278959503514606,0.009113253829107082,0.01000090831114614,0.010939199539969812,0.011924155654513139,0.012950531638131448,0.014011844522264776,0.015100475027097101,0.016207836913968314,0.01732460904825383,0.018441018665424764,0.019547158561332854,0.020633316839453096,penetration
3,Decision Support Systems,Total,Software,%,EU Europe,Estonia,0.034382427367803385,0.03870828629902933,0.043341496047005455,0.048454670635053564,0.054078937115008434,0.060242864906152584,0.06697117149989483,0.07428327018579108,0.0821917012475318,0.09070051075304884,0.09980366491907901,0.10948361026294062,0.11971010666436742,0.13043946782839766,0.1416143374034752,0.15316410619095844,0.16500603561281152,0.17704709695663653,0.18918647024848254,0.20131857913969228,0.2133364787812525,penetration
3,Decision Support Systems,Total,Software,%,EU Europe,Finland,0.09141795054518191,0.10289522601298094,0.11565885328351093,0.12980206271571634,0.1454224144472675,0.16261156677411276,0.18145160741278213,0.20201088827882618,0.2243394728624472,0.2484643715361804,0.27438481083353916,0.30206784986461216,0.3314447098442596,0.36240820880509667,0.3948116808647437,0.4284696988631439,0.46316080776637053,0.4986323194555314,0.5346070324460795,0.5707915461593757,0.6068856668243813,penetration
3,Decision Support Systems,Total,Software,%,EU Europe,France,0.003935595234521061,0.004404052370158842,0.004915034077452592,0.005476054366505998,0.0060897619360026755,0.006758399982582755,0.007483661932362516,0.008266536309149523,0.009107147292997634,0.010004599914466705,0.010956841050624716,0.011960549059542512,0.013011065576600827,0.01410238227904965,0.015227192998219553,0.01637701733571273,0.01754239614562794,0.018713152451716685,0.01987870445102647,0.021028411255193794,0.02215192793869113,penetration
3,Decision Support Systems,Total,Software,%,EU Europe,Greece,0.0016101873314026242,0.001811728806842834,0.002027756331022937,0.0022658919878761575,0.0025274936679037436,0.002813780986995321,0.0031257737277870386,0.0034642237776371823,0.0038295428593072985,0.004221729422130607,0.004640299140949147,0.005084224409825866,0.005551888833459015,0.006041062814029375,0.006548905731503357,0.0070719988184970856,0.007606410650962583,0.008147794375941276,0.008691512690578437,0.009232783598945507,0.009766837570179317,penetration
3,Decision Support Systems,Total,Software,%,EU Europe,Croatia,0.003777532235332315,0.004242139736739134,0.004756061763462596,0.00532325365370273,0.00594700333559717,0.006630254743995817,0.007375457102773333,0.008184399416507223,0.00905803628013926,0.009996313737158393,0.010998006470620712,0.012060579709334414,0.013180090410729196,0.014351142071573288,0.015566905539513901,0.0168192142834454,0.01809873687407261,0.019395222442538964,0.020697807482276166,0.0219953656137157,0.023276876932751923,penetration
3,Decision Support Systems,Total,Software,%,EU Europe,Hungary,0.004104579250756578,0.00461862318179249,0.00516926736328424,0.005775806280654484,0.0064415085614408975,0.007169247435798341,0.007961341340353529,0.00881938024253774,0.00974404443814277,0.01073492529899668,0.011790360055963898,0.01290729478172737,0.014081190802022556,0.015305989328258118,0.016574146791609543,0.017876749021401638,0.01920370623792591,0.020544023399135847,0.0218861326812189,0.023218267927742512,0.02452885590614488,penetration
3,Decision Support Systems,Total,Software,%,EU Europe,Ireland,0.023712892420388213,0.02652803853508896,0.02947240291132452,0.03268835840064197,0.03618778675778438,0.039979922290358266,0.04407055931887715,0.04846121818928892,0.053148309740243524,0.05812235060989756,0.06336729272468081,0.06886003762059277,0.07457020757185297,0.0804602387123262,0.08648584505408712,0.09259687648285339,0.09873856015198963,0.10485307678862461,0.11088138636839605,0.1167651871869673,0.12244887382861183,penetration
3,Decision Support Systems,Total,Software,%,EU Europe,Italy,0.012987904006556724,0.014522431291192066,0.01619695980237709,0.018034115118626255,0.020042298088869023,0.022228553799439058,0.02459810170892803,0.02715383192403145,0.029895789286663765,0.03282067467751067,0.03592140007013505,0.03918673915507387,0.0426011173851895,0.04614458272071417,0.04979299020162946,0.05351841950161752,0.05728982559372095,0.06107390048371854,0.06483610151662089,0.06854178243036324,0.07215735036160027,penetration
3,Decision Support Systems,Total,Software,%,EU Europe,Lithuania,0.007808737962877073,0.008773814559388552,0.00981008000153149,0.010950244250012713,0.012200184824113391,0.013565007092256628,0.015048746759495697,0.016654047177930224,0.018381824400467924,0.02023093793012043,0.02219788988517173,0.02427657903029926,0.026458137912024202,0.02873088029265355,0.03108038152097658,0.0334897061694205,0.03593978559744734,0.038409934182972505,0.04087847855610352,0.04332346141055866,0.0457233724581133,penetration
3,Decision Support Systems,Total,Software,%,EU Europe,Luxembourg,0.01126044478339104,0.012661696243329808,0.01420020773669235,0.015898811649772197,0.01776748580680295,0.019815192767682597,0.022049427596810778,0.024475720524979133,0.027097112677218725,0.02991363093261983,0.03292179569415005,0.036114201716093676,0.03947921577251752,0.043000834432823806,0.04665873939270849,0.05042857616701893,0.05428246490155193,0.05818973113085825,0.06211782206011311,0.06603335360845852,0.06990321829729836,penetration
3,Decision Support Systems,Total,Software,%,EU Europe,Latvia,0.02259871611393848,0.025382104369916225,0.02842645004317256,0.031782260911641665,0.03546813036013535,0.03950052019530471,0.043892874941231876,0.048654653961771335,0.053790318325607954,0.05929832456826022,0.06517019219064282,0.07138972357702582,0.07793246130809499,0.08476546586605792,0.09184748433506695,0.09912955700801337,0.10655607479656355,0.11406625914508157,0.12159599288836888,0.12907989150923174,0.13645347588826895,penetration
3,Decision Support Systems,Total,Software,%,EU Europe,Malta,0.0,0.0,0.0,0.0,0.0,0.0,0.0,0.0,0.0,0.0,0.0,0.0,0.0,0.0,0.0,0.0,0.0,0.0,0.0,0.0,0.0,penetration
3,Decision Support Systems,Total,Software,%,EU Europe,Poland,0.0098924571910178,0.011116594019263744,0.01246194283836004,0.013947636673856048,0.015582707957181863,0.017375390710873635,0.01933273322745516,0.02146016678946709,0.023761044207350267,0.02623616879063574,0.02888334135202291,0.03169695905490579,0.034667704190499006,0.03778236204532771,0.041023803755838376,0.04437116173066237,0.04780021186228374,0.05128395929355509,0.054793404861009386,0.05829845016605219,0.06176888347876977,penetration
3,Decision Support Systems,Total,Software,%,EU Europe,Portugal,0.0046917933719580725,0.0052756408521112885,0.005920456478300008,0.006632882784993258,0.007417213814245546,0.008277330305862423,0.009216509331303855,0.010237214334532802,0.011340873099728695,0.012527654510000475,0.013796258248660981,0.015143734337865892,0.016565351021117117,0.01805452937308738,0.019602860669332624,0.021200217735343002,0.022834964378556595,0.024494258216628227,0.02616443281876478,0.027831436430864966,0.02948129804713457,penetration
3,Decision Support Systems,Total,Software,%,EU Europe,Romania,0.002698645106688535,0.0030344649138405165,0.0033931562154193204,0.0037878497833831373,0.004220588266090802,0.004693147873791961,0.005206935322329072,0.0057628760111447085,0.006361297901591313,0.007001817306107141,0.007683234453502805,0.008403447992122084,0.009159398218071609,0.00994704846097306,0.010761412488770059,0.011596632921521872,0.012446111606218765,0.013302688085017986,0.014158857296365344,0.015007013222686761,0.015839702067824382,penetration
3,Decision Support Systems,Total,Software,%,EU Europe,Slovakia,0.008429520989286229,0.009478491862110376,0.010635282442795789,0.01191313254595442,0.01331969455524208,0.01486187380853792,0.016545487454100533,0.018374888469982108,0.020352568381698265,0.022478758196308367,0.02475105294362367,0.02716409010313157,0.02970931504657996,0.032374866362661306,0.035145609672816935,0.03800333988215797,0.04092715902989651,0.04389402114190915,0.046879418663149514,0.049858169591501814,0.052805252830522495,penetration
3,Decision Support Systems,Total,Software,%,EU Europe,Slovenia,0.013874823090618623,0.015627120727123696,0.017543111369255984,0.019660811204956746,0.021993157862315243,0.024551880510268707,0.027346932940452297,0.03038586733860833,0.03367317093377209,0.037209597706990206,0.04099153719663485,0.045010470705279845,0.049252570141798166,0.05369849451638117,0.05832343226092417,0.06309742335255492,0.0679859741239604,0.07295095149817718,0.07795171535353465,0.08294642184316725,0.08789341090728302,penetration
3,Decision Support Systems,Total,Software,%,EU Europe,Sweden,0.0592785033436655,0.06672075848214444,0.07501457691478736,0.08420723531019773,0.09436266517662159,0.10554102671154435,0.11779632267711677,0.13117368656099693,0.14570641534198298,0.1614128603524353,0.17829333588411644,0.19632724911029567,0.21547068960716562,0.23565473416998778,0.2567847148327993,0.2787406590677053,0.3013790390266344,0.32453586490223085,0.34803103576250444,0.3716737347763186,0.39526854296929126,penetration
3,Decision Support Systems,Total,Software,%,EU Europe,Netherlands,0.038626215496342334,0.04332304165975431,0.0485706174338124,0.05436200517544207,0.06073075175626692,0.06770688883360895,0.0753153940949886,0.08357450163546047,0.09249392386349686,0.10207307409474758,0.112299405056476,0.12314699993103148,0.13457556458716255,0.14652996747872102,0.1589404534715808,0.17172361786964532,0.1847841686348437,0.19801743349326462,0.21131249304844948,0.22455575217348303,0.23763471094811894,penetration
4,Telematics Systems,Total,Hardware,%,EU Europe,Austria,0.15747346312629149,0.1537456112272014,0.15642459537631045,0.179042804290429,0.18817354428534633,0.19737240223382127,0.2065932808111048,0.21578771281514597,0.2249056098058008,0.23389609414168103,0.24270838763443403,0.2512927257048256,0.2596012633600622,0.26758893881373624,0.27521426224719797,0.2824400009647676,0.2892337377254664,0.2955682858757098,0.301421952486099,0.30677864839572616,0.3116278513032097,penetration
4,Telematics Systems,Total,Hardware,%,EU Europe,Belgium,0.20526329713245786,0.21854274756773626,0.23225125066969413,0.24634971879662398,0.2591579611781177,0.27208760759030154,0.2850814046954378,0.298079757202576,0.31102166017188804,0.3238456949502027,0.336491055204414,0.34889856724106105,0.361011668634193,0.3727773111736925,0.38414675814129334,0.39507625159175214,0.4055275321924598,0.41546820170199233,0.42487192577031485,0.4337184818827254,0.4419936634974896,penetration
4,Telematics Systems,Total,Hardware,%,EU Europe,Bulgaria,0.11419940143328522,0.11624401230383671,0.11183761966348038,0.14289823071362845,0.14820441853811123,0.15353064490290289,0.15886443480963278,0.16419320944936136,0.16950440206784714,0.17478557379566959,0.1800245271841743,0.1852094152610342,0.19032884406370668,0.19537196681808716,0.20032856819303305,0.20518913736660588,0.20994492897278433,0.2145880113433353,0.21911130180405386,0.22350858911433477,0.227774543442381,penetration
4,Telematics Systems,Total,Hardware,%,EU Europe,Cyprus,0.1338174102630789,0.11926906399942161,0.0898483072262585,0.1586196300319707,0.17120556769520762,0.18470146705753449,0.19916349811733028,0.21465036406989974,0.23122333917485682,0.24894630261953007,0.2678857685073555,0.2881109121972435,0.30969359332185226,0.3327083759178649,0.35723254620785283,0.38334612867900364,0.4111319012067092,0.4406754100684621,0.4720649857834523,0.5053917607935006,0.5407496900695009,penetration
4,Telematics Systems,Total,Hardware,%,EU Europe,Czechia,0.0769154461041403,0.09107871047334495,0.11786530177867717,0.17125869880515968,0.18103829274125025,0.19093641251909682,0.20090005063004113,0.21087299435692264,0.22079680665798238,0.23061192414605605,0.24025883135848644,0.24967926414849836,0.25881739179039276,0.26762092770123974,0.27604212258988925,0.284038601009859,0.29157401202936384,0.2986184761006705,0.3051488221495918,0.31114862036693025,0.3166080262605362,penetration
4,Telematics Systems,Total,Hardware,%,EU Europe,Germany,0.23900651086326694,0.23875492772769633,0.24598860265982367,0.2994812036507207,0.31120446336666957,0.32293259572841304,0.3346246511951303,0.34623881603674633,0.3577328858971358,0.36906476024770735,0.38019294593609615,0.3910770573902303,0.401678300909627,0.411959930882626,0.4218876666951837,0.4314300604949409,0.44055880776469647,0.4492489947398113,0.4574792789569194,0.46523200152346605,0.47249323192953524,penetration
4,Telematics Systems,Total,Hardware,%,EU Europe,Denmark,0.312567494006012,0.3288429967734697,0.3452591072997843,0.3617493372239686,0.3814353946239422,0.4013652995056708,0.42147273376479155,0.4416912313841912,0.46195526621705557,0.48220128602435314,0.5023686600882447,0.5224005131520546,0.542244425061761,0.5618529827567614,0.5811841786270882,0.6002016562178192,0.6188748104084524,0.6371787542329281,0.6550941682698861,0.6726070509796431,0.6897083895557494,penetration
4,Telematics Systems,Total,Hardware,%,EU Europe,Spain,0.20798578323391378,0.20247625639941028,0.2183780038877662,0.21541073883153555,0.22977146409004967,0.24440954405460705,0.2592311803470773,0.27413384330274676,0.28900828822011676,0.3037409768618962,0.3182168044331939,0.3323220027919424,0.3459470708849807,0.358989576269023,0.37135667841903763,0.38296724482850264,0.3937534623236998,0.4036618847698244,0.4126538998734792,0.42070563748389606,0.42780737572986544,penetration
4,Telematics Systems,Total,Hardware,%,EU Europe,Estonia,0.2595736125776803,0.30876753829902365,0.31324473392553015,0.3346246887506521,0.35118681761800025,0.36787960815566806,0.3846324829975436,0.40137221786158883,0.41802401741186573,0.43451266091642143,0.45076368160208097,0.46670454114903975,0.48226576043770036,0.4973819695177965,0.5119928436898484,0.5260438982719946,0.539487121631005,0.5522814338521445,0.5643929664405013,0.5757951661403106,0.5864687328548682,penetration
4,Telematics Systems,Total,Hardware,%,EU Europe,Finland,0.3995588014528908,0.3828012562811993,0.4132620975189197,0.45404853673536105,0.477294335781968,0.500745067040247,0.5242974297276175,0.5478439935321403,0.5712748526644735,0.5944793926651849,0.6173481115199153,0.6397744325352124,0.6616564459545439,0.6828985195431345,0.703412725105799,0.7231200375804228,0.7419512751833665,0.7598477621304076,0.7767617087281212,0.7926563161912298,0.8075056246002653,penetration
4,Telematics Systems,Total,Hardware,%,EU Europe,France,0.22730695958452202,0.21186611055800642,0.23584192320312397,0.24585321408409658,0.259374689907393,0.2730590125468911,0.28686827502950113,0.30076597363515944,0.3147175784721602,0.32869101839500775,0.34265707047186855,0.356589649426466,0.3704659973704356,0.3842667784104452,0.3979760861588298,0.41158137469508904,0.4250733251072648,0.438445660450325,0.45169492191017135,0.4648202183054487,0.47782295995549406,penetration
4,Telematics Systems,Total,Hardware,%,EU Europe,Greece,0.1375165603994571,0.143294645347865,0.14890893667646127,0.1543348779270598,0.16307125327777067,0.1718817959261838,0.1807464805237133,0.1896478530113573,0.19857119298328285,0.20750457728118082,0.21643885621943357,0.22536755655150417,0.23428672656950375,0.24319473878018627,0.25209206468947465,0.2609810346441745,0.26986559369944596,0.2787510623408695,0.28764390877638235,0.29655153755788166,0.305482097576918,penetration
4,Telematics Systems,Total,Hardware,%,EU Europe,Croatia,0.12441345498297128,0.14013528424633717,0.1400652161747411,0.15384453719789723,0.16167572659544802,0.16956327642442007,0.1774665241533279,0.18534258232237763,0.19314699710916902,0.2008344888778001,0.2083597513750053,0.2156782817453675,0.22274721059167202,0.22952610024166437,0.23597768036606007,0.2420684930951542,0.24776942457432452,0.2530561060798185,0.25790917485804843,0.2623143921660585,0.2662626229984431,penetration
4,Telematics Systems,Total,Hardware,%,EU Europe,Hungary,0.18851701343130103,0.16352812800061609,0.20517119137623915,0.21354010361031284,0.2235617358571382,0.23368777116863287,0.24389268489193724,0.2541509161918916,0.2644371870638639,0.2747268082966901,0.284995964938254,0.29522197481978263,0.30538351492538274,0.31546081177099,0.3254357933984721,0.3352922020158876,0.34501566765237773,0.35459374438750735,0.36401591171739167,0.37327354440770605,0.3823598547468497,penetration
4,Telematics Systems,Total,Hardware,%,EU Europe,Ireland,0.34946151950707344,0.3752206351541593,0.4021641399590466,0.4302446570843123,0.4518563660443257,0.47360752963475117,0.49538453803516674,0.517067483709772,0.5385319798153542,0.5596512162280054,0.5802981900528096,0.6003480341792619,0.6196803582584417,0.6381815124380131,0.6557466858819361,0.6722817595633003,0.6877048455222852,0.7019474616827871,0.7149553109855517,0.7266886543712846,0.7371222873638412,penetration
4,Telematics Systems,Total,Hardware,%,EU Europe,Italy,0.19305092376905672,0.20043413269052895,0.2078980360305577,0.25625214001528945,0.26484821942818654,0.2734610338034323,0.2820726520020753,0.29066504302323704,0.299220219411147,0.30772038049763456,0.3161480530657759,0.32448622708588776,0.33271848430746537,0.3408291176844697,0.3488032398584787,0.35662687921448466,0.3642870623458502,0.3717718821056291,0.3790705507684439,0.3861734381681636,0.3930720950006141,penetration
4,Telematics Systems,Total,Hardware,%,EU Europe,Lithuania,0.17807723871587214,0.18582525548745743,0.19079561597482006,0.1947678187445479,0.2070103634534457,0.2194536549320175,0.23202297742493289,0.2446376450505524,0.2572125239296744,0.2696598085557772,0.28189098165107757,0.2938188700537663,0.30535969877790053,0.316435042730965,0.3269735812110425,0.336912573756069,0.3461989957329874,0.35479029604134865,0.36265476487116394,0.3697715239994791,0.3761301733915187,penetration
4,Telematics Systems,Total,Hardware,%,EU Europe,Luxembourg,0.1828282024238046,0.24008377527965127,0.30535796725093406,0.26869352661198276,0.2813097306090958,0.29401959539192035,0.3067766026994695,0.3195328761330048,0.33223982334710817,0.34484880577882165,0.3573118166171595,0.3695821471207631,0.38161502178955087,0.39336818426560904,0.4048024180846699,0.4158819893638185,0.4265750019870339,0.4368536596034994,0.4466944325442586,0.4560781313659302,0.46498989195390816,penetration
4,Telematics Systems,Total,Hardware,%,EU Europe,Latvia,0.2269510789776253,0.23616285572877843,0.2632143317453984,0.25106196412570564,0.2671212806831901,0.28345662115800063,0.2999733988959056,0.31657017656845643,0.3331406752035118,0.3495760511184757,0.36576734311719966,0.38160797676595054,0.39699620572350003,0.411837372966052,0.42604588714316083,0.43954682988224153,0.4522771363244503,0.4641863206276473,0.4752367475665883,0.4854034779325842,0.494673737045541,penetration
4,Telematics Systems,Total,Hardware,%,EU Europe,Malta,0.0,0.0,0.0,0.0,0.0,0.0,0.0,0.0,0.0,0.0,0.0,0.0,0.0,0.0,0.0,0.0,0.0,0.0,0.0,0.0,0.0,penetration
4,Telematics Systems,Total,Hardware,%,EU Europe,Poland,0.13675868873116617,0.13855764092347367,0.14050370135366463,0.16084022038851709,0.16884007317210503,0.17688408618832185,0.18492865143780512,0.19292764848382454,0.20083314132228658,0.20859617486347568,0.21616764724612775,0.22349922837461453,0.23054429077140734,0.2372588165511945,0.24360224436231775,0.24953822259831632,0.2550352399085058,0.2600671106527109,0.26461330088641044,0.26865908904701435,0.2721955640253522,penetration
4,Telematics Systems,Total,Hardware,%,EU Europe,Portugal,0.20849078980542163,0.1955903730612927,0.20658611903829924,0.23442982521705344,0.24621461658909305,0.2580880714766038,0.26999504587267137,0.2818779558110103,0.2936776509334761,0.3053343642583756,0.31678870757711797,0.32798267848739,0.33886064358212864,0.3493702629333954,0.3594633237290935,0.36909645553770853,0.37823170582185994,0.3868369614986645,0.39488620998732993,0.4023596407189331,0.4092435949895125,penetration
4,Telematics Systems,Total,Hardware,%,EU Europe,Romania,0.11044915796773859,0.11959128890995786,0.12979421622864146,0.13808918043706492,0.14484071922846328,0.15163463964427523,0.15843899699462952,0.1652203921902655,0.17194446277753253,0.1785764217004886,0.18508162721592605,0.19142616510316185,0.19757742304918433,0.2035046369916874,0.20917939030801924,0.21457604897968227,0.21967211907020812,0.22444851677595254,0.2288897456366966,0.2329839798975048,0.23672305718113376,penetration
4,Telematics Systems,Total,Hardware,%,EU Europe,Slovakia,0.11029586895790769,0.11331328815424244,0.12330529714627307,0.13607297802597113,0.14229573474055573,0.1485543550472226,0.1548251803344993,0.16108386886909318,0.16730571873095823,0.17346600616297242,0.17954032972687808,0.18550495023278912,0.19133711648094806,0.19701536742278056,0.20251980237736422,0.2078323123587242,0.21293676728116817,0.21781915569873675,0.22246767567858414,0.22687277728872215,0.23102715889395817,penetration
4,Telematics Systems,Total,Hardware,%,EU Europe,Slovenia,0.10599884381533867,0.12196584552059433,0.11959812047672068,0.12413031214221107,0.1316641297626723,0.13930702293912944,0.14700546322512828,0.15470016692603655,0.16232703450674257,0.16981838998245746,0.17710449053319224,0.18411525246362154,0.19078211720164673,0.19703996321885275,0.20282895924547337,0.20809625287403327,0.2127973973659028,0.21689743757012542,0.22037160136088235,0.2232055728848033,0.2253953546397291,penetration
4,Telematics Systems,Total,Hardware,%,EU Europe,Sweden,0.3850415532156289,0.3902997482624218,0.4126267001314791,0.46519899725698194,0.48677289041774585,0.508481092279715,0.5302409965749645,0.551967589934311,0.5735745989795812,0.5949756909232408,0.6160856929573572,0.6368217943105354,0.6571046952635559,0.6768596696329265,0.6960175111089947,0.71451533910001,0.7322972460170228,0.7493147748076789,0.7655272225614872,0.78090177273764,0.7954134646376282,penetration
4,Telematics Systems,Total,Hardware,%,EU Europe,Netherlands,0.27709879069235654,0.30012666626266155,0.33314555636716126,0.36500347303607417,0.38131416320330247,0.39756482350053907,0.4136333022947257,0.4293875406499151,0.44468739307555855,0.45938699168955616,0.4733376249301661,0.4863910625176175,0.49840321730347964,0.5092379961010524,0.5187711602437779,0.5268939970446929,0.533516599236803,0.538570562971474,0.5420109460066669,0.5438173739493062,0.5439942393159859,penetration
1,Field Survey Technologies,Sensors,Hardware,Units,EU Europe,Austria,32230.30305929093,35607.520271407455,39279.0978232386,43258.108436317205,47555.5654379246,52179.83699751309,57136.035345459735,62425.405088894935,68044.74090586316,73985.87015153124,80235.23938682921,86773.64464250389,93576.1425636173,100612.17291454934,107845.91217542875,115236.86361030967,122740.67233620453,130310.13622158438,137896.36690014854,145450.0418631066,152922.68025834448,shipments
1,Field Survey Technologies,Sensors,Hardware,Units,EU Europe,Belgium,10217.24310435304,11287.845798002023,12451.762884184378,13713.138511768047,15075.463986497629,16541.39207963238,18112.54340579921,19789.312514611796,21570.683295437022,23454.06495975786,25435.160967711712,27507.883519811647,29664.325389098896,31894.798756129676,34187.947301644286,36530.933262518665,38909.69581464218,41309.27153517679,43714.16245246053,46108.73296846936,48477.614296535525,shipments
1,Field Survey Technologies,Sensors,Hardware,Units,EU Europe,Bulgaria,12765.541158237875,14104.03753589952,15559.294631494922,17136.507998938574,18840.056903165485,20673.27163834661,22638.190840162446,24735.318367550048,26963.39178489808,29319.176569285908,31797.301555975257,34390.15146105425,37087.831265246474,39878.21459704759,42747.08398099304,45678.365109413564,48654.45059131305,51656.60158734666,54665.40915462919,57661.29182099999,60625.00258972111,shipments
1,Field Survey Technologies,Sensors,Hardware,Units,EU Europe,Cyprus,1063.9468038439009,1175.4313112066757,1296.6328771413678,1427.9830421230024,1569.8453644569138,1722.4960837777846,1886.1039586964223,2060.710074640289,2246.208621495108,2442.3298140425027,2648.62624295613,2864.46397061305,3089.019597906076,3321.2843082270315,3560.075539953728,3804.0564650490082,4051.7628951091,4301.636651891545,4552.063893262276,4801.416445713631,5048.093919464617,shipments
1,Field Survey Technologies,Sensors,Hardware,Units,EU Europe,Czechia,16410.96657471487,18130.571838172644,20000.058959306156,22026.084282479314,24214.255553469677,26568.833661444845,29092.421642488138,31785.65322337459,34646.89632415207,37671.98961251983,40854.031973240424,44183.24516448549,47646.92857455441,51229.521598746884,54912.78368294481,58676.09477344376,62496.87033230763,66351.07606481225,70213.81908230629,74059.98544026211,77864.88974735422,shipments
1,Field Survey Technologies,Sensors,Hardware,Units,EU Europe,Germany,81343.5872179747,89867.08643368109,99133.49910952595,109175.81848364997,120021.84024716477,131692.684180435,144201.2526491874,157550.68682179623,171732.89703228566,186727.25696986463,202499.56015031048,219001.33915012417,236169.64135095224,253927.33812055713,272184.0172276998,290837.4720699043,309775.7587636087,328879.74747327156,348026.0526048819,367090.1928655328,385949.8111549797,shipments
1,Field Survey Technologies,Sensors,Hardware,Units,EU Europe,Denmark,9961.743621885173,11005.574080464261,12140.385447019724,13370.21823895256,14698.476455989321,16127.746532347366,17659.608556437855,19294.4472114926,21031.27179644721,22867.556309843014,24799.1116540795,26820.002265414965,28922.518650503822,31097.215250248726,33333.019729402484,35617.4153548685,37936.69291727668,40276.26317954067,42621.015723049604,44955.705944411005,47265.34937951846,shipments
1,Field Survey Technologies,Sensors,Hardware,Units,EU Europe,Spain,71029.69589600297,78472.46523981256,86563.95096011141,95332.96294532352,104803.7725554221,114994.82170608845,125917.37681850279,137574.180779253,149958.1696447164,163051.33239972827,176823.79974229308,191233.24963486934,206224.7114830877,221730.836114382,237672.6750398813,253960.98085680048,270498.0035115856,287179.7181354051,303898.3837062523,320545.30243143934,337013.63137572876,shipments
1,Field Survey Technologies,Sensors,Hardware,Units,EU Europe,Estonia,27975.412090493086,30906.785185380282,34093.65857114173,37547.37917093085,41277.50638506157,45291.30365714597,49593.208325276595,54184.300689483505,59061.79857913607,64218.60826301315,69642.9655624619,75318.2017247051,81222.66629761925,87329.83346221094,93608.60894893242,100023.84220787043,106537.03387625076,113107.21322293747,119691.94589069918,126248.42069323677,132734.5569894252,shipments
1,Field Survey Technologies,Sensors,Hardware,Units,EU Europe,Finland,312292.26974161045,345015.4751871849,380590.8554460797,419145.0773346657,460784.85337648843,505591.26610518224,553613.8499612065,604864.664439782,659312.6518972089,716878.6243159232,777431.2570154786,840784.4750733061,906696.5923682972,974871.4985806674,1044962.0853288994,1116575.9635758062,1189283.3611576944,1262626.91778339,1336132.934560024,1409323.5060148756,1481728.8818226722,shipments
1,Field Survey Technologies,Sensors,Hardware,Units,EU Europe,France,122721.97722018765,135581.26597743417,149561.37829127375,164712.0906168394,181075.33793988836,198682.98338932166,217554.49259097356,237694.60458337027,259091.11459613498,281712.9039912828,305508.3659056161,330404.37818844063,356305.96507018735,383096.7636195891,410640.37011802435,438782.58683743863,467354.52554461913,496176.45665714203,525062.2299869545,553824.0422797996,582277.2950223525,shipments
1,Field Survey Technologies,Sensors,Hardware,Units,EU Europe,Greece,28224.06313169593,31181.49085519199,34396.68980709659,37881.107764278815,41644.389092908816,45693.86179553388,50034.00265019237,54665.90155883644,59586.75162234809,64789.396059008555,70261.96612779923,75987.64492074431,81944.58955218454,88106.03843635782,94440.6209316482,100912.87406304543,107483.95627776186,114112.5326886333,120755.79177339953,127370.54183140067,133914.3282003821,shipments
1,Field Survey Technologies,Sensors,Hardware,Units,EU Europe,Croatia,10421.387388803778,11513.381119016514,12700.55369773163,13987.132075439442,15376.677315460622,16871.895192402288,18474.43870136914,20184.71027522162,22001.673501061498,23922.68582546192,25943.364862109654,28057.501175039364,30257.029547982147,32532.068595289722,34871.03509425637,37260.83477851735,39687.12588351189,42134.646011696466,44587.58753622099,47030.002454047884,49446.214904485074,shipments
1,Field Survey Technologies,Sensors,Hardware,Units,EU Europe,Hungary,9219.714597101585,10185.792352276701,11236.074041739437,12374.299213371753,13603.618310224447,14926.42510854928,16344.18199934346,17857.24501160574,19464.69723947994,21164.20083796575,22951.87874640369,24822.237528529142,26768.141954704348,28780.850045373012,30850.114219912986,32964.350089966254,35110.8696159143,37276.17028180898,39446.26721187727,41607.05134070256,43744.65436493401,shipments
1,Field Survey Technologies,Sensors,Hardware,Units,EU Europe,Ireland,7521.428996454798,8309.553744143665,9166.37193199234,10094.934277414764,11097.810907009158,12176.95465976217,13333.558552001441,14567.913031636901,15879.270088280466,17265.72251157445,18724.107401392386,20249.94322087369,21837.409060647627,23479.3732272297,25167.475760100173,26892.266133043242,28643.393462841224,30409.842417738702,32180.20415757655,33942.96852847531,35686.821789878675,shipments
1,Field Survey Technologies,Sensors,Hardware,Units,EU Europe,Italy,76033.28851598622,84000.35386432114,92661.83355297463,102048.56694470937,112186.53516322629,123095.47924047124,134787.45924570583,147265.41128452183,160521.77380316705,174537.26702442692,189279.91754298497,204704.42200155678,220751.93747523808,237350.370468422,254415.2110707605,271850.92496467463,289552.8762238723,307409.71208575286,325306.10185506404,343125.69066743203,360754.109178904,shipments
1,Field Survey Technologies,Sensors,Hardware,Units,EU Europe,Lithuania,14146.471590348747,15628.794212564082,17240.316990776653,18986.777782413123,20873.010538963626,22902.688203596033,25078.054628056307,27399.65609325837,29866.085724563214,32473.756398147092,35216.719260832855,38086.54533803214,41072.286533434795,44160.52939870314,47335.55033343564,50579.57457692006,53873.133956892525,57195.51059144389,60525.24647927333,63840.69306597278,67120.57121569774,shipments
1,Field Survey Technologies,Sensors,Hardware,Units,EU Europe,Luxembourg,684.6720885605087,756.4147078554198,834.4104581932204,918.9370449227742,1010.2284254405672,1108.4623657466834,1213.7474655475235,1326.1101641775813,1445.482370608555,1571.690472392658,1704.4465522422956,1843.3426579978795,1987.84891506004,2137.3161287776934,2290.983295938281,2447.990139654895,2607.394423972848,2768.193428504467,2929.34861198007,3089.8122105904113,3248.554339937225,shipments
1,Field Survey Technologies,Sensors,Hardware,Units,EU Europe,Latvia,13379.925259188098,14781.9261587464,16306.126323307135,17957.952696474327,19741.97729532172,21661.674039459147,23719.165194390178,25914.96744003407,28247.750135220045,30714.12052944135,33308.452116443055,36022.772657403395,38846.72729390945,41767.62940406543,44770.60739272945,47838.84964943664,50953.94291204171,54096.29192601758,57245.601421848965,60381.3959022997,63483.54927123615,shipments
1,Field Survey Technologies,Sensors,Hardware,Units,EU Europe,Malta,3.338390447219048,3.688200055225928,4.06849928488904,4.48064219883088,4.925769549172847,5.4047481045862975,5.918107386032405,6.46597630897768,7.048022868594959,7.6634005485052485,8.310705493726644,8.987948571628728,9.692546168346826,10.421332877757667,11.170598126730615,11.936147293943723,12.713386134118542,13.497425486123246,14.28320152990196,15.06560547724764,15.83961571811607,shipments
1,Field Survey Technologies,Sensors,Hardware,Units,EU Europe,Poland,52233.78636163224,57707.04679080059,63657.35998207628,70105.91213847004,77070.55192194712,84564.84114030705,92597.06488937576,101169.24023187948,110276.17248808038,119904.61672561028,130032.60767037467,140629.0225611194,151653.43714646285,163056.32422166216,174779.62668187928,186757.71381151563,198918.70221940958,211186.0941435153,223480.65903870817,235722.46277026285,247832.93522770604,shipments
1,Field Survey Technologies,Sensors,Hardware,Units,EU Europe,Portugal,42716.169225236896,47192.13650602131,52058.23186165867,57331.781116985425,63027.3806954673,69156.12128222051,75724.77833006975,82735.00136892186,90182.54225147198,98056.56942956285,106339.11996329183,115004.74202867501,124020.37715373286,133345.5225794963,142932.69989615175,152728.23708508525,162673.34876397572,172705.47597287575,182759.82491433926,192771.02640371333,202674.82673915476,shipments
1,Field Survey Technologies,Sensors,Hardware,Units,EU Europe,Romania,63117.38944696686,69731.07637482561,76921.21634333156,84713.40998225858,93129.22495933363,102185.04886512042,111890.89310519143,122249.19502407966,133253.6775615354,144888.33602763072,157126.62839170112,169930.94705185562,183252.44482707832,197031.2748617664,211197.28308225455,225671.16374173292,240366.05558983563,255189.5215398571,270045.82231036545,284838.3684280908,299472.2186565833,shipments
1,Field Survey Technologies,Sensors,Hardware,Units,EU Europe,Slovakia,16211.801517665683,17910.537487481346,19757.336334439286,21758.773620872755,23920.38903642121,26246.391759694525,28739.353236081624,31399.899501388885,34226.418282742314,37214.7987501672,40358.22354101947,43647.033083147064,47068.68090068546,50607.79523391852,54246.35689783428,57963.99608566858,61738.4023475938,65545.833071381,69361.69747085196,73161.18638670737,76919.9140118875,shipments
1,Field Survey Technologies,Sensors,Hardware,Units,EU Europe,Slovenia,16579.882183473022,18317.187085070833,20205.916555745065,22252.795452610244,24463.48924112715,26842.302667154207,29391.865559433343,32112.818167593894,35003.51161293046,38059.741731175265,41274.5363749505,44638.016656456486,48137.35123850808,51756.81935344302,55477.992699865245,59280.03898496128,63140.1412115455,67034.01770351581,70936.51935346492,74822.2737228143,78666.34133722121,shipments
1,Field Survey Technologies,Sensors,Hardware,Units,EU Europe,Sweden,205754.22460275432,227313.95699235718,250752.84898341857,276154.3551955705,303588.78333305323,333109.5547432813,364749.3052657403,398515.9803167233,434389.1175216646,472316.54373786954,512211.7355050589,553952.0970848148,597378.3932181696,642295.5311822244,688474.8181055503,735657.7278896443,783561.1045077185,831883.6154543204,880313.1635120648,928534.8799521975,976239.2690769447,shipments
1,Field Survey Technologies,Sensors,Hardware,Units,EU Europe,Netherlands,5265.748812296231,5817.51456798442,6417.372567992741,7067.458618111121,7769.572062731213,8525.080083485582,9334.81791052973,10198.988886305291,11117.069329100394,12087.724001863602,13108.738559742067,14176.975480941463,15288.359549619176,16437.897870606834,17619.73763957717,18827.26254768517,20053.225946583112,21289.91600782249,22529.345407911205,23763.455893670416,24984.326720794084,shipments
1,Field Survey Technologies,GIS software,Software,Units,EU Europe,Austria,1004.2319146517808,1077.7332837574943,1154.9486561797075,1235.826519353305,1320.278995530016,1408.1797613171127,1499.362643099859,1593.6210179100467,1690.708130581806,1790.3384101188117,1892.1898317100015,1995.9073272768383,2101.1071991776216,2207.3824418274226,2314.308828095688,2421.4515751438857,2528.3723713411578,2634.6365248804846,2739.8199875614,2843.516014545518,2945.3412420739924,shipments
1,Field Survey Technologies,GIS software,Software,Units,EU Europe,Belgium,82.8670649911189,88.93224041698791,95.30388743543955,101.97775534001941,108.94659264730925,116.19997542171971,123.72419137276165,131.50219041600212,139.51361084408168,147.734887950515,156.13944893816455,164.69799435029014,173.37886227996793,182.14846749876023,190.97180369319918,199.81299351542134,208.63586842918448,217.4045585983503,226.08407247437833,234.64084634507662,243.04324585481876,shipments
1,Field Survey Technologies,GIS software,Software,Units,EU Europe,Bulgaria,644.8946370903292,692.1267068386026,741.7475817979644,793.7242614593882,848.0003433042158,904.4946804332664,963.100474254693,1023.6848858147441,1086.0892373101365,1150.129857339804,1215.5995999389547,1282.270039357677,1349.8943114239983,1418.2105401638573,1486.9457574487433,1555.820196212052,1624.5518164638902,1692.8609097716048,1760.474623254657,1827.131248879697,1892.5841375122063,shipments
1,Field Survey Technologies,GIS software,Software,Units,EU Europe,Cyprus,57.625869017703586,61.843600207989866,66.27445215805817,70.91546892089384,75.76160780512497,80.80561999185129,86.03796993572983,91.44680098499693,97.01795358082913,102.73504079448085,108.57958386690053,114.53120791626291,120.56789520969137,126.66629053392849,132.80205045126593,138.95022580549903,145.0856649476309,151.1834239451208,157.21916962781074,163.16956174486975,169.01260172263068,shipments
1,Field Survey Technologies,GIS software,Software,Units,EU Europe,Czechia,646.4436184441142,693.7578795346609,743.4629168072852,795.5255706217652,849.8892723620838,906.4727052030156,965.1688999562361,1025.8448493977432,1088.341712427222,1152.475661439222,1218.0394027986233,1284.8043722762527,1352.5235762362074,1420.935017266127,1489.7656121097282,1558.7354825961647,1627.5624790023255,1695.9667817561203,1763.675422782043,1830.426572515355,1895.9734522470424,shipments
1,Field Survey Technologies,GIS software,Software,Units,EU Europe,Germany,584.2614217215101,627.0244665776105,671.9483159513894,719.0029998686887,768.1373911173641,819.2779948363636,872.3281313334941,927.1675875111595,983.652801387386,1041.617627957339,1100.8747134124055,1161.2174793941927,1222.4226908845935,1284.2535523205217,1346.4632486557578,1408.7988235406037,1471.005267576467,1532.82967737572,1594.0253419935414,1654.3556175690003,1713.5974633367998,shipments
1,Field Survey Technologies,GIS software,Software,Units,EU Europe,Denmark,229.11520934159648,245.88452460020278,263.5011885986171,281.9534487605989,301.2212558043063,321.27578908567557,342.0791361444753,363.5841560126432,385.7345515732887,408.46516988947513,431.70254109739614,455.36565652170714,479.3669756608373,503.6136403129772,528.008863185862,552.4534487056258,576.8473962054944,601.0915308804143,625.0891062609661,648.7473236345857,671.9787186749751,shipments
1,Field Survey Technologies,GIS software,Software,Units,EU Europe,Spain,353.82219815130145,379.7190209914036,406.9244029384336,435.42019451042836,465.1754336381608,496.1456126537896,528.2721834144178,561.4823462094076,595.6891615042555,630.7920137377811,666.6774435338713,703.2203493435627,740.2855425306138,777.7296223440445,815.4031203456802,853.1528489924814,890.8243774379043,928.2645502121479,965.3239619196833,1001.8593036786627,1037.7355044901797,shipments
1,Field Survey Technologies,GIS software,Software,Units,EU Europe,Estonia,1834.045437546307,1968.282209645394,2109.3019277336257,2257.010513557116,2411.2474745235413,2571.782104121081,2738.3109167150906,2910.456553344354,3087.768360948006,3269.7247964688477,3455.7377406419087,3645.158726733598,3837.287001363259,4031.3792434661013,4226.660679982314,4422.337259787153,4617.608487063794,4811.6804769398605,5003.778783138531,5193.160560800762,5379.125666321702,shipments
1,Field Survey Technologies,GIS software,Software,Units,EU Europe,Finland,2987.175556178641,3205.811799395811,3435.4956699197296,3676.073939125508,3927.285206974236,4188.7537134990935,4459.985160766724,4740.364930708362,5029.159028527495,5325.517998349108,5628.483949241782,5937.0007001884505,6249.926909035448,6566.051902115878,6884.113778770965,7202.819239466452,7520.864487967043,7836.956495519661,8149.833893708712,8458.286784480666,8761.174818845577,shipments
1,Field Survey Technologies,GIS software,Software,Units,EU Europe,France,480.940615002307,516.1414417689716,553.1209563198995,591.8544885720287,632.2999526508903,674.3968505287864,718.0655993530885,763.207244513857,809.7036115341631,857.417936496634,906.195997245591,955.867746745516,1006.2494268653622,1057.1461169762697,1108.3546488119316,1159.666798830849,1210.8726535038536,1261.764032885702,1312.1378544021916,1361.799322299605,1410.5648383480323,shipments
1,Field Survey Technologies,GIS software,Software,Units,EU Europe,Greece,427.7529403947427,459.06087464707156,491.950789929967,526.4007444480386,562.3733066432279,599.8146690215765,638.6540498729216,678.8034380706353,720.1577281642549,762.5952810865615,805.9789302550138,850.1574342955639,894.9673570615757,940.2353343797238,985.780666553213,1031.4181576776898,1076.9611087584558,1122.2243626660625,1167.0272959190486,1211.1966554091714,1254.5691472073154,shipments
1,Field Survey Technologies,GIS software,Software,Units,EU Europe,Croatia,733.6286466928432,787.3241219713734,843.7328143735012,902.8170920605228,964.5127570791591,1028.7275255074392,1095.3400013587222,1164.1992388939514,1235.12497431573,1307.9085874233733,1382.3148271529644,1458.0843031085797,1534.9367099369301,1612.5747149680312,1690.68840455431,1768.9601537121516,1847.0697595443114,1924.6996635690696,2001.5400828539161,2077.293875213883,2151.6809792094864,shipments
1,Field Survey Technologies,GIS software,Software,Units,EU Europe,Hungary,154.97860233010516,166.32173859888482,178.2380403234149,190.7195578008154,203.75272925277187,217.31805975728378,231.38990448651776,245.93637624553915,260.9193944175438,276.29488811289883,292.0131606884227,308.01941608183034,324.2544399589025,340.65542097519506,357.15689006245344,373.6917491374067,390.19235553410846,406.5916252177722,422.82411673362043,438.8270589770523,454.54128914049005,shipments
1,Field Survey Technologies,GIS software,Software,Units,EU Europe,Ireland,156.49227205577728,167.94619627661018,179.97888403696206,192.58230798952707,205.74277389865193,219.4405964362232,233.64988030241386,248.3384268613491,263.4677835643844,278.9934490832944,294.86524138979865,311.0278292306934,327.4214199277575,343.9825886606924,360.64522692750825,377.34158130067505,394.0033484510705,410.56278913686026,426.9538227392311,443.1130650707484,458.98077548309175,shipments
1,Field Survey Technologies,GIS software,Software,Units,EU Europe,Italy,515.6567598037888,553.3985177395906,593.0473559903527,634.576823691459,677.9417970480267,723.0774110518528,769.8983382536802,818.2984811189331,868.1511348820673,919.3096634797294,971.6087124074206,1024.865959980063,1078.8843836973992,1133.4549928093002,1188.3599535819724,1243.3760120972092,1298.278102459319,1352.843017493295,1406.8530153430356,1460.099239147522,1512.3848378499126,shipments
1,Field Survey Technologies,GIS software,Software,Units,EU Europe,Lithuania,368.5490606006059,395.5237664843183,423.86149659917965,453.54334604164575,484.5370640326882,516.7962903968909,550.2600400881561,584.8524833108755,620.4830619148321,657.0469724966536,694.4260332500508,732.4899356229004,771.0978641289186,810.1004493607045,849.3420016731018,888.6629575187184,927.9024582976169,966.9009738706035,1005.5028802591414,1043.558903748759,1080.9283513868327,shipments
1,Field Survey Technologies,GIS software,Software,Units,EU Europe,Luxembourg,187.96571685706294,201.7232337536671,216.17591407378933,231.31411602444535,247.1213912098929,263.57409522416987,280.64112475123864,298.2838054233842,316.4559511844135,335.104110678863,354.16800935901733,373.5811878493661,393.2718280755917,413.16374933140537,433.1775474915832,453.23184268088994,473.2445945272769,493.134440194206,512.8220090474445,532.2311691855762,551.2901650283442,shipments
1,Field Survey Technologies,GIS software,Software,Units,EU Europe,Latvia,1147.766548532171,1231.7734512206869,1320.025198855496,1412.462916192537,1508.9861651374288,1609.4505669243154,1713.666196782374,1821.3968991706317,1932.360650264779,2046.2310624724373,2162.6400840512338,2281.181897124788,2401.417962236757,2522.883100588666,2645.092450364908,2767.549085317012,2889.752046034714,3011.2045103121695,3131.421820838293,3249.939096829596,3366.3181804343885,shipments
1,Field Survey Technologies,GIS software,Software,Units,EU Europe,Malta,45.62223556959019,48.96140128131825,52.46929408859014,56.143573776614595,59.98024806106523,63.97357807276563,68.11601454775958,72.39817060878084,76.80883617363519,81.33503775773592,85.9621457804302,90.67402950609225,95.45325755862078,100.28133968252524,105.13900324784552,110.00649607902174,114.86390568752988,119.69148403336978,124.46996661537163,129.180875023755,133.80679305070998,shipments
1,Field Survey Technologies,GIS software,Software,Units,EU Europe,Poland,289.66569658165855,310.86680060063884,333.13919038746246,356.468007399158,380.8279037367043,406.1824420463233,432.4836903760787,459.6720493593875,487.6763436970343,516.4142018567395,545.7927373848345,575.7095326616411,606.0539120125087,636.7084767025922,667.5508605279424,698.4556525431915,729.2964239403918,759.9477900317621,790.2874362248459,820.1980389958408,849.5690189769431,shipments
1,Field Survey Technologies,GIS software,Software,Units,EU Europe,Portugal,366.5661759767758,393.395751305978,421.5810174606073,451.1031712501516,481.9301354127089,514.0157992020131,547.2995056865195,581.7058330535772,617.144710378098,653.511898124806,690.689850334607,728.5489595474494,766.9491678990117,805.7419096260559,844.7723327320222,883.8817321606628,922.9101147708853,961.6988087348957,1000.0930273694514,1037.944300089392,1075.1126909047953,shipments
1,Field Survey Technologies,GIS software,Software,Units,EU Europe,Romania,120.25983221108007,129.06184515945645,138.30862132353738,147.9939919166639,158.1074333106702,168.63381789430215,179.55324587077527,190.840973509956,202.46745112873649,214.3984807300193,226.59549886129793,239.01598503808538,251.61399029845614,264.3407744832514,277.1455351007404,289.97620558099334,302.7802967704449,315.5057530004664,328.1017932067503,340.5197084553309,352.71358976777213,shipments
1,Field Survey Technologies,GIS software,Software,Units,EU Europe,Slovakia,732.5668066510189,786.1845641278077,842.5116116697334,901.5103719056942,963.1167398012981,1027.2385650045542,1093.754627235046,1162.5141992296858,1233.3372781014427,1306.0155456025113,1380.314091166856,1455.9738998352402,1532.7150719629713,1610.2407052336714,1688.2413345628415,1766.39979469118,1844.3963461769788,1921.9138901665774,1998.643092101345,2074.2872398742165,2148.566677401268,shipments
1,Field Survey Technologies,GIS software,Software,Units,EU Europe,Slovenia,2152.027867318016,2309.5382912486984,2475.0076721890186,2648.3256208214984,2829.3038187304082,3017.671560058386,3213.072741554273,3415.0645786589203,3623.1182851571034,3836.621894098536,4054.885319500824,4277.14766501258,4502.586682301005,4730.330175065484,4959.469041938389,5189.071561102181,5418.198448681875,5645.918177936734,5871.32203093898,6093.53837015716,6311.745662755761,shipments
1,Field Survey Technologies,GIS software,Software,Units,EU Europe,Sweden,2122.3822906897767,2277.7229065927395,2440.9128397216296,2611.843221443261,2790.3283275499552,2976.1011813327327,3168.810585093183,3368.0198539160233,3573.207485958364,3783.7699445107137,3999.026649971699,4218.22718782961,4440.560636754579,4665.166815514501,4891.149146201444,5117.588742068899,5343.559258485147,5568.142001093174,5790.440770142764,6009.595935473568,6224.797281396565,shipments
1,Field Survey Technologies,GIS software,Software,Units,EU Europe,Netherlands,94.84807295259846,101.79015786081604,109.08302434883605,116.72180713856608,124.69820631944033,133.00029085222954,141.61236590897275,150.51491628598413,159.6846363587038,169.09455441044227,178.71425572092772,188.5102046869544,198.44616168958504,208.48368571250825,218.58270919240513,228.7021675964861,238.8006631032588,248.83713977771214,258.7715469561832,268.56546824944803,278.1826955732626,shipments
2,Remote Sensing Technologies,Drones,Hardware,Units,EU Europe,Austria,314.93817720618995,352.18905046582904,393.24690853820067,438.35636332752614,487.74346544569886,541.6063763937466,600.1049674142164,663.3496415621045,731.3898248839339,804.2027269735772,881.683112436293,963.6349296990477,1049.765686270633,1139.6844156098055,1232.9039328590345,1328.8478203976445,1426.8622326075645,1526.2321949410823,1626.2016446784064,1725.9960786283493,1824.8463942267726,shipments
2,Remote Sensing Technologies,Drones,Hardware,Units,EU Europe,Belgium,98.47959058139706,110.12775207122193,122.96633864394184,137.07183921681903,152.5149386839728,169.35760115424296,187.64981756442683,207.4261103968458,228.70193492868745,251.47016471410612,275.69789317225855,301.3238159582209,328.2564721349995,356.3736084233818,385.52288455858115,415.5240576377152,446.17267341093014,477.2451629182497,508.5051091340867,539.7103287898112,570.6203273658214,shipments
2,Remote Sensing Technologies,Drones,Hardware,Units,EU Europe,Bulgaria,189.19414812182902,211.58646412867915,236.2690682470191,263.3893433194785,293.08352959481624,325.4711070132044,360.64852914143574,398.6824870979494,439.60297191803477,483.39649702198494,529.9999278150153,579.2954289378575,631.107065661601,685.1995696414303,741.279690204385,799.0003978228634,857.9679943247007,917.7519343279357,977.8969041634347,1037.936473788066,1097.4074688101268,shipments
2,Remote Sensing Technologies,Drones,Hardware,Units,EU Europe,Cyprus,12.204259795822399,13.647779088766843,15.238823944047027,16.986873387847552,18.90068717238083,20.98794431091075,23.254840019892917,25.705652559833492,28.342297253662842,31.163890943804773,34.16635562324046,37.34209404113197,40.67977173691087,44.16423825380137,47.77661455140693,51.49456370488716,55.292748354827346,59.14346231709607,63.01740718799987,66.88456997183974,70.71514695416717,shipments
2,Remote Sensing Technologies,Drones,Hardware,Units,EU Europe,Czechia,210.3501872159211,235.23039778179233,262.65332951024317,292.7823610056228,325.76847360958334,361.74402126285673,400.8157834803896,443.05749950679694,488.502181466019,537.1346074302537,588.8844896840451,643.6208835275244,701.1484304594429,761.2060002291739,823.4681974626183,887.5500273792145,953.0147803066346,1019.3849179822893,1086.15545896485,1152.8091052477332,1218.8321659542412,shipments
2,Remote Sensing Technologies,Drones,Hardware,Units,EU Europe,Germany,684.9083522668043,765.9192809864921,855.2094082407109,953.3107010896349,1060.7147606261972,1177.8525364048648,1305.071706659757,1442.612369225799,1590.5820128564458,1748.9310743655299,1917.4306942306773,2095.6545114402234,2282.9664311517413,2478.5162031607942,2681.244327533204,2889.8972463602495,3103.053016043723,3319.1567535150484,3536.564219653339,3753.5910721244672,3968.564713548841,shipments
2,Remote Sensing Technologies,Drones,Hardware,Units,EU Europe,Denmark,119.82674266694711,133.99984433343542,149.62141627919897,166.78452771534575,185.5751857075843,206.06878615551864,228.32615639488338,252.38930225227602,278.2770292031403,305.9806660214137,335.4601730565304,366.64095718802565,399.4117317412035,433.62374292716294,469.0916280976779,505.5960735877166,542.8883061576693,580.6962944142567,618.732373858471,656.7018638154937,694.3121384250527,shipments
2,Remote Sensing Technologies,Drones,Hardware,Units,EU Europe,Spain,722.7195249871683,808.2027574945369,902.4222514481959,1005.9393417767757,1119.272768990874,1242.877273722967,1377.1197281938112,1522.2534851222536,1678.3919673050543,1845.482875361945,2023.284715310919,2211.347588378215,2409.000283356022,2615.345610975385,2829.265580359687,3049.4374294585955,3274.3607146018667,3502.394713568764,3731.804415080072,3960.812490698186,4187.654005334094,shipments
2,Remote Sensing Technologies,Drones,Hardware,Units,EU Europe,Estonia,174.9595670356353,195.65377665804914,218.4629042635909,243.52284062686905,270.95916505216445,300.8819634323038,333.3800500343461,368.51475775502973,406.31354455380756,446.7637495344241,489.80691062262656,535.3341140670277,583.1828696923272,633.135981420907,684.9228004146491,738.2231058027791,792.6736626569033,847.8772767136305,903.4139277414347,958.8533511588671,1013.7682826284587,shipments
2,Remote Sensing Technologies,Drones,Hardware,Units,EU Europe,Finland,1299.012234162611,1452.659342070496,1622.0089598832794,1808.070028019122,2011.7749279155312,2233.941007969131,2475.227682360196,2736.090325919434,3016.732804179088,3317.0611145109483,3636.641196914894,3974.6644057254284,4329.924309484,4700.808304965656,5085.306921309019,5481.042633033099,5885.318550657357,6295.185648779942,6707.525427346286,7119.143325666174,7526.867058788305,shipments
2,Remote Sensing Technologies,Drones,Hardware,Units,EU Europe,France,971.4202883436892,1086.3198358165944,1212.9619491394426,1352.1011286673156,1504.4346228333306,1670.5736566854468,1851.0113497619516,2046.0882380006271,2255.9567750188503,2480.5466642806846,2719.533309389432,2972.311993326356,3237.980529056946,3515.3329883777787,3802.8666596805724,4098.8035947462495,4401.127020300534,4707.631612151046,5015.985310489155,5323.7991762539295,5628.700928506777,shipments
2,Remote Sensing Technologies,Drones,Hardware,Units,EU Europe,Greece,129.82577424727404,145.18156091379024,162.10668653833642,180.7019865614975,201.06064497248852,223.26434913777962,247.37900217533416,273.45011511916294,301.49806268158164,331.5134500596258,363.4528964643363,397.23558429688387,432.74094048331,469.8077983642658,508.23532756760824,547.7859136365638,588.19002426369,629.1529281939598,670.3629565504933,711.5008388105966,752.2495307316485,shipments
2,Remote Sensing Technologies,Drones,Hardware,Units,EU Europe,Croatia,122.53416742981918,137.02750317398093,153.0020366522006,170.55293992743057,189.76816335161323,210.72480635664493,233.48507064120602,258.0919111323415,284.5645582057202,312.8941447133037,343.03972632883347,374.92502453794185,408.43623819969497,443.42125250842133,479.69051664042803,517.0197616491298,555.154593389147,593.8168340551883,632.7123195141024,671.5397109299756,709.9997707089386,shipments
2,Remote Sensing Technologies,Drones,Hardware,Units,EU Europe,Hungary,101.96091638355817,114.02084893074493,127.31328896117135,141.91742933146085,157.90645369861616,175.34451664820065,194.28337633331623,214.75877563137072,236.7867161749431,260.35981959309686,285.44401603320546,311.9758339967602,339.8605793355206,368.9716770271311,399.1514014666409,430.2131380322687,461.94520486637765,494.11612968217673,526.4811379387156,558.7894850110777,590.7921747218919,shipments
2,Remote Sensing Technologies,Drones,Hardware,Units,EU Europe,Ireland,81.83265389232682,91.5118164685655,102.18017531601306,113.90128970675795,126.73389599867622,140.72948392118795,155.9295939701922,172.3629129662843,190.0422836349614,208.96178418092617,229.09407053395034,250.38820120239447,272.7681757565505,296.13240654535326,320.35430481992046,345.2840958401153,370.7518861918167,396.5718988910345,422.5476807182242,448.4779869334018,474.16297608038934,shipments
2,Remote Sensing Technologies,Drones,Hardware,Units,EU Europe,Italy,593.0871034360051,663.2374190249498,740.5569943569903,825.5064790968565,918.5115685471222,1019.9454376327824,1130.1091536077543,1249.210625937568,1377.342933051224,1514.4631563795106,1660.3731181213102,1814.7036167380684,1976.9038345235076,2146.2375088385816,2321.7871800772373,2502.4673467609023,2687.0466961057296,2874.1787981955517,3062.439846451964,3250.3713074626685,3436.524818199542,shipments
2,Remote Sensing Technologies,Drones,Hardware,Units,EU Europe,Lithuania,119.3310069766492,133.44547304826182,149.00241692703702,166.09452278708213,184.80744187393438,205.2162581665239,227.38154735157434,251.34514147321207,277.1257682066742,304.7147921996617,334.0723394498053,365.1241254361335,397.7593238884917,431.82979642786637,467.1509472705755,503.50437007501694,540.6423208023331,578.2938934813958,616.1726137111324,653.9850199413078,691.4396969352521,shipments
2,Remote Sensing Technologies,Drones,Hardware,Units,EU Europe,Luxembourg,9.608758300319936,10.745281794559206,11.997956329117052,13.374245008930112,14.881044634229445,16.52440110895942,18.30919210194519,20.238786008471447,22.314690816356613,24.536211190706755,26.900136401461506,29.40048491854286,32.02833280113928,34.771751666888065,37.615877514272775,40.54312385172781,43.533541860835875,46.565317680601126,49.61538385061342,52.660110292001484,55.676031698931276,shipments
2,Remote Sensing Technologies,Drones,Hardware,Units,EU Europe,Latvia,193.20815483424474,216.0608065905519,241.24896596195666,268.9226973677186,299.2206782524414,332.2644766594547,368.1521703386763,406.95148931487813,448.6927554605439,493.3619873258703,540.89462514036,591.1703952585179,644.0098594965375,699.1731678473294,756.3614423272159,815.2210624704508,875.3509073124868,936.3123545359454,997.6415750670525,1058.8634269785566,1119.506081517864,shipments
2,Remote Sensing Technologies,Drones,Hardware,Units,EU Europe,Malta,0.010175437583837026,0.011378987877927673,0.012705539253335984,0.014162994953758059,0.015758658520201585,0.017498932415534397,0.01938898197050306,0.021432374232472684,0.02363070612327686,0.02598324130044636,0.028486579680192345,0.031134386969980617,0.03391721293702442,0.03682242571918152,0.03983428470617228,0.04293416623803445,0.0461009450090488,0.049311520679495256,0.05254146537885349,0.05576575543755658,0.05895954167661206,shipments
2,Remote Sensing Technologies,Drones,Hardware,Units,EU Europe,Poland,539.377445530877,603.1749852284039,673.4925402561844,750.749044086228,835.3316412771444,927.5797122278901,1027.7670596993244,1136.0827649845144,1252.6114773786105,1377.3141649955817,1510.0105969123344,1650.3650062885542,1797.8764571813695,1951.8753625112627,2111.5273473342786,2275.845212618031,2443.709152620407,2613.894669414269,2785.10689560031,2956.019381789241,3125.314927951279,shipments
2,Remote Sensing Technologies,Drones,Hardware,Units,EU Europe,Portugal,298.0254040601102,333.27583528213273,372.12880906387323,414.81580118969094,461.5507229279663,512.5210941339826,567.8782006635242,627.7265167196443,692.1128140770979,761.0155262174817,834.3350690849101,911.8859194449878,993.3912922040489,1078.4812164603068,1166.6946701004517,1257.486190215435,1350.237043928072,1444.2706521701616,1538.8715542136354,1633.3068391470658,1726.8487066622326,shipments
2,Remote Sensing Technologies,Drones,Hardware,Units,EU Europe,Romania,370.79986226600903,414.65805309093304,462.9984869285412,516.1091633513166,574.2562283581306,637.6729920479343,706.5476825842442,781.0102855977304,861.1189940055104,946.8469749874795,1038.0703271791797,1134.558224654956,1235.9662945083028,1341.8342230963024,1451.5884118807505,1564.5502020332683,1679.9497730536093,1796.9453328600143,1914.6467132459807,2032.1420346827554,2148.525776196728,shipments
2,Remote Sensing Technologies,Drones,Hardware,Units,EU Europe,Slovakia,169.381456208257,189.41588713600072,211.49780762840638,235.75877595164056,262.3203676547807,291.2891588408138,322.7511321750004,356.7656651211683,393.35934021627435,432.51990022236896,474.1907469697285,518.2664391262575,564.5896670747786,612.9501594449803,663.0858963022104,714.6868661488461,767.4014148161026,820.8450115014017,874.6110271780602,928.2829150827566,981.4470330415166,shipments
2,Remote Sensing Technologies,Drones,Hardware,Units,EU Europe,Slovenia,212.21253611245896,237.31302522101294,264.9787476373175,295.37452844869165,328.6526857197958,364.946745195479,404.3644317699838,446.98013754306476,492.8271669136223,541.8901631855385,594.0982163465532,649.3192223694844,707.356093134042,767.9453864561489,830.758826052856,895.4080085675782,961.4523578908471,1028.410107844386,1095.7718061012324,1163.015574723668,1229.6231748398156,shipments
2,Remote Sensing Technologies,Drones,Hardware,Units,EU Europe,Sweden,952.8754384671035,1065.5815019410225,1189.8059604055086,1326.2889104647802,1475.7142897660121,1638.6816547963026,1815.6747112203382,2007.0274939918056,2212.889546320011,2433.1919136614815,2667.616196310611,2915.5692215683207,3176.1660255560455,3448.223701781729,3730.268226077036,4020.555592053429,4317.10752754481,4617.760808988739,4920.227896646398,5222.165457377156,5521.246498151681,shipments
2,Remote Sensing Technologies,Drones,Hardware,Units,EU Europe,Netherlands,116.95092985675987,130.78388051500576,146.03053851654437,162.7817394339522,181.12142618418568,201.1231851835142,222.84638392634287,246.3320201096017,271.59844788187735,298.63720412443314,327.40921012862196,357.8416629908088,389.8259468895446,423.21687809084386,457.8335426051559,493.4618902423069,529.8591182602019,566.7597239531331,603.8829467004161,640.9411780920768,677.6488152176355,shipments
3,Decision Support Systems,Total,Software,Units,EU Europe,Austria,5178.910136762669,5823.374501148545,6538.064062982403,7328.089792625111,8198.29872664805,9153.08946481289,10196.200554597735,11330.476622919774,12557.62051289596,13877.943417867338,15290.128691353875,16791.028109441504,18375.51121711899,20036.388327277793,21764.425204374238,23548.462182711308,25375.64260691647,27231.745726375935,29101.608706014064,30969.612739287353,32820.20091399313,shipments
3,Decision Support Systems,Total,Software,Units,EU Europe,Belgium,2727.3020115293225,3066.6878882742853,3443.05554635976,3859.096509557731,4317.363309625267,4820.172323881363,5369.492334905358,5966.821371531204,6613.056179857122,7308.3606395803035,8052.041382308824,8842.440499875358,9676.856207560202,10551.502294057205,11461.515854139561,12401.02001836954,13363.244253732852,14340.699671499955,15325.401265267925,16309.123906316834,17283.675060537556,shipments
3,Decision Support Systems,Total,Software,Units,EU Europe,Bulgaria,3191.164035058316,3588.5279140920675,4029.225285663411,4516.414388289042,5053.091161392268,5641.97528922995,6285.379455992881,6985.064806314366,7742.087707838704,8556.64522443711,9427.928992632033,10353.999115170966,11331.690839199602,12356.566753584373,13422.925675391736,14523.87613023539,15651.477466403565,16796.94560323034,17950.913930809085,19103.73388439552,20245.795172614362,shipments
3,Decision Support Systems,Total,Software,Units,EU Europe,Cyprus,205.0536260749956,230.5705304629231,258.8679293947359,290.1481864908835,324.6032151845853,362.40717351430175,403.7080854264609,448.6185810012912,497.2060825625146,549.4829114907515,605.3969365213413,664.8235069628789,727.5594877202017,793.3202105189008,861.7400552898386,932.3771665351343,1004.7224981941856,1078.2129942567774,1152.2482978463222,1226.2099983644246,1299.4821358555248,shipments
3,Decision Support Systems,Total,Software,Units,EU Europe,Czechia,4386.913455590479,4932.821632622541,5538.21565811897,6207.424895605129,6944.555137495486,7753.332317619872,8636.92325753011,9597.737563064034,10637.217666159107,11755.627170202739,12951.850779890121,14223.221720651878,15565.394124047018,16972.27780231691,18436.050686514835,19947.259728351994,21495.01440589266,23067.268709345415,24651.17861487868,26233.51385767292,27801.096601915746,shipments
3,Decision Support Systems,Total,Software,Units,EU Europe,Germany,11403.590080269521,12822.654562703656,14396.349912222757,16135.930120374984,18052.068015362496,20154.448999573953,22451.30508743133,24948.899944153414,27650.98310861305,30558.239806312005,33667.77087577759,36972.64415289635,40461.562742312235,44118.695466726145,47923.70919927085,51852.031153456344,55875.3518927796,59962.358340482955,64079.66301713712,68192.87442672042,72267.73736012721,shipments
3,Decision Support Systems,Total,Software,Units,EU Europe,Denmark,1959.6009592305686,2203.454000370594,2473.8789187294124,2772.8096081490244,3102.080094952319,3463.354725514233,3858.0480949968282,4287.236556047355,4751.564432069249,5251.149472695833,5785.493483975655,6353.405237940098,6952.943468126563,7581.387733866568,8235.243976303851,8910.289590483491,9601.659862877897,10303.973932300472,11011.49447074702,11718.311619294245,12418.538938658598,shipments
3,Decision Support Systems,Total,Software,Units,EU Europe,Spain,12068.952322405858,13570.814583357302,15236.32991753257,17077.408950136123,19105.34723404301,21330.395283243062,23761.265423317676,26404.586783896826,29264.32767720226,32341.213309406117,35632.17536243116,39129.87720302527,42822.36279887901,46692.87727519544,50719.901133553576,54877.427845615515,59135.496211704245,63460.9661392879,67818.50209854112,72171.70596195666,76484.32384083986,shipments
3,Decision Support Systems,Total,Software,Units,EU Europe,Estonia,2914.0185602749452,3276.639472718537,3678.7740131955165,4123.297972576801,4612.938634047141,5150.170958748215,5737.098516051176,6375.321892839146,7065.799228241207,7808.705621486285,8603.300234796006,9447.811656295045,10339.353131679774,11273.879238047773,12246.194145957395,13250.018643738846,14278.118674150497,15322.492644166916,16374.608877881406,17425.679137816343,18466.95001259714,shipments
3,Decision Support Systems,Total,Software,Units,EU Europe,Finland,21485.327862052807,24158.965326033882,27123.94041733483,30401.456607534932,34011.62240733342,37972.685933712026,42300.15699784214,47005.83687457641,52096.79001216731,57574.30743339458,63432.926872925396,69659.58754746932,76233.00515104555,83123.35240712808,90292.3199855737,97693.61067905508,105273.88711569403,112974.15281142086,120731.50293214594,128481.14099163191,136158.5272797141,shipments
3,Decision Support Systems,Total,Software,Units,EU Europe,France,15948.206173507437,17932.80337316636,20133.655711049352,22566.50217603812,25246.26898552775,28186.501417196618,31398.712149271552,34891.66107434851,38670.59201639683,42736.46328043278,47085.22031656716,51707.168319766475,56586.508299099725,61701.099956839804,67022.50690609906,72516.36348988336,78143.07825262229,83858.85907266442,89617.01272429718,95369.44183947168,101068.2396508026,shipments
3,Decision Support Systems,Total,Software,Units,EU Europe,Greece,2202.178766595447,2476.218226945142,2780.1188809854057,3116.0540180972416,3486.0846976032753,3892.081294300925,4335.6335152244465,4817.950954058706,5339.757694608205,5901.186062661551,6501.676193141941,7139.889396697188,7813.644098673479,8519.88309671148,9254.67980454053,10013.28890351417,10790.243480184761,11579.496579841802,12374.600654147289,13168.91426634689,13955.82229842894,shipments
3,Decision Support Systems,Total,Software,Units,EU Europe,Croatia,2061.56222196678,2318.103338135339,2602.598910022531,2917.083455149479,3263.486427246828,3643.5587713703417,4058.788686396299,4510.308529371495,4998.796148906376,5524.375421341465,6086.522230874162,6683.983367984289,7314.716558920542,7975.859814009555,8663.737272762753,9373.906621140466,10101.250026564616,10840.106652786026,11584.44064918278,12328.03465714621,13064.695956269798,shipments
3,Decision Support Systems,Total,Software,Units,EU Europe,Hungary,1618.5167228209473,1819.9251897523195,2043.2804859260332,2290.1798954772557,2562.1382177633295,2860.53010634712,3186.5239347768415,3541.0087079037216,3924.516599484082,4337.144863884808,4778.482021800467,5247.5441880278895,5742.727989074955,6261.786498752614,6801.833827123558,7359.382347433368,7930.414088493031,8510.4847710871,9094.855695086164,9678.64565982954,10256.992807920491,shipments
3,Decision Support Systems,Total,Software,Units,EU Europe,Ireland,1360.5272675566175,1529.8314874718183,1717.5842406641864,1925.128206260412,2153.7367265753965,2404.5653371864682,2678.596174421676,2976.57653691812,3298.9537706292535,3645.8096277026902,4016.7982180977624,4411.092486629816,4827.344635450769,5263.665895476378,5717.630383862486,6186.306397011877,6666.316423104113,7153.924595235875,7645.147555899678,8135.88216145565,8622.041528236805,shipments
3,Decision Support Systems,Total,Software,Units,EU Europe,Italy,10084.61097609611,11339.541498379942,12731.217740956408,14269.592019358817,15964.10270515927,17823.314953238736,19854.50863444585,22063.22293657775,24452.773713730043,27023.766935826887,29773.63876854918,32696.258846124852,35781.63691161715,39015.77287705104,42380.68541611258,45854.643916722074,49412.6133107934,53026.90230152066,56667.985122093,60305.448117176995,63908.99815493406,shipments
3,Decision Support Systems,Total,Software,Units,EU Europe,Lithuania,1992.4218793391622,2240.359160764842,2515.313365863912,2819.2507788357007,3154.036143701585,3521.361682603322,3922.6656834423484,4359.042526456722,4831.147326679086,5339.099805905156,5882.393426043921,6459.8170075147755,7069.3967700154135,7708.366708822377,8373.174243865664,9059.52604672024,9762.475925854902,10476.552897237227,11195.923539633846,11914.57901121035,12626.534282022396,shipments
3,Decision Support Systems,Total,Software,Units,EU Europe,Luxembourg,152.1859504257199,171.12399322228424,192.12565329260482,215.34112012856824,240.91282734031333,268.9700309040195,299.6225906909996,332.9540980823682,369.01459233181674,407.8132180765611,449.31128472521254,493.41627948340675,539.9774402889756,588.7834930829024,639.5630832991571,691.9882762399587,745.6812699613666,800.2241776125229,855.1714285219547,910.0640529729516,964.4449000579423,shipments
3,Decision Support Systems,Total,Software,Units,EU Europe,Latvia,3163.3416513020397,3556.9883670792146,3993.5294923347833,4476.086870274008,5007.621130115533,5590.818990390102,6227.964001621,6920.793696719966,7670.348193089166,8476.817571427302,9339.397607961359,10256.165329020809,11223.986989937644,12238.471041893747,13293.97710088131,14383.688706606223,15499.752856725849,16633.483342840835,17775.618519840547,18916.618229665095,20046.980120074953,shipments
3,Decision Support Systems,Total,Software,Units,EU Europe,Malta,0.17032278220441507,0.191517775103523,0.21502231782958947,0.24100449877740027,0.26962372614916064,0.30102466006242956,0.3353302529900359,0.37263405835501173,0.41299207886249734,0.456414548966123,0.5028581671051864,0.5522193952298111,0.6043295041385988,0.6589520410877933,0.7157833127041179,0.774456302518896,0.8345481838649209,0.8955912680305493,0.9570868832512618,1.0185213618798212,1.0793830718355588,shipments
3,Decision Support Systems,Total,Software,Units,EU Europe,Poland,9024.719382854504,10147.75683421833,11393.168044507762,12769.859341900523,14286.277126071445,15950.086354990119,17767.801785815554,19744.380438267854,21882.78967051267,24183.571765096443,26644.43234642761,29259.885349556476,32020.990492539546,34915.21909523144,37926.47966689452,41035.325480579966,44219.3526513245,47453.78023481477,50712.18561934435,53967.35162167817,57192.16891506886,shipments
3,Decision Support Systems,Total,Software,Units,EU Europe,Portugal,5025.280039341336,5650.626651059068,6344.115260547539,7110.705223473847,7955.099791195689,8881.567080942299,9893.734737820796,10994.363004138699,12185.104208918867,13466.260314088391,14836.55373090751,16292.92962614356,17830.40973748269,19442.01765673059,21118.793077890296,22849.907381852387,24622.885300286234,26423.927934906922,28238.322249489993,30050.91276253669,31846.604050820617,shipments
3,Decision Support Systems,Total,Software,Units,EU Europe,Romania,6195.742192059574,6966.741291920459,7821.753670112941,8766.893789694106,9807.96035892471,10950.215602753571,12198.13209856385,13555.112989979607,15023.195457926471,16602.751795736836,18292.206845330544,20087.794257568614,21983.376259109136,23970.35153295881,26037.672785139082,28171.989250762672,30357.91998672825,32578.45212695901,34815.44575117279,37050.2154417555,39264.14982782661,shipments
3,Decision Support Systems,Total,Software,Units,EU Europe,Slovakia,2815.271392622637,3165.604192518338,3554.111624565536,3983.572027886851,4456.620266389564,4975.647432359428,5542.685811641751,6159.281752130428,6826.360924552828,7544.092494561083,8311.76072910103,9127.654244022568,9988.984108287532,10891.841985990484,11831.208118442366,12801.016077232875,13794.27694517302,14803.260278727883,15819.723514367262,16835.1762210762,17841.161613792752,shipments
3,Decision Support Systems,Total,Software,Units,EU Europe,Slovenia,4033.9011485379233,4535.88042043798,5092.558750085888,5707.917119708488,6385.730931055561,7129.426294285809,7941.915198711175,8825.413350626111,9781.247110331118,10809.65886920637,11909.623079094483,13078.687559183769,14312.85615047247,15606.528738975421,16952.51269296475,18342.115645304573,19765.323427858337,21211.059366051828,22667.51298698409,24122.51865734796,25563.958953912508,shipments
3,Decision Support Systems,Total,Software,Units,EU Europe,Sweden,15692.956502480549,17645.79039429013,19811.41827939695,22205.32724551648,24842.20461721546,27735.378881165576,30896.178456166737,34333.22303348571,38051.67251013929,42052.46985355419,46331.625406564206,50879.59952865832,55680.84609039944,60713.57914762532,65949.81743537987,71355.74531605966,76892.40499194266,82516.70523052597,88182.70012716702,93843.06210806449,99450.65114953341,shipments
3,Decision Support Systems,Total,Software,Units,EU Europe,Netherlands,2660.865913150919,2991.984471718301,3359.1839487027046,3765.0903033228133,4212.193888578004,4702.754655666953,5238.693428331817,5821.471743961677,6451.964504241577,7130.331596818094,7855.896543504528,8627.041822181613,9441.131462635954,10294.471484310228,11182.317440604025,12098.935620510361,13037.720418769735,13991.365373294866,14952.079989573585,15911.839500070208,16862.650937866823,shipments
4,Telematics Systems,Total,Hardware,Units,EU Europe,Austria,154.4767182231883,165.18660873022122,176.3067141310417,187.80855891762815,199.65816120357206,211.81626229109514,224.23871447733077,236.87702523877869,249.6790478623459,262.58980045816594,275.5523877514906,288.50899376477827,301.40190904301784,314.1745538682712,326.7724591668211,339.14416950915427,351.24203747921183,363.02288528496643,374.4485171981683,385.4860745839571,396.10823326186966,shipments
4,Telematics Systems,Total,Hardware,Units,EU Europe,Belgium,45.08071440604321,47.91304265184492,50.82625411919988,53.811095137032574,56.857235816833935,59.95339304183347,63.087483916591694,66.2468057918168,69.41823750122194,72.58845522121578,75.74415549649837,78.87227754294763,81.96021698290737,84.99602368311939,87.96857730519301,90.86773545890371,93.68445085953752,96.41085550844588,99.0403115179999,101.56742967831948,103.98805812620174,shipments
4,Telematics Systems,Total,Hardware,Units,EU Europe,Bulgaria,47.54529311568064,49.45948556829697,51.392284924756694,53.3394207499796,55.296492181324915,57.25900711476563,59.222423161648884,61.18218958906346,63.133789423961694,65.07278089568692,66.99483741372161,68.89578532616541,70.77163877721901,72.6186310751789,74.43324209162463,76.21222133249441,77.95260644722028,79.65173706771782,81.30726398985014,82.91715382168417,84.47968932190308,shipments
4,Telematics Systems,Total,Hardware,Units,EU Europe,Cyprus,0.07580823306207624,0.07865372156580953,0.08156862456974408,0.0845518669521696,0.08760215387591601,0.09071796629986459,0.09389755777959627,0.09713895266881836,0.10043994582282766,0.10379810389237996,0.10721076828100436,0.1106750598211587,0.11418788520487232,0.1177459451829393,0.12134574452365425,0.12498360369793064,0.12865567223287475,0.1323579436510108,0.1360862718879099,0.13983638905751375,0.1436039244125283,shipments
4,Telematics Systems,Total,Hardware,Units,EU Europe,Czechia,152.87186711019274,164.08660731365399,175.74554655591962,187.81326678776148,200.2475629398028,212.99982564872064,226.01564706014148,239.23564166884017,252.59646115660902,266.0319696359698,279.4745347986922,292.8563823089361,306.1109562358384,319.1742278830087,331.98589909060723,344.4904535544499,356.6380201297531,368.385024395812,379.69461776227087,390.53688594378247,400.88884973514024,shipments
4,Telematics Systems,Total,Hardware,Units,EU Europe,Germany,687.7137511374383,723.5151664649884,760.1529937144788,797.5445223895283,835.5990523633402,874.2186463647174,913.2990446615672,952.7307264660885,992.4000968986135,1032.190773297348,1071.9849405531293,1111.6647422379638,1151.1136727693022,1190.217935807662,1228.8677355261707,1266.9584702235381,1304.3918017957924,1341.07657958427,1376.929602775863,1411.8762115203099,1445.8507029238754,shipments
4,Telematics Systems,Total,Hardware,Units,EU Europe,Denmark,34.042064369592026,35.74402255060251,37.45369696304417,39.16403988266358,40.86799256677222,42.55860133435723,44.22912999610754,45.87316481625228,47.48470862372426,49.058261306948744,50.58888467188589,52.0722504561748,53.504671111456,54.88311373441563,56.2051981982084,57.46918107655658,58.673927344645996,59.81887207986052,60.903974479614774,61.92966648063605,62.89679812766168,shipments
4,Telematics Systems,Total,Hardware,Units,EU Europe,Spain,150.73629121326795,163.91012708340415,177.78420447096653,192.3200176560027,207.46645765307855,223.159920887112,239.32490630158907,255.8751236189542,272.71510112723445,289.74224390716887,306.849256837922,323.9268153810207,340.86634505146475,357.56276060048265,373.91701961192535,389.83836194716866,405.2461339901234,420.07113133811197,434.25643116953177,447.75772175271055,460.5431678781793,shipments
4,Telematics Systems,Total,Hardware,Units,EU Europe,Estonia,91.7152289552061,97.28248239840227,103.00333015317753,108.86075428018746,114.8358153805315,120.90786262316045,127.05479491467534,133.25336710831965,139.47953280926555,145.70881335739358,151.9166811166796,158.07894439359754,164.17212121451732,170.17378982187404,176.06290504695917,181.82007157418508,187.42776737573192,192.87051308952084,198.13498565426207,203.2100769317538,208.08690019461352,shipments
4,Telematics Systems,Total,Hardware,Units,EU Europe,Finland,551.6507577731861,586.1177505554031,621.5716495263878,657.9023877175468,694.9869633549511,732.6908618139686,770.8698384815946,809.3720189917711,848.0402559898118,886.7146670269404,925.2352676233221,963.4446078972394,1001.1903209455198,1038.3274963951035,1074.7208027575462,1110.2462965068646,1144.7928729469254,1178.2633325436373,1210.5750550568735,1241.6602912300161,1271.466096933567,shipments
4,Telematics Systems,Total,Hardware,Units,EU Europe,France,448.0555341906789,467.64693200217744,487.0231992024984,506.1031821186716,524.8107773903026,543.0760621011818,560.8362124131941,578.036190569974,594.6291924516913,610.5768595474714,625.8492694851536,640.4247275546443,654.2893876620657,667.4367347779828,679.8669623218622,691.5862773411948,702.6061641816556,712.9426340326299,722.6154836951378,731.6475825418863,740.0642022445724,shipments
4,Telematics Systems,Total,Hardware,Units,EU Europe,Greece,12.346433125643006,12.830689567464686,13.298615164354285,13.748411394023313,14.178620763819,14.588129762766151,14.976160780953942,15.34225468699065,15.686246031033512,16.008232934697013,16.308543666548776,16.587701719611054,16.846390945414953,17.085421995839475,17.305701011676824,17.508201200484287,17.693937682679497,17.86394576351282,18.019262612927786,18.16091220427742,18.289893272258333,shipments
4,Telematics Systems,Total,Hardware,Units,EU Europe,Croatia,44.231565030863656,47.379398512401735,50.65606771831053,54.05381512996085,57.563158932921105,61.172937681485784,64.87040420402799,68.64136949429842,72.47039483083398,76.3410277358758,80.23607483270813,84.13790240468879,88.02875370612287,91.8910709914235,95.70780992065818,99.4627344971158,103.14068194678562,106.72778883859294,110.2116720896136,113.5815610901716,116.8283798019104,shipments
4,Telematics Systems,Total,Hardware,Units,EU Europe,Hungary,46.28008243263802,48.24559756236106,50.21565402876429,52.18406687101035,54.14467173026223,56.09140176568467,58.01836199493748,59.91989914643144,61.790665309959095,63.625673941581915,65.42034710026424,67.17055314750556,68.87263450610335,70.52342542999382,72.12026006601414,73.66097137599469,75.14388172354532,76.56778610834283,77.93192914996717,79.23597698540186,80.47998525424728,shipments
4,Telematics Systems,Total,Hardware,Units,EU Europe,Ireland,33.29502375461945,35.68976912427558,38.18595511511698,40.77806295518033,43.459235481876334,46.22129848788015,49.05481959821976,51.94920590332571,54.89283969989536,57.873249667483044,60.877312786222625,63.89148044858971,66.90202070142784,69.89526751625434,72.85786752698192,75.7770148399939,78.64066529555426,81.4377228658752,84.15819258879706,86.79329639956762,89.3355502668573,shipments
4,Telematics Systems,Total,Hardware,Units,EU Europe,Italy,133.152435657775,138.11458698338447,143.12130126484774,148.16304535371415,153.23001144913735,158.31219221047672,163.39945920579459,168.48164340123063,173.54861633745418,178.590370619502,183.59709836618805,188.55926632404118,193.46768644581454,198.3135808609062,203.08864031913188,207.78507536383103,212.39565967829463,216.91376524380019,221.33338914108762,225.6491720133937,229.85640838242452,shipments
4,Telematics Systems,Total,Hardware,Units,EU Europe,Lithuania,58.04473525529836,62.797143517721864,67.77689605582023,72.96948998766612,78.35656806566939,83.91602048741143,89.6222275095266,95.44644492728418,101.3573252242202,107.321557555719,113.30460069705543,119.27147567429182,125.18757988939424,131.01948275648556,136.73566441055172,142.3071637382989,147.70810923161758,152.91611510957387,157.91253478515944,162.68257307197328,167.2152666876949,shipments
4,Telematics Systems,Total,Hardware,Units,EU Europe,Luxembourg,2.502893993895087,2.6401840695014047,2.78044879296136,2.9232794582120447,3.0682340277304805,3.214842174283669,3.3626111064469937,3.5110320336618637,3.659587095840636,3.8077565596105423,3.955026069926002,4.100893742985281,4.2448768943768,4.386518214542352,4.525391230610484,4.661104927440827,4.793307438936591,4.921688760759448,5.0459824750103905,5.165966513982629,5.281463021938483,shipments
4,Telematics Systems,Total,Hardware,Units,EU Europe,Latvia,137.53783182936365,148.3541296112054,159.62693414617098,171.31657194545753,183.37540584023537,195.74836025239844,208.3737463244496,221.1843711865102,234.1088956454485,247.0733859004945,260.00298959726337,272.8236564309485,285.46381983543716,297.85595950595575,309.93797419832094,321.65430923958957,332.95680169961025,343.80522614329664,354.1675432635155,364.0198707382973,373.3462091117481,shipments
4,Telematics Systems,Total,Hardware,Units,EU Europe,Malta,0.0,0.0,0.0,0.0,0.0,0.0,0.0,0.0,0.0,0.0,0.0,0.0,0.0,0.0,0.0,0.0,0.0,0.0,0.0,0.0,0.0,shipments
4,Telematics Systems,Total,Hardware,Units,EU Europe,Poland,363.62742952126746,390.5350718762716,418.6612973198685,447.9507537239485,478.33214754572083,509.71823813345884,542.0062715403532,575.0788814117051,608.8054630108296,643.0440020750725,677.6433146781937,712.4456296783102,747.2894238191942,782.0124031432374,816.4545146706344,850.4608702741155,883.8844705370623,916.5886295335064,948.4490206067683,979.3552865126871,1009.2121826096575,shipments
4,Telematics Systems,Total,Hardware,Units,EU Europe,Portugal,118.84263096115573,126.58141032725041,134.57576787422093,142.80327565814164,151.2381637570538,159.8515621503955,168.61183617762697,177.4850098071965,186.43526635137525,195.4255119821309,204.41798378888407,213.3748814824794,222.25900042641732,231.03434359602966,239.66669133621104,248.124110292656,256.37738640598013,264.4003710779917,272.1702341964771,279.6676222867602,286.8767243248914,shipments
4,Telematics Systems,Total,Hardware,Units,EU Europe,Romania,151.85800983070567,161.86688220983237,172.2278829206791,182.914562213491,193.89599330557965,205.13700670634907,216.5985463515901,228.23814395403508,240.0105021241716,251.86817107043538,263.762298496384,275.64342810323416,287.46231924297155,299.1707590049478,310.72233847158503,322.07316700546164,333.1825020396537,344.01327661885335,354.5325124765488,364.7116122898131,374.52653049327665,shipments
4,Telematics Systems,Total,Hardware,Units,EU Europe,Slovakia,64.23006781490763,67.80724423970466,71.46849640514237,75.2036230145035,79.00148294021528,82.85011424167362,86.73687540199897,90.64860555108746,94.57179954995199,98.49279309092168,102.3979524723772,106.2738634724945,110.1075137917457,113.88646385521288,117.59900133877302,121.23427556528412,124.78240885157024,128.2345829096204,131.5830994493289,134.82141513253487,137.94415193509954,shipments
4,Telematics Systems,Total,Hardware,Units,EU Europe,Slovenia,33.46309927814763,36.7096193800081,40.18265343301604,43.881154056902034,47.80074008418439,51.93337667355223,56.267148023622994,60.78615039111962,65.47052925955687,70.2966776174686,75.23760260477367,80.26345595030561,85.34221077119653,90.44045487421582,95.52426024020416,100.56008128494197,105.51563176394265,110.36069221411896,115.06780631229832,119.61283456820931,123.97534600379588,shipments
4,Telematics Systems,Total,Hardware,Units,EU Europe,Sweden,651.2613633755726,687.6941696707719,724.9759236120237,763.0002118233942,801.6509938668536,840.803879441761,880.32763611003,920.085891824636,959.9389871987498,999.7459250566494,1039.366359906285,1078.6625679406836,1117.5013391683271,1155.7557372143483,1193.3066789225916,1230.0442946280205,1265.869040223628,1300.6925432033902,1334.4381760019924,1367.0413605069666,1398.4496170298933,shipments
4,Telematics Systems,Total,Hardware,Units,EU Europe,Netherlands,24.287091657710818,26.6594053734975,29.213199049088704,31.952572613779818,34.8797981628016,37.99500544151567,41.29588637645645,44.77743653636778,48.43175281642376,52.247906730470405,56.21191112819744,60.30679471688639,64.5127934530859,68.80766092455949,73.16709178345448,77.5652438712392,81.97533679956966,86.37029834708072,90.72342590227284,95.00902886413823,99.20301957938202,shipments
1,Field Survey Technologies,Sensors,Hardware,Units,EU Europe,Austria,245064.926059075,280672.44633048243,310952.2677627145,344582.48022769275,381392.46162168734,421585.3640757035,465357.2457976925,512892.352982679,564357.8475273293,619898.0720684333,679628.488668935,743629.4734802998,811940.1932077438,884552.8258456733,961407.4133647949,1042387.6435885436,1127317.849122242,1215961.4811527405,1308021.2654156075,1403141.1789050363,1500910.3031571,installed_base
1,Field Survey Technologies,Sensors,Hardware,Units,EU Europe,Belgium,54634.85294173541,60555.60101895659,67036.97428779228,74114.33127280863,81821.45554151549,90189.60741628951,99246.45575826266,109014.90780136608,119511.86583753086,130746.95133034082,142721.24891180123,155426.13354006116,168842.25246815462,182938.7380837184,197672.72669251342,212989.2508157601,228821.55800350863,245091.88777256446,261712.71121563335,278588.40716886125,295617.3173826732,installed_base
1,Field Survey Technologies,Sensors,Hardware,Units,EU Europe,Bulgaria,60178.46043844762,66671.74638289891,73772.91151287575,81518.62954137019,89943.44751048127,99078.709866083,108951.35954800757,119582.6403796581,130986.73753306124,143169.40610340858,156126.65075621835,169843.530578926,184293.17100401,199436.06723350755,215219.75942960253,231578.9479697302,248436.09700506798,265702.5471313604,283280.1250207431,301063.2022446955,318941.12085342355,installed_base
1,Field Survey Technologies,Sensors,Hardware,Units,EU Europe,Cyprus,5016.27628794983,5557.189497175776,6148.701464116772,6793.860426944175,7495.537155386731,8256.335482549644,9078.492637402165,9963.77140083578,10913.34714518952,11927.693917109022,13006.474795608237,14148.442682443503,15351.358321653157,16611.9325552399,17925.79947369852,19287.526124705026,20690.662776857993,22127.83545813649,23590.87975349269,25071.011890979287,26559.030270490177,installed_base
1,Field Survey Technologies,Sensors,Hardware,Units,EU Europe,Czechia,96917.52262809117,107466.27990066525,119024.54861781005,131658.51291293176,145432.16042285194,160405.65293535756,176633.47293579084,194162.37161541538,213029.1621147734,233258.4219945037,254860.18985689137,277827.7608681668,302135.70239764766,327738.22157813975,354568.01881101384,382535.7529934376,411530.2242419041,441419.3480095436,472051.95206289773,503260.3776151724,534863.8121519997,installed_base
1,Field Survey Technologies,Sensors,Hardware,Units,EU Europe,Germany,586702.9347676943,651213.2306698096,722051.3326132186,799669.2429974807,884515.0866145163,977024.3025676745,1077609.3891671519,1186648.2722188924,1304471.4586802376,1431348.2432952318,1567472.3503604787,1712947.508446,1867773.5625789776,2031833.8142658535,2204884.3323840275,2386545.985970282,2576299.9044867256,2773486.967779562,2977311.767735257,3186851.273778993,3401068.1879016873,installed_base
1,Field Survey Technologies,Sensors,Hardware,Units,EU Europe,Denmark,71850.58365697326,79750.83800679396,88426.02721784059,97931.50577071683,108322.15327474901,119651.29578622326,131969.44991685025,145322.89835609167,159752.1166434078,175290.08396364452,191960.52476567487,209776.14217037353,228736.91719899222,248828.55836877663,270021.1926511595,292268.3897670754,315506.60622836277,339655.1228755561,364616.5300421678,390277.7887750862,416511.8663581575,installed_base
1,Field Survey Technologies,Sensors,Hardware,Units,EU Europe,Spain,379818.40601609496,420979.11161021853,466037.2518122209,515238.6370840451,568818.1288753013,626993.0471782169,689955.7443496771,757865.4701837143,830839.7284573802,908945.4070410568,992190.0462350687,1080513.6852365357,1173781.784843668,1271779.7551620302,1374209.6102148087,1480689.2191999855,1590754.5228628449,1703864.93472447,1819411.9587743683,1936730.8420923634,2055114.862279969,installed_base
1,Field Survey Technologies,Sensors,Hardware,Units,EU Europe,Estonia,165213.1592594903,183195.39268853943,202898.51797020182,224435.35773423908,247914.9902912206,273439.9721114054,301103.1782836692,330984.3045307084,363146.1053997538,397630.4777153415,434454.5340609662,473606.8448546562,515044.05565286614,558688.1043667649,604424.266857673,652100.2453217427,701526.4797747184,752477.8086081935,804696.5318562103,857896.8452896393,911770.5218106109,installed_base
1,Field Survey Technologies,Sensors,Hardware,Units,EU Europe,Finland,2374531.876174427,2719547.351361612,3012940.6261641127,3338797.176853702,3695463.7777705444,4084908.8509917706,4509032.08274279,4969618.707941491,5468288.424920472,6006439.827096012,6585191.672477918,7205322.757676567,7867212.584530582,8570785.362505933,9315460.134327015,10100109.904893866,10923032.562709037,11781936.091913197,12673940.08351346,13595594.888514632,14542918.953918505,installed_base
1,Field Survey Technologies,Sensors,Hardware,Units,EU Europe,France,724753.7766926612,803637.8779923809,890071.1531899386,984548.5303369656,1087548.5119806842,1199520.990789922,1320873.3893436359,1451955.3152413024,1593042.0588733114,1744317.4123900586,1905856.4449299364,2077609.017431764,2259384.943491283,2450841.7819013237,2651476.263109035,2860620.2901600627,3077442.3051136523,3300954.573537571,3530026.6223846423,3763404.691389131,3999736.656093995,installed_base
1,Field Survey Technologies,Sensors,Hardware,Units,EU Europe,Greece,133070.27957188868,147419.4636765869,163110.9165178191,180225.50084763084,198839.37158821174,219021.60244670603,240831.5419652025,264315.95266884693,289506.0144840984,316414.30277882813,345031.87981371855,375325.662938929,407236.24984092114,440676.3867184425,475530.2560277426,511653.7340317795,548875.7241817422,587000.6119496311,625811.8141708461,665076.317565889,704550.0248346229,installed_base
1,Field Survey Technologies,Sensors,Hardware,Units,EU Europe,Croatia,32502.645903237502,35965.566729645805,39743.00905340582,43851.81013187048,48307.21330587547,53122.27018826106,58307.19257291069,63868.672562164036,69809.19631140234,76126.3835834567,82812.39123509613,89853.42292098874,97229.38874241638,104913.75641936017,112873.62921193009,121070.0750785144,129458.71682502083,137990.5753028654,146613.13867639384,155271.61244599184,163910.2894581068,installed_base
1,Field Survey Technologies,Sensors,Hardware,Units,EU Europe,Hungary,43468.9361799061,48156.26208083264,53282.0554910512,58872.73115786153,64953.165961834566,71545.9236232632,78670.39102550507,86341.84368483412,94570.46688257462,103360.36850716862,112708.62894334785,122604.44136332773,133028.4013186886,143952.00635245588,155337.42333288892,167137.57258488945,179296.56345440005,191750.49620767985,204428.62146485283,217254.82276018237,230149.36290520336,installed_base
1,Field Survey Technologies,Sensors,Hardware,Units,EU Europe,Ireland,44418.97201122989,49253.64938780486,54551.00326895245,60341.366984390945,66654.06717157422,73516.67701536494,80954.16677837292,88987.96333780173,97634.93879082282,106906.35745732916,116806.82020186867,127333.25408349656,138474.00288897278,150208.07895754153,162504.637722536,175322.7326157965,188611.39881301468,202310.09968849653,216349.55040060787,230652.910036002,245137.3091011426,installed_base
1,Field Survey Technologies,Sensors,Hardware,Units,EU Europe,Italy,406574.20933613816,450634.42618602724,498866.6272500528,551533.9387817824,608887.7667338143,671160.7399166885,738558.7606936817,811252.2969991276,889367.1300076403,972974.8594168234,1062083.556693446,1156629.0371754798,1256467.2842256955,1361368.5914494586,1471013.9816434607,1584994.4053086974,1702813.113152395,1823891.4377988738,1947578.0185440956,2073161.2748310259,2199884.700140144,installed_base
1,Field Survey Technologies,Sensors,Hardware,Units,EU Europe,Lithuania,75645.6890659529,83843.36955691985,92817.27395339703,102616.35854996831,113287.39900549958,124873.67737346547,137413.5030837135,150938.59276769793,165472.34880414017,181028.09276715308,197607.3264039001,215198.10775427872,233773.64161704393,253291.18967258284,273691.4042058005,294898.17898441834,316819.09067788057,339346.4745810288,362359.1409377098,385724.6957093283,409302.38609937654,installed_base
1,Field Survey Technologies,Sensors,Hardware,Units,EU Europe,Luxembourg,3228.0790265629344,3576.168024389402,3956.8183843048073,4371.991711520684,4823.535406582674,5313.125090719173,5842.200467706189,6411.89592402835,7022.967836443684,7675.721263913569,8369.939390715297,9104.819682966492,9878.92113247901,10690.127097079121,11535.628022408848,12411.927689671087,13314.875561401637,14239.726331908223,15181.226028828252,16133.72211064097,17091.293154639916,installed_base
1,Field Survey Technologies,Sensors,Hardware,Units,EU Europe,Latvia,79017.23540571291,87617.67848392998,97041.18019279848,107341.70071524165,118571.40942192313,130779.35645381932,144009.96159440215,158301.3412728311,173683.50938662826,190176.50411714654,207788.50997610675,226514.06048630268,246332.4203244294,267206.2543866906,289080.6930470023,311882.8961546625,335522.20200955856,359890.9215638233,384865.8035040299,410310.1549653103,436076.5587972395,installed_base
1,Field Survey Technologies,Sensors,Hardware,Units,EU Europe,Malta,15.739780203108824,17.437026234517962,19.293038107214265,21.317380405775978,23.519060864616122,25.906249639924038,28.485966578737397,31.26374283248915,34.24326641619507,37.426024765869435,40.81096071042324,44.39416117746567,48.16859995978008,52.12395652856007,56.24653178669573,60.51927853213421,64.9219591725261,69.43143608702061,74.02209144857576,78.66636404806573,83.33538163945117,installed_base
1,Field Survey Technologies,Sensors,Hardware,Units,EU Europe,Poland,279310.6914762509,309579.43295650935,342714.2681754266,378895.96112181916,418297.22410465544,461077.8698037297,507379.35021019826,557318.7743671826,610982.5521502962,668419.8715320854,729636.2774952687,794587.6760911364,863175.1299409642,935240.8340230644,1010565.6555415648,1088868.5833162402,1169808.3576575455,1252987.4423196388,1337958.3617753764,1424232.2703162453,1511289.458737329,installed_base
1,Field Survey Technologies,Sensors,Hardware,Units,EU Europe,Portugal,228416.96140721106,253170.37817761395,280267.65231857635,309856.610470171,342078.4947044562,377063.99793017836,414928.7979032948,455768.6650063921,499654.26420799975,546625.8208470314,596687.8695444032,649804.3507933072,705894.3547821702,764828.8304411665,826428.5735761669,890463.7765862903,956655.3613563213,1024678.2274726509,1094166.4347713918,1164720.2110463837,1235914.544291195,installed_base
1,Field Survey Technologies,Sensors,Hardware,Units,EU Europe,Romania,297584.67518886155,329673.71343811956,364764.4633187253,403037.7579654686,444663.9024070663,489797.3659718366,538570.8696300612,591088.9882793153,647421.4494975191,707596.3755428912,771593.7789752588,839339.6771619939,910701.2288838809,985483.3087215676,1063426.9142422867,1144209.741956389,1227449.1691545234,1312707.743642525,1399501.1211258122,1487308.2146921365,1575583.1502664653,installed_base
1,Field Survey Technologies,Sensors,Hardware,Units,EU Europe,Slovakia,86689.665968788,96084.17598324735,106368.2355796664,117597.94848156131,129826.91941238186,143104.7494373638,157475.3410143727,172975.04127991275,189630.66926913688,207457.49145425635,226457.22883168978,246616.19596152534,267903.68564717093,290270.71994028526,313649.28658979206,337952.168148989,363073.44783990056,388889.7423284325,415262.16862456297,442039.0036740925,469058.94531870814,installed_base
1,Field Survey Technologies,Sensors,Hardware,Units,EU Europe,Slovenia,88657.91051789852,98265.71807965933,108783.27199189067,120267.94978447031,132774.57324869066,146353.86961661704,161050.73812897748,176902.3511654293,193936.1366736085,212167.70774317358,231598.82444488685,252215.49061791957,273986.3018744788,296861.1682469443,320770.5333008478,345625.19936194597,371316.84486596513,397719.2851232855,424690.4838765952,452075.27327731164,479708.68888407684,installed_base
1,Field Survey Technologies,Sensors,Hardware,Units,EU Europe,Sweden,1541483.7425789426,1768797.6995712998,2019550.5485547185,2295704.903750289,2599293.6870833426,2932403.2418266237,3239702.291895845,3574079.635687279,3936897.069406254,4329389.58357834,4752625.529364821,5207465.153074863,5694518.802417955,6214106.337676156,6766219.445209989,7350488.625426095,7966156.594786266,8612059.693639934,9286618.632549243,9987839.555509085,10713325.975602612,installed_base
1,Field Survey Technologies,Sensors,Hardware,Units,EU Europe,Netherlands,37980.0103190067,42156.061875685264,46741.7417544723,51766.31017341373,57258.7763349743,63247.32823798352,69758.66881700918,76817.26296758697,84444.50594258931,92657.83044356162,101469.77714543165,110887.06088108386,120909.67161840679,131530.0549210292,142732.41999261364,154492.2239221877,166775.87780603959,179540.7137303765,192735.24122775794,206299.70823512308,220166.9656268168,installed_base
1,Field Survey Technologies,GIS software,Software,Units,EU Europe,Austria,1004.2319146517808,1077.7332837574943,1154.9486561797075,1235.826519353305,1320.278995530016,1408.1797613171127,1499.362643099859,1593.6210179100467,1690.708130581806,1790.3384101188117,1892.1898317100015,1995.9073272768383,2101.1071991776216,2207.3824418274226,2314.308828095688,2421.4515751438857,2528.3723713411578,2634.6365248804846,2739.8199875614,2843.516014545518,2945.3412420739924,installed_base
1,Field Survey Technologies,GIS software,Software,Units,EU Europe,Belgium,82.8670649911189,88.93224041698791,95.30388743543955,101.97775534001941,108.94659264730925,116.19997542171971,123.72419137276165,131.50219041600212,139.51361084408168,147.734887950515,156.13944893816455,164.69799435029014,173.37886227996793,182.14846749876023,190.97180369319918,199.81299351542134,208.63586842918448,217.4045585983503,226.08407247437833,234.64084634507662,243.04324585481876,installed_base
1,Field Survey Technologies,GIS software,Software,Units,EU Europe,Bulgaria,644.8946370903292,692.1267068386026,741.7475817979644,793.7242614593882,848.0003433042158,904.4946804332664,963.100474254693,1023.6848858147441,1086.0892373101365,1150.129857339804,1215.5995999389547,1282.270039357677,1349.8943114239983,1418.2105401638573,1486.9457574487433,1555.820196212052,1624.5518164638902,1692.8609097716048,1760.474623254657,1827.131248879697,1892.5841375122063,installed_base
1,Field Survey Technologies,GIS software,Software,Units,EU Europe,Cyprus,57.625869017703586,61.843600207989866,66.27445215805817,70.91546892089384,75.76160780512497,80.80561999185129,86.03796993572983,91.44680098499693,97.01795358082913,102.73504079448085,108.57958386690053,114.53120791626291,120.56789520969137,126.66629053392849,132.80205045126593,138.95022580549903,145.0856649476309,151.1834239451208,157.21916962781074,163.16956174486975,169.01260172263068,installed_base
1,Field Survey Technologies,GIS software,Software,Units,EU Europe,Czechia,646.4436184441142,693.7578795346609,743.4629168072852,795.5255706217652,849.8892723620838,906.4727052030156,965.1688999562361,1025.8448493977432,1088.341712427222,1152.475661439222,1218.0394027986233,1284.8043722762527,1352.5235762362074,1420.935017266127,1489.7656121097282,1558.7354825961647,1627.5624790023255,1695.9667817561203,1763.675422782043,1830.426572515355,1895.9734522470424,installed_base
1,Field Survey Technologies,GIS software,Software,Units,EU Europe,Germany,584.2614217215101,627.0244665776105,671.9483159513894,719.0029998686887,768.1373911173641,819.2779948363636,872.3281313334941,927.1675875111595,983.652801387386,1041.617627957339,1100.8747134124055,1161.2174793941927,1222.4226908845935,1284.2535523205217,1346.4632486557578,1408.7988235406037,1471.005267576467,1532.82967737572,1594.0253419935414,1654.3556175690003,1713.5974633367998,installed_base
1,Field Survey Technologies,GIS software,Software,Units,EU Europe,Denmark,229.11520934159648,245.88452460020278,263.5011885986171,281.9534487605989,301.2212558043063,321.27578908567557,342.0791361444753,363.5841560126432,385.7345515732887,408.46516988947513,431.70254109739614,455.36565652170714,479.3669756608373,503.6136403129772,528.008863185862,552.4534487056258,576.8473962054944,601.0915308804143,625.0891062609661,648.7473236345857,671.9787186749751,installed_base
1,Field Survey Technologies,GIS software,Software,Units,EU Europe,Spain,353.82219815130145,379.7190209914036,406.9244029384336,435.42019451042836,465.1754336381608,496.1456126537896,528.2721834144178,561.4823462094076,595.6891615042555,630.7920137377811,666.6774435338713,703.2203493435627,740.2855425306138,777.7296223440445,815.4031203456802,853.1528489924814,890.8243774379043,928.2645502121479,965.3239619196833,1001.8593036786627,1037.7355044901797,installed_base
1,Field Survey Technologies,GIS software,Software,Units,EU Europe,Estonia,1834.045437546307,1968.282209645394,2109.3019277336257,2257.010513557116,2411.2474745235413,2571.782104121081,2738.3109167150906,2910.456553344354,3087.768360948006,3269.7247964688477,3455.7377406419087,3645.158726733598,3837.287001363259,4031.3792434661013,4226.660679982314,4422.337259787153,4617.608487063794,4811.6804769398605,5003.778783138531,5193.160560800762,5379.125666321702,installed_base
1,Field Survey Technologies,GIS software,Software,Units,EU Europe,Finland,2987.175556178641,3205.811799395811,3435.4956699197296,3676.073939125508,3927.285206974236,4188.7537134990935,4459.985160766724,4740.364930708362,5029.159028527495,5325.517998349108,5628.483949241782,5937.0007001884505,6249.926909035448,6566.051902115878,6884.113778770965,7202.819239466452,7520.864487967043,7836.956495519661,8149.833893708712,8458.286784480666,8761.174818845577,installed_base
1,Field Survey Technologies,GIS software,Software,Units,EU Europe,France,480.940615002307,516.1414417689716,553.1209563198995,591.8544885720287,632.2999526508903,674.3968505287864,718.0655993530885,763.207244513857,809.7036115341631,857.417936496634,906.195997245591,955.867746745516,1006.2494268653622,1057.1461169762697,1108.3546488119316,1159.666798830849,1210.8726535038536,1261.764032885702,1312.1378544021916,1361.799322299605,1410.5648383480323,installed_base
1,Field Survey Technologies,GIS software,Software,Units,EU Europe,Greece,427.7529403947427,459.06087464707156,491.950789929967,526.4007444480386,562.3733066432279,599.8146690215765,638.6540498729216,678.8034380706353,720.1577281642549,762.5952810865615,805.9789302550138,850.1574342955639,894.9673570615757,940.2353343797238,985.780666553213,1031.4181576776898,1076.9611087584558,1122.2243626660625,1167.0272959190486,1211.1966554091714,1254.5691472073154,installed_base
1,Field Survey Technologies,GIS software,Software,Units,EU Europe,Croatia,733.6286466928432,787.3241219713734,843.7328143735012,902.8170920605228,964.5127570791591,1028.7275255074392,1095.3400013587222,1164.1992388939514,1235.12497431573,1307.9085874233733,1382.3148271529644,1458.0843031085797,1534.9367099369301,1612.5747149680312,1690.68840455431,1768.9601537121516,1847.0697595443114,1924.6996635690696,2001.5400828539161,2077.293875213883,2151.6809792094864,installed_base
1,Field Survey Technologies,GIS software,Software,Units,EU Europe,Hungary,154.97860233010516,166.32173859888482,178.2380403234149,190.7195578008154,203.75272925277187,217.31805975728378,231.38990448651776,245.93637624553915,260.9193944175438,276.29488811289883,292.0131606884227,308.01941608183034,324.2544399589025,340.65542097519506,357.15689006245344,373.6917491374067,390.19235553410846,406.5916252177722,422.82411673362043,438.8270589770523,454.54128914049005,installed_base
1,Field Survey Technologies,GIS software,Software,Units,EU Europe,Ireland,156.49227205577728,167.94619627661018,179.97888403696206,192.58230798952707,205.74277389865193,219.4405964362232,233.64988030241386,248.3384268613491,263.4677835643844,278.9934490832944,294.86524138979865,311.0278292306934,327.4214199277575,343.9825886606924,360.64522692750825,377.34158130067505,394.0033484510705,410.56278913686026,426.9538227392311,443.1130650707484,458.98077548309175,installed_base
1,Field Survey Technologies,GIS software,Software,Units,EU Europe,Italy,515.6567598037888,553.3985177395906,593.0473559903527,634.576823691459,677.9417970480267,723.0774110518528,769.8983382536802,818.2984811189331,868.1511348820673,919.3096634797294,971.6087124074206,1024.865959980063,1078.8843836973992,1133.4549928093002,1188.3599535819724,1243.3760120972092,1298.278102459319,1352.843017493295,1406.8530153430356,1460.099239147522,1512.3848378499126,installed_base
1,Field Survey Technologies,GIS software,Software,Units,EU Europe,Lithuania,368.5490606006059,395.5237664843183,423.86149659917965,453.54334604164575,484.5370640326882,516.7962903968909,550.2600400881561,584.8524833108755,620.4830619148321,657.0469724966536,694.4260332500508,732.4899356229004,771.0978641289186,810.1004493607045,849.3420016731018,888.6629575187184,927.9024582976169,966.9009738706035,1005.5028802591414,1043.558903748759,1080.9283513868327,installed_base
1,Field Survey Technologies,GIS software,Software,Units,EU Europe,Luxembourg,187.96571685706294,201.7232337536671,216.17591407378933,231.31411602444535,247.1213912098929,263.57409522416987,280.64112475123864,298.2838054233842,316.4559511844135,335.104110678863,354.16800935901733,373.5811878493661,393.2718280755917,413.16374933140537,433.1775474915832,453.23184268088994,473.2445945272769,493.134440194206,512.8220090474445,532.2311691855762,551.2901650283442,installed_base
1,Field Survey Technologies,GIS software,Software,Units,EU Europe,Latvia,1147.766548532171,1231.7734512206869,1320.025198855496,1412.462916192537,1508.9861651374288,1609.4505669243154,1713.666196782374,1821.3968991706317,1932.360650264779,2046.2310624724373,2162.6400840512338,2281.181897124788,2401.417962236757,2522.883100588666,2645.092450364908,2767.549085317012,2889.752046034714,3011.2045103121695,3131.421820838293,3249.939096829596,3366.3181804343885,installed_base
1,Field Survey Technologies,GIS software,Software,Units,EU Europe,Malta,45.62223556959019,48.96140128131825,52.46929408859014,56.143573776614595,59.98024806106523,63.97357807276563,68.11601454775958,72.39817060878084,76.80883617363519,81.33503775773592,85.9621457804302,90.67402950609225,95.45325755862078,100.28133968252524,105.13900324784552,110.00649607902174,114.86390568752988,119.69148403336978,124.46996661537163,129.180875023755,133.80679305070998,installed_base
1,Field Survey Technologies,GIS software,Software,Units,EU Europe,Poland,289.66569658165855,310.86680060063884,333.13919038746246,356.468007399158,380.8279037367043,406.1824420463233,432.4836903760787,459.6720493593875,487.6763436970343,516.4142018567395,545.7927373848345,575.7095326616411,606.0539120125087,636.7084767025922,667.5508605279424,698.4556525431915,729.2964239403918,759.9477900317621,790.2874362248459,820.1980389958408,849.5690189769431,installed_base
1,Field Survey Technologies,GIS software,Software,Units,EU Europe,Portugal,366.5661759767758,393.395751305978,421.5810174606073,451.1031712501516,481.9301354127089,514.0157992020131,547.2995056865195,581.7058330535772,617.144710378098,653.511898124806,690.689850334607,728.5489595474494,766.9491678990117,805.7419096260559,844.7723327320222,883.8817321606628,922.9101147708853,961.6988087348957,1000.0930273694514,1037.944300089392,1075.1126909047953,installed_base
1,Field Survey Technologies,GIS software,Software,Units,EU Europe,Romania,120.25983221108007,129.06184515945645,138.30862132353738,147.9939919166639,158.1074333106702,168.63381789430215,179.55324587077527,190.840973509956,202.46745112873649,214.3984807300193,226.59549886129793,239.01598503808538,251.61399029845614,264.3407744832514,277.1455351007404,289.97620558099334,302.7802967704449,315.5057530004664,328.1017932067503,340.5197084553309,352.71358976777213,installed_base
1,Field Survey Technologies,GIS software,Software,Units,EU Europe,Slovakia,732.5668066510189,786.1845641278077,842.5116116697334,901.5103719056942,963.1167398012981,1027.2385650045542,1093.754627235046,1162.5141992296858,1233.3372781014427,1306.0155456025113,1380.314091166856,1455.9738998352402,1532.7150719629713,1610.2407052336714,1688.2413345628415,1766.39979469118,1844.3963461769788,1921.9138901665774,1998.643092101345,2074.2872398742165,2148.566677401268,installed_base
1,Field Survey Technologies,GIS software,Software,Units,EU Europe,Slovenia,2152.027867318016,2309.5382912486984,2475.0076721890186,2648.3256208214984,2829.3038187304082,3017.671560058386,3213.072741554273,3415.0645786589203,3623.1182851571034,3836.621894098536,4054.885319500824,4277.14766501258,4502.586682301005,4730.330175065484,4959.469041938389,5189.071561102181,5418.198448681875,5645.918177936734,5871.32203093898,6093.53837015716,6311.745662755761,installed_base
1,Field Survey Technologies,GIS software,Software,Units,EU Europe,Sweden,2122.3822906897767,2277.7229065927395,2440.9128397216296,2611.843221443261,2790.3283275499552,2976.1011813327327,3168.810585093183,3368.0198539160233,3573.207485958364,3783.7699445107137,3999.026649971699,4218.22718782961,4440.560636754579,4665.166815514501,4891.149146201444,5117.588742068899,5343.559258485147,5568.142001093174,5790.440770142764,6009.595935473568,6224.797281396565,installed_base
1,Field Survey Technologies,GIS software,Software,Units,EU Europe,Netherlands,94.84807295259846,101.79015786081604,109.08302434883605,116.72180713856608,124.69820631944033,133.00029085222954,141.61236590897275,150.51491628598413,159.6846363587038,169.09455441044227,178.71425572092772,188.5102046869544,198.44616168958504,208.48368571250825,218.58270919240513,228.7021675964861,238.8006631032588,248.83713977771214,258.7715469561832,268.56546824944803,278.1826955732626,installed_base
2,Remote Sensing Technologies,Drones,Hardware,Units,EU Europe,Austria,1169.9144076210491,1310.9317035327094,1467.0300303896922,1639.3501023334602,1829.0048763803497,2037.0476389380867,2264.434626850288,2511.9826324795295,2780.322542976851,3069.8503490307053,3380.6777895630166,3712.5854147739037,4064.9813678215182,4436.869507502568,4826.8305206566665,5233.019319986642,5653.181244609366,6084.688388610229,6524.595859054215,6969.716061054224,7416.707428778393,installed_base
2,Remote Sensing Technologies,Drones,Hardware,Units,EU Europe,Belgium,264.85602222063415,296.5494335981333,331.57368129656084,370.16592993198276,412.55311654473365,458.9443790550348,509.52235740264257,564.4335291155155,623.77786288996,687.5982100396393,755.8699928150521,828.4918738445856,905.2781812654789,985.9538965166022,1070.1529651169626,1157.4205506196781,1247.2196156072266,1338.9418939668951,1431.9229454632666,1525.4606008421476,1618.8357652897193,installed_base
2,Remote Sensing Technologies,Drones,Hardware,Units,EU Europe,Bulgaria,575.9035921897355,645.0508675250187,721.518913229429,805.8419497560913,898.5351732256535,1000.0785140510087,1110.8978374091957,1231.3438880499978,1361.669541664022,1502.0062206086868,1652.3406403040096,1812.4933397338752,1982.1006709254666,2160.6020281483966,2347.2340399763452,2541.033190499479,2740.8478671726643,2945.360171577692,3153.1170317275028,3362.569309441787,3572.116813925595,installed_base
2,Remote Sensing Technologies,Drones,Hardware,Units,EU Europe,Cyprus,32.82275733058672,36.750420148672596,41.09086282863627,45.87347642066142,51.12638450427541,56.87550487113913,63.14347150318449,69.94843689063715,77.30278983338926,85.2118407573011,93.67254382070809,102.67234060817721,112.1882214012833,122.18610403184421,132.62062454211917,143.43541651009545,154.56392661112145,165.93077437681058,177.4536178599233,189.04543947693568,200.6171241140068,installed_base
2,Remote Sensing Technologies,Drones,Hardware,Units,EU Europe,Czechia,714.9800738423143,800.9568953277591,896.0762398602201,1001.0162755135793,1116.4345619072415,1242.948185388306,1381.1106393584525,1531.3857778596266,1694.1194857160622,1869.5100718834592,2057.5787780871146,2258.142162107842,2470.788411101266,2694.8598039001863,2929.4435116787595,3173.3726555304497,3425.2390053776417,3683.4179231307567,3946.1051846329883,4211.364262501507,4477.181648149113,installed_base
2,Remote Sensing Technologies,Drones,Hardware,Units,EU Europe,Germany,2328.00279743166,2607.9466563657493,2917.6589242495556,3259.347742583642,3635.1541509430353,4047.0874063614074,4496.949704780454,4986.251372916618,5516.118625146866,6087.197163107531,6699.5561506784525,7352.598292892876,8044.982711188171,8774.567839983436,9538.381473285963,10332.624208205989,11152.710793097971,11993.351343452225,12848.67123557236,13712.365061336577,14577.876758841696,installed_base
2,Remote Sensing Technologies,Drones,Hardware,Units,EU Europe,Denmark,364.7795582993337,408.5498143274353,456.95053227624453,510.3191596614537,568.9810518688467,633.2392077180482,703.3623921156592,779.5718376564702,862.026880928059,950.8100756742716,1045.9125194072224,1147.2203108675399,1254.5031949964664,1367.4065183846574,1485.4475813600573,1608.017310483159,1734.3878793066453,1863.7264882084817,1995.115011224255,2127.574685167056,2260.0945233061457,installed_base
2,Remote Sensing Technologies,Drones,Hardware,Units,EU Europe,Spain,2200.1208013463247,2464.115448460454,2756.03812871078,3077.9241132130924,3431.735740963114,3819.300510214715,4242.2394417960395,4701.886871534468,5199.203817482602,5734.688191886158,6308.2863005390445,6919.311162703606,7566.3740247261285,8247.335840365082,8959.285268880201,9698.548762471679,10460.736529907843,11240.82564780907,12033.27855798,12832.191976647955,13631.468267896733,installed_base
2,Remote Sensing Technologies,Drones,Hardware,Units,EU Europe,Estonia,594.6873916026152,666.1989393758181,745.3148154127146,832.5990885841444,928.5986866006735,1033.8268733749283,1148.7440191456833,1273.7359362738441,1409.0903157754872,1554.9721018776074,1711.398962465888,1878.218318777886,2055.087643916406,2241.4598758028887,2436.575765594911,2639.4647573306625,2848.9555502952385,3063.696845587962,3282.1879729147477,3502.8182182708356,3723.912838242391,installed_base
2,Remote Sensing Technologies,Drones,Hardware,Units,EU Europe,Finland,5235.652087820956,5868.000613672446,6568.297907083752,7341.766069496918,8193.52549205104,9128.45426585756,10151.02260614726,11265.103972183413,12473.76674834338,13779.052934938796,15181.75312388456,16681.189847249792,18275.02383081436,19959.099331600926,21727.345138399,23571.746574517205,25482.40071944913,27447.662058745074,29454.379181125703,31488.215585482856,33534.04001123806,installed_base
2,Remote Sensing Technologies,Drones,Hardware,Units,EU Europe,France,3301.856578710589,3698.9069917560173,4138.17858126945,4622.803201967042,5155.817536456683,5740.071357325535,6378.120757948044,7072.1078672813555,7823.630019466877,8633.603027062114,9502.124986689594,10428.348742015321,11410.372496053418,12445.158820150513,13528.492170441654,14654.983771861545,15818.130263105133,17010.428886878402,18223.547537686987,19448.543119194663,20676.11702740091,installed_base
2,Remote Sensing Technologies,Drones,Hardware,Units,EU Europe,Greece,395.21885959479357,442.6415571610954,495.0811089837902,552.9031211372612,616.4600985292176,686.0803239409338,762.054989566351,844.623788918521,933.9593545449685,1030.1511289480375,1133.1894667651252,1242.9509621616369,1359.1861462743432,1481.5107713766279,1609.4018585636259,1742.199509810093,1879.1151646499948,2019.2465298780178,2161.5988658264255,2305.111735686895,2448.6897901897187,installed_base
2,Remote Sensing Technologies,Drones,Hardware,Units,EU Europe,Croatia,416.4935113047885,466.57712843115246,521.9864905192936,583.1166471834313,650.3506431052253,724.0479462878893,804.5309802768948,892.0699514818057,986.8663463359128,1089.0356846925715,1198.590340380199,1315.4234537857992,1439.295133779774,1569.8222415748917,1706.4730318864863,1848.5677689976742,1995.286124187126,2145.681705733893,2298.7035086075675,2453.2234578884136,2608.0686352082053,installed_base
2,Remote Sensing Technologies,Drones,Hardware,Units,EU Europe,Hungary,310.39196438449966,347.6361998167563,388.8205084764623,434.2320254151562,484.1475964566208,538.8250441588633,598.4930613458635,663.3398954621957,733.5011264637303,809.0469995660688,889.9699396169308,976.1730277105341,1067.4603391620346,1163.5300983760146,1263.9715748276726,1368.266506193801,1475.7955828788529,1585.8501733141436,1697.6490415034045,1810.3593550651588,1923.1208625127733,installed_base
2,Remote Sensing Technologies,Drones,Hardware,Units,EU Europe,Ireland,249.11700574448864,279.00879895029846,312.06284942260226,348.5096084374999,388.57126925572993,432.45475728462867,480.3436187434354,532.3889388570026,588.6995325320319,649.331777767268,714.27959483298,783.4651977347518,856.7313395833584,933.8358187712734,1014.4489877230214,1098.1548950836643,1184.4564901245292,1272.7850333329268,1362.513513721133,1452.9735096385687,1543.4745931775326,installed_base
2,Remote Sensing Technologies,Drones,Hardware,Units,EU Europe,Italy,1805.4905508509146,2022.1331281803564,2261.694356113164,2525.844444196799,2816.193751513444,3134.241982455256,3481.319399336087,3858.5210014516656,4266.635431412938,4706.071292172181,5176.784520520829,5678.211357764501,6209.212147572641,6768.031519160812,7352.280331808361,7958.943952938475,8584.41997736316,9224.586431100803,9874.899014133696,10530.513300163047,11186.425371211952,installed_base
2,Remote Sensing Technologies,Drones,Hardware,Units,EU Europe,Lithuania,405.60597216043107,454.3803555840994,508.3412638972738,567.8734197390302,633.3498546363154,705.1206397545774,783.4997701791148,868.7503888652446,961.0687151979844,1060.5672492311223,1167.2580413293533,1281.0370252922748,1401.6705809740922,1528.785585202297,1661.864193023067,1800.2444376619505,1943.127434575792,2089.5915316293213,2238.6131980698783,2389.093847936169,2539.891224069088,installed_base
2,Remote Sensing Technologies,Drones,Hardware,Units,EU Europe,Luxembourg,25.84228353182229,28.934643358270705,32.3519964239962,36.11748313260637,40.25324597227661,44.77969075211898,49.71463784513405,55.07237921937606,60.86266892677325,67.08968801553482,73.75103840852488,80.83683251071112,88.32895412114365,96.20056938657021,104.4159619823001,112.93075303288865,121.69254322683645,130.64198339316482,139.71424339205043,148.84081182321603,157.9515258415462,installed_base
2,Remote Sensing Technologies,Drones,Hardware,Units,EU Europe,Latvia,717.7186520085654,804.2298898156253,899.9930328308499,1005.7078859379164,1122.057225589791,1249.6872215368473,1389.1845055992694,1541.0501632493101,1705.6712308997735,1883.290640769696,2073.9769424109904,2277.595507842731,2493.7832449515577,2721.92904140568,2961.1621774997802,3210.3507297707924,3468.111509705752,3732.8323505697635,4002.7066205495435,4275.778795129267,4549.998891755661,installed_base
2,Remote Sensing Technologies,Drones,Hardware,Units,EU Europe,Malta,0.02736633963340734,0.030641072269750498,0.034259964715100684,0.03824752208502172,0.04262719272729563,0.047420585889494035,0.05264657290623904,0.058320288618510144,0.0644520623262526,0.0710463216561959,0.07810052710391556,0.08560420795061932,0.09353817958719737,0.10187402562618655,0.11057392336237823,0.11959087666338825,0.12886939595325553,0.1383466319265785,0.14795393106739754,0.15761874149590532,0.16726676249302214,installed_base
2,Remote Sensing Technologies,Drones,Hardware,Units,EU Europe,Poland,1833.3433924576816,2053.8041344302155,2297.708025144733,2566.7940151016933,2862.7482108479608,3187.152937847447,3541.427457290587,3926.7611781888736,4344.041014290339,4793.775467058031,5276.019004271041,5790.301245575081,6335.566225377839,6910.12742289352,7511.644173315464,8137.124379644942,8782.95707508398,9444.976381986986,10118.555930253016,10798.730099424227,11480.3358747551,installed_base
2,Remote Sensing Technologies,Drones,Hardware,Units,EU Europe,Portugal,907.256367280147,1016.1189462692671,1136.49811374431,1269.233147565752,1415.133250822597,1574.9520227835765,1749.3579183203185,1938.9011729811346,2143.978078527258,2364.793957345986,2601.326667739312,2853.2929217859287,3120.1200438426877,3400.9259626517987,3694.5101384873014,3999.357722878218,4313.658512474112,4635.341221363895,4962.122345419586,5291.567567494899,5621.162426108015,installed_base
2,Remote Sensing Technologies,Drones,Hardware,Units,EU Europe,Romania,1128.79818782021,1264.2437865683842,1414.0181954319985,1579.1656345037954,1760.692905183455,1959.537627221652,2176.5314846659676,2412.3590744089743,2667.5134582114524,2942.2500958828423,3236.5414389710345,3550.03502382437,3882.018333836178,4231.3939058491505,4596.668041812834,4975.955984264472,5367.005498515779,5767.239513887266,6173.8169201762375,6583.708967315555,6993.787190555471,installed_base
2,Remote Sensing Technologies,Drones,Hardware,Units,EU Europe,Slovakia,575.7273985355982,644.9589947424199,721.5524758499266,806.0539269243046,898.9928383708284,1000.8661100756415,1112.1194346222355,1233.1263237917633,1364.165296353257,1505.3960377348121,1656.83565252954,1818.3364265346295,1989.5667533931335,2169.997012615745,2358.892161948227,2555.3125889708153,2758.124336712139,2966.0191887685605,3177.5443196444107,3391.140368578321,3605.185986803735,installed_base
2,Remote Sensing Technologies,Drones,Hardware,Units,EU Europe,Slovenia,721.3101958602233,808.0482186583006,904.0097084185553,1009.8788374194811,1126.318987026818,1253.952707001284,1393.3383911339504,1544.9440002283234,1709.11848142215,1886.0618994122094,2075.795683988779,2278.134768815198,2492.663695035618,2718.7189183062283,2955.379528012531,3201.468314210625,3455.56457896743,3716.029300355667,3981.0422804040436,4248.6498465601335,4516.820663509102,installed_base
2,Remote Sensing Technologies,Drones,Hardware,Units,EU Europe,Sweden,4375.598299034907,4906.133690473438,5494.210115061393,6144.388065804616,6861.182092618933,7648.94775584073,8511.747028593963,9453.193020644749,10476.276606559251,11583.17960975595,12775.08151630055,14051.969083072569,15412.460397408277,16853.6566051982,18371.035284955222,19958.398963347172,21607.89029458137,23310.08188200179,25054.14375309214,26828.08550868757,28619.063780762215,installed_base
2,Remote Sensing Technologies,Drones,Hardware,Units,EU Europe,Netherlands,267.9608371913184,299.95329162715217,335.2898839599301,374.2042182079994,416.91843487641006,463.63548108467603,514.5302822019498,569.7399966277017,629.3536599546505,693.4016620611113,761.8456381939938,834.5694751816472,911.3722149446644,991.9636564757928,1075.963394140772,1162.9038718928846,1252.2377798050866,1343.3497873344884,1435.57222978365,1528.2039867690596,1620.5314666599204,installed_base
3,Decision Support Systems,Total,Software,Units,EU Europe,Austria,13858.158254299127,15601.736071345276,17540.348700893617,19689.528356756062,22064.452582255566,24679.47798408605,27547.588746058675,30679.7666423304,34084.29769041347,37766.04055368307,41725.692622117174,45959.100218662716,50456.66801791437,55202.927653838284,60176.324748771025,65349.27571436334,70688.52999400202,76155.8505160037,81708.99703930647,87302.96717167736,92891.42235929455,installed_base
3,Decision Support Systems,Total,Software,Units,EU Europe,Belgium,2727.3020115293225,3066.6878882742853,3443.05554635976,3859.096509557731,4317.363309625267,4820.172323881363,5369.492334905358,5966.821371531204,6613.056179857122,7308.3606395803035,8052.041382308824,8842.440499875358,9676.856207560202,10551.502294057205,11461.515854139561,12401.02001836954,13363.244253732852,14340.699671499955,15325.401265267925,16309.123906316834,17283.675060537556,installed_base
3,Decision Support Systems,Total,Software,Units,EU Europe,Bulgaria,3191.164035058316,3588.5279140920675,4029.225285663411,4516.414388289042,5053.091161392268,5641.97528922995,6285.379455992881,6985.064806314366,7742.087707838704,8556.64522443711,9427.928992632033,10353.999115170966,11331.690839199602,12356.566753584373,13422.925675391736,14523.87613023539,15651.477466403565,16796.94560323034,17950.913930809085,19103.73388439552,20245.795172614362,installed_base
3,Decision Support Systems,Total,Software,Units,EU Europe,Cyprus,205.0536260749956,230.5705304629231,258.8679293947359,290.1481864908835,324.6032151845853,362.40717351430175,403.7080854264609,448.6185810012912,497.2060825625146,549.4829114907515,605.3969365213413,664.8235069628789,727.5594877202017,793.3202105189008,861.7400552898386,932.3771665351343,1004.7224981941856,1078.2129942567774,1152.2482978463222,1226.2099983644246,1299.4821358555248,installed_base
3,Decision Support Systems,Total,Software,Units,EU Europe,Czechia,4386.913455590479,4932.821632622541,5538.21565811897,6207.424895605129,6944.555137495486,7753.332317619872,8636.92325753011,9597.737563064034,10637.217666159107,11755.627170202739,12951.850779890121,14223.221720651878,15565.394124047018,16972.27780231691,18436.050686514835,19947.259728351994,21495.01440589266,23067.268709345415,24651.17861487868,26233.51385767292,27801.096601915746,installed_base
3,Decision Support Systems,Total,Software,Units,EU Europe,Germany,30514.674289814346,34353.90806170488,38622.59455519594,43354.9345953014,48584.34804796024,54342.447135311435,60657.822102367776,67554.6540311587,75051.1881401978,83158.12285907847,91876.99379070265,101198.65483498594,111101.97777098618,121552.90236193473,132503.96740830922,143894.43581945333,155651.0922455068,167689.7413867189,179917.3732503997,192234.8957843405,204540.27480398474,installed_base
3,Decision Support Systems,Total,Software,Units,EU Europe,Denmark,5243.663143626018,5903.399781750533,6636.933878330575,7450.1425272490305,8348.768621830757,9338.244428615577,10423.48291546338,11608.639376558416,12896.849083113433,14289.950460812437,15788.207388740737,17390.048194611583,19091.842190042316,20887.73643993323,22769.575178296982,24726.92130065391,26747.19342966524,28815.923385661863,30917.128265925392,33033.780022341736,35148.34502869986,installed_base
3,Decision Support Systems,Total,Software,Units,EU Europe,Spain,12068.952322405858,13570.814583357302,15236.32991753257,17077.408950136123,19105.34723404301,21330.395283243062,23761.265423317676,26404.586783896826,29264.32767720226,32341.213309406117,35632.17536243116,39129.87720302527,42822.36279887901,46692.87727519544,50719.901133553576,54877.427845615515,59135.496211704245,63460.9661392879,67818.50209854112,72171.70596195666,76484.32384083986,installed_base
3,Decision Support Systems,Total,Software,Units,EU Europe,Estonia,7797.573098941318,8778.632431114278,9869.432046188998,11078.711458490856,12415.010619819459,13886.407565372156,15500.208108846531,17262.59136763854,19178.21963713153,21249.826742566638,23477.805084523497,25859.817512577338,28390.465022770826,31061.044026022595,33859.42651568494,36770.09202774402,39774.33146384674,42850.62996205626,45975.22019619882,49122.78065986467,52267.23802829489,installed_base
3,Decision Support Systems,Total,Software,Units,EU Europe,Finland,49029.46416682309,55184.980265415696,62025.56967439511,69604.8796878867,77975.04922353578,87185.03664481292,97278.65413522087,108292.33683927456,120252.70538566478,133174.0158828501,147055.62931240362,161879.66813709203,177609.05613497755,194186.1513319083,211532.17496822457,229547.60686819284,248113.65778753595,267094.84526664246,286342.5993014138,305699.7203294883,325005.419737419,installed_base
3,Decision Support Systems,Total,Software,Units,EU Europe,France,15948.206173507437,17932.80337316636,20133.655711049352,22566.50217603812,25246.26898552775,28186.501417196618,31398.712149271552,34891.66107434851,38670.59201639683,42736.46328043278,47085.22031656716,51707.168319766475,56586.508299099725,61701.099956839804,67022.50690609906,72516.36348988336,78143.07825262229,83858.85907266442,89617.01272429718,95369.44183947168,101068.2396508026,installed_base
3,Decision Support Systems,Total,Software,Units,EU Europe,Greece,4157.9598126490855,4678.396993540589,5256.337107930547,5896.172899082647,6602.138715700517,7378.1659919042,8227.714809525372,9153.584469283152,10157.70864866691,11240.943757269757,12402.862255803491,13641.56558983913,14953.533495370666,16333.527195384959,17774.56290125201,19267.9687080547,20803.532383698934,22369.74006002656,23954.09723398909,25543.514920494177,27124.73656477583,installed_base
3,Decision Support Systems,Total,Software,Units,EU Europe,Croatia,2061.56222196678,2318.103338135339,2602.598910022531,2917.083455149479,3263.486427246828,3643.5587713703417,4058.788686396299,4510.308529371495,4998.796148906376,5524.375421341465,6086.522230874162,6683.983367984289,7314.716558920542,7975.859814009555,8663.737272762753,9373.906621140466,10101.250026564616,10840.106652786026,11584.44064918278,12328.03465714621,13064.695956269798,installed_base
3,Decision Support Systems,Total,Software,Units,EU Europe,Hungary,1618.5167228209473,1819.9251897523195,2043.2804859260332,2290.1798954772557,2562.1382177633295,2860.53010634712,3186.5239347768415,3541.0087079037216,3924.516599484082,4337.144863884808,4778.482021800467,5247.5441880278895,5742.727989074955,6261.786498752614,6801.833827123558,7359.382347433368,7930.414088493031,8510.4847710871,9094.855695086164,9678.64565982954,10256.992807920491,installed_base
3,Decision Support Systems,Total,Software,Units,EU Europe,Ireland,1360.5272675566175,1529.8314874718183,1717.5842406641864,1925.128206260412,2153.7367265753965,2404.5653371864682,2678.596174421676,2976.57653691812,3298.9537706292535,3645.8096277026902,4016.7982180977624,4411.092486629816,4827.344635450769,5263.665895476378,5717.630383862486,6186.306397011877,6666.316423104113,7153.924595235875,7645.147555899678,8135.88216145565,8622.041528236805,installed_base
3,Decision Support Systems,Total,Software,Units,EU Europe,Italy,10084.61097609611,11339.541498379942,12731.217740956408,14269.592019358817,15964.10270515927,17823.314953238736,19854.50863444585,22063.22293657775,24452.773713730043,27023.766935826887,29773.63876854918,32696.258846124852,35781.63691161715,39015.77287705104,42380.68541611258,45854.643916722074,49412.6133107934,53026.90230152066,56667.985122093,60305.448117176995,63908.99815493406,installed_base
3,Decision Support Systems,Total,Software,Units,EU Europe,Lithuania,1992.4218793391622,2240.359160764842,2515.313365863912,2819.2507788357007,3154.036143701585,3521.361682603322,3922.6656834423484,4359.042526456722,4831.147326679086,5339.099805905156,5882.393426043921,6459.8170075147755,7069.3967700154135,7708.366708822377,8373.174243865664,9059.52604672024,9762.475925854902,10476.552897237227,11195.923539633846,11914.57901121035,12626.534282022396,installed_base
3,Decision Support Systems,Total,Software,Units,EU Europe,Luxembourg,152.1859504257199,171.12399322228424,192.12565329260482,215.34112012856824,240.91282734031333,268.9700309040195,299.6225906909996,332.9540980823682,369.01459233181674,407.8132180765611,449.31128472521254,493.41627948340675,539.9774402889756,588.7834930829024,639.5630832991571,691.9882762399587,745.6812699613666,800.2241776125229,855.1714285219547,910.0640529729516,964.4449000579423,installed_base
3,Decision Support Systems,Total,Software,Units,EU Europe,Latvia,3163.3416513020397,3556.9883670792146,3993.5294923347833,4476.086870274008,5007.621130115533,5590.818990390102,6227.964001621,6920.793696719966,7670.348193089166,8476.817571427302,9339.397607961359,10256.165329020809,11223.986989937644,12238.471041893747,13293.97710088131,14383.688706606223,15499.752856725849,16633.483342840835,17775.618519840547,18916.618229665095,20046.980120074953,installed_base
3,Decision Support Systems,Total,Software,Units,EU Europe,Malta,0.17032278220441507,0.191517775103523,0.21502231782958947,0.24100449877740027,0.26962372614916064,0.30102466006242956,0.3353302529900359,0.37263405835501173,0.41299207886249734,0.456414548966123,0.5028581671051864,0.5522193952298111,0.6043295041385988,0.6589520410877933,0.7157833127041179,0.774456302518896,0.8345481838649209,0.8955912680305493,0.9570868832512618,1.0185213618798212,1.0793830718355588,installed_base
3,Decision Support Systems,Total,Software,Units,EU Europe,Poland,17039.679558965494,19172.476217072835,21540.92487872609,24163.027386408285,27056.13646797197,30236.363481061562,33717.88814080568,37512.18222408341,41627.17010878053,46066.36143560911,50828.00411152405,55904.317695984086,61280.87584209602,66936.20958777098,72841.69876212596,78961.80514747449,85254.67813190447,91673.13288613927,98165.96585415912,104679.53724102252,111159.52053674703,installed_base
3,Decision Support Systems,Total,Software,Units,EU Europe,Portugal,5025.280039341336,5650.626651059068,6344.115260547539,7110.705223473847,7955.099791195689,8881.567080942299,9893.734737820796,10994.363004138699,12185.104208918867,13466.260314088391,14836.55373090751,16292.92962614356,17830.40973748269,19442.01765673059,21118.793077890296,22849.907381852387,24622.885300286234,26423.927934906922,28238.322249489993,30050.91276253669,31846.604050820617,installed_base
3,Decision Support Systems,Total,Software,Units,EU Europe,Romania,6195.742192059574,6966.741291920459,7821.753670112941,8766.893789694106,9807.96035892471,10950.215602753571,12198.13209856385,13555.112989979607,15023.195457926471,16602.751795736836,18292.206845330544,20087.794257568614,21983.376259109136,23970.35153295881,26037.672785139082,28171.989250762672,30357.91998672825,32578.45212695901,34815.44575117279,37050.2154417555,39264.14982782661,installed_base
3,Decision Support Systems,Total,Software,Units,EU Europe,Slovakia,2815.271392622637,3165.604192518338,3554.111624565536,3983.572027886851,4456.620266389564,4975.647432359428,5542.685811641751,6159.281752130428,6826.360924552828,7544.092494561083,8311.76072910103,9127.654244022568,9988.984108287532,10891.841985990484,11831.208118442366,12801.016077232875,13794.27694517302,14803.260278727883,15819.723514367262,16835.1762210762,17841.161613792752,installed_base
3,Decision Support Systems,Total,Software,Units,EU Europe,Slovenia,4033.9011485379233,4535.88042043798,5092.558750085888,5707.917119708488,6385.730931055561,7129.426294285809,7941.915198711175,8825.413350626111,9781.247110331118,10809.65886920637,11909.623079094483,13078.687559183769,14312.85615047247,15606.528738975421,16952.51269296475,18342.115645304573,19765.323427858337,21211.059366051828,22667.51298698409,24122.51865734796,25563.958953912508,installed_base
3,Decision Support Systems,Total,Software,Units,EU Europe,Sweden,35811.287286372826,40307.297168360405,45303.68692492735,50839.640722058495,56953.24100243041,63680.24712113928,71052.65964594005,79097.09093023524,87832.98477170836,97270.75388043633,107409.93151518804,118237.45986199962,129726.25832233987,141834.22500235392,154503.81962820492,167662.35232525217,181223.05902569223,195086.98288049846,209145.60785366432,223284.11485049452,237385.0633211814,installed_base
3,Decision Support Systems,Total,Software,Units,EU Europe,Netherlands,2660.865913150919,2991.984471718301,3359.1839487027046,3765.0903033228133,4212.193888578004,4702.754655666953,5238.693428331817,5821.471743961677,6451.964504241577,7130.331596818094,7855.896543504528,8627.041822181613,9441.131462635954,10294.471484310228,11182.317440604025,12098.935620510361,13037.720418769735,13991.365373294866,14952.079989573585,15911.839500070208,16862.650937866823,installed_base
4,Telematics Systems,Total,Hardware,Units,EU Europe,Austria,433.05028461065075,463.86326180701536,495.9700410844512,529.3018817788911,563.7734342522419,599.2829824122953,635.713137971998,672.9320020072046,710.7947875784554,749.1458735592905,787.8212360720024,826.6511819744348,865.4632905592866,904.0854566760672,942.34892207811,980.0911825442465,1017.1586661551871,1053.4090922733326,1088.7134399623465,1122.9574770670918,1156.042825043995,installed_base
4,Telematics Systems,Total,Hardware,Units,EU Europe,Belgium,127.10790405955882,135.33111364194122,143.82001117708802,152.55039190807736,161.4945850730664,170.62172399569997,179.8981127752591,189.28768275024197,198.75252720963044,208.25349851425452,217.75084821893608,227.2048882606618,236.57665002235336,245.8285182089744,254.92481797121977,263.8323364472161,272.52076362363425,280.9630418268871,289.13561788598327,297.0185967047653,304.5957993225211,installed_base
4,Telematics Systems,Total,Hardware,Units,EU Europe,Bulgaria,136.98804555027573,142.6585895712118,148.3970636087343,154.19119124303327,160.0281978560612,165.89492004607015,171.77792245773944,177.66361986547798,183.53840217467405,189.38875990871207,195.20140773337022,200.96340363557397,206.66226151710603,212.2860551785633,217.82351194402256,223.26409449929795,228.5980698713393,233.81656484743252,238.9116075047882,243.8761548792521,248.7041071334374,installed_base
4,Telematics Systems,Total,Hardware,Units,EU Europe,Cyprus,0.2191699896430132,0.22749497475078467,0.23603057919762982,0.2447742130877232,0.2537226453978297,0.26287198712795024,0.2722176779553769,0.28175447674827925,0.2914764562712423,0.301377002384026,0.311448817996212,0.32168393199454304,0.3320737133070354,0.34260889020897034,0.3532795749114659,0.3640752934045242,0.37498502045445964,0.3859972195818162,0.39709988777179545,0.40828060459643445,0.41952658535795195,installed_base
4,Telematics Systems,Total,Hardware,Units,EU Europe,Czechia,426.8836012996319,459.0882674683878,492.70402097976637,527.6454206573351,563.8063762834839,601.0606553762849,639.263035648665,678.2511143777024,717.8477498855907,757.864072461419,798.102965591271,838.3628867435981,878.4418733434666,918.1415664277832,957.2710832094544,995.6505805280658,1033.1143727748104,1069.513498080015,1104.717662287836,1138.6165281018652,1171.1203534411936,installed_base
4,Telematics Systems,Total,Hardware,Units,EU Europe,Germany,1959.4443793097191,2064.051805389502,2171.3819113169056,2281.2126825689957,2393.2965684673472,2507.362221117586,2623.116743389625,2740.248417492373,2858.429868026269,2977.32159666205,3096.575810749091,3215.840456088441,3334.763355560395,3452.9963508149276,3570.1993441031345,3686.0441415573705,3800.2180075455008,3912.4268516036004,4022.397984155925,4129.882393880443,4234.656517220048,installed_base
4,Telematics Systems,Total,Hardware,Units,EU Europe,Denmark,97.08555052546527,102.14083035001083,107.23978388323872,112.36175939631028,117.48572941247997,122.59063378379304,127.65572389723698,132.66089614671705,137.58700343608407,142.41613474692528,147.1318546025589,151.71939643500943,156.16580623951668,160.46003530204644,164.59298304408003,168.55749300918063,172.34830661941098,175.9619805010631,179.3967739041213,182.65251304011136,185.7304390879125,installed_base
4,Telematics Systems,Total,Hardware,Units,EU Europe,Spain,415.60791001897724,452.9353465071953,492.4306227676386,534.0143492103734,577.5706797800478,622.9463961961933,669.9512848417796,718.3599508076552,767.9151310477778,818.3324686533574,869.3066018723252,920.5183161261115,971.6424172704073,1022.355921032968,1072.3461252638726,1121.3181421595768,1169.0015155492174,1215.1556272754042,1259.5736964977673,1302.0852842603542,1342.5573208004216,installed_base
4,Telematics Systems,Total,Hardware,Units,EU Europe,Estonia,259.13083336572424,275.31422235211767,292.0010415067859,309.14656683176725,326.69989981389654,344.6044322838794,362.79847291836734,381.21602464615546,399.78769483226057,418.4417132749788,437.1050272833387,455.7044388676708,474.1677467247945,492.4248554299889,510.40881608335053,528.0567664430182,545.3107439968762,562.1183520394378,578.4332661195149,594.2155756755367,609.4319627806294,installed_base
4,Telematics Systems,Total,Hardware,Units,EU Europe,Finland,1555.9647845612785,1656.0352754969733,1759.340157854977,1865.5917877993377,1974.4610005988857,2085.5802128864666,2198.5476636505146,2312.9327192873343,2428.2821134631777,2544.126942008523,2659.9901906400746,2775.394542547502,2889.8701964660813,3002.9624252378626,3114.2386200981696,3223.294595659514,3329.759972211336,3433.3025019974275,3533.631260547436,3630.498678830527,3723.701443220457,installed_base
4,Telematics Systems,Total,Hardware,Units,EU Europe,France,1284.9586539518896,1344.0363664536221,1402.7256653953546,1460.7733133233473,1517.9371587114726,1573.990021610156,1628.7230519046784,1681.94846508435,1733.5015954348594,1783.2422425691366,1831.0553214843164,1876.8508565872692,1920.5633847018635,1962.1508499946929,2001.5930847619106,2038.8899744410398,2074.0594038447125,2107.1350755554804,2138.164281909423,2167.205700269654,2194.3272684815965,installed_base
4,Telematics Systems,Total,Hardware,Units,EU Europe,Greece,35.5321261912263,37.02509287781357,38.47573785746198,39.877716125842284,41.22564732219659,42.51516192060846,43.74291130753909,44.90654523071074,46.0046614989781,47.036733652721175,48.0030226322793,48.904478320856846,49.742636331574786,50.51951466086548,51.23751395293125,51.899324208000586,52.50783989484061,53.0660846466766,53.57714605912011,54.04412058071803,54.47006808946354,installed_base
4,Telematics Systems,Total,Hardware,Units,EU Europe,Croatia,123.79503233050005,132.8295656682678,142.26703126157594,152.0892813606731,162.2730417811925,172.78991174436774,183.60650081843488,194.6847113798122,205.9821685291604,217.4527920610082,229.04749739941792,240.71500497327273,252.40273094351977,264.05772710223516,275.6276346182045,287.0616154091975,298.3112263645596,309.33120528249435,320.0801428749922,330.5210220183781,340.6216129816956,installed_base
4,Telematics Systems,Total,Hardware,Units,EU Europe,Hungary,132.99237493915652,138.85091673467747,144.7413340237634,150.6453184621357,156.5443926300369,162.42014036695727,168.25443549088436,174.0296629070536,179.728926451328,185.33623839797244,190.83668635180527,196.21657418935172,201.46353475387315,206.56661308360276,211.5163200021113,216.30465687200262,220.92511316555417,225.37263920788286,229.64359698185532,233.73569224371187,237.64789138961632,installed_base
4,Telematics Systems,Total,Hardware,Units,EU Europe,Ireland,93.12628531353124,99.99070562669883,107.17074799401202,114.65378719457289,122.42325355217365,130.4585969249368,138.73535356797623,147.22532398942562,155.89686520144085,164.7152952707041,173.64340215360104,182.64204290229537,191.67081393624017,200.6887686662719,209.6551557446641,218.53014988323014,227.27554766253007,235.85540300142335,244.23658075022655,252.38921185423987,260.287039255222,installed_base
4,Telematics Systems,Total,Hardware,Units,EU Europe,Italy,384.7946342187058,399.5110578484464,414.38832390600714,429.39893360194634,444.5143580676993,459.7052490133282,474.94166286540866,490.19329481750196,505.4297189444794,520.6206303581868,535.7360853231442,550.7467353097313,565.6240511360438,580.3405336307619,594.8699076258526,609.187296543869,623.2693753612575,637.0945002859258,650.6428140631824,663.8963263982815,676.8389695369059,installed_base
4,Telematics Systems,Total,Hardware,Units,EU Europe,Lithuania,160.8360628125816,174.3722274412546,188.61877482884046,203.54352956120823,219.10295410915575,235.24207854074695,251.89481606260742,268.9846929242222,286.425997661031,304.1253277072234,321.98348347699465,339.89763392706624,357.7636562607415,375.47853832017165,392.9427270564315,410.0623109053362,426.7509373804682,442.9313880794904,458.5367591263509,473.51122296670655,487.8103745448276,installed_base
4,Telematics Systems,Total,Hardware,Units,EU Europe,Luxembourg,7.11052579681037,7.512027854001943,7.923526856357851,8.343912320674809,8.771962278903885,9.206355660226194,9.645687308461142,10.088485314392525,10.533230235949492,10.978375689113042,11.42236972537718,11.863676372521827,12.300796707288084,12.732288851904432,13.156786339529635,13.573014372593665,13.979803596987903,14.376101127136867,14.760978674706429,15.133637749752467,15.4934120109315,installed_base
4,Telematics Systems,Total,Hardware,Units,EU Europe,Latvia,382.13988771535134,413.10148308857663,445.51889558674003,479.2976357028339,514.3189119318638,550.4403380380913,587.4975124170834,625.3064777633583,663.6670131564083,702.3666527324532,741.1852711432064,779.9000319287063,818.2904658636489,856.1434357723415,893.2577535397138,929.4482429438663,964.5490851375207,998.4163370824964,1030.9295711064224,1061.9926401451094,1091.533623113561,installed_base
4,Telematics Systems,Total,Hardware,Units,EU Europe,Malta,0.0,0.0,0.0,0.0,0.0,0.0,0.0,0.0,0.0,0.0,0.0,0.0,0.0,0.0,0.0,0.0,0.0,0.0,0.0,0.0,0.0,installed_base
4,Telematics Systems,Total,Hardware,Units,EU Europe,Poland,1015.2179450075968,1092.140682634756,1172.8237987174075,1257.1471229200886,1344.9441985895378,1436.001139403128,1530.056657219533,1626.803391085517,1725.8906159628878,1826.9283464976072,1929.4927797640958,2033.1329464315763,2137.378368175698,2241.747456640742,2345.756341633066,2448.927788087987,2550.7998554818123,2650.933970344684,2748.9221206773373,2844.392936652962,2937.016489729113,installed_base
4,Telematics Systems,Total,Hardware,Units,EU Europe,Portugal,334.42501750182026,356.80240993836446,379.9998091626271,403.9604538596129,428.61720728941634,453.8930015655909,479.70156208507626,505.9484081352189,532.5321123361987,559.3457881407026,586.2787621223902,613.2183772534944,640.0518656977807,666.6682255049263,692.9600353586579,718.8251452248967,744.1681880348472,768.9018677766278,792.9479916804489,816.238227561229,838.7145808081289,installed_base
4,Telematics Systems,Total,Hardware,Units,EU Europe,Romania,427.0606239601474,455.9480160717278,485.9527749612172,517.0093273440025,549.0384384397497,581.9475622254197,615.6315463635189,649.9736970119743,684.8471924297968,720.116817148642,755.640971690991,791.2738976700534,826.8680458425897,862.2765063511536,897.3554167195043,931.9662644819945,965.9780075167002,999.2689456639687,1031.7282911350558,1063.2574013852152,1093.7706552596385,installed_base
4,Telematics Systems,Total,Hardware,Units,EU Europe,Slovakia,182.33970829290638,192.7834460833421,203.5058084597547,214.47936365935053,225.67360235986115,237.0552201963924,248.5884725838879,260.2355951947601,271.9572805030384,283.7131981919611,295.4625451132509,307.1646090357934,318.7793297366174,330.26784111945307,341.5929789857316,352.71974075927005,363.6156857556274,374.25126732647476,384.6000912105195,394.63909749148416,404.34866651696325,installed_base
4,Telematics Systems,Total,Hardware,Units,EU Europe,Slovenia,91.54375039665494,100.61390914616342,110.35537209117177,120.77342686992617,131.86454757410246,143.61527081463865,156.00126478135962,168.98667508829485,182.52382767429947,196.55335726814508,211.00480948179916,225.7977361725479,240.84326932627582,256.046121595718,271.3069258856165,286.52479639936195,301.5999732890888,316.43640526300356,330.9441302903599,345.04133309462657,358.6559868843035,installed_base
4,Telematics Systems,Total,Hardware,Units,EU Europe,Sweden,1848.348884946162,1954.7288025206185,2063.931456658368,2175.67030510619,2289.6271293022714,2405.455085132009,2522.7825094186446,2641.2174073764268,2760.352515133416,2879.7708040800353,2999.051272161684,3117.774852903618,3235.530267015296,3351.919644323359,3466.5637553052666,3579.10671076496,3689.22001377424,3796.6058780550384,3900.9997594290107,4002.1720797123494,4099.929153538852,installed_base
4,Telematics Systems,Total,Hardware,Units,EU Europe,Netherlands,66.44100385919522,73.03714517765052,80.15969608029702,87.82517703636603,96.04556982567013,104.82737621809709,114.17068998077372,124.06832835433991,134.505075729248,145.45709608326194,156.8915706750916,168.76661257555423,181.03149929816973,193.62724909453178,206.48754616109986,219.53999657925317,232.70767245426333,245.9108790178896,259.06906104892323,272.10275311349176,284.93547434579307,installed_base
1,Field Survey Technologies,Sensors,Hardware,Euros,EU Europe,Austria,63.68748886504816,63.05061397639768,62.4201078366337,61.79590675826736,61.17794769068468,60.566168213777836,59.96050653164006,59.360901466323654,58.76729245166042,58.179619527143814,57.59782333187238,57.021845098553655,56.45162664756812,55.88711038109244,55.32823927728152,54.774956884508704,54.22720731566362,53.68493524250698,53.14808589008191,52.61660503118109,52.09043898086928,prices
1,Field Survey Technologies,Sensors,Hardware,Euros,EU Europe,Belgium,79.6617964252538,78.86517846100126,78.07652667639125,77.29576140962735,76.52280379553108,75.75757575757576,75.0,74.25,73.5075,72.772425,72.04470075,71.3242537425,70.611011205075,69.90490109302425,69.20585208209401,68.51379356127308,67.82865562566035,67.15036906940374,66.4788653787097,65.8140767249226,65.15593595767338,prices
1,Field Survey Technologies,Sensors,Hardware,Euros,EU Europe,Bulgaria,90.12934139213638,89.22804797821502,88.33576749843287,87.45240982344855,86.57788572521406,85.71210686796192,84.8549857992823,84.00643594128948,83.16637158187659,82.33470786605783,81.51136078739725,80.69624717952328,79.88928470772805,79.09039186065077,78.29948794204427,77.51649306262382,76.74132813199759,75.97391485067762,75.21417570217083,74.46203394514913,73.71741360569764,prices
1,Field Survey Technologies,Sensors,Hardware,Euros,EU Europe,Cyprus,70.47137109161254,69.76665738069642,69.06899080688945,68.37830089882056,67.69451788983235,67.01757271093403,66.3473969838247,65.68392301398644,65.02708378384658,64.37681294600812,63.73304481654803,63.09571436838255,62.46475722469873,61.840109652451744,61.22170855592723,60.609491470367956,60.003396555664274,59.40336259010763,58.80932896420656,58.22123567456449,57.63902331781885,prices
1,Field Survey Technologies,Sensors,Hardware,Euros,EU Europe,Czechia,104.09141399566498,103.05049985570832,102.01999485715125,100.99979490857973,99.98979695949393,98.98989898989899,98.0,97.02,96.04979999999999,95.08930199999999,94.13840898,93.1970248902,92.265054641298,91.34240409488501,90.42898005393616,89.5246902533968,88.62944335086283,87.7431489173542,86.86571742818066,85.99706025389885,85.13708965135986,prices
1,Field Survey Technologies,Sensors,Hardware,Euros,EU Europe,Germany,53.00584857378979,52.475790088051895,51.95103218717138,51.431521865299665,50.91720664664667,50.4080345801802,49.903954234378396,49.40491469203461,48.91086554511426,48.42175688966312,47.93753932076649,47.45816392755882,46.98358228828323,46.513746465400395,46.04860900074639,45.588122910738925,45.132241681631534,44.680919264815216,44.23411007216706,43.79176897144539,43.35385128173094,prices
1,Field Survey Technologies,Sensors,Hardware,Euros,EU Europe,Denmark,79.6617964252538,78.86517846100126,78.07652667639125,77.29576140962735,76.52280379553108,75.75757575757576,75.0,74.25,73.5075,72.772425,72.04470075,71.3242537425,70.611011205075,69.90490109302425,69.20585208209401,68.51379356127308,67.82865562566035,67.15036906940374,66.4788653787097,65.8140767249226,65.15593595767338,prices
1,Field Survey Technologies,Sensors,Hardware,Euros,EU Europe,Spain,63.53912201882573,62.90373079863747,62.274693490651096,61.65194655574459,61.03542709018714,60.42507281928527,59.82082209109242,59.22261387018149,58.63038773147967,58.044083854164874,57.46364301562323,56.889006585466994,56.32011651961233,55.7569153544162,55.199346200872036,54.64735273886331,54.10087921147468,53.55987041935993,53.02427171516633,52.49402899801466,51.96908870803452,prices
1,Field Survey Technologies,Sensors,Hardware,Euros,EU Europe,Estonia,39.3349879861223,38.941638106261074,38.552221725198464,38.16669950794648,37.78503251286702,37.40718218773835,37.03311036586096,36.662779262202356,36.29615146958033,35.933189954884526,35.57385805533568,35.21811947478232,34.8659382800345,34.517278897234156,34.172106108261815,33.8303850471792,33.49208119670741,33.15716038474034,32.825588780892936,32.49733289308401,32.17235956415317,prices
1,Field Survey Technologies,Sensors,Hardware,Euros,EU Europe,Finland,26.670243179169084,26.40354074737739,26.139505339903618,25.878110286504583,25.619329183639536,25.36313589180314,25.109504532885108,24.858409487556255,24.60982539268069,24.363727138753884,24.120089867366346,23.87888896869268,23.640100079005755,23.4036990782157,23.16966208743354,22.937965466559206,22.708585811893613,22.481499953774676,22.25668495423693,22.03411810469456,21.813776923647612,prices
1,Field Survey Technologies,Sensors,Hardware,Euros,EU Europe,France,51.833585100140965,51.315249249139555,50.80209675664816,50.29407578908168,49.79113503119086,49.29322368087895,48.80029144407016,48.31228852962946,47.829165644333166,47.350873987889834,46.87736524801093,46.40859159553082,45.944505679575514,45.485060622779756,45.030210016551955,44.57990791638643,44.13410883722257,43.69276774885034,43.25584007136184,42.82328167064822,42.39504885394174,prices
1,Field Survey Technologies,Sensors,Hardware,Euros,EU Europe,Greece,27.56969638697166,27.293999423101944,27.021059428870924,26.750848834582214,26.483340346236393,26.218506942774027,25.956321873346287,25.696758654612825,25.439791068066697,25.18539315738603,24.93353922581217,24.684203833554047,24.437361795218507,24.192988177266322,23.95105829549366,23.711547712538724,23.474432235413335,23.239687913059203,23.00729103392861,22.777218123589325,22.549445942353433,prices
1,Field Survey Technologies,Sensors,Hardware,Euros,EU Europe,Croatia,71.98088070256962,71.26107189554392,70.54846117658848,69.84297656482259,69.14454679917436,68.45310133118262,67.7685703178708,67.09088461469209,66.41997576854517,65.75577601085972,65.09821825075112,64.44723606824361,63.802763707561176,63.16473607048557,62.53308870978071,61.9077578226829,61.288680244456074,60.67579344201151,60.069035507591394,59.46834515251548,58.873661700990326,prices
1,Field Survey Technologies,Sensors,Hardware,Euros,EU Europe,Hungary,80.33741142357322,79.53403730933748,78.7386969362441,77.95130996688165,77.17179686721283,76.4000788985407,75.63607810955529,74.87971732845973,74.13092015517513,73.38961095362338,72.65571484408714,71.92915769564627,71.2098661186898,70.4977674575029,69.79278978292787,69.0948618850986,68.40391326624761,67.71987413358514,67.04267539224928,66.37224863832678,65.70852615194352,prices
1,Field Survey Technologies,Sensors,Hardware,Euros,EU Europe,Ireland,68.76398569379339,68.07634583685545,67.39558237848689,66.72162655470203,66.054410289155,65.39386618626345,64.73992752440081,64.0925282491568,63.451602966665234,62.81708693699858,62.18891606762859,61.5670269069523,60.951356637882775,60.341843071503945,59.73842464078891,59.141040394381015,58.549629990437204,57.96413369053283,57.38449235362751,56.81064743009123,56.24254095579032,prices
1,Field Survey Technologies,Sensors,Hardware,Euros,EU Europe,Italy,46.46661109914041,46.001944988149006,45.54192553826751,45.08650628288484,44.635641220055994,44.18928480785544,43.747391959776884,43.30991804017911,42.87681885977732,42.44805067117955,42.023570164467756,41.60333446282308,41.187301118194846,40.7754281070129,40.367673825942774,39.963997087683346,39.56435711680651,39.16871354563845,38.77702641018206,38.38925614608024,38.00536358461944,prices
1,Field Survey Technologies,Sensors,Hardware,Euros,EU Europe,Lithuania,52.699973075189355,52.17297334443746,51.651243610993085,51.13473117488315,50.623383863134315,50.11715002450297,49.61597852425794,49.11981873901536,48.628620551625204,48.14233434610895,47.660911002647865,47.184301892621384,46.71245887369517,46.24533428495822,45.78288094210863,45.325052132687546,44.87180161136067,44.42308359524706,43.97885275929458,43.53906423170164,43.10367358938462,prices
1,Field Survey Technologies,Sensors,Hardware,Euros,EU Europe,Luxembourg,102.71330521370074,101.68617216156373,100.66931043994809,99.6626173355486,98.66599116219312,97.6793312505712,96.70253793806548,95.73551255868482,94.77815743309797,93.830375858767,92.89207210017933,91.96315137917755,91.04351986538578,90.13308466673192,89.2317538200646,88.33943628186395,87.45604191904532,86.58148149985486,85.71566668485632,84.85851001800775,84.00992491782768,prices
1,Field Survey Technologies,Sensors,Hardware,Euros,EU Europe,Latvia,95.30713997549356,94.35406857573862,93.41052788998124,92.47642261108143,91.55165838497062,90.63614180112091,89.7297803831097,88.8324825792786,87.94415775348581,87.06471617595095,86.19406901419144,85.33212832404952,84.47880704080903,83.63401897040094,82.79767878069694,81.96970199288997,81.15000497296107,80.33850492323145,79.53511987399914,78.73976867525914,77.95237098850654,prices
1,Field Survey Technologies,Sensors,Hardware,Euros,EU Europe,Malta,18.91412274059891,18.72498151319292,18.53773169806099,18.35235438108038,18.168830837269578,17.987142528896882,17.807271103607913,17.629198392571833,17.452906408646115,17.278377344559654,17.105593571114056,16.934537635402915,16.765192259048884,16.597540336458394,16.43156493309381,16.267249283762872,16.104576790925243,15.943531023015991,15.784095712785831,15.626254755657973,15.469992208101393,prices
1,Field Survey Technologies,Sensors,Hardware,Euros,EU Europe,Poland,64.14904009890775,63.50754969791867,62.87247420093948,62.24374945893008,61.621311964340784,61.00509884469737,60.3950478562504,59.7910973776879,59.19318640391102,58.60125453987191,58.01524199447319,57.43508957452846,56.86073867878318,56.29213129199535,55.72920997907539,55.171917879284635,54.62019870049179,54.07399671348687,53.533256746352,52.99792417888848,52.467944937099595,prices
1,Field Survey Technologies,Sensors,Hardware,Euros,EU Europe,Portugal,42.46340092087034,42.03876691166164,41.618379242545025,41.202195450119575,40.790173495618376,40.38227176066219,39.97844904305557,39.578664552625014,39.182877907098764,38.79104912802777,38.40313863674749,38.01910725038002,37.63891617787622,37.26252701609746,36.889901745936484,36.52100272847712,36.15579270119235,35.794234774180424,35.43629242643862,35.08192950217423,34.73111020715249,prices
1,Field Survey Technologies,Sensors,Hardware,Euros,EU Europe,Romania,36.62832241443995,36.26203919029555,35.899418798392595,35.54042461040867,35.185020364304584,34.83317016066154,34.48483845905492,34.13999007446437,33.79859017371973,33.46060427198253,33.125998229262706,32.79473824697008,32.466790864500375,32.14212295585537,31.820701726296818,31.50249470903385,31.18746976194351,30.875595064324077,30.566839113680835,30.261170722544026,29.958559015318585,prices
1,Field Survey Technologies,Sensors,Hardware,Euros,EU Europe,Slovakia,66.0869759418605,65.4261061824419,64.77184512061748,64.12412666941131,63.482885402717194,62.848056548690025,62.21957598320312,61.59738022337109,60.98140642113738,60.371592356926,59.76787643335674,59.170197669023175,58.57849569233294,57.99271073540962,57.41278362805552,56.83865579177497,56.27026923385722,55.707566541518645,55.15049087610346,54.59898596734243,54.052996107669,prices
1,Field Survey Technologies,Sensors,Hardware,Euros,EU Europe,Slovenia,90.28336928195431,89.38053558913477,88.48673023324342,87.60186293091098,86.72584430160187,85.85858585858585,85.0,84.15,83.30850000000001,82.47541500000001,81.65066085000001,80.8341542415,80.025812699085,79.22555457209414,78.43329902637319,77.64896603610946,76.87247637574836,76.10375161199087,75.34271409587096,74.58928695491225,73.84339408536313,prices
1,Field Survey Technologies,Sensors,Hardware,Euros,EU Europe,Sweden,30.054557755842588,29.75401217828416,29.45647205650132,29.161907335936306,28.870288262576942,28.58158537995117,28.29576952615166,28.012811830890143,27.73268371258124,27.45535687545543,27.180803306700874,26.908995273633863,26.639905320897523,26.373506267688548,26.10977120501166,25.848673492961545,25.59018675803193,25.33428489045161,25.080942041547093,24.83013262113162,24.581831294920306,prices
1,Field Survey Technologies,Sensors,Hardware,Euros,EU Europe,Netherlands,201.80988427730964,199.79178543453654,197.79386758019118,195.81592890438927,193.85776961534538,191.91919191919192,190.0,188.1,186.219,184.35681,182.5132419,180.688109481,178.88122838619,177.0924161023281,175.3214919413048,173.56827702189176,171.83259425167284,170.1142683091561,168.41312562606453,166.72899436980387,165.06170442610582,prices
1,Field Survey Technologies,GIS software,Software,Euros,EU Europe,Austria,1175.5392538099272,1163.7838612718278,1152.1460226591096,1140.6245624325184,1129.218316808193,1117.9261336401112,1106.74687230371,1095.679403580673,1084.7226095448661,1073.8753834494175,1063.1366296149233,1052.505263318774,1041.9802106855864,1031.5604085787304,1021.2448044929431,1011.0323564480136,1000.9220328835335,990.9128125546981,981.0036844291511,971.1936475848596,961.481711109011,prices
1,Field Survey Technologies,GIS software,Software,Euros,EU Europe,Belgium,1189.947368131237,1178.0478944499246,1166.2674155054253,1154.6047413503711,1143.0586939368675,1131.628106997499,1120.3118259275238,1109.1087076682486,1098.0176205915661,1087.0374443856504,1076.167069941794,1065.405399242376,1054.7513452499522,1044.2038317974527,1033.7617934794782,1023.4241755446834,1013.1899337892365,1003.0580344513442,993.0274541068308,983.0971795657624,973.2662077701048,prices
1,Field Survey Technologies,GIS software,Software,Euros,EU Europe,Bulgaria,1069.1366281752375,1058.4452618934852,1047.8608092745503,1037.3822011818047,1027.0083791699867,1016.7382953782868,1006.570912424504,996.5052033002589,986.5401512672563,976.6747497545838,966.908002257038,957.2389222344676,947.666533012123,938.1898676820017,928.8079690051817,919.5198893151298,910.3246904219785,901.2214435177588,892.2092290825811,883.2871367917553,874.4542654238378,prices
1,Field Survey Technologies,GIS software,Software,Euros,EU Europe,Cyprus,1084.4815762198227,1073.6367604576244,1062.900392853048,1052.2713889245176,1041.7486750352725,1031.3311882849198,1021.0178764020706,1010.8076976380498,1000.6996206616693,990.6926244550526,980.7856982105021,970.9778412283971,961.2680628161131,951.655382187952,942.1388283660725,932.7174400824118,923.3902656815877,914.1563630247718,905.0147993945242,895.9646514005789,887.005004886573,prices
1,Field Survey Technologies,GIS software,Software,Euros,EU Europe,Czechia,1154.906960227261,1143.3578906249884,1131.9243117187384,1120.605068601551,1109.3990179155355,1098.3050277363802,1087.3219774590164,1076.4487576844263,1065.684270107582,1055.0274274065061,1044.4771531324411,1034.0323816011166,1023.6920577851055,1013.4551372072544,1003.3205858351819,993.28737997683,983.3545061770617,973.520961115291,963.7857515041381,954.1478939890967,944.6064150492057,prices
1,Field Survey Technologies,GIS software,Software,Euros,EU Europe,Germany,1121.4050594291812,1110.1910088348893,1099.0890987465405,1088.098207759075,1077.2172256814843,1066.4450534246694,1055.7806028904226,1045.2227968615184,1034.7705688929032,1024.4228632039742,1014.1786345719345,1004.0368482262152,993.996479743953,984.0565149465135,974.2159497970483,964.4737902990778,954.829052396087,945.2807618721262,935.8279542534049,926.4696747108708,917.2049779637621,prices
1,Field Survey Technologies,GIS software,Software,Euros,EU Europe,Denmark,1201.0879483598515,1189.077068876253,1177.1862981874904,1165.4144352056155,1153.7602908535594,1142.2226879450238,1130.8004610655737,1119.492456454918,1108.2975318903689,1097.2145565714652,1086.2424110057505,1075.379986895693,1064.626187026736,1053.9799251564687,1043.4401259049039,1033.0057246458548,1022.6756673993963,1012.4489107254024,1002.3244216181483,992.3011774019668,982.3781656279472,prices
1,Field Survey Technologies,GIS software,Software,Euros,EU Europe,Spain,1109.094596919479,1098.0036509502843,1087.0236144407813,1076.1533782963736,1065.3918445134098,1054.7379260682756,1044.1905468075927,1033.7486413395168,1023.4111549261216,1013.1770433768604,1003.0452729430918,993.0148202136609,983.0846720115243,973.253825291409,963.521287038495,953.88607416811,944.3472134264289,934.9037412921646,925.5547038792429,916.2991568404505,907.1361652720459,prices
1,Field Survey Technologies,GIS software,Software,Euros,EU Europe,Estonia,1120.005608209301,1108.805552127208,1097.717496605936,1086.7403216398766,1075.8729184234778,1065.114189239243,1054.4630473468505,1043.918416873382,1033.4792327046482,1023.1444403776018,1012.9129959738258,1002.7838660140875,992.7560273539466,982.8284670804071,973.000182409603,963.270180585507,953.6374787796519,944.1011039918554,934.6600929519369,925.3134920224176,916.0603571021934,prices
1,Field Survey Technologies,GIS software,Software,Euros,EU Europe,Finland,1149.7494775076625,1138.251982732586,1126.86946290526,1115.6007682762074,1104.4447605934454,1093.400312987511,1082.466309857636,1071.6416467590595,1060.925230291469,1050.3159779885543,1039.8128182086687,1029.4146900265819,1019.1205431263161,1008.9293376950529,998.8400443181024,988.8516438749214,978.9631274361722,969.1734961618105,959.4817612001924,949.8869435881904,940.3880741523085,prices
1,Field Survey Technologies,GIS software,Software,Euros,EU Europe,France,1182.9836624325098,1171.1538258081848,1159.442287550103,1147.8478646746019,1136.3693860278559,1125.0056921675773,1113.7556352459014,1102.6180788934423,1091.591898104508,1080.6759791234629,1069.8692193322283,1059.170527138906,1048.5788218675168,1038.0930336488416,1027.712103312353,1017.4349822792295,1007.2606324564372,997.1880261318728,987.2161458705541,977.3439844118485,967.57054456773,prices
1,Field Survey Technologies,GIS software,Software,Euros,EU Europe,Greece,1047.9871171481366,1037.5072459766552,1027.1321735168885,1016.8608517817196,1006.6922432639024,996.6253208312634,986.6590676229507,976.7924769467212,967.024552177254,957.3543066554814,947.7807635889266,938.3029559530373,928.9199263935069,919.6307271295718,910.4344198582761,901.3300756596933,892.3167749030964,883.3936071540654,874.5596710825248,865.8140743716996,857.1559336279826,prices
1,Field Survey Technologies,GIS software,Software,Euros,EU Europe,Croatia,1079.2032519162383,1068.411219397076,1057.727107203105,1047.1498361310742,1036.6783377697634,1026.3115543920658,1016.048438848145,1005.8879544596635,995.8290749150669,985.8707841659162,976.012076324257,966.2519555610145,956.5894360054043,947.0235416453503,937.5533062288968,928.1777731666078,918.8959954349417,909.7070354805923,900.6099651257863,891.6038654745284,882.6878268197831,prices
1,Field Survey Technologies,GIS software,Software,Euros,EU Europe,Hungary,1357.2977117701712,1343.7247346524696,1330.287487305945,1316.9846124328856,1303.8147663085567,1290.7766186454712,1277.8688524590166,1265.0901639344263,1252.439262295082,1239.914869672131,1227.5157209754097,1215.2405637656557,1203.0881581279991,1191.057276546719,1179.146703781252,1167.3552367434395,1155.681684376005,1144.124867532245,1132.6836188569225,1121.3567826683534,1110.1432148416698,prices
1,Field Survey Technologies,GIS software,Software,Euros,EU Europe,Ireland,1127.4859728950898,1116.2111131661388,1105.0490020344773,1093.9985120141325,1083.0585268939913,1072.2279416250512,1061.5056622088007,1050.8906055867126,1040.3816995308455,1029.977882535537,1019.6781037101816,1009.4813226730798,999.386509446349,989.3926443518856,979.4987179083668,969.703730729283,960.0066934219902,950.4066264877703,940.9025602228926,931.4935346206637,922.178599274457,prices
1,Field Survey Technologies,GIS software,Software,Euros,EU Europe,Italy,1039.0647725655585,1028.674124839903,1018.387383591504,1008.2035097555889,998.121474658033,988.1402599114526,978.2588573123381,968.4762687392148,958.7915060518226,949.2035909913044,939.7115550813913,930.3144395305774,921.0112951352716,911.8011821839189,902.6831703620796,893.6563386584588,884.7197752718743,875.8725775191555,867.1138517439639,858.4427132265242,849.858286094259,prices
1,Field Survey Technologies,GIS software,Software,Euros,EU Europe,Lithuania,1109.7731655866123,1098.6754339307463,1087.6886795914388,1076.8117927955245,1066.0436748675693,1055.3832381188936,1044.8294057377047,1034.3811116803276,1024.0373005635245,1013.7969275578893,1003.6589582823103,993.6223686994872,983.6861450124923,973.8492835623673,964.1107907267436,954.4696828194761,944.9249859912813,935.4757361313685,926.1209787700549,916.8597689823544,907.6911712925308,prices
1,Field Survey Technologies,GIS software,Software,Euros,EU Europe,Luxembourg,1370.5401537198252,1356.834752182627,1343.2664046608006,1329.8337406141925,1316.5354032080506,1303.37004917597,1290.3363486842104,1277.4329851973682,1264.6586553453944,1252.0120687919405,1239.491948104021,1227.0970286229808,1214.826058336751,1202.6777977533834,1190.6510197758496,1178.744509578091,1166.9570644823102,1155.287493837487,1143.7346188991123,1132.2972727101212,1120.97429998302,prices
1,Field Survey Technologies,GIS software,Software,Euros,EU Europe,Latvia,1195.6113287303938,1183.65521544309,1171.818663288659,1160.1004766557726,1148.4994718892149,1137.0144771703226,1125.6443323986193,1114.3878890746332,1103.244010183887,1092.2115700820482,1081.2894543812276,1070.4765598374154,1059.7717942390411,1049.1740762966508,1038.6823355336842,1028.2955121783473,1018.0125570565638,1007.8324314859981,997.7541071711381,987.7765660994268,977.8988004384324,prices
1,Field Survey Technologies,GIS software,Software,Euros,EU Europe,Malta,1099.5312721468333,1088.535959425365,1077.6505998311113,1066.8740938328,1056.205352894472,1045.6432993655274,1035.1868663718722,1024.8349977081534,1014.5866477310719,1004.4407812537612,994.3963734412235,984.4524097068113,974.6078856097432,964.8618067536457,955.2131886861092,945.6610567992482,936.2044462312557,926.8424017689431,917.5739777512537,908.3982379737412,899.3142555940037,prices
1,Field Survey Technologies,GIS software,Software,Euros,EU Europe,Poland,1101.1968497843443,1090.1848812865007,1079.2830324736358,1068.4902021488995,1057.8053001274104,1047.2272471261363,1036.7549746548748,1026.387424908326,1016.1235506592427,1005.9623151526503,995.9026920011238,985.9436650811125,976.0842284303013,966.3233861459983,956.6601522845383,947.0935507616929,937.622615254076,928.2463891015352,918.9639252105198,909.7742859584147,900.6765430988305,prices
1,Field Survey Technologies,GIS software,Software,Euros,EU Europe,Portugal,1070.5422224262265,1059.8368002019643,1049.2384321999446,1038.746047877945,1028.3585873991656,1018.075001525174,1007.8942515099222,997.815308994823,987.8371559048747,977.958784345826,968.1791965023677,958.4974045373441,948.9124304919707,939.4233061870509,930.0290731251804,920.7287823939286,911.5214945699893,902.4062796242894,893.3822168280465,884.448394659766,875.6039107131684,prices
1,Field Survey Technologies,GIS software,Software,Euros,EU Europe,Romania,1106.699502119062,1095.6325070978712,1084.6761820268925,1073.8294202066236,1063.0911260045573,1052.4602147445116,1041.9356125970664,1031.5162564710959,1021.2010939063849,1010.9890829673211,1000.8791921376479,990.8704002162714,980.9616962141087,971.1520792519675,961.4405584594479,951.8261528748534,942.3078913461048,932.8848124326438,923.5559643083174,914.3204046652342,905.1772006185818,prices
1,Field Survey Technologies,GIS software,Software,Euros,EU Europe,Slovakia,1128.7139347430273,1117.426795395597,1106.2525274416412,1095.1900021672247,1084.2381021455526,1073.395721124097,1062.661763912856,1052.0351462737274,1041.51479481099,1031.09964686288,1020.7886503942512,1010.5807638903087,1000.4749562514056,990.4702066888915,980.5655046220025,970.7598495757825,961.0522510800247,951.4417285692244,941.9273112835322,932.5080381706969,923.1829577889899,prices
1,Field Survey Technologies,GIS software,Software,Euros,EU Europe,Slovenia,1100.578293805738,1089.5725108676806,1078.676785759004,1067.8900179014138,1057.2111177223996,1046.6390065451756,1036.1726164797237,1025.8108903149264,1015.5527814117771,1005.3972535976593,995.3432810616827,985.3898482510658,975.5359497685552,965.7805902708697,956.122784368161,946.5615565244793,937.0959409592346,927.7249815496422,918.4477317341457,909.2632544168042,900.1706218726362,prices
1,Field Survey Technologies,GIS software,Software,Euros,EU Europe,Sweden,1168.7222935256675,1157.035070590411,1145.4647198845068,1134.0100726856617,1122.669971958805,1111.4432722392169,1100.3288395168247,1089.3255511216564,1078.43229561044,1067.6479726543355,1056.971492927792,1046.401777998514,1035.9377602185289,1025.5783826163436,1015.3225987901801,1005.1693728022783,995.1176790742555,985.166502283513,975.3148372606778,965.561688888071,955.9060719991903,prices
1,Field Survey Technologies,GIS software,Software,Euros,EU Europe,Netherlands,1184.5041270694142,1172.65908579872,1160.9324949407328,1149.3231699913254,1137.8299382914122,1126.4516389084981,1115.1871225194132,1104.035251294219,1092.9948987812768,1082.064949793464,1071.2443002955292,1060.531857292574,1049.926538719648,1039.4272733324515,1029.033000599127,1018.7426705931357,1008.5552438872044,998.4696914483324,988.484994533849,978.6001445885105,968.8141431426254,prices
2,Remote Sensing Technologies,Drones,Hardware,Euros,EU Europe,Austria,16404.535741480875,16240.490384066065,16078.085480225403,15917.304625423149,15758.131579168918,15600.550263377228,15444.544760743456,15290.099313136021,15137.19832000466,14985.826336804614,14835.968073436567,14687.608392702201,14540.73230877518,14395.324985687428,14251.371735830553,14108.858018472247,13967.769438287523,13828.091743904648,13689.810826465602,13552.912718200945,13417.383591018935,prices
2,Remote Sensing Technologies,Drones,Hardware,Euros,EU Europe,Belgium,20802.154967977596,20594.13341829782,20388.192084114842,20184.310163273694,19982.467061640957,19782.642391024547,19584.8159671143,19388.967807443158,19195.078129368725,19003.12734807504,18813.096074594287,18624.965113848342,18438.715462709857,18254.328308082757,18071.78502500193,17891.067174751908,17712.15650300439,17535.034937974346,17359.684588594602,17186.087742708656,17014.22686528157,prices
2,Remote Sensing Technologies,Drones,Hardware,Euros,EU Europe,Bulgaria,15304.257401229403,15151.214827217109,14999.702678944937,14849.705652155488,14701.208595633932,14554.196509677593,14408.654544580817,14264.567999135008,14121.922319143658,13980.703095952222,13840.8960649927,13702.487104342772,13565.462233299344,13429.80761096635,13295.509534856687,13162.55443950812,13030.928895113038,12900.619606161908,12771.61341010029,12643.897275999287,12517.458303239293,prices
2,Remote Sensing Technologies,Drones,Hardware,Euros,EU Europe,Cyprus,15462.935007773698,15308.30565769596,15155.222601119001,15003.670375107811,14853.633671356733,14705.097334643166,14558.046361296734,14412.465897683767,14268.34123870693,14125.65782631986,13984.401248056662,13844.557235576094,13706.111663220334,13569.05054658813,13433.360041122249,13299.026440711026,13166.036176303916,13034.375814540877,12904.032056395468,12774.991735831514,12647.2418184732,prices
2,Remote Sensing Technologies,Drones,Hardware,Euros,EU Europe,Czechia,20439.812388362137,20235.414264478517,20033.060121833732,19832.729520615394,19634.40222540924,19438.05820315515,19243.6776211236,19051.24084491236,18860.728436463236,18672.121152098603,18485.399940577616,18300.54594117184,18117.540481760123,17936.365076942522,17757.001426173098,17579.431411911366,17403.637097792252,17229.60072681433,17057.304719546188,16886.731672350725,16717.864355627218,prices
2,Remote Sensing Technologies,Drones,Hardware,Euros,EU Europe,Germany,15844.749916753264,15686.302417585732,15529.439393409873,15374.144999475775,15220.403549481018,15068.199513986208,14917.517518846345,14768.342343657881,14620.658920221302,14474.452331019089,14329.707807708897,14186.410729631809,14044.54662233549,13904.101156112136,13765.060144551015,13627.409543105505,13491.13544767445,13356.224093197705,13222.661852265728,13090.43523374307,12959.530881405639,prices
2,Remote Sensing Technologies,Drones,Hardware,Euros,EU Europe,Denmark,16668.727297537913,16502.040024562535,16337.019624316908,16173.649428073739,16011.912933793,15851.79380445507,15693.275866410519,15536.343107746414,15380.979676668949,15227.16987990226,15074.898181103237,14924.149199292206,14774.907707299284,14627.158630226291,14480.887043924029,14336.078173484788,14192.71739174994,14050.79021783244,13910.282315654116,13771.179492497575,13633.4676975726,prices
2,Remote Sensing Technologies,Drones,Hardware,Euros,EU Europe,Spain,15717.451035009437,15560.276524659343,15404.67375941275,15250.627021818622,15098.120751600436,14947.139544084432,14797.668148643586,14649.69146715715,14503.194552485578,14358.162606960723,14214.580980891116,14072.435171082205,13931.710819371383,13792.393711177669,13654.469774065892,13517.925076325233,13382.74582556198,13248.91836730636,13116.429183633296,12985.264891796964,12855.412242878994,prices
2,Remote Sensing Technologies,Drones,Hardware,Euros,EU Europe,Estonia,15830.27860219418,15671.975816172237,15515.256058010515,15360.10349743041,15206.502462456105,15054.437437831544,14903.893063453228,14754.854132818695,14607.305591490507,14461.232535575602,14316.620210219846,14173.454008117647,14031.71946803647,13891.402273356105,13752.488250622544,13614.963368116318,13478.813734435154,13344.025597090802,13210.585341119893,13078.479487708693,12947.694692831607,prices
2,Remote Sensing Technologies,Drones,Hardware,Euros,EU Europe,Finland,16137.851229740209,15976.472717442806,15816.707990268378,15658.540910365695,15501.955501262039,15346.935946249418,15193.466586786923,15041.531920919053,14891.116601709862,14742.205435692764,14594.783381335836,14448.835547522478,14304.347192047253,14161.30372012678,14019.690682925511,13879.493776096257,13740.698838335295,13603.291849951942,13467.258931452423,13332.586342137898,13199.260478716518,prices
2,Remote Sensing Technologies,Drones,Hardware,Euros,EU Europe,France,16481.51618735381,16316.70102548027,16153.534015225467,15991.998675073211,15832.07868832248,15673.757901439254,15517.020322424862,15361.850119200613,15208.231618008607,15056.149301828522,14905.587808810236,14756.531930722134,14608.966611414913,14462.876945300764,14318.248175847757,14175.065694089279,14033.315037148386,13892.981886776903,13754.052067909133,13616.511547230042,13480.346431757742,prices
2,Remote Sensing Technologies,Drones,Hardware,Euros,EU Europe,Greece,15085.55651155472,14934.700946439172,14785.35393697478,14637.500397605032,14491.125393628981,14346.21413969269,14202.751998295764,14060.724478312806,13920.117233529678,13780.91606119438,13643.106900582437,13506.675831576613,13371.609073260846,13237.892982528238,13105.514052702954,12974.458912175925,12844.714323054166,12716.267179823624,12589.104508025388,12463.213462945134,12338.581328315682,prices
2,Remote Sensing Technologies,Drones,Hardware,Euros,EU Europe,Croatia,15408.353404458796,15254.269870414208,15101.727171710065,14950.709899992964,14801.202800993035,14653.190772983104,14506.658865253272,14361.592276600739,14217.97635383473,14075.796590296382,13935.038624393419,13795.688238149485,13657.73135576799,13521.15404221031,13385.942501788206,13252.083076770323,13119.562246002619,12988.366623542592,12858.482957307166,12729.898127734094,12602.599146456752,prices
2,Remote Sensing Technologies,Drones,Hardware,Euros,EU Europe,Hungary,18284.046639433425,18101.206173039092,17920.1941113087,17740.992170195615,17563.582248493658,17387.946426008722,17214.066961748635,17041.92629213115,16871.50702920984,16702.79195891774,16535.764039328562,16370.406398935276,16206.702334945923,16044.635311596463,15884.188958480498,15725.347068895693,15568.093598206737,15412.41266222467,15258.288535602424,15105.705650246398,14954.648593743934,prices
2,Remote Sensing Technologies,Drones,Hardware,Euros,EU Europe,Ireland,15907.630859169607,15748.55455057791,15591.069005072131,15435.15831502141,15280.806731871196,15127.998664552484,14976.71867790696,14826.95149112789,14678.68197621661,14531.895156454444,14386.5762048899,14242.710442841,14100.28333841259,13959.280505028464,13819.68769997818,13681.490822978398,13544.675914748614,13409.229155601128,13275.136864045116,13142.385495404666,13010.96164045062,prices
2,Remote Sensing Technologies,Drones,Hardware,Euros,EU Europe,Italy,14993.293163447359,14843.360231812885,14694.926629494756,14547.977363199809,14402.49758956781,14258.472613672133,14115.887887535411,13974.729008660057,13834.981718573456,13696.63190138772,13559.665582373842,13424.068926550104,13289.828237284602,13156.929954911757,13025.36065536264,12895.107048809014,12766.155978320923,12638.494418537713,12512.109474352335,12386.988379608812,12263.118495812725,prices
2,Remote Sensing Technologies,Drones,Hardware,Euros,EU Europe,Lithuania,15724.467914549461,15567.223235403966,15411.551003049926,15257.435493019428,15104.861138089233,14953.81252670834,14804.274401441256,14656.231657426844,14509.669340852575,14364.572647444049,14220.926920969609,14078.717651759913,13937.930475242314,13798.55117048989,13660.565658784992,13523.960002197142,13388.72040217517,13254.833198153417,13122.284866171884,12991.062017510165,12861.151397335063,prices
2,Remote Sensing Technologies,Drones,Hardware,Euros,EU Europe,Luxembourg,18420.98284718516,18236.77301871331,18054.405288526177,17873.861235640914,17695.122623284504,17518.171397051658,17342.98968308114,17169.55978625033,16997.864188387826,16827.88554650395,16659.60669103891,16493.01062412852,16328.080517887236,16164.799712708364,16003.15171558128,15843.120198425468,15684.688996441213,15527.8421064768,15372.563685412033,15218.838048557913,15066.649668072334,prices
2,Remote Sensing Technologies,Drones,Hardware,Euros,EU Europe,Latvia,16612.09518042478,16445.974228620533,16281.514486334328,16118.699341470985,15957.512348056274,15797.937224575711,15639.957852329953,15483.558273806653,15328.722691068586,15175.4354641579,15023.68110951632,14873.444298421156,14724.709855436944,14577.462756882574,14431.688129313749,14287.37124802061,14144.497535540404,14003.052560185,13863.02203458315,13724.391814237319,13587.147896094946,prices
2,Remote Sensing Technologies,Drones,Hardware,Euros,EU Europe,Malta,15618.559498777446,15462.37390378967,15307.750164751773,15154.672663104255,15003.125936473212,14853.09467710848,14704.563730337395,14557.518093034021,14411.942912103681,14267.823482982643,14125.145248152818,13983.893795671289,13844.054857714576,13705.61430913743,13568.558166046056,13432.872584385595,13298.54385854174,13165.558419956322,13033.902835756759,12903.56380739919,12774.528169325198,prices
2,Remote Sensing Technologies,Drones,Hardware,Euros,EU Europe,Poland,15635.782748557505,15479.42492107193,15324.63067186121,15171.384365142598,15019.67052149117,14869.473816276259,14720.779078113495,14573.571287332361,14427.835574459037,14283.557218714446,14140.721646527301,13999.314430062028,13859.321285761407,13720.728072903792,13583.520792174753,13447.685584253006,13313.208728410476,13180.076641126372,13048.275874715107,12917.793115967956,12788.615184808275,prices
2,Remote Sensing Technologies,Drones,Hardware,Euros,EU Europe,Portugal,15318.792239071236,15165.604316680523,15013.948273513717,14863.80879077858,14715.170702870793,14568.018995842085,14422.338805883664,14278.115417824827,14135.334263646579,13993.980921010112,13854.04111180001,13715.50070068201,13578.34569367519,13442.562236738439,13308.136614371055,13175.055248227343,13043.30469574507,12912.871648787619,12783.742932299743,12655.905502976746,12529.346447946979,prices
2,Remote Sensing Technologies,Drones,Hardware,Euros,EU Europe,Romania,15692.684062239465,15535.75722161707,15380.399649400899,15226.59565290689,15074.329696377821,14923.586399414044,14774.350535419902,14626.607030065703,14480.340959765046,14335.537550167395,14192.18217466572,14050.260352919064,13909.757749389873,13770.660171895974,13632.953570177015,13496.624034475244,13361.657794130491,13228.041216189185,13095.760804027293,12964.80319598702,12835.15516402715,prices
2,Remote Sensing Technologies,Drones,Hardware,Euros,EU Europe,Slovakia,15920.328852436993,15761.125563912623,15603.514308273496,15447.47916519076,15293.004373538852,15140.074329803463,14988.673586505429,14838.786850640374,14690.39898213397,14543.49499231263,14398.060042389503,14254.079441965609,14111.538647545953,13970.423261070493,13830.719028459787,13692.411838175189,13555.487719793437,13419.932842595503,13285.733514169548,13152.876179027851,13021.347417237572,prices
2,Remote Sensing Technologies,Drones,Hardware,Euros,EU Europe,Slovenia,17753.7010139659,17576.16400382624,17400.40236378798,17226.3983401501,17054.134356748596,16883.59301318111,16714.7570830493,16547.609512218805,16382.133417096617,16218.31208292565,16056.128962096393,15895.567672475428,15736.611995750674,15579.245875793167,15423.453417035236,15269.218882864883,15116.526694036234,14965.361427095871,14815.707812824912,14667.550734696662,14520.875227349696,prices
2,Remote Sensing Technologies,Drones,Hardware,Euros,EU Europe,Sweden,16334.04355482303,16170.7031192748,16008.996088082053,15848.906127201231,15690.41706592922,15533.512895269927,15378.177766317227,15224.395988654054,15072.152028767514,14921.430508479838,14772.216203395039,14624.49404136109,14478.249100947478,14333.466609938003,14190.131943838624,14048.230624400238,13907.748318156235,13768.670834974671,13630.984126624924,13494.674285358675,13359.727542505088,prices
2,Remote Sensing Technologies,Drones,Hardware,Euros,EU Europe,Netherlands,22870.182580181365,22641.48075437955,22415.065946835755,22190.9152873674,21969.006134493724,21749.316073148788,21531.8229124173,21316.50468329313,21103.339636460198,20892.306240095597,20683.38317769464,20476.549345917694,20271.783852458517,20069.06601393393,19868.375353794592,19669.691600256647,19472.99468425408,19278.26473741154,19085.482090037425,18894.62726913705,18705.68099644568,prices
3,Decision Support Systems,Total,Software,Euros,EU Europe,Austria,705.3235522859561,698.2703167630965,691.2876135954656,684.3747374595109,677.5309900849159,670.7556801840667,664.048123382226,657.4076421484037,650.8335657269197,644.3252300696505,637.881977768954,631.5031579912645,625.1881264113518,618.9362451472383,612.746882695766,606.6194138688084,600.5532197301203,594.547687532819,588.6022106574909,582.716188550916,576.8890266654067,prices
3,Decision Support Systems,Total,Software,Euros,EU Europe,Belgium,531.0786428350254,525.7678564066752,520.5101778426084,515.3050760641823,510.1520253035405,505.0505050505051,500.0,495.0,490.05,485.1495,480.298005,475.49502494999996,470.7400747005,466.03267395349496,461.37234721396,456.7586237418204,452.1910375044022,447.6691271293582,443.1924358580646,438.7605114994839,434.37290638448906,prices
3,Decision Support Systems,Total,Software,Euros,EU Europe,Bulgaria,641.4819769051425,635.067157136091,628.7164855647302,622.4293207090828,616.205027501992,610.0429772269721,603.9425474547023,597.9031219801553,591.9240907603538,586.0048498527502,580.1448013542227,574.3433533406806,568.5999198072737,562.913920609201,557.284781403109,551.711933589078,546.1948142531871,540.7328661106552,535.3255374495486,529.9722820750532,524.6725592543027,prices
3,Decision Support Systems,Total,Software,Euros,EU Europe,Cyprus,650.6889457318936,644.1820562745746,637.7402357118289,631.3628333547106,625.0492050211635,618.7987129709519,612.6107258412424,606.48461858283,600.4197723970017,594.4155746730316,588.4714189263013,582.5867047370383,576.7608376896679,570.9932293127713,565.2832970196436,559.6304640494471,554.0341594089526,548.4938178148631,543.0088796367145,537.5787908403473,532.2030029319438,prices
3,Decision Support Systems,Total,Software,Euros,EU Europe,Czechia,692.9441761363568,686.0147343749932,679.1545870312432,672.3630411609307,665.6394107493214,658.9830166418282,652.3931864754098,645.8692546106557,639.4105620645491,633.0164564439036,626.6862918794645,620.4194289606698,614.2152346710632,608.0730823243525,601.9923515011089,595.9724279860978,590.0127037062368,584.1125766691745,578.2714509024827,572.4887363934579,566.7638490295233,prices
3,Decision Support Systems,Total,Software,Euros,EU Europe,Germany,672.8430356575087,666.1146053009336,659.4534592479242,652.858924655445,646.3303354088905,639.8670320548016,633.4683617342536,627.133678116911,620.8623413357419,614.6537179223845,608.5071807431607,602.422108935729,596.3978878463718,590.433908967908,584.5295698782289,578.6842741794467,572.8974314376522,567.1684571232757,561.496772552043,555.8818048265226,550.3229867782574,prices
3,Decision Support Systems,Total,Software,Euros,EU Europe,Denmark,720.652769015911,713.4462413257519,706.3117789124943,699.2486611233694,692.2561745121357,685.3336127670143,678.4802766393442,671.6954738729507,664.9785191342212,658.328733942879,651.7454466034502,645.2279921374156,638.7757122160415,632.387955093881,626.0640755429422,619.8034347875127,613.6054004396376,607.4693464352413,601.3946529708888,595.38070644118,589.4268993767682,prices
3,Decision Support Systems,Total,Software,Euros,EU Europe,Spain,665.4567581516872,658.8021905701703,652.2141686644686,645.692026977824,639.2351067080457,632.8427556409653,626.5143280845556,620.24918480371,614.0466929556729,607.9062260261162,601.8271637658551,595.8088921281965,589.8508032069145,583.9522951748454,578.112772223097,572.331644500866,566.6083280558573,560.9422447752987,555.3328223275457,549.7794941042703,544.2816991632276,prices
3,Decision Support Systems,Total,Software,Euros,EU Europe,Estonia,672.0033649255807,665.2833312763249,658.6304979635617,652.044192983926,645.5237510540867,639.0685135435458,632.6778284081104,626.3510501240293,620.087539622789,613.8866642265612,607.7477975842955,601.6703196084526,595.653616412368,589.6970802482443,583.8001094457619,577.9621083513043,572.1824872677913,566.4606623951134,560.7960557711623,555.1880952134507,549.6362142613161,prices
3,Decision Support Systems,Total,Software,Euros,EU Europe,Finland,689.8496865045975,682.9511896395514,676.1216777431559,669.3604609657244,662.6668563560672,656.0401877925066,649.4797859145815,642.9849880554357,636.5551381748813,630.1895867931325,623.8876909252012,617.6488140159493,611.4723258757898,605.357602617032,599.3040265908617,593.3109863249531,587.3778764617035,581.5040976970865,575.6890567201157,569.9321661529145,564.2328444913854,prices
3,Decision Support Systems,Total,Software,Euros,EU Europe,France,709.7901974595061,702.692295484911,695.6653725300619,688.7087188047612,681.8216316167136,675.0034153005464,668.253381147541,661.5708473360655,654.9551388627049,648.4055874740778,641.9215315993371,635.5023162833437,629.1472931205103,622.8558201893052,616.6272619874121,610.460989367538,604.3563794738626,598.312815679124,592.3296875223327,586.4063906471094,580.5423267406384,prices
3,Decision Support Systems,Total,Software,Euros,EU Europe,Greece,628.7922702888818,622.504347585993,616.279304110133,610.1165110690317,604.0153459583414,597.975192498758,591.9954405737705,586.0754861680327,580.2147313063524,574.4125839932889,568.668458153356,562.9817735718225,557.3519558361043,551.7784362777433,546.2606519149658,540.7980453958162,535.390064941858,530.0361642924394,524.735802649515,519.4884446230199,514.2935601767897,prices
3,Decision Support Systems,Total,Software,Euros,EU Europe,Croatia,647.521951149743,641.0467316382455,634.6362643218631,628.2899016786445,622.007002661858,615.7869326352394,609.629063308887,603.5327726757981,597.4974449490402,591.5224704995497,585.6072457945543,579.7511733366088,573.9536616032427,568.2141249872103,562.5319837373382,556.9066638999649,551.3375972609653,545.8242212883556,540.3659790754721,534.9623192847173,529.6126960918701,prices
3,Decision Support Systems,Total,Software,Euros,EU Europe,Hungary,814.378627062103,806.2348407914819,798.1724923835671,790.1907674597314,782.2888597851342,774.4659711872828,766.72131147541,759.0540983606559,751.4635573770493,743.9489218032787,736.5094325852459,729.1443382593934,721.8528948767995,714.6343659280315,707.4880222687511,700.4131420460636,693.409010625603,686.4749205193469,679.6101713141535,672.814069601012,666.0859289050019,prices
3,Decision Support Systems,Total,Software,Euros,EU Europe,Ireland,676.4915837370536,669.7266678996831,663.0294012206863,656.3991072084794,649.8351161363946,643.3367649750306,636.9033973252804,630.5343633520275,624.2290197185073,617.9867295213222,611.806862226109,605.6887936038479,599.6319056678094,593.6355866111313,587.69923074502,581.8222384375698,576.004016053194,570.2439758926621,564.5415361337355,558.8961207723981,553.3071595646742,prices
3,Decision Support Systems,Total,Software,Euros,EU Europe,Italy,623.4388635393352,617.2044749039419,611.0324301549025,604.9221058533535,598.8728847948199,592.8841559468717,586.955314387403,581.085761243529,575.2749036310937,569.5221545947828,563.826933048835,558.1886637183467,552.6067770811632,547.0807093103515,541.609902217248,536.1938031950755,530.8318651631247,525.5235465114935,520.2683110463785,515.0656279359147,509.9149716565555,prices
3,Decision Support Systems,Total,Software,Euros,EU Europe,Lithuania,665.8638993519677,659.205260358448,652.6132077548634,646.0870756773148,639.6262049205417,633.2299428713362,626.8976434426229,620.6286670081967,614.4223803381146,608.2781565347335,602.1953749693862,596.1734212196923,590.2116870074954,584.3095701374205,578.4664744360463,572.6818096916858,566.9549915947689,561.2854416788213,555.6725872620331,550.1158613894128,544.6147027755186,prices
3,Decision Support Systems,Total,Software,Euros,EU Europe,Luxembourg,822.3240922318952,814.1008513095762,805.9598427964804,797.9002443685156,789.9212419248304,782.022029505582,774.2018092105262,766.459791118421,758.7951932072367,751.2072412751643,743.6951688624126,736.2582171737885,728.8956350020505,721.60667865203,714.3906118655098,707.2467057468547,700.1742386893861,693.1724963024923,686.2407713394673,679.3783636260727,672.5845799898119,prices
3,Decision Support Systems,Total,Software,Euros,EU Europe,Latvia,717.3667972382364,710.1931292658539,703.0911979731954,696.0602859934635,689.0996831335289,682.2086863021935,675.3865994391716,668.6327334447799,661.9464061103321,655.3269420492287,648.7736726287364,642.2859359024491,635.8630765434245,629.5044457779903,623.2094013202104,616.9773073070083,610.8075342339382,604.6994588915989,598.6524643026828,592.6659396596559,586.7392802630593,prices
3,Decision Support Systems,Total,Software,Euros,EU Europe,Malta,659.7187632881,653.121575655219,646.5903598986667,640.1244562996801,633.7232117366833,627.3859796193165,621.1121198231233,614.900998624892,608.7519886386432,602.6644687522568,596.6378240647342,590.6714458240868,584.7647313658459,578.9170840521874,573.1279132116655,567.3966340795488,561.7226677387533,556.1054410613658,550.5443866507521,545.0389427842446,539.5885533564021,prices
3,Decision Support Systems,Total,Software,Euros,EU Europe,Poland,660.7181098706063,654.1109287719003,647.5698194841813,641.0941212893395,634.6831800764461,628.3363482756816,622.0529847929248,615.8324549449956,609.6741303955456,603.5773890915901,597.5416152006742,591.5661990486674,585.6505370581807,579.7940316875989,573.996091370723,568.2561304570157,562.5735691524455,556.9478334609211,551.3783551263118,545.8645715750487,540.4059258592982,prices
3,Decision Support Systems,Total,Software,Euros,EU Europe,Portugal,642.3253334557359,635.9020801211785,629.5430593199667,623.2476287267671,617.0151524394994,610.8450009151044,604.7365509059533,598.6891853968938,592.7022935429248,586.7752706074956,580.9075179014206,575.0984427224064,569.3474582951823,563.6539837122305,558.0174438751081,552.437269436357,546.9128967419934,541.4437677745735,536.0293300968278,530.6690367958596,525.362346427901,prices
3,Decision Support Systems,Total,Software,Euros,EU Europe,Romania,664.019701271437,657.3795042587227,650.8057092161355,644.2976521239741,637.8546756027343,631.476128846707,625.1613675582399,618.9097538826576,612.720656343831,606.5934497803927,600.5275152825888,594.5222401297628,588.5770177284652,582.6912475511805,576.8643350756687,571.095691724912,565.3847348076628,559.7308874595861,554.1335785849902,548.5922427991403,543.1063203711489,prices
3,Decision Support Systems,Total,Software,Euros,EU Europe,Slovakia,677.2283608458165,670.4560772373583,663.7515164649847,657.1140013003348,650.5428612873314,644.0374326744582,637.5970583477135,631.2210877642364,624.908876886594,618.6597881177281,612.4731902365509,606.3484583341854,600.2849737508435,594.2821240133351,588.3393027732017,582.4559097454696,576.631350648015,570.8650371415348,565.1563867701194,559.5048229024183,553.909774673394,prices
3,Decision Support Systems,Total,Software,Euros,EU Europe,Slovenia,660.3469762834426,653.7435065206082,647.2060714554021,640.7340107408481,634.3266706334397,627.9834039271053,621.7035698878343,615.4865341889559,609.3316688470663,603.2383521585957,597.2059686370097,591.2339089506396,585.3215698611332,579.4683541625218,573.6736706208966,567.9369339146876,562.2575645755408,556.6349889297853,551.0686390404875,545.5579526500826,540.1023731235817,prices
3,Decision Support Systems,Total,Software,Euros,EU Europe,Sweden,701.2333761154005,694.2210423542465,687.278831930704,680.406043611397,673.601983175283,666.8659633435301,660.1973037100948,653.5953306729939,647.0593773662639,640.5887835926012,634.1828957566752,627.8410667991084,621.5626561311173,615.3470295698061,609.193559274108,603.101623681367,597.0706074445533,591.0999013701078,585.1889023564067,579.3370133328426,573.5436431995142,prices
3,Decision Support Systems,Total,Software,Euros,EU Europe,Netherlands,710.7024762416486,703.5954514792321,696.5594969644397,689.5939019947954,682.6979629748474,675.8709833450989,669.1122735116479,662.4211507765315,655.7969392687662,649.2389698760785,642.7465801773177,636.3191143755445,629.955923231789,623.6563639994712,617.4198003594764,611.2456023558816,605.1331463323228,599.0818148689996,593.0909967203096,587.1600867531065,581.2884858855755,prices
4,Telematics Systems,Total,Hardware,Euros,EU Europe,Austria,1227.2629809775635,1214.9903511677878,1202.84044765611,1190.812043179549,1178.9039227477535,1167.114883520276,1155.4437346850732,1143.8892973382224,1132.45040436484,1121.1259003211917,1109.9146413179797,1098.8154949047998,1087.8273399557518,1076.9490665561943,1066.1795758906323,1055.517780131726,1044.9626023304088,1034.5129763071047,1024.1678465440336,1013.9261680785933,1003.7869063978073,prices
4,Telematics Systems,Total,Hardware,Euros,EU Europe,Belgium,1242.3050523290115,1229.8820018057213,1217.583181787664,1205.4073499697874,1193.3532764700897,1181.4197437053888,1169.6055462683348,1157.9094908056516,1146.330395897595,1134.867091938619,1123.5184210192328,1112.2832368090405,1101.16040444095,1090.1488003965405,1079.2473123925752,1068.4548392686495,1057.770290875963,1047.1925879672033,1036.7206620875313,1026.353455466656,1016.0899209119895,prices
4,Telematics Systems,Total,Hardware,Euros,EU Europe,Bulgaria,1116.178639814948,1105.0168534167985,1093.9666848826305,1083.027018033804,1072.1967478534661,1061.4747803749315,1050.860032571182,1040.3514322454703,1029.9479179230157,1019.6484387437855,1009.4519543563476,999.3574348127842,989.3638604646563,979.4702218600098,969.6755196414097,959.9787644449956,950.3789768005456,940.8751870325401,931.4664351622147,922.1517708105926,912.9302531024866,prices
4,Telematics Systems,Total,Hardware,Euros,EU Europe,Cyprus,1132.1987655734947,1120.8767779177597,1109.668010138582,1098.5713300371963,1087.5856167368242,1076.709760569456,1065.9426629637614,1055.2832363341238,1044.7304039707826,1034.2830999310747,1023.940268931764,1013.7008662424463,1003.5638575800218,993.5282190042216,983.5929368141793,973.7570074460375,964.0194373715772,954.3792429978614,944.8354505678828,935.387096062204,926.0332251015819,prices
4,Telematics Systems,Total,Hardware,Euros,EU Europe,Czechia,1205.7228664772604,1193.6656378124878,1181.728981434363,1169.9116916200194,1158.2125747038192,1146.630448956781,1135.1641444672132,1123.812503022541,1112.5743779923157,1101.4486342123926,1090.4341478702686,1079.529806391566,1068.7345083276502,1058.0471632443737,1047.46669161193,1036.9920246958106,1026.6221044488525,1016.3558834043639,1006.1923245703202,996.1304013246171,986.1690973113709,prices
4,Telematics Systems,Total,Hardware,Euros,EU Europe,Germany,1170.746882044065,1159.0394132236243,1147.449019091388,1135.974528900474,1124.6147836114694,1113.3686357753547,1102.2349494176012,1091.2125999234252,1080.300473924191,1069.497469184949,1058.8024944930996,1048.2144695481686,1037.7323248526868,1027.35500160416,1017.0814515881184,1006.9106370722373,996.8415307015149,986.8731153944998,977.0043842405548,967.2343403981492,957.5619969941678,prices
4,Telematics Systems,Total,Hardware,Euros,EU Europe,Denmark,1253.9358180876852,1241.3964599068083,1228.9824953077402,1216.6926703546628,1204.5257436511163,1192.4804862146052,1180.555681352459,1168.7501245389344,1157.0626232935451,1145.4919970606097,1134.0370770900035,1122.6967063191034,1111.4697392559124,1100.3550418633533,1089.3514914447198,1078.4579765302726,1067.67339676497,1056.9966627973204,1046.4266961693472,1035.9624292076537,1025.602804915577,prices
4,Telematics Systems,Total,Hardware,Euros,EU Europe,Spain,1157.8947591839358,1146.3158115920965,1134.8526534761754,1123.5041269414137,1112.2690856719996,1101.1463948152796,1090.1349308671267,1079.2335815584554,1068.441245742871,1057.7568332854423,1047.1792649525878,1036.7074723030619,1026.3403975800313,1016.076993604231,1005.9162236681886,995.8570614315067,985.8984908171917,976.0395059090198,966.2791108499296,956.6163197414303,947.050156544016,prices
4,Telematics Systems,Total,Hardware,Euros,EU Europe,Estonia,1169.2858549705104,1157.5929964208053,1146.0170664565971,1134.5568957920311,1123.2113268341109,1111.9792135657697,1100.859421430112,1089.8508272158108,1078.9523189436527,1068.1627957542162,1057.481167796674,1046.9063561187072,1036.43729255752,1026.0729196319448,1015.8121904356254,1005.6540685312692,995.5975278459565,985.6415525674969,975.7851370418219,966.0272856714037,956.3670128146896,prices
4,Telematics Systems,Total,Hardware,Euros,EU Europe,Finland,1200.3384545179997,1188.3350699728196,1176.4517192730914,1164.6872020803605,1153.040330059557,1141.5099267589615,1130.094827491372,1118.7938792164582,1107.6059404242935,1096.5298810200507,1085.5645822098502,1074.7089363877517,1063.9618470238743,1053.3222285536356,1042.7890062680992,1032.3611162054183,1022.037505043364,1011.8171299929304,1001.6989586930011,991.6819691060712,981.7651494150105,prices
4,Telematics Systems,Total,Hardware,Euros,EU Europe,France,1235.0349435795406,1222.6845941437452,1210.4577482023078,1198.3531707202847,1186.3696390130817,1174.505942622951,1162.7608831967214,1151.133274364754,1139.6219416211065,1128.2257222048954,1116.9434649828465,1105.7740303330181,1094.716290029688,1083.769127129391,1072.931435858097,1062.2021214995161,1051.580100284521,1041.0642992816759,1030.653656288859,1020.3471197259705,1010.1436485287109,prices
4,Telematics Systems,Total,Hardware,Euros,EU Europe,Greece,1094.0985503026543,1083.1575647996278,1072.3259891516316,1061.6027292601152,1050.9867019675141,1040.476834947839,1030.0720665983606,1019.771345932377,1009.5736324730533,999.4778961483228,989.4831171868395,979.5882860149711,969.7924031548214,960.0944791232731,950.4935343320403,940.9885989887199,931.5787129988327,922.2629258688444,913.0402966101559,903.9098936440544,894.8707947076139,prices
4,Telematics Systems,Total,Hardware,Euros,EU Europe,Croatia,1126.6881950005527,1115.4213130505473,1104.2670999200418,1093.2244289208413,1082.2921846316328,1071.4692627853165,1060.7545701574634,1050.1470244558886,1039.6455542113297,1029.2490986692164,1018.9566076825242,1008.767041605699,998.679371189642,988.6925774777455,978.8056517029681,969.0175951859385,959.3274192340791,949.7341450417383,940.236803591321,930.8344355554077,921.5260911998536,prices
4,Telematics Systems,Total,Hardware,Euros,EU Europe,Hungary,1417.0188110880592,1402.8486229771786,1388.8201367474069,1374.9319353799328,1361.1826160261335,1347.570789865872,1334.0950819672132,1320.754131147541,1307.5465898360658,1294.4711239377052,1281.5264126983282,1268.711148571345,1256.0240370856313,1243.463796714775,1231.0291587476272,1218.718867160151,1206.5316784885495,1194.466361703664,1182.5216980866273,1170.696481105761,1158.9895162947034,prices
4,Telematics Systems,Total,Hardware,Euros,EU Europe,Ireland,1177.0953557024736,1165.3244021454489,1153.6711581239942,1142.1344465427544,1130.7131020773268,1119.4059710565534,1108.2119113459878,1097.129792232528,1086.1584943102027,1075.2969093671006,1064.5439402734296,1053.8985008706952,1043.3595158619883,1032.9259207033683,1022.5966614963346,1012.3706948813713,1002.2469879325575,992.2245180532319,982.3022728726996,972.4792501439726,962.7544576425329,prices
4,Telematics Systems,Total,Hardware,Euros,EU Europe,Italy,1084.7836225584435,1073.9357863328592,1063.1964284695305,1052.564464184835,1042.0388195429866,1031.6184313475567,1021.3022470340811,1011.0892245637403,1000.978332318103,990.9685489949219,981.0588635049727,971.248274869923,961.5357921212237,951.9204342000115,942.4012298580114,932.9772175594313,923.647445383837,914.4109709299986,905.2668612206986,896.2141926084917,887.2520506824068,prices
4,Telematics Systems,Total,Hardware,Euros,EU Europe,Lithuania,1158.603184872424,1147.0171530236996,1135.5469814934627,1124.191511678528,1112.9495965617427,1101.8201005961253,1090.8018995901639,1079.8938805942623,1069.0949417883196,1058.4039923704363,1047.819952446732,1037.3417529222647,1026.968335393042,1016.6986520391116,1006.5316655187205,996.4663488635333,986.501685374898,976.636668521149,966.8703018359374,957.2015988175781,947.6295828294024,prices
4,Telematics Systems,Total,Hardware,Euros,EU Europe,Luxembourg,1430.8439204834974,1416.5354812786625,1402.3701264658757,1388.346425201217,1374.462960949205,1360.718331339713,1347.1111480263157,1333.6400365460527,1320.303636180592,1307.1005998187861,1294.0295938205982,1281.0892978823922,1268.2784049035683,1255.5956208545326,1243.0396646459874,1230.6092679995274,1218.303175319532,1206.1201435663368,1194.0589421306734,1182.1183527093667,1170.2971691822731,prices
4,Telematics Systems,Total,Hardware,Euros,EU Europe,Latvia,1248.2182271945312,1235.736044922586,1223.3786844733602,1211.1448976286265,1199.0334486523402,1187.0431141658169,1175.1726830241587,1163.4209561939172,1151.786746631978,1140.2688791656583,1128.8661903740017,1117.5775284702618,1106.401753185559,1095.3377356537035,1084.3843582971665,1073.5405147141948,1062.8051095670528,1052.1770584713822,1041.6552878866685,1031.2387350078018,1020.9263476577238,prices
4,Telematics Systems,Total,Hardware,Euros,EU Europe,Malta,1147.910648121294,1136.431541640081,1125.06722622368,1113.8165539614433,1102.678388421829,1091.6516045376106,1080.7350884922346,1069.9277376073123,1059.2284602312393,1048.6361756289268,1038.1498138726377,1027.7683157339113,1017.4906325765722,1007.3157262508065,997.2425689882984,987.2701432984154,977.3974418654312,967.6234674467769,957.9472327723091,948.367760444586,938.8840828401401,prices
4,Telematics Systems,Total,Hardware,Euros,EU Europe,Poland,1149.6495111748552,1138.1530160631066,1126.7714859024757,1115.5037710434508,1104.3487333330163,1093.3052459996861,1082.3721935396893,1071.5484716042924,1060.8329868882495,1050.224657019367,1039.7224104491734,1029.3251863446817,1019.0319344812349,1008.8416151364225,998.7531989850584,988.7656669952078,978.8780103252557,969.0892302220032,959.3983379197831,949.8043545405852,940.3063109951794,prices
4,Telematics Systems,Total,Hardware,Euros,EU Europe,Portugal,1117.6460802129805,1106.4696194108506,1095.404923216742,1084.4508739845746,1073.606365244729,1062.8703015922817,1052.241598576359,1041.7191825905952,1031.3019907646892,1020.9889708570423,1010.7790811484718,1000.6712903369871,990.6645774336172,980.757931659281,970.9503523426881,961.2408488192613,951.6284403310686,942.112155927758,932.6910343684804,923.3641240247955,914.1304827845476,prices
4,Telematics Systems,Total,Hardware,Euros,EU Europe,Romania,1155.3942802123004,1143.8403374101774,1132.4019340360755,1121.0779146957148,1109.8671355487577,1098.7684641932701,1087.7807795513374,1076.902971755824,1066.1339420382658,1055.472602617883,1044.9178765917043,1034.4686978257873,1024.1240108475295,1013.8827707390542,1003.7439430316637,993.706503601347,983.7694385653335,973.9317441796802,964.1924267378834,954.5505024705045,945.0049974457994,prices
4,Telematics Systems,Total,Hardware,Euros,EU Europe,Slovakia,1178.3773478717208,1166.5935743930036,1154.9276386490735,1143.3783622625829,1131.944578639957,1120.6251328535573,1109.4188815250218,1098.3246927097716,1087.3414457826739,1076.468031324847,1065.7033510115987,1055.0463175014827,1044.495854326468,1034.0508957832033,1023.7103868253712,1013.4732829571175,1003.3385501275463,993.3051646262709,983.3721129800082,973.5383918502081,963.803007931706,prices
4,Telematics Systems,Total,Hardware,Euros,EU Europe,Slovenia,1149.0037387331906,1137.5137013458586,1126.1385643324,1114.877178689076,1103.728406902185,1092.6911228331633,1081.7642116048316,1070.9465694887833,1060.2371037938956,1049.6347327559565,1039.138385428397,1028.747001574113,1018.4595315583719,1008.2749362427882,998.1921868803603,988.2102650115567,978.3281623614411,968.5448807378266,958.8594319304483,949.2708376111437,939.7781292350323,prices
4,Telematics Systems,Total,Hardware,Euros,EU Europe,Sweden,1220.1460744407968,1207.9446136963888,1195.865167559425,1183.9065158838307,1172.0674507249923,1160.3467762177424,1148.743308455565,1137.2558753710093,1125.8833166172992,1114.6244834511263,1103.478238616615,1092.4434562304489,1081.5190216681444,1070.703831451463,1059.9967931369483,1049.3968252055788,1038.902856953523,1028.5138283839879,1018.228690100148,1008.0464031991465,997.965939167155,prices
4,Telematics Systems,Total,Hardware,Euros,EU Europe,Netherlands,1236.6223086604684,1224.2560855738636,1212.013524718125,1199.8933894709437,1187.8944555762343,1176.015511020472,1164.2553559102673,1152.6128023511646,1141.086674327653,1129.6758075843766,1118.3790495085327,1107.1952590134474,1096.123306423313,1085.1620733590798,1074.310452625489,1063.567348099234,1052.9316746182417,1042.4023578720592,1031.9783342933385,1021.6585509504051,1011.4419654409011,prices
1,Field Survey Technologies,Sensors,Hardware,Euros,EU Europe,Austria,2062408.394001853,2147920.9724007067,2604458.5558427796,2743149.8528251857,2966564.34497408,3081025.6976255663,3319926.184077644,3607709.363510674,3925662.3553030654,4277426.774010454,4667136.641217648,5099491.7241278095,5282525.463120932,5622923.613356979,5966924.43391881,6312094.235760722,6655883.884839302,6995691.224498021,7328927.951939343,7653087.404479834,7965809.544788277,revenues
1,Field Survey Technologies,Sensors,Hardware,Euros,EU Europe,Belgium,817786.5729807131,851694.0370110794,1032720.4073874857,1087714.307136611,1176302.6645250104,1221688.9020887385,1316417.7689161173,1430529.6105642077,1556604.39201054,1696086.08695898,1850613.9184432873,2022051.439058603,2094628.012440653,2229602.752429158,2366006.0239480194,2502872.8201488475,2639192.3579105623,2773932.8295753356,2906067.9208201696,3034603.689275811,3158604.33248586,revenues
1,Field Survey Technologies,Sensors,Hardware,Euros,EU Europe,Bulgaria,1157014.111546462,1204986.792519806,1461105.0414709025,1538911.0609886749,1664246.9163372277,1728459.9018107273,1862483.4225083066,2023930.205132982,2202302.2964133103,2399642.647416567,2618270.4502702504,2860822.2812173893,2962920.3111414537,3153983.6191836176,3347074.786727318,3540826.6721158545,3733807.1579100187,3924554.2504724534,4111613.688987338,4293577.068896451,4469118.390752962,revenues
1,Field Survey Technologies,Sensors,Hardware,Euros,EU Europe,Cyprus,75333.61157455466,78457.13036189727,95133.08313644755,100199.06149748906,108359.72483682577,112540.65578436409,121266.97618903987,131778.83519822056,143392.70723846115,156241.60960024415,170476.54573042144,186269.18407157884,192954.85924553953,205388.58580772695,217953.9071441324,230561.92787118594,243119.53574475768,255531.68176321004,267703.822964948,279544.3984576231,290967.2031345606,revenues
1,Field Survey Technologies,Sensors,Hardware,Euros,EU Europe,Czechia,1716347.5010259687,1787511.5346228122,2167444.598677502,2282864.2515852903,2468791.0090635656,2564046.3702998683,2762860.65660147,3002355.3863037517,3266957.5982098537,3559697.8637916753,3884016.5383333126,4243824.793704516,4396146.468421285,4679427.663460378,4965707.020371128,5252959.209871507,5539062.828723479,5821852.347981517,6099173.767957017,6368941.030309092,6629190.099113747,revenues
1,Field Survey Technologies,Sensors,Hardware,Euros,EU Europe,Germany,4332147.801993629,4511769.417979482,5470739.665767506,5762064.70067591,6231353.22951977,6471782.573554871,6973599.876223222,7578096.673199709,8245966.023681741,8984857.24316803,9803453.962201431,10711628.17617253,11096095.778406803,11811111.825973595,12533695.385570768,13258734.423771398,13980874.411629975,14694649.444686063,15394622.71890615,16075528.917650744,16732410.71502513,revenues
1,Field Survey Technologies,Sensors,Hardware,Euros,EU Europe,Denmark,797336.4335417562,830395.9839595095,1006895.4830975776,1060514.1671665744,1146887.2225176,1191138.5002795246,1283498.5112225947,1394756.7928460515,1517678.8606804248,1653672.5794195211,1804336.1805465901,1971486.6153653346,2042248.288509716,2173847.7563371225,2306840.0328425495,2440284.2428095783,2573194.879462388,2704565.9372425927,2833396.766556484,2958718.280248525,3079618.077188962,revenues
1,Field Survey Technologies,Sensors,Hardware,Euros,EU Europe,Spain,4534582.605682469,4722597.6718072165,5726379.168593963,6031317.387758036,6522535.069426785,6774199.318013938,7299465.794578568,7932209.825033596,8631287.713874454,9404706.21770115,10261554.740156772,11212166.580248544,11614599.779950934,12363027.460693527,13119376.272013765,13878295.30278929,14634179.814925345,15381308.490400607,16113990.4714402,16826714.401013356,17514291.304782093,revenues
1,Field Survey Technologies,Sensors,Hardware,Euros,EU Europe,Estonia,1105634.717875747,1151477.0814773568,1396221.9165627197,1470572.813047107,1590342.893364272,1651704.3801166324,1779776.3336186719,1934053.7673835861,2104504.909553353,2293081.990100244,2502001.213051502,2733782.072509686,2831904.470072631,3014388.217664147,3198803.3176497053,3383845.0957905515,3568146.989039758,3750314.0095039606,3928958.5961929793,4102736.954494231,4270383.894052368,revenues
1,Field Survey Technologies,Sensors,Hardware,Euros,EU Europe,Finland,8368437.226757321,8715413.43501471,10567862.309738904,11130616.71670811,12037144.327114165,12501583.207085496,13470946.855008177,14638657.129561974,15928784.565336911,17356105.393316884,18937393.837378748,20691719.693269294,21434398.18488003,22815599.192711122,24211418.411250494,25611980.893291913,27006943.261506766,28385746.993781947,29737889.78148252,31053200.579253983,32322103.289405588,revenues
1,Field Survey Technologies,Sensors,Hardware,Euros,EU Europe,France,6391307.969892403,6656307.484748984,8071096.284142375,8500894.181753904,9193245.332192158,9547955.75597326,10288297.284602124,11180124.011869436,12165445.588529008,13255547.20921078,14463240.01509295,15803088.366788866,16370301.435833856,17425179.517627735,18491222.10768926,19560887.31652685,20626275.495954737,21679322.683168016,22712007.84782831,23716562.958524846,24685674.36901368,revenues
1,Field Survey Technologies,Sensors,Hardware,Euros,EU Europe,Greece,781821.6116356818,814237.8789731076,987302.9956090807,1039878.3505397447,1124570.73194326,1167960.9544909596,1258523.7954305722,1367617.178584137,1488147.3903455285,1621494.900736651,1769226.842352275,1933124.8116888942,2002509.5820474161,2131548.346236577,2261952.817396525,2392800.4281553132,2523124.8480364503,2651939.6466526045,2778263.645363085,2901146.6138135716,3019693.904661092,revenues
1,Field Survey Technologies,Sensors,Hardware,Euros,EU Europe,Croatia,753700.5792422767,784950.8786781986,951791.084568987,1002475.377348009,1084121.4919747075,1125951.0287653739,1213256.4506904704,1318425.897084153,1434620.8053199293,1563171.9918393653,1705590.2216646208,1863593.009752303,1930482.1067426014,2054879.5266484073,2180593.53095101,2306734.7357394523,2432371.5680960366,2556553.078157969,2678333.3789110985,2796796.41846097,2911079.72868112,revenues
1,Field Survey Technologies,Sensors,Hardware,Euros,EU Europe,Hungary,744203.0823370527,775059.5919440239,939797.4187432268,989843.0309545674,1070460.3103350862,1111762.7466999895,1197968.019577335,1301812.209603758,1416542.927932076,1543474.2211812183,1684097.81699097,1840109.5876478467,1906155.80484058,2028985.6737279685,2153115.5365297007,2277667.2165982556,2401720.8799095303,2524337.559666191,2644583.288121814,2761553.5566927376,2874396.7653459962,revenues
1,Field Survey Technologies,Sensors,Hardware,Euros,EU Europe,Ireland,519657.9243986211,541204.2336213527,656236.4327296622,691182.0001214737,747474.978567605,776315.4105187736,836510.3414978005,909022.0759030428,989135.5937939215,1077768.4602205723,1175962.3103326706,1284901.3282506156,1331019.7077028663,1416788.6546947656,1503465.3540936257,1590436.5976707549,1677060.0889198615,1762680.1714098423,1846644.6794186237,1928322.0178018932,2007117.5360992418,revenues
1,Field Survey Technologies,Sensors,Hardware,Euros,EU Europe,Italy,3549775.8237074455,3696958.352786534,4482741.654013261,4721454.323346168,5105990.851224219,5302999.427979813,5714190.137611289,6209516.754682899,6756771.045648061,7362220.884195836,8032981.665084651,8777142.53304616,9092176.521217553,9678062.96720802,10270150.256862845,10864249.57357228,11455973.399119757,12040842.953834044,12614403.303027194,13172340.029332744,13710591.083989743,revenues
1,Field Survey Technologies,Sensors,Hardware,Euros,EU Europe,Lithuania,749056.6743230487,780114.4259179919,945926.6505729954,996298.6535076859,1077441.7078956198,1119013.513171914,1205781.0051955094,1310302.4530033993,1425781.4295803627,1553540.551579893,1695081.27548796,1852110.5338410765,1918587.495541697,2042218.4442437517,2167157.8652448747,2292521.8545480594,2417384.579095939,2540800.9482765505,2661830.9031319744,2779564.035995738,2893143.19281448,revenues
1,Field Survey Technologies,Sensors,Hardware,Euros,EU Europe,Luxembourg,70658.67371477858,73588.35795829054,89229.46000228169,93981.06163901868,101635.3030345701,105556.78017434276,113741.57595563072,123601.10612206085,134494.26228309816,146545.80714598813,159897.37341700768,174709.97640152,180980.76218765433,192642.89559469154,204428.4574690449,216254.06896067483,228032.3960424544,239674.28811807933,251091.0692282302,262196.8604261491,272910.8061896095,revenues
1,Field Survey Technologies,Sensors,Hardware,Euros,EU Europe,Latvia,1281254.1281061117,1334378.1089806922,1617998.3003656478,1704159.1195845301,1842953.5218847778,1914061.6889286295,2062476.6368911655,2241259.552884156,2438785.214854151,2657315.945673745,2899419.9720029025,3168016.985279899,3281725.179229106,3493194.709928285,3706902.3697199086,3921336.24944699,4134912.7207041592,4346015.215226929,4553035.771345933,4754417.145636318,4948693.184458535,revenues
1,Field Survey Technologies,Sensors,Hardware,Euros,EU Europe,Malta,63.442382641931616,66.07286152053582,80.1165553608978,84.38288125340952,91.25540356270837,94.77638464179434,102.12527641265602,110.9778638248296,120.75851416843057,131.57924827538787,143.5672340625873,156.86704252290227,162.49739999204215,172.96849279824292,183.5504084608702,194.16828351829417,204.74370326959627,215.19662196885267,225.44742003298157,235.41898923570776,245.03873173857596,revenues
1,Field Survey Technologies,Sensors,Hardware,Euros,EU Europe,Poland,3366648.8720990103,3506238.502578585,4251484.567730443,4477882.452801958,4842581.389341956,5029426.625680098,5419404.699662403,5889178.251430831,6408200.615920579,6982416.317781576,7618573.680549638,8324344.543613941,8623126.459324295,9178788.011075968,9740330.51541886,10303781.249731882,10864979.040468108,11419676.160650576,11963647.498163115,12492801.209159253,13003284.799127052,revenues
1,Field Survey Technologies,Sensors,Hardware,Euros,EU Europe,Portugal,1822481.9070764661,1898046.5369589939,2301473.66038586,2424030.5604423755,2621454.5385954003,2722600.2403262113,2933708.678120073,3188013.1307216976,3468977.646056164,3779820.1981481593,4124193.8847855316,4506251.734398612,4667992.580037946,4968791.137594114,5272773.255450464,5577788.363299899,5881583.87591907,6181860.353759691,6476330.599469248,6762779.558356839,7039121.74369312,revenues
1,Field Survey Technologies,Sensors,Hardware,Euros,EU Europe,Romania,2322855.581712705,2419166.947889313,2933357.4821424894,3089563.1367875645,3341191.0886679343,3470106.968117488,3739176.5326339086,4063301.844872355,4421406.904886257,4817593.201363119,5256516.812672825,5743471.0068763355,5949618.8016091455,6333003.462755831,6720445.750364695,7109204.641755453,7496409.090505632,7879128.331723235,8254447.203882583,8619542.495333351,8971756.136071641,revenues
1,Field Survey Technologies,Sensors,Hardware,Euros,EU Europe,Slovakia,1076473.4193616186,1121106.683042643,1359396.3326310923,1431786.211925879,1548397.336569238,1608140.4039616364,1732834.4385118037,1883042.779449517,2048998.2445583853,2232601.5734223374,2436010.51732092,2661678.118283108,2757212.5213845973,2934883.229957478,3114434.3511856366,3294595.621829108,3474036.522167306,3651398.8573432304,3825331.6635172693,3994526.5888819597,4157751.812686789,revenues
1,Field Survey Technologies,Sensors,Hardware,Euros,EU Europe,Slovenia,1503991.3942668443,1566350.6158388108,1899276.2374825142,2000415.5257669755,2163338.385528248,2246808.221019919,2421024.0925005917,2630887.195531407,2862751.3427235484,3119272.146306313,3403464.3015773627,3718755.0683603003,3852230.654042915,4100462.716164218,4351321.990811479,4603033.733762503,4853739.013645947,5101540.232862166,5344549.896604324,5580940.045329986,5808989.644618117,revenues
1,Field Survey Technologies,Sensors,Hardware,Euros,EU Europe,Sweden,6213198.8882381115,6470813.557856086,7846175.88382936,8263996.435144773,8937053.564990098,9281879.13450812,10001589.275884833,10868563.11855691,11826426.353046194,12886149.685045257,14060187.242645001,15362697.515719024,15914103.836081928,16939585.21734274,17975919.981147937,19015776.410793368,20051475.00068229,21075176.509618647,22079083.432457067,23055644.212559596,23997749.015925765,revenues
1,Field Survey Technologies,Sensors,Hardware,Euros,EU Europe,Netherlands,1067723.3117474527,1111993.7742172668,1348346.487844513,1420147.9464476102,1535811.198276568,1595068.6445105788,1718749.104362538,1867736.477718414,2032342.9748428033,2214453.8851695363,2416209.420710064,2640042.6839562124,2734800.5362456166,2911027.049549078,3089118.690585034,3267815.5214405074,3445797.837516334,3621718.484034112,3794237.4784555496,3962057.1039028573,4123955.552472971,revenues
1,Field Survey Technologies,GIS software,Software,Euros,EU Europe,Austria,1136118.9861197623,1212343.75984927,1420357.2094027651,1482485.186034303,1520382.0273351998,1542822.1366992807,1618714.015181312,1710584.1390305806,1807747.8326125233,1910517.4408914647,2019224.3938832835,2137900.005665377,2189312.1220721006,2277048.3335810117,2363475.866684873,2448165.892042477,2530703.613809352,2610695.0889286567,2687773.5024703643,2761604.6901324242,2831891.737229242,revenues
1,Field Survey Technologies,GIS software,Software,Euros,EU Europe,Belgium,94899.16093404139,101266.15872009452,118641.36507329716,123830.86804340345,126996.36257825715,128870.76796707347,135209.95926450138,142883.8013309722,150999.81127960508,159584.07904939275,168664.2887392714,178577.17296975068,182871.5882277024,190200.1277182392,197419.35428989242,204493.44815163527,211387.7617198253,218069.38922842333,224507.69090333613,230674.75425276827,236545.77821725668,revenues
1,Field Survey Technologies,GIS software,Software,Euros,EU Europe,Bulgaria,663893.8629811843,708435.9929027902,829989.1526187164,866293.7852399764,888438.8956319483,901551.8275285634,945899.4293113782,999583.9572173496,1056361.795332658,1116415.4631886918,1179938.6327126315,1249287.0119847334,1279249.6620399675,1330550.7590215495,1381087.0689968388,1430607.6146151496,1478869.6293969536,1525642.552779152,1570711.706433485,1613881.5293656916,1654978.271721044,revenues
1,Field Survey Technologies,GIS software,Software,Euros,EU Europe,Cyprus,60144.002822073984,64179.19901394204,75191.03989489001,78479.97815532594,80486.16567441082,81674.10286885065,85691.67621227741,90555.10782072712,95698.77105705251,101139.20087634659,106893.94256044496,113176.40629631741,115898.06706603615,120542.65712839588,125117.96821676774,129601.29891217814,133970.6907025827,138205.28898330385,142285.67526168682,146194.15950792746,149915.02361687444,revenues
1,Field Survey Technologies,GIS software,Software,Euros,EU Europe,Czechia,718505.858929452,766712.0302806364,898264.1688033504,937555.225249516,961521.9953169811,975713.5987054401,1023709.2400077089,1081809.8641964816,1143258.2546967464,1208251.945120401,1277000.5388726725,1352053.5248884193,1384567.6429601132,1440053.8928860351,1494712.5066990408,1548272.283584864,1600470.897811646,1651059.2113948253,1699805.2427553697,1746497.6592672067,1790948.685755545,revenues
1,Field Survey Technologies,GIS software,Software,Euros,EU Europe,Germany,630554.1450655765,672859.4384538874,788308.3874176882,822789.8578166204,843822.8751846215,856277.296022682,898397.8301729787,949386.4045288143,1003312.9478631734,1060350.8138602667,1120683.9485441141,1186549.7599966337,1215083.8514984164,1263778.0750042126,1311745.9726559883,1358749.5411090876,1404558.5657096906,1448954.4052499258,1491733.4748258998,1532710.3108652534,1571720.1235985882,revenues
1,Field Survey Technologies,GIS software,Software,Euros,EU Europe,Denmark,264838.6660954145,282607.28685132146,331096.9302625321,345579.47184428957,354413.53678112983,359644.5105643564,377335.5307041587,398751.2110611596,421400.86599653866,445357.3056866277,470697.7891900125,498362.048925492,510346.63548433536,530798.6669248485,550945.634681561,570687.5751132565,589927.795902058,608574.46568614,626542.0768928281,643752.7330789742,660137.2209929404,revenues
1,Field Survey Technologies,GIS software,Software,Euros,EU Europe,Spain,377664.64336738986,403003.01226890204,472150.1053119894,492802.4669258229,505400.0004848167,512859.4620409125,538087.1710850921,568626.3117768175,600925.1221419271,635087.4307855234,671223.4104978482,710673.1364047845,727763.3697735819,756928.3299887843,785658.2639706746,813810.6217907764,841247.5184858183,867838.0009022255,893460.13372211,918002.8352335194,941367.4061098736,revenues
1,Field Survey Technologies,GIS software,Software,Euros,EU Europe,Estonia,1976892.0314144078,2109526.1565573053,2471477.7970749824,2579582.9369690535,2645524.9417227902,2684571.6207483993,2816626.4949764963,2976484.148955997,3145552.8239201927,3324376.0124773146,3513530.41598115,3720030.6805850547,3809489.7992903274,3962154.2820755597,4112541.612606288,4259905.610845187,4403524.515595039,4542712.85033498,4676832.34255919,4805301.53314765,4927603.778788232,revenues
1,Field Survey Technologies,GIS software,Software,Euros,EU Europe,Finland,3305343.736935281,3527106.669800818,4132286.1986001628,4313036.913055584,4423291.286562149,4488576.944005506,4709371.375125411,4976651.776374367,5259332.912736188,5558323.49842497,5874587.772345789,6219854.15282467,6369428.906035984,6624682.396873116,6876128.51187845,7122519.645480312,7362649.020163862,7595370.5260308,7819616.977824656,8034416.181702723,8238904.315205893,revenues
1,Field Survey Technologies,GIS software,Software,Euros,EU Europe,France,547548.8408093188,584285.1219616038,684536.5257030053,714478.9014594483,732743.1605539208,743558.0980913185,780133.941464556,824410.4480921575,871238.1733916417,920767.6510000993,973158.6125329864,1030353.9366649716,1055131.8385273456,1097416.019581989,1139069.4873465346,1179885.5689182759,1219664.354792496,1258215.9853974846,1295363.67547379,1330946.3756256509,1364820.9887884976,revenues
1,Field Survey Technologies,GIS software,Software,Euros,EU Europe,Greece,431421.32679462526,460366.35228822957,539355.8238962991,562947.8370893769,577338.5001758176,585859.7394769342,614678.3538189736,649564.427556025,686460.6418729376,725485.604310447,766765.1696240288,811830.1588713765,831353.0114462303,864669.3042285414,897488.6492608791,929648.2060964137,960990.4632634082,991365.827771745,1020635.0080632914,1048671.1110851902,1075361.3886753484,revenues
1,Field Survey Technologies,GIS software,Software,Euros,EU Europe,Croatia,761960.0282367027,813081.6373752278,952589.8542361397,994257.17553506,1019673.4203302766,1034723.3108554644,1085621.6573997843,1147236.1212169738,1212400.8192897823,1281325.2317701515,1354231.638566561,1433823.7179255441,1468304.2416625589,1527146.2177367662,1585110.5034927519,1641909.4962930053,1697265.0053342485,1750912.8251359116,1802606.944216929,1852123.2488672608,1899262.6075478846,revenues
1,Field Survey Technologies,GIS software,Software,Euros,EU Europe,Hungary,202441.4873556001,216023.74128821684,253089.0070148294,264159.3967797591,270912.11635646014,274910.6492316144,288433.58560167294,304803.63551969145,322116.93006542564,340429.12501077814,359799.27683327324,380945.7127748606,390106.6769349819,405740.11794759193,421140.36964990495,436231.0202833674,450938.1586742995,465191.5893420038,478925.95068181906,492081.6990023231,504605.9280047006,revenues
1,Field Survey Technologies,GIS software,Software,Euros,EU Europe,Ireland,169807.436652057,181200.19884908482,212290.4553181441,221576.271843587,227240.43691532247,230594.3967521531,241937.40351921425,255668.56233826664,270190.9125008547,285551.13793567865,301798.7750752013,319536.35509633797,327220.5499795688,340333.84300600935,353251.5373952663,365909.5391465517,378245.85174370446,390201.59538497316,401721.9449122936,412756.9552193476,423262.2486289016,revenues
1,Field Survey Technologies,GIS software,Software,Euros,EU Europe,Italy,515651.16007736116,550247.3542088373,644658.571593991,672856.6420555427,690056.9092976352,700241.8182439869,734686.9209645785,776384.0816652556,820483.8387550018,867127.956472568,916466.8612030954,970330.2484327462,993664.703530361,1033485.6023957852,1072712.5304307085,1111150.8545465476,1148612.311048204,1184918.1007106444,1219901.7369717096,1253411.5524337825,1285312.7862100706,revenues
1,Field Survey Technologies,GIS software,Software,Euros,EU Europe,Lithuania,393624.56210109533,420033.7177855773,492102.9323590248,513628.0524341138,526757.9514537818,534532.6461203191,560826.4655173045,592656.175003851,626319.9169231199,661925.907625079,699588.975746923,740705.8273183849,758518.2853923425,788915.7422234738,818859.7888304894,848201.8511963087,876798.2174081512,904512.4002977399,931217.3116217053,956797.175410566,981149.1213536185,revenues
1,Field Survey Technologies,GIS software,Software,Euros,EU Europe,Luxembourg,247926.56986915524,264560.5201161739,309953.7066261405,323511.4204988532,331781.3587600704,336678.2924528402,353239.5975123028,373287.71303336724,394491.0038505224,416917.63061997324,440639.9187829737,466537.5912237337,477756.8647559595,496902.86815742555,515763.28866485506,534244.5461260602,552256.1228116722,569712.0515369164,586532.2850809561,602643.901320147,617982.1068301717,revenues
1,Field Survey Technologies,GIS software,Software,Euros,EU Europe,Latvia,1320675.8829855046,1409282.993315035,1651087.1964999326,1723307.5549292827,1767360.5502219324,1793445.9441030049,1881666.0820024696,1988460.0520152464,2101407.5059203417,2220871.527573051,2347237.386152233,2485191.2627214952,2544955.0225575096,2646943.546664544,2747410.8040475384,2845858.304164774,2941803.8696432365,3034789.563329518,3124388.983026731,3210213.6810986106,3291918.510540875,revenues
1,Field Survey Technologies,GIS software,Software,Euros,EU Europe,Malta,48276.614988045796,51515.601484045124,60354.62744797774,62994.60481343908,64604.93897658421,65558.47688352417,68783.31780508092,72687.11542853486,76815.85043180453,81182.79515499725,85802.03291110002,90844.86459375879,93029.49752376963,96757.63458975738,100430.16254765372,104028.85933687005,107536.09921615309,110935.14253277755,114210.4023778323,117347.67925148511,120334.35648582016,revenues
1,Field Survey Technologies,GIS software,Software,Euros,EU Europe,Poland,306983.2575081721,327579.45353005687,383785.40302090754,400572.59598374966,410812.4528420112,416875.8475705445,437382.0941516332,462205.71758499305,488459.68176631746,516228.38337921584,545601.3759538671,577667.9344188991,591559.6650938953,615266.2911951094,638619.3078903359,661502.8440167065,683804.8203104355,705418.7920026749,726245.6444377428,746195.085271933,765186.8871360178,revenues
1,Field Survey Technologies,GIS software,Software,Euros,EU Europe,Portugal,377666.8380639814,403005.3542126157,472152.8490854536,492805.33071493707,505402.93748111196,512862.4423858642,538090.2980340959,568629.6161958312,600928.6142567982,635091.1214254712,671227.3111323318,710677.2662907497,727767.5989748457,756932.7286743774,785662.829612559,813815.3510325234,841252.4071697177,867843.0441095682,893465.3258255926,918008.1699603172,941372.8766135966,revenues
1,Field Survey Technologies,GIS software,Software,Euros,EU Europe,Romania,128086.38561543655,136679.98882130528,160131.4857491962,167135.81194174793,171408.31287499258,173938.2173448377,182494.28984348406,192851.7543816701,203806.01751432137,215392.29310374832,227647.9466665358,241027.4697266906,246823.68671437382,256715.092770485,266458.9580417984,276006.93618340447,285312.2629909058,294330.5252092602,303020.3680163484,311344.11763136566,319268.29980612284,revenues
1,Field Survey Technologies,GIS software,Software,Euros,EU Europe,Slovakia,795763.0798746608,849152.6116462462,994849.8716114032,1038365.6922558105,1064909.4852207704,1080627.0383630455,1133783.4028778172,1198131.2868546932,1266186.9051494254,1338169.0311421182,1414309.8058086901,1497432.8514504724,1533443.0445680236,1594895.444131661,1655431.2161493357,1714749.9989851029,1772561.260377158,1828589.0738212909,1882576.5139584248,1934289.5246576155,1983520.140250165,revenues
1,Field Survey Technologies,GIS software,Software,Euros,EU Europe,Slovenia,2279405.0002797404,2432335.3997422457,2849674.5189986266,2974322.39683654,3050355.14570477,3095376.9243355505,3247639.4332857607,3431959.2292197645,3626899.558271692,3833087.080749304,4051186.747458514,4289286.617465302,4392435.1755337585,4568461.068650849,4741861.349365828,4911775.653793789,5077371.7735714065,5237859.337457146,5392502.4015966235,5540630.529362768,5681648.018344767,revenues
1,Field Survey Technologies,GIS software,Software,Euros,EU Europe,Sweden,2387193.394976426,2547355.559858575,2984429.7914373623,3114972.0121642523,3194600.1940265647,3241750.960373177,3401213.6515684114,3594249.553201976,3798408.2112158802,4014345.91940056,4242759.072723857,4492118.198002251,4600144.440154103,4784494.2372908,4966094.262191621,5144043.466125395,5317470.28729949,5485546.979434883,5647502.797399384,5802635.600990745,5950321.518251029,revenues
1,Field Survey Technologies,GIS software,Software,Euros,EU Europe,Netherlands,108122.91667596636,115377.12592630909,135173.48629730107,141086.12231751284,144692.71376112,146828.30880408175,154050.83686121806,162793.99305112622,172040.93115658808,181821.37662798734,192166.87121440875,203461.06965748622,208353.89166494564,216703.6289744522,224928.82111934703,232988.65698768315,240843.66101653333,248456.3421747378,255791.79117849842,262818.20606039086,269507.3298489162,revenues
2,Remote Sensing Technologies,Drones,Hardware,Euros,EU Europe,Austria,5193194.630249936,5474242.259390499,6717865.18258532,7160365.011348313,7835670.379341331,8234185.627336527,8976852.203964213,9868837.60222985,10863150.439115187,11973040.347392641,13213656.410910865,14602344.703714145,15264361.830998942,16406127.543826407,17570572.261741575,18748525.226146676,19930082.685262643,21104878.81414625,22262392.881334618,23392274.205607112,24484664.06602837,revenues
2,Remote Sensing Technologies,Drones,Hardware,Euros,EU Europe,Belgium,2059206.533412762,2170647.5933636692,2663769.1940115164,2839229.3112031817,3107001.52557771,3265020.8683453077,3559503.1621208866,3913193.3837656286,4307458.501048923,4747552.260905527,5239481.580976205,5790124.529876563,6052627.688490203,6505360.848496539,6967086.6919613145,7434168.827921846,7902680.21881826,8368510.6057507675,8827488.30625662,9275509.066227833,9708663.703743322,revenues
2,Remote Sensing Technologies,Drones,Hardware,Euros,EU Europe,Bulgaria,2913389.7479671882,3071057.877071996,3768732.1474850834,4016975.1956246635,4395822.490197058,4619390.124491929,5036027.155174691,5536432.26217883,6094243.211219749,6716893.065571955,7412880.483329003,8191936.637282629,8561259.064400818,9202098.39540135,9855691.189108012,10516886.233532084,11180119.928327922,11839568.597583983,12489321.21490928,13123562.153589232,13736752.232494138,revenues
2,Remote Sensing Technologies,Drones,Hardware,Euros,EU Europe,Cyprus,189691.87103975695,199957.70053754246,245383.52721359828,261546.72278572037,286213.60856574017,300770.17892606254,327897.568232559,360479.1275971092,396798.40231270954,437339.3618451971,482655.3569284439,533379.9877786807,557561.493860415,599266.781217392,641800.4648149696,684827.5642641727,727986.3251269257,770898.1148141668,813178.6424648765,854449.8286448973,894351.5637582208,revenues
2,Remote Sensing Technologies,Drones,Hardware,Euros,EU Europe,Czechia,4321804.86265172,4555694.2307068575,5590644.002367903,5958894.770504127,6520887.576659861,6852534.137063011,7470585.308013246,8212900.415785981,9040372.975434931,9964029.40353432,10996476.850191804,12152150.812724555,12703085.07257153,13653268.718869656,14622325.956751902,15602624.830952955,16585923.38528888,17563595.123771217,18526884.63636199,19467178.029761195,20376270.82269833,revenues
2,Remote Sensing Technologies,Drones,Hardware,Euros,EU Europe,Germany,10908453.809726972,11498802.390724694,14111067.899775224,15040551.442478662,16459049.676937858,17296142.3500885,18856134.729342207,20729775.56291584,22818358.107156105,25149713.594547875,27755663.10887265,30672642.574636307,32063228.4795375,34461540.00581066,36907489.43073079,39381813.313643984,41863708.540760584,44331401.40039757,46762792.79529812,49136140.82360155,51430736.96009293,revenues
2,Remote Sensing Technologies,Drones,Hardware,Euros,EU Europe,Denmark,2007712.5836057693,2116366.8709554644,2597157.1301178993,2768229.5696671368,3029305.685936412,3183373.4871888794,3470491.7520491094,3815337.3501822823,4199743.199912464,4628831.669326993,5108459.462909056,5645332.651509917,5901271.473688861,6342683.273628078,6792862.879732894,7248264.835160472,7705060.304581619,8159241.813087385,8606741.99820618,9043559.239660861,9465882.11125051,revenues
2,Remote Sensing Technologies,Drones,Hardware,Euros,EU Europe,Spain,11418189.582016315,12036124.271467514,14770457.05053695,15743373.972501496,17228156.513210256,18104365.278125044,19737253.773920517,21698447.048376553,23884625.938968766,26324922.190154854,29052643.83748778,32105929.40186712,33561495.31149982,36071876.35737302,38632121.34982634,41222066.69636311,43819937.184722275,46402941.65015789,48947948.337567836,51432199.378454044,53834018.56911317,revenues
2,Remote Sensing Technologies,Drones,Hardware,Euros,EU Europe,Estonia,2784015.1817599107,2934681.760240775,3601374.488911411,3838593.8363293684,4200617.702306839,4414257.394167963,4812392.871755028,5290576.546253702,5823616.848110118,6418616.761405844,7083697.545293916,7828158.241485947,8183058.426087204,8795146.611653937,9419392.765285952,10050880.543001894,10684300.651144886,11314096.083658326,11934626.790784543,12540343.884851985,13125962.212749507,revenues
2,Remote Sensing Technologies,Drones,Hardware,Euros,EU Europe,Finland,21071929.010748945,22212309.0872808,27258438.843530692,29053928.064105805,31794050.048373077,33411067.243634954,36424514.35963519,40043838.17264882,44078366.243536055,48581860.33958606,53615789.44899682,59250537.07689394,61936740.6381446,66569574.136713006,71294430.06449267,76074097.11170115,80868389.77225071,85635247.62998262,90331981.7193735,94916593.071499,99349078.89761771,revenues
2,Remote Sensing Technologies,Drones,Hardware,Euros,EU Europe,France,16093469.327437695,16964422.896706283,20818352.66331913,22189639.11195564,24282379.130429897,25517359.403029125,27818848.68322111,30583070.067086212,33664399.43785189,37103896.793035,40948508.44095164,45251989.06064984,47303549.43740452,50841828.432664216,54450388.61296361,58100810.22269738,61762401.99438356,65403040.71723284,68990123.1323352,72491572.95859542,75876838.47702782,revenues
2,Remote Sensing Technologies,Drones,Hardware,Euros,EU Europe,Greece,1968645.8836998548,2075185.941915339,2546620.8337180433,2714364.492189443,2970360.507666316,3121430.4094157154,3402961.837204547,3741097.3217456895,4118023.2821251173,4538762.413788523,5009057.459629993,5535484.001675034,5786442.68613806,6219265.357103355,6660685.2275173785,7107225.829146347,7555132.829337397,8000476.731882781,8439269.318323042,8867586.833160983,9281692.014119752,revenues
2,Remote Sensing Technologies,Drones,Hardware,Euros,EU Europe,Croatia,1897836.4383701836,2000544.3993608288,2455022.4359596595,2616732.589110334,2863520.7851349567,3009156.913325865,3280562.0485144597,3606535.2715209695,3969903.7310792445,4375509.463288615,4828888.6525948625,5336380.366513798,5578312.417291897,5995567.0607562,6421109.674401849,6851588.833706259,7283385.244123188,7712710.747940138,8135720.577350372,8548632.108866591,8947842.50432096,revenues
2,Remote Sensing Technologies,Drones,Hardware,Euros,EU Europe,Hungary,1873921.5095556704,1975335.2317351464,2424086.3207038864,2583758.739346467,2827437.119361202,2971238.0643044435,3239223.181647083,3561088.76594141,3919878.3636609693,4320372.9956635805,4768039.084083455,5269135.816871797,5508019.244673056,5920015.9982084725,6340196.283938434,6765250.909156155,7191606.186602553,7615521.693723028,8033201.111221223,8440909.48103011,8835089.364899661,revenues
2,Remote Sensing Technologies,Drones,Hardware,Euros,EU Europe,Ireland,1308511.3260799309,1379325.9271265,1692677.3025774015,1804172.4570921357,1974326.8197717632,2074739.3312882376,2261866.4652026403,2486616.947214197,2737150.5207399237,3016805.6500168643,3329399.3974135737,3679302.393335034,3846108.5638692854,4133795.3295957134,4427196.445954915,4724001.188556931,5021714.143249919,5317723.468901763,5609378.293119265,5894070.590481822,6169316.29310385,revenues
2,Remote Sensing Technologies,Drones,Hardware,Euros,EU Europe,Italy,8938422.089379804,9422155.612834722,11562654.3614843,12324276.161854135,13486598.17135199,14172514.596453028,15450777.36267127,16986044.679790504,18697435.925017547,20607756.099643752,22743079.50192822,25133261.845442396,26272712.402446717,28237896.57039352,30242115.38550342,32269584.3226309,34303257.243517645,36325292.698873915,38317582.61742573,40262311.61495398,42142511.05938227,revenues
2,Remote Sensing Technologies,Drones,Hardware,Euros,EU Europe,Lithuania,1886142.972536713,1988218.1013146408,2439895.884274335,2600609.6648648866,2845877.2823612588,2990616.077644711,3260348.957726811,3584313.7058886033,3945443.2809039867,4348549.884803057,4799135.590986853,5303500.408984992,5543941.802237187,5958625.542952146,6381546.187753302,6809372.961825997,7238508.87080553,7665189.097606601,8085592.5638511665,8495959.95258015,8892710.624411749,revenues
2,Remote Sensing Technologies,Drones,Hardware,Euros,EU Europe,Luxembourg,177920.2635052113,187549.0318827601,230155.8921970432,245316.05693955618,268452.20291027235,282105.4439271101,307549.40326582495,338109.066132646,372174.4949372544,410199.6257097931,452703.47019199736,500280.3096085226,522961.19683069095,562078.4013552788,601972.5947756297,642329.5844025742,682810.0650007654,723058.9005823068,762715.6480197185,801425.6901531683,838851.2645162876,revenues
2,Remote Sensing Technologies,Drones,Hardware,Euros,EU Europe,Latvia,3226229.1393972216,3400827.6505738,4173418.0884254235,4448317.441016169,4867845.30610325,5115419.602296024,5576795.060172386,6130933.598912832,6748642.211132093,7438152.121419301,8208874.572608107,9071585.66948955,9482858.325127227,10192170.814906053,10915572.448704306,11647365.968721133,12381398.751214527,13111231.113317415,13830327.137770787,14532256.549619777,15210894.700160943,revenues
2,Remote Sensing Technologies,Drones,Hardware,Euros,EU Europe,Malta,159.74946660639137,168.3948596722844,206.65032914431768,220.26220327022648,241.03548060994476,253.29433143962805,276.1397277572619,303.5783665411056,334.1647313207125,368.3063981487487,406.46937268005735,449.18724286455824,469.55175652095255,504.67396483396436,540.4938090385374,576.7291845923465,613.0754391230564,649.2137062827791,684.8203545962541,719.5769835563297,753.1803259983839,revenues
2,Remote Sensing Technologies,Drones,Hardware,Euros,EU Europe,Poland,8477303.959472548,8936082.485783841,10966156.511794863,11688487.527194897,12790847.303313049,13441378.456153218,14653697.80077035,16109763.264687901,17732866.72011853,19544636.696774743,21569802.363816604,23836679.22887411,24917347.45218306,26781151.081217546,28681975.625760775,30604850.857714713,32533610.020362575,34451332.07471175,36340843.114364214,38185246.82074491,39968449.944905706,revenues
2,Remote Sensing Technologies,Drones,Hardware,Euros,EU Europe,Portugal,4589053.88529399,4837406.355457073,5936354.693400112,6327377.118517463,6924122.078680666,7276276.788328673,7932546.614824135,8720764.532499103,9599405.814442882,10580178.721770665,11676469.997526769,12903607.792137884,13488610.37463328,14497550.873421054,15526532.05695538,16567450.029971275,17611553.17543596,18649681.557584085,19672538.35489568,20670977.013610907,21636285.70896028,revenues
2,Remote Sensing Technologies,Drones,Hardware,Euros,EU Europe,Romania,5849007.000204074,6165546.176428803,7566217.574533268,8064597.6238670405,8825182.602072734,9274023.564364916,10110476.328952307,11115104.348889321,12234982.026775472,13485032.199198581,14882317.022266058,16446373.084866762,17191991.74302155,18477943.093279228,19789437.42217726,21116145.859905306,22446913.97886951,23770066.926311065,25073755.3808864,26346321.54595455,27576661.711396877,revenues
2,Remote Sensing Technologies,Drones,Hardware,Euros,EU Europe,Slovakia,2710586.320970195,2857279.0435290816,3506387.6412352724,3737350.2891379753,4089825.715785239,4297830.625445603,4685465.213974763,5151036.714985045,5670017.990735296,6249324.682927371,6896863.851161194,7621689.273385523,7967228.9069308415,8563173.16538702,9170954.723490294,9785786.906644788,10402500.454691788,11015684.928528344,11619849.035641808,12209590.241190523,12779762.78885063,revenues
2,Remote Sensing Technologies,Drones,Hardware,Euros,EU Europe,Slovenia,3787087.007289244,3992038.275348389,4898938.27616186,5221627.000839099,5714086.915624916,6004700.309757733,6546282.735094125,7196754.4683865355,7921847.497601223,8731223.989419071,9635931.266865764,10648618.78683974,11131388.380480496,11964009.994781347,12813170.054417104,13672180.872288506,14533820.23310107,15390528.95916988,16234634.908727294,17058589.947501797,17855204.698506564,revenues
2,Remote Sensing Technologies,Drones,Hardware,Euros,EU Europe,Sweden,15644986.316441467,16491668.681581477,20238199.478417706,21571271.750675585,23605692.56366209,24806257.157459736,27043609.934753854,29730799.679009564,32726260.437734205,36069907.97341718,39807380.32321932,43990934.1635005,45985322.90396674,49424999.293085225,52932998.313941985,56481692.19538861,60041244.95551095,63580428.573612295,67067548.35856419,70471421.91155583,73762348.9103168,revenues
2,Remote Sensing Technologies,Drones,Hardware,Euros,EU Europe,Netherlands,2688553.336616496,2834053.668276057,3477885.990710558,3706971.2601405066,4056581.592435193,4262895.7354578795,4647379.438601858,5109166.544509894,5623929.284130155,6198527.085413161,6840802.735473175,7559736.4186801985,7902467.335424821,8493567.464616174,9096408.674036747,9706243.197545871,10317943.793284465,10926144.000870785,11525397.163729817,12110344.661491381,12675882.565080455,revenues
3,Decision Support Systems,Total,Software,Euros,EU Europe,Austria,3667971.43937171,3890302.5556192724,4802594.493512726,5148566.985834698,5665771.099926841,5986373.55687405,6560840.551853363,7249845.073101381,8020174.616955786,8882567.613731652,9849324.748378836,10934556.561732583,11488151.429681402,12401246.957597272,13336083.697645474,14284954.326788133,15239423.87030451,16190571.44909854,17129271.21804916,18046494.696335416,18933613.76023659,revenues
3,Decision Support Systems,Total,Software,Euros,EU Europe,Belgium,1454424.7404727298,1542583.5174404045,1904325.6920832177,2041510.7712675524,2246592.646043204,2373717.993922203,2601505.7572386083,2874709.962496089,3180161.18135586,3522117.4182714038,3905456.143204398,4335772.470520223,4555284.014012886,4917344.828325916,5288026.472254385,5664272.836585235,6042739.283520198,6419888.504364658,6792101.917256356,7155799.547244036,7507560.169050808,revenues
3,Decision Support Systems,Total,Software,Euros,EU Europe,Bulgaria,2057737.3174222286,2182465.397312924,2694262.502611093,2888353.574480083,3178505.8354458897,3358364.2805352355,3680641.1010436364,4067173.640535693,4499329.63610516,4983133.362792098,5525485.522761057,6134302.149963126,6443198.502449713,6955683.436529486,7480392.200800863,8012995.783020422,8548755.82755024,9082660.53793951,9609582.647720963,10124449.442867612,10622413.167353984,revenues
3,Decision Support Systems,Total,Software,Euros,EU Europe,Cyprus,133980.0286324573,142101.11948965245,175424.41602575136,188061.75663581898,206953.67636863995,218664.32544849778,239647.88699141805,264815.1618763376,292952.9966572212,324453.63408319117,359766.3813936906,399406.65445178567,419627.8196065692,452980.4688832747,487127.2596281299,521786.6663771659,556650.5847262786,591393.1616374948,625681.0572768428,659184.4882370916,691588.2949587265,revenues
3,Decision Support Systems,Total,Software,Euros,EU Europe,Czechia,3052505.814129558,3237530.980280755,3996745.300957226,4284665.4938479895,4715085.575207299,4981892.68644893,5459967.249237854,6033360.565362305,6674433.008340249,7392121.158380441,8196661.712509522,9099797.539681641,9560502.204649126,10320385.277320031,11098361.505168699,11888016.811975248,12682331.565825239,13473881.762535973,14255072.82408215,15018391.199539436,15756656.517343368,revenues
3,Decision Support Systems,Total,Software,Euros,EU Europe,Germany,7704678.886617877,8171691.753404046,10087987.0540903,10814712.166595606,11901114.19665073,12574548.824446548,13781233.173121324,15228506.870692195,16846606.103572175,18658087.251681726,20688788.255471233,22968348.70942746,24131190.558478467,26049173.82298384,28012825.125219114,30005955.01276794,32010845.580048393,34008758.2654447,35980523.970345005,37907178.112633765,39770597.071731865,revenues
3,Decision Support Systems,Total,Software,Euros,EU Europe,Denmark,1418054.3845279925,1504008.6018448698,1856704.8002430086,1990459.3339880384,2190412.788862787,2314359.151935426,2536450.696120561,2802822.9671333143,3100635.8605132313,3434040.902094942,3807793.5924362238,4227349.130583801,4441371.415850419,4794378.285793711,5155790.406895254,5522628.093133088,5891630.345046388,6259348.310340331,6622253.895925766,6976856.650193295,7319820.901403199,revenues
3,Decision Support Systems,Total,Software,Euros,EU Europe,Spain,8064707.036437755,8553542.7177559,10559383.638936855,11320067.531753872,12457235.507878553,13162138.731139272,14425209.639184427,15940112.277466174,17633822.873468705,19529951.83309449,21655544.46520371,24041625.37831442,25258805.09213668,27266412.853167757,29321822.651200056,31408088.524858743,33506664.63726723,35597936.80178138,37661840.17640942,39678523.99240668,41629017.73944288,revenues
3,Decision Support Systems,Total,Software,Euros,EU Europe,Estonia,1966359.6110937842,2085548.9053685204,2574618.6949924673,2760090.786772961,3037358.2893837597,3209229.7810184956,3517195.291520734,3886563.124623376,4299528.418193673,4761847.92797717,5280115.917444557,5861896.894130244,6158673.084249601,6648173.669748073,7149329.482703976,7658008.711029393,8169689.456480131,8679589.332759045,9182816.07351135,9674529.608325021,10150104.493876856,revenues
3,Decision Support Systems,Total,Software,Euros,EU Europe,Finland,14883176.789423635,15785308.489082986,19487028.205188498,20890847.687596306,22989457.339684855,24290335.25674034,26621295.022182405,29417002.749994744,32542695.24155488,36041944.798191175,39964662.73240041,44368104.03575397,46614372.96821089,50319353.33466975,54112550.937584855,57962692.50963614,61835552.26088545,65694932.79369806,69503805.03940898,73225534.99515879,76825113.14879099,revenues
3,Decision Support Systems,Total,Software,Euros,EU Europe,France,11366873.390340282,12055867.2091013,14883017.617567772,15955170.326978711,17557961.891477786,18551494.03778456,20331740.614616584,22466933.673736952,24854149.20650879,27526665.11048936,30522600.637900393,33885683.7004213,35601248.52351988,38430889.22019976,41327904.92504028,44268411.00137021,47226267.85369754,50173830.0914047,53082817.14366786,55925250.16711401,58674391.00645739,revenues
3,Decision Support Systems,Total,Software,Euros,EU Europe,Greece,1390461.4384345196,1474743.1316854593,1820576.4570542173,1951728.3532137969,2147791.0511741713,2269325.627116457,2487095.644515751,2748284.7604993004,3040302.717378451,3367220.259298632,3733700.352799199,4145092.047956244,4354949.820602898,4701087.772372638,5055467.423292578,5415167.067004079,5776989.157594579,6137551.951616769,6493396.006721191,6841098.789598443,7177389.535053648,revenues
3,Decision Support Systems,Total,Software,Euros,EU Europe,Croatia,1340448.4807852763,1421698.679139162,1755092.8623805137,1881527.4078484904,2070538.0041549494,2187701.150993553,2397638.284749754,2649432.7927024364,2930947.271163186,3246106.0452909595,3599404.361225534,3995998.8711759876,4198308.352582317,4531996.205238093,4873629.314626348,5220391.064089129,5569198.918978397,5916792.772439656,6259837.61343735,6595034.012409312,6919228.849020601,revenues
3,Decision Support Systems,Total,Software,Euros,EU Europe,Hungary,1323557.2833409696,1403783.6354505133,1732976.667318547,1857817.991635622,2044446.836351443,2160133.5923590558,2367425.276008073,2616046.8826443767,2894013.953869955,3205201.363818943,3554047.713343219,3945644.6748843687,4145404.8234037776,4474887.824112782,4812215.962152337,5154608.1134841405,5499020.586953295,5842234.356813129,6180956.437015012,6511928.974616085,6832038.582235644,revenues
3,Decision Support Systems,Total,Software,Euros,EU Europe,Ireland,924206.1031563136,980226.1071159815,1210093.1578272202,1297266.652554032,1427584.787992783,1508365.8824737894,1653112.34836031,1826718.4394014075,2020815.7156860372,2238109.9024357684,2481700.3607801995,2755142.4749894445,2894629.863070621,3124699.3915861254,3360246.9782803366,3599330.635570108,3839825.0319893328,4079482.404423609,4316003.345176677,4547112.979098917,4770637.307637369,revenues
3,Decision Support Systems,Total,Software,Euros,EU Europe,Italy,6313238.626936751,6695910.47001536,8266128.994491791,8861609.885902107,9751811.198826296,10303625.69589791,11292386.727042938,12478287.443440592,13804163.152158007,15288496.623352574,16952459.548420154,18820338.706284877,19773175.052417137,21344776.699868653,22953798.88412068,24586975.91586314,26229789.686352704,27866885.758013614,29482556.90987263,31061263.50243049,32588154.98277206,revenues
3,Decision Support Systems,Total,Software,Euros,EU Europe,Lithuania,1332189.345174491,1412938.9227165899,1744278.9070754717,1869934.4296478454,2057780.4424815727,2174221.6918864464,2382865.303898032,2633108.387072334,2912888.3219923694,3226105.2541980078,3577226.732496379,3971377.6365290154,4172440.593756136,4504072.438093605,4843600.584687678,5188225.771384711,5534884.456487199,5880336.6201973315,6221267.800056239,6554398.8958442,6876596.215088523,revenues
3,Decision Support Systems,Total,Software,Euros,EU Europe,Luxembourg,125665.7012662738,133282.82590815733,164538.19635743936,176391.30824369987,194110.8621632157,205094.78972260325,224776.18554905767,248381.66824417273,274773.36837997707,304319.1875059641,337440.55044122774,374620.8881607953,393587.19922621467,424870.1008886937,456897.86240467685,489406.4287861553,522106.8155001345,554693.3907972814,586853.5007363803,618277.8271036753,648670.7680287872,revenues
3,Decision Support Systems,Total,Software,Euros,EU Europe,Latvia,2278696.8682528054,2416818.232249917,2983572.040498267,3198504.5850359453,3519813.355976405,3718984.976223507,4075867.8375028707,4503906.1880546985,4982467.035138154,5518221.539620589,6118811.400118233,6793002.673221788,7136918.8985051215,7704171.930397307,8284931.510204827,8874409.527344134,9467365.823652156,10058258.376898276,10641417.831406951,11211235.31826744,11762350.687100636,revenues
3,Decision Support Systems,Total,Software,Euros,EU Europe,Malta,112.83160418328237,119.67080043132326,147.7340949627621,158.3766618303664,174.28653758807025,184.14868894894659,201.82004590067035,223.0147271316847,246.7110725420941,273.23941030889983,302.97812560722826,336.3612771489998,353.3905801440626,381.4785941567825,410.23539632184406,439.42389929091433,468.784632197135,498.0431771188365,526.9188111110459,555.1338062821468,582.4227502491386,revenues
3,Decision Support Systems,Total,Software,Euros,EU Europe,Poland,5987549.287118017,6350479.7348044505,7839693.332201796,8404454.368105525,9248731.69572762,9772079.012977002,10709831.529079035,11834553.626349865,13092029.642014112,14499788.851269402,16077910.733637307,17849429.154052556,18753110.279090684,20243635.646480076,21769651.088248655,23318575.26963855,24876639.04666628,26429280.091310762,27961601.491654295,29458865.272007365,30906986.994449165,revenues
3,Decision Support Systems,Total,Software,Euros,EU Europe,Portugal,3241264.728833412,3437731.363627824,4243893.496994827,4549617.915803789,5006654.040627474,5289959.800461394,5797597.234253493,6406447.681875975,7087162.355189054,7849230.448969347,8703521.670608934,9662505.037129896,10151698.464397436,10958570.70361972,11784654.93105167,12623140.44090419,13466573.525725394,14307071.10047981,15136568.958452469,15947088.93053175,16731006.629899416,revenues
3,Decision Support Systems,Total,Software,Euros,EU Europe,Romania,4131173.9984606113,4381581.7624447225,5409080.6934277415,5798743.6414871095,6381261.859895132,6742350.967559985,7389363.397143912,8165377.499230042,9032986.59445311,10004285.19468028,11093127.35266743,12315405.531146707,12938910.038189199,13967314.03898012,15020204.798117092,16088901.688431092,17163904.5410086,18235165.92108241,19292407.54412897,20325460.785383992,21324607.935492385,revenues
3,Decision Support Systems,Total,Software,Euros,EU Europe,Slovakia,1914496.551189693,2030542.2081185337,2506712.701167507,2687292.935857223,2957247.4622371066,3124585.814858933,3424428.6840958297,3784054.3795209234,4186127.6451844666,4636253.401447266,5140851.986990533,5707288.39421157,5996237.063240974,6472826.989852047,6960764.735369025,7456027.464931057,7954212.546107893,8450663.7288318,8940617.781082097,9419362.290104242,9882393.80940755,revenues
3,Decision Support Systems,Total,Software,Euros,EU Europe,Slovenia,2674832.732098872,2836965.5504517113,3502245.6315652416,3754542.7287932257,4131708.8317514416,4365505.075808512,4784429.581377822,5286879.471313168,5848634.84821913,6477526.6086479,7182524.908249531,7973919.722591608,8377623.431191121,9043489.522564184,9725210.182820428,10417164.921102902,11113202.613595508,11806817.79541128,12491355.532169897,13160231.891466172,13807154.897441981,revenues
3,Decision Support Systems,Total,Software,Euros,EU Europe,Sweden,11050108.278977929,11719901.637222394,14468266.738311633,15510541.348377978,17068667.292791,18034512.28976836,19765148.03820478,21840838.836331625,24161528.89915963,26759568.756045185,29672015.37508311,32941378.085116796,34609134.59157661,37359920.58304256,40176204.01693669,43034765.85910968,45910194.95641181,48775616.32315016,51603537.49424104,54366759.323694535,57039288.77886735,revenues
3,Decision Support Systems,Total,Software,Euros,EU Europe,Netherlands,1898934.5776671213,2014036.9581824234,2486336.9022871046,2665449.291642131,2933209.494303222,3099187.6381478673,3396593.236453616,3753295.7166100466,4152100.732189513,4598567.643991904,5099064.603014678,5660896.735359421,5947496.686897524,6420212.655201156,6904184.201734029,7395421.191223888,7889556.778011299,8381972.560328766,8867944.024057994,9342797.06126273,9802064.831689585,revenues
4,Telematics Systems,Total,Hardware,Euros,EU Europe,Austria,174789.71802594632,198867.91255170316,222579.39885815288,225817.19287710925,241738.89594595556,252084.14176045542,262359.0532228231,272562.05407540954,282691.60537046334,292645.99495635706,302402.34219955915,311917.276735798,327873.23697185155,338349.9925241434,348398.12192722026,357972.70094492036,367034.79353211215,375551.8855237433,383498.13150045456,390854.4184505704,397608.2580646332,revenues
4,Telematics Systems,Total,Hardware,Euros,EU Europe,Belgium,54926.635555036504,56960.72794792968,60664.22132476188,66009.81320188733,70166.64498025106,72654.47689041644,75083.68638997404,77454.66914261415,79767.83398219958,81995.52476966182,84132.8097175636,86169.25743587119,90251.3456809663,92658.31325662855,94939.85063162804,97088.07168444913,99096.62883624785,100960.73328802154,102677.1373302962,104244.08241320979,105661.21775724368,revenues
4,Telematics Systems,Total,Hardware,Euros,EU Europe,Bulgaria,51168.26131964515,54287.730380952395,62512.783944235285,55314.63311051534,58469.952460460765,60205.325234080185,61871.21018469705,63468.92228538957,64999.769611725016,66442.3010629596,67793.86670304173,69047.48425728567,70018.90175203957,71127.78669037568,72176.09270379097,73162.11407037651,74084.51835424482,74942.34301105571,75734.98734141882,76462.20022724035,77124.06415466442,revenues
4,Telematics Systems,Total,Hardware,Euros,EU Europe,Cyprus,82.74021263694164,99.92742496398536,99.87012091247239,93.68766235689034,95.03970357470962,93.91548484136248,92.62343319303635,91.18498971837441,89.61980869553925,87.915778400229,133.11223496112933,131.781112611518,114.59483456510637,116.98391921257438,119.35481722592421,121.70365991671845,124.02656876059795,126.31967406640528,128.57913401531675,130.80115388433234,132.9820052609774,revenues
4,Telematics Systems,Total,Hardware,Euros,EU Europe,Czechia,156246.19720350386,201537.97637704143,217258.36836316495,227310.26424344917,242705.21337856734,252434.4510810394,262041.26232097403,271524.82962734083,280884.38535590627,290019.89985419885,298910.3082508824,307514.57240528415,327151.3423064156,337701.38639233063,347744.1713822504,357233.85291980713,366132.47475207935,374410.2869027437,382045.8100730585,389025.6649272462,395344.1950654971,revenues
4,Telematics Systems,Total,Hardware,Euros,EU Europe,Germany,781399.6268776029,854497.4555545268,929224.9260211397,872512.5946695118,930499.7315619615,966652.2389612178,1002249.4072382168,1037289.9356723914,1071772.724285822,1105318.3772854586,1137849.8957348869,1169214.7125069958,1194547.867812603,1222776.3493509805,1249858.5802587618,1275713.96039685,1300271.9203366246,1323472.4220769282,1345266.258702624,1365615.1561736849,1384491.6864472074,revenues
4,Telematics Systems,Total,Hardware,Euros,EU Europe,Denmark,40867.930491892796,42381.38831953546,45136.956876977994,49114.32186692882,51445.992082361954,52493.36369909122,53457.518700464956,54341.54723891787,55148.45918389513,55862.056587023544,56482.427136695,57006.121656111114,59468.82284922335,60390.910910824095,61227.216484164404,61978.09673667504,62644.591309599244,63228.34816071237,63731.544798285526,64156.80772729953,64507.13257993864,revenues
4,Telematics Systems,Total,Hardware,Euros,EU Europe,Spain,155985.9558203001,181088.13172332163,194411.13424269282,232566.10871558113,249092.09794836573,259886.0307018797,270618.4857361253,281287.73259874724,291892.07589470607,302326.33003872127,312566.5736673637,322567.6469809865,349844.90010177245,363311.2948157678,376129.196333292,388223.2855619795,399531.5519103641,410006.0194778938,419612.9181913588,428332.34391888534,436157.4792343067,revenues
4,Telematics Systems,Total,Hardware,Euros,EU Europe,Estonia,111966.77832726378,103709.89072089714,115473.11549803529,124526.73044673711,132451.53248311934,137233.7247812942,141911.06276887553,146484.0919133917,150953.38422562488,155266.36969054118,159413.4044192622,163374.3936252854,170154.10882499933,174610.71736736322,178846.84523021113,182848.0947192258,186602.6218489657,190101.19196604507,193337.17412942354,196306.47903945926,199007.447144991,revenues
4,Telematics Systems,Total,Hardware,Euros,EU Europe,Finland,612130.950061575,705202.8176250911,739093.0976415842,776184.7817957923,825473.4625908042,855166.2844378252,884198.068960469,912572.4703947536,940293.3064836543,967033.4127210758,992733.1133520197,1017267.690119725,1065228.3030956208,1093693.4324714073,1120707.0379231954,1146175.1059247586,1170021.2516581004,1192187.0235102088,1212631.7720701927,1231332.1225678,1248281.1026321037,revenues
4,Telematics Systems,Total,Hardware,Euros,EU Europe,France,496083.79977209476,577325.4240681196,576474.351443407,626629.8313459889,651959.1453634002,660753.0234189342,668358.4976225543,674836.5530254501,680245.853092886,684408.4477981243,687349.6454743178,689051.652714813,716261.2510672129,723347.3274644254,729450.6360764784,734604.4109917699,738846.660590668,742219.1237272122,744766.2903613362,746534.503501083,747571.1534008221,revenues
4,Telematics Systems,Total,Hardware,Euros,EU Europe,Greece,12613.86348930514,13080.991386532329,13931.49605365505,15159.107494374653,15667.062159601188,15772.878646793355,15848.417201908045,15895.69927095652,15916.646117349019,15907.635722524597,15869.842148513466,15803.427592533437,16337.50195943959,16403.619331696813,16448.95691868227,16475.017718456333,16483.295694312113,16475.25488741968,16452.31288080388,16415.828219047413,16367.091327663255,revenues
4,Telematics Systems,Total,Hardware,Euros,EU Europe,Croatia,50022.466289622345,49416.162923041775,56396.58880123533,59727.077852359565,64054.01377340487,66916.14164626722,69769.71880143111,72614.25109745089,75449.25100770271,78247.44349171394,81002.47231052032,83702.43760304722,87912.50039783865,90852.019825701,93679.34526245363,96381.13979301264,98945.68423005282,101363.02528481625,103625.07028399309,105725.62830687195,107660.40018006641,revenues
4,Telematics Systems,Total,Hardware,Euros,EU Europe,Hungary,59769.84010753424,74602.73040859864,66013.34256484623,71830.28672221735,75311.53614710852,76917.44926380937,78404.28149037657,79776.22724802028,81037.37949762474,82163.59586696597,83154.61931620436,84004.98058976306,86505.6844370791,87693.32634251144,88782.14307772549,89772.01558926856,90663.47374405416,91457.6448965366,92156.19719358592,92761.27943378703,93275.45918122493,revenues
4,Telematics Systems,Total,Hardware,Euros,EU Europe,Ireland,39061.522442861184,40508.08374873682,43141.85310661357,46943.414133767474,50414.48314305418,52740.64389130041,55066.44930941343,57391.49390976089,59715.37520617151,62016.457560811934,64289.5873352172,66525.17644788309,69802.85992923047,72196.63355203524,74504.21209683391,76714.4291696006,78817.36992148166,80804.50532194569,82668.78386083375,84404.67980017509,86008.19924536542,revenues
4,Telematics Systems,Total,Hardware,Euros,EU Europe,Italy,145769.44446661015,151167.70917205885,160996.38640071714,147274.7661940591,155816.5812369952,160586.28902986337,165178.9841543145,169597.68850594934,173845.4173481869,177864.27201128277,181646.52094868108,185172.787234345,186026.10513653682,188778.7500008729,191390.98440694122,193858.74146332382,196178.70847247166,198348.3266846651,200365.78247109184,202229.9905087583,203940.5696997989,revenues
4,Telematics Systems,Total,Hardware,Euros,EU Europe,Lithuania,62566.23565709213,67410.89845581568,75636.45460636947,87002.27565891575,93075.78566268265,96995.65293628014,100883.32061880176,104738.24098794872,108559.88215647914,112309.27005721007,115977.76598546428,119548.90083764483,128563.68053089466,133207.33150938048,137628.77603496145,141804.2998674277,145714.2987005303,149343.48522381074,152680.94017140506,155720.0190442503,158458.1334139676,revenues
4,Telematics Systems,Total,Hardware,Euros,EU Europe,Luxembourg,4244.500301090245,3541.2366687731405,3127.7133922077946,4072.9218390467922,4320.117928801848,4463.695801314741,4603.0438872773475,4738.21158819026,4869.248796615089,4994.495598595659,5113.687644551908,5226.229452947065,5383.68569661222,5507.69306097802,5625.2407976899485,5735.998922826947,5839.701673139182,5936.147954716012,6025.200496120824,6106.783825660895,6180.88122371546,revenues
4,Telematics Systems,Total,Hardware,Euros,EU Europe,Latvia,162496.56970902014,175061.95458841868,180409.87396315485,221413.42407836043,235881.3709849421,244789.50829449002,253538.25356473812,262127.7490926356,270558.188261547,278734.3676629136,286637.6608207353,294230.5043020701,315837.6707369743,326252.87223621475,336091.89126297,345308.93270110775,353868.19011144975,361743.9715305422,368920.4942382713,375391.3910178652,381158.9816803138,revenues
4,Telematics Systems,Total,Hardware,Euros,EU Europe,Malta,0.0,0.0,0.0,0.0,0.0,0.0,0.0,0.0,0.0,0.0,0.0,0.0,0.0,0.0,0.0,0.0,0.0,0.0,0.0,0.0,0.0,revenues
4,Telematics Systems,Total,Hardware,Euros,EU Europe,Poland,396289.6335515815,436364.0780472205,492156.23178018833,501447.31058845,539824.5710317428,566095.1730328235,592485.5911667,618991.8681215493,645610.0381118116,672105.9793119953,698422.363090314,724453.0225468596,761511.7871718409,788926.6558437388,815436.5583530894,840906.5096499106,865215.0718767116,888256.1694248666,909940.4139717796,930195.9157720928,948968.5844410803,revenues
4,Telematics Systems,Total,Hardware,Euros,EU Europe,Portugal,120859.95794761888,142542.17850693324,153074.3507259608,156035.0083517709,166510.59998117856,173089.6837275588,179577.54123061834,185973.75785969803,192277.95417284674,198421.8400108421,204391.27159751044,210158.48680230547,220184.11873825485,226588.7649675017,232704.4583977004,238507.03039023667,243976.0123616786,249094.80362438597,253850.73725702378,258235.04907091171,262242.75850676256,revenues
4,Telematics Systems,Total,Hardware,Euros,EU Europe,Romania,176893.01109730464,180880.5502442477,189178.55743375685,205848.5374954876,220146.1990566994,229342.24466374092,238456.11495655953,247486.59371973967,256432.50379237108,265201.89403483324,273774.5431720271,282111.7784194502,294397.06335064495,303324.0780640423,311885.665205488,320046.20068881,327774.7629713432,335045.45051836665,341837.5635622425,348135.65276806895,353929.44299218303,revenues
4,Telematics Systems,Total,Hardware,Euros,EU Europe,Slovakia,74448.25202894947,79453.66343620958,82087.53249383907,85304.43780061444,90664.42994002793,93866.7339172698,96992.4693869512,100042.1773240042,103016.41543640026,105879.5012998667,108625.11094120146,111239.82402465079,115006.84168567277,117764.39996706428,120387.31915079267,122867.69926407635,125199.00117855718,127376.07348782168,129395.15053794511,131253.82367509732,132950.9885616372,revenues
4,Telematics Systems,Total,Hardware,Euros,EU Europe,Slovenia,37922.514435708494,37564.86893506768,44749.512367286625,51343.87004650132,55827.179722497174,59130.59354705029,62507.24041617628,65957.96118619222,69483.59811842744,73059.97693645585,76681.33315381772,80336.23842587622,86917.58800418866,91188.84387206871,95351.57022929804,99374.50457617619,103228.91412402451,106889.28347866783,110333.85139409322,113544.97565960723,116509.31873871313,revenues
4,Telematics Systems,Total,Hardware,Euros,EU Europe,Sweden,767025.3779933088,829877.821535668,882715.9158232033,898076.2353872403,954085.5602584749,987349.483161343,1019778.8984685534,1051380.5739694615,1082161.4422733292,1111747.8988507688,1140075.129563817,1167003.9886509988,1208598.9550501704,1237472.096057413,1264901.2528868492,1290804.5776448802,1315114.9624173413,1337780.2671606243,1358763.2359701395,1378041.1264835156,1395605.0854371858,revenues
4,Telematics Systems,Total,Hardware,Euros,EU Europe,Netherlands,31112.51960918266,32746.536027842365,34483.02006904242,37521.58461259796,41490.014725532004,44690.5262027978,48043.969806070454,51556.22516059464,55233.36697411903,59061.4464393912,63040.483058194106,67165.56928268947,70713.97646640078,74667.46399188352,78604.17149117368,82495.86072880425,86314.42865376525,90032.60264711015,93624.60994401264,97066.78675654068,100338.09710104234,revenues
