Tech #,Technology,Technology subcategory,Technology type,Unit,Region,Country,2020,2021,2022,2023,2024,2025,2026,2027,2028,2029,2030,2031,2032,2033,2034,2035,2036,2037,2038,2039,2040,Indicator
1,Field Survey Technologies,Sensors,Hardware,Units,EU Europe,Austria,2721216.7849999997,2723722.246,2725887.9464473454,2728055.3688978925,2730224.514720849,2732395.385286513,2734567.9819662697,2715119.148836137,2669128.7060255795,2596033.0337127065,2550042.590902149,2530593.7577720163,2532605.896873683,2534619.635878042,2536634.9760572156,2538651.9186843378,2540670.4650335563,2542690.616380031,2544712.3739999365,2546735.7391704605,2548760.713169807,addressable_market
1,Field Survey Technologies,Sensors,Hardware,Units,EU Europe,Belgium,553909.0726000001,553909.0726000001,554765.3087812233,555622.8685378025,556481.7539157292,557341.9669641572,558203.5097354082,553702.9852587963,543060.6442929286,526146.0633421154,515503.7223762478,511003.1978996358,511793.1099057863,512584.2429629597,513376.5989586642,514170.1797833263,514964.98733029433,515761.0234958434,516558.2901791799,517356.7892824463,518156.522710725,addressable_market
1,Field Survey Technologies,Sensors,Hardware,Units,EU Europe,Bulgaria,991936.4,995248.8,1002197.9132449218,1009195.5471963149,1016242.0406397012,1023337.7347261002,1030482.9729885462,1022259.8697700332,1002814.7876015614,971909.4240646568,952464.341896185,944241.238677672,950834.2024653163,957473.200221532,964158.553368722,970890.5855735528,977669.6227626248,984495.9931382507,991370.0271943476,998292.0577324348,1005262.4198777485,addressable_market
1,Field Survey Technologies,Sensors,Hardware,Units,EU Europe,Cyprus,128838.5028,128823.5676,128855.65937195202,128887.75913841816,128919.86690138992,128951.98266285937,128984.10642481905,127630.85244101794,124430.82755861318,119344.81498941909,116144.79010701433,114791.53612321321,114820.13231774441,114848.7356359919,114877.3460797304,114905.96365073489,114934.58835078093,114963.22018164441,114991.85914510177,115020.50524292981,115049.1584769058,addressable_market
1,Field Survey Technologies,Sensors,Hardware,Units,EU Europe,Czechia,1955169.84806,1956491.7526,1957950.7573129102,1959410.850042036,1960872.0315987384,1962334.3027949827,1963797.6644433409,1942115.6711288737,1890844.4988752063,1809355.811723653,1758084.6394699856,1736402.6461555185,1737697.5249306958,1738993.3693292818,1740290.1800713663,1741587.9578775757,1742886.7034690736,1744186.4175675618,1745487.1008952803,1746788.7541750069,1748091.37813006,addressable_market
1,Field Survey Technologies,Sensors,Hardware,Units,EU Europe,Germany,9062255.428000001,9062255.428000001,9064719.198888179,9067183.639605967,9069648.750335468,9072114.53125884,9074580.982558291,8992563.071241654,8798616.214141786,8490363.563236035,8296416.706136165,8214398.794819529,8216632.057474215,8218865.927289838,8221100.404431472,8223335.489064228,8225571.181353267,8227807.481463797,8230044.389561062,8232281.905810358,8234520.030377026,addressable_market
1,Field Survey Technologies,Sensors,Hardware,Units,EU Europe,Denmark,556290.06048,557122.14096,559682.6977279314,562255.0229223528,564839.1706314468,567435.1951919874,570043.1511904829,567057.2612154617,559996.5598759005,548774.5172106111,541713.81587105,538727.9258960288,541203.9420786737,543691.3381357265,546190.1663695682,548700.4793229635,551222.3297801659,553755.7707680282,556300.8555571156,558857.6376628282,561426.1708465246,addressable_market
1,Field Survey Technologies,Sensors,Hardware,Units,EU Europe,Spain,14650322.00544,14653706.09472,14711858.05672193,14770240.789742658,14828855.209576964,14887702.235653881,14946782.791051108,14833155.98904828,14564463.934142368,14137413.764623968,13868721.709718056,13755094.907715227,13809680.80914085,13864483.32998309,13919503.32987732,13974741.671870299,14030199.222433716,14085876.851477778,14141775.432364842,14197895.841923147,14254238.960460538,addressable_market
1,Field Survey Technologies,Sensors,Hardware,Units,EU Europe,Estonia,1359544.5503999998,1359544.5503999998,1365082.144077415,1370642.2930611107,1376225.0892216482,1381830.62480379,1387458.9924280217,1377024.3433307097,1352349.6428308308,1313132.4987475083,1288457.7982476293,1278023.1491503173,1283228.696043387,1288455.4457749766,1293703.484706879,1298972.8995526482,1304263.7773790353,1309576.205607423,1314910.2720152738,1320266.0647375772,1325643.6722683094,addressable_market
1,Field Survey Technologies,Sensors,Hardware,Units,EU Europe,Finland,18032970.48,18032970.48,18031567.636365935,18030164.90186366,18028762.276484676,18027359.760220505,18025957.353062645,17895610.70568032,17587381.415425524,17097492.085798938,16789262.795544144,16658916.148161817,16657620.196699204,16656324.346052883,16655028.596215012,16653732.947177757,16652437.398933262,16651141.951473698,16649846.60479122,16648551.358877987,16647256.213726165,addressable_market
1,Field Survey Technologies,Sensors,Hardware,Units,EU Europe,France,14621054.850000001,14691732.180000002,14779964.654564478,14868727.016923828,14958022.44936526,15047854.153287489,15138225.349315504,15072939.92768492,14918560.205787228,14673194.236816922,14518814.51491923,14453529.093288647,14540331.01851204,14627654.240241904,14715501.889169713,14803877.114788594,14892783.085506216,14982222.988758398,15072200.031123383,15162717.438436804,15253778.455907324,addressable_market
1,Field Survey Technologies,Sensors,Hardware,Units,EU Europe,Greece,3334322.208,3334322.208,3347118.8005963448,3359964.5044578467,3372859.508065646,3385804.000624244,3398798.1720642773,3383869.93592349,3348569.2993299426,3292463.647651255,3257163.0110577075,3242234.7749169203,3254677.9507494085,3267168.88149033,3279707.750415348,3292294.7415035046,3304930.0394399264,3317613.8296185313,3330346.2981447484,3343127.631838251,3355958.0182356946,addressable_market
1,Field Survey Technologies,Sensors,Hardware,Units,EU Europe,Croatia,1436647.8168,1438500.0167999999,1440528.3402622398,1442559.5237147612,1444593.5711902264,1446630.4867269841,1448670.2743690778,1433775.2309005503,1398553.0846557594,1342572.1829134026,1307350.0366686117,1292454.9932000842,1294277.3892765397,1296102.3549801596,1297929.893934187,1299760.0097669736,1301592.7061119876,1303427.98660782,1305265.8548981925,1307106.3146319645,1308949.3694631408,addressable_market
1,Field Survey Technologies,Sensors,Hardware,Units,EU Europe,Hungary,1575759.0833599998,1574643.6232911998,1579575.0520744305,1584521.9249806895,1589484.290377488,1594462.196783813,1599455.6928706025,1586268.0554951013,1555083.3937487537,1505519.5348925062,1474334.8731461586,1461147.2357706574,1465723.2194589262,1470313.5340963306,1474918.2245641719,1479537.3358843094,1484170.9132196016,1488819.0018743454,1493481.6472947218,1498158.8950692385,1502850.7909291764,addressable_market
1,Field Survey Technologies,Sensors,Hardware,Units,EU Europe,Ireland,619061.10836,622227.58036,628801.1142563894,635444.0943638614,642157.2543480984,648941.3356256067,655797.0874456002,652783.443584253,645657.1129334987,634330.7612350291,627204.4305842747,624190.7867229276,630785.0609464573,637449.0004926096,644183.3413418747,650988.8272500215,657866.2098302392,664816.2486361472,671839.7112456828,678937.3733458726,686110.0188185028,addressable_market
1,Field Survey Technologies,Sensors,Hardware,Units,EU Europe,Italy,7927184.079360001,7971774.919680001,8024820.1019706875,8078218.253505063,8131971.722984397,8186082.874738509,8240554.088829763,8201612.828006919,8109528.854800873,7963173.666213923,7871089.693007878,7832148.432185033,7884264.522453379,7936727.399671485,7989539.371402864,8042702.760565854,8096219.905535765,8150093.160247763,8204324.894300382,8258917.493059764,8313873.357764573,addressable_market
1,Field Survey Technologies,Sensors,Hardware,Units,EU Europe,Lithuania,1640458.124,1641700.3555108001,1648482.1367459828,1655291.9331768544,1662129.8605327727,1668996.0350211682,1675890.5733295183,1662509.3438998263,1630866.8971420457,1580575.4500926747,1548933.003334894,1535551.773905202,1541895.0607120576,1548264.5513162697,1554660.3539644019,1561082.5773501778,1567531.3306163307,1574006.723356455,1580508.8656168731,1587037.8678985017,1593593.8411587311,addressable_market
1,Field Survey Technologies,Sensors,Hardware,Units,EU Europe,Luxembourg,71277.7234,71277.7234,71355.1730739501,71432.70690395498,71510.32498145777,71588.02739800098,71665.81424522659,71073.67970398092,69673.46563596459,67448.0122063207,66047.79813830435,65455.66359705869,65526.787078028065,65597.98784107307,65669.26597016766,65740.62154937701,65812.05466285768,65883.56539485762,65955.1538297164,66026.82005186511,66098.56414582672,addressable_market
1,Field Survey Technologies,Sensors,Hardware,Units,EU Europe,Latvia,2600959.30872,2603910.44688,2610390.5786088565,2616886.836893553,2623399.261866885,2629927.8937615226,2636472.7729102615,2615646.1757996525,2566397.749585847,2488123.947368343,2438875.521154537,2418048.9240439283,2424066.517918326,2430099.087269719,2436146.6693663117,2442209.301569053,2448287.0213318686,2454379.866201895,2460487.8738197065,2466611.081919551,2472749.528329583,addressable_market
1,Field Survey Technologies,Sensors,Hardware,Units,EU Europe,Malta,0.0,0.0,0.0,0.0,0.0,0.0,0.0,0.0,0.0,0.0,0.0,0.0,0.0,0.0,0.0,0.0,0.0,0.0,0.0,0.0,0.0,addressable_market
1,Field Survey Technologies,Sensors,Hardware,Units,EU Europe,Poland,6832918.752,6841565.28,6856896.65925071,6872262.394848267,6887662.5637823865,6903097.243215317,6918566.510482217,6843101.905796189,6664651.581151423,6381028.600870721,6202578.276225955,6127113.671539927,6140844.024107811,6154605.145254792,6168397.103930697,6182219.96923987,6196073.810441504,6209958.696950002,6223874.698335315,6237821.884323297,6251800.324796051,addressable_market
1,Field Survey Technologies,Sensors,Hardware,Units,EU Europe,Portugal,2949084.288,2949084.288,2950405.2093172492,2951726.72228701,2953048.827174289,2954371.5242442116,2955694.8137620217,2940247.817263261,2903720.4737297064,2845665.135050178,2809137.7915166235,2793690.7950178627,2794942.1141951266,2796193.993849479,2797446.434231963,2798699.4355937336,2799952.9981860584,2801207.122260317,2802461.8080680035,2803717.0558607224,2804972.865890192,addressable_market
1,Field Survey Technologies,Sensors,Hardware,Units,EU Europe,Romania,5196191.6017,5196191.6017,5217204.66380103,5238302.701363457,5259486.05802254,5280755.078803177,5302110.110125524,5256109.287868583,5147331.647015227,4974444.101149741,4865666.460296385,4819665.638039444,4839156.053543982,4858725.287025755,4878373.657219555,4898101.484149118,4917909.089132333,4937796.79478648,4957764.92503348,4977813.805105176,4997943.761548626,addressable_market
1,Field Survey Technologies,Sensors,Hardware,Units,EU Europe,Slovakia,1508364.88,1508364.88,1509284.3774397653,1510204.435404078,1511125.0542346332,1512046.2342733345,1512967.9758622935,1499892.616353467,1468973.4568494207,1419831.5783811754,1388912.418877129,1375837.0593683026,1376675.7680059788,1377514.9879194445,1378354.719420373,1379194.9628206275,1380035.7184322611,1380876.986567517,1381718.7675388295,1382561.061658822,1383403.8692403105,addressable_market
1,Field Survey Technologies,Sensors,Hardware,Units,EU Europe,Slovenia,1031112.39,1029415.8189000002,1029526.7511890207,1029637.6954323679,1029748.6516313296,1029859.6197871944,1029970.5999012507,1022891.4141018746,1006151.3409328017,979545.2282693427,962805.1551002698,955725.9693008937,955828.9605970293,955931.962991751,956034.9764862552,956138.0010817377,956241.0367793948,956344.083580423,956447.1414860187,956550.2104973787,956653.2906156996,addressable_market
1,Field Survey Technologies,Sensors,Hardware,Units,EU Europe,Sweden,16619000.8,16619000.8,16613842.516419426,16608685.833891157,16603530.751918249,16598377.270003911,16593225.387651512,16452004.917346686,16118062.417054914,15587305.371004786,15253362.870713014,15112142.400408188,15107451.822620181,15102762.700715756,15098075.03424303,15093388.822750255,15088704.06578583,15084020.762898292,15079338.913636314,15074658.517548718,15069979.574184457,addressable_market
1,Field Survey Technologies,Sensors,Hardware,Units,EU Europe,Netherlands,349603.5335,350489.79501510004,350990.32442441134,351491.568632536,351993.5286602679,352496.20552985865,352999.6002650198,349805.43970136595,342252.2431806524,330247.44513887167,322694.2486181581,319500.08805450425,319956.36151131615,320413.28656565543,320870.86414805916,321329.0951903932,321787.98062585434,322247.5213889718,322707.71841560956,323168.57264296815,323630.0850095864,addressable_market
1,Field Survey Technologies,GIS software,Software,Units,EU Europe,Austria,4439.032307692308,4443.119384615385,4446.652221215373,4450.187866863095,4453.726323792099,4457.267594237701,4460.811680437003,4439.018716609526,4387.485133598458,4305.579379561654,4254.045796550586,4232.252832723108,4235.61800399436,4238.985850998403,4242.35637586278,4245.729580716725,4249.105467691165,4252.484038918723,4255.865296533718,4259.249242672162,4262.635879471768,addressable_market
1,Field Survey Technologies,GIS software,Software,Units,EU Europe,Belgium,562.0446153846154,562.0446153846154,562.9134275398218,563.7835827104052,564.6550829724074,565.5279304050792,566.4021270908859,563.8274681447642,557.739200317794,548.0627109683362,541.974443141366,539.3997841952444,540.2335918258074,541.0686883615298,541.9050757948092,542.7427561211235,543.5817313390348,544.4220034501951,545.2635744593501,546.1064463743446,546.9506212061272,addressable_market
1,Field Survey Technologies,GIS software,Software,Units,EU Europe,Bulgaria,4671.6,4687.2,4719.927377919568,4752.883267800541,4786.069265179126,4819.486976732026,4853.13802035422,4843.168312285863,4819.593052747781,4782.123323374117,4758.548063836035,4748.578355767678,4781.734295012834,4815.121738557775,4848.742302832077,4882.597615551694,4916.689315797757,4951.019054095936,4985.588492496342,5020.399304654001,5055.45317590988,addressable_market
1,Field Survey Technologies,GIS software,Software,Units,EU Europe,Cyprus,713.124,713.0413333333333,713.2189620101975,713.3966349368761,713.5743521243929,713.7521135837736,713.9299193260468,710.2660793938359,701.6022372115347,687.8322160848289,679.1683739025277,675.5045339703167,675.6728116997775,675.8411313495994,676.0094929302261,676.1778964521023,676.346341925677,676.5148293614005,676.6833587697263,676.8519301611102,677.020543546011,addressable_market
1,Field Survey Technologies,GIS software,Software,Units,EU Europe,Czechia,4104.8713333333335,4107.6466666666665,4110.709841268693,4113.775300156443,4116.843045033367,4119.913077604184,4122.985399574884,4102.750816036253,4054.902317835763,3978.8535144021234,3931.0050162016328,3910.770432663003,3913.686791745418,3916.6053256295622,3919.5260359372387,3922.4489242914615,3925.3739923164544,3928.301241637651,3931.230673881699,3934.1622906764583,3937.096093651004,addressable_market
1,Field Survey Technologies,GIS software,Software,Units,EU Europe,Germany,2740.56,2740.56,2741.305080736132,2742.0503640386382,2742.7958499625915,2743.541538563078,2744.2874298952,2730.2320990921016,2696.9956121955247,2644.1706510393433,2610.9341641427663,2596.878833339668,2597.5848512311904,2598.2910610690046,2598.997462905296,2599.7040567922627,2600.4108427821184,2601.1178209270915,2601.8249912794213,2602.5323538913653,2603.2399088151924,addressable_market
1,Field Survey Technologies,GIS software,Software,Units,EU Europe,Denmark,955.2288000000001,956.6576,961.0544385245865,965.47148510377,969.9088326146183,974.3665743610661,978.8448040758774,975.7570753647584,968.4555570807017,956.8507680144975,949.5492497304408,946.4615210193218,950.8114979365141,955.1814675303866,959.5715216881217,963.9817527192183,968.4122533574345,972.8631167627361,977.3344365232562,981.8263066572629,986.3388216151363,addressable_market
1,Field Survey Technologies,GIS software,Software,Units,EU Europe,Spain,2847.7327333333337,2848.390533333333,2859.694124178569,2871.0425723439307,2882.4360558418034,2893.874753390999,2905.3588444195593,2895.358309169096,2871.710152930931,2834.1245639791387,2810.4764077409736,2800.4758724905105,2811.5893181589117,2822.7468665727915,2833.948692750072,2845.194972403218,2856.485881941993,2867.821598476228,2879.2022998185994,2890.628164487419,2902.0993717094307,addressable_market
1,Field Survey Technologies,GIS software,Software,Units,EU Europe,Estonia,7193.28,7193.28,7222.579122148043,7251.997583256706,7281.535869408386,7311.194468665355,7340.973871077818,7316.057419616886,7257.137759589541,7163.492821664394,7104.5731616370485,7079.656710176117,7108.493030563709,7137.446804862915,7166.518511478095,7195.708630762208,7225.017645024747,7254.446038539716,7283.994297553623,7313.662910293523,7343.452366975082,addressable_market
1,Field Survey Technologies,GIS software,Software,Units,EU Europe,Finland,10457.533333333333,10457.533333333333,10456.719807681475,10455.906345316434,10455.092946233284,10454.279610427106,10453.466337892974,10398.279739601387,10267.78059470893,10060.369616487616,9929.870471595159,9874.683873303571,9873.915689413656,9873.147565283272,9872.379500907773,9871.611496282509,9870.84355140283,9870.075666264092,9869.307840861644,9868.540075190838,9867.772369247035,addressable_market
1,Field Survey Technologies,GIS software,Software,Units,EU Europe,France,3234.9375,3250.575,3270.0966106918863,3289.7354601135376,3309.4922523523346,3329.3676957241187,3349.36250279858,3340.9694957257375,3321.122643772748,3289.5787207717535,3269.731868818764,3261.3388617459213,3280.925115745083,3300.628996695009,3320.4512110145774,3340.3924693651247,3360.453486675925,3380.634982169823,3400.93767938902,3421.3623062210113,3441.909594924683,addressable_market
1,Field Survey Technologies,GIS software,Software,Units,EU Europe,Greece,3355.548,3355.548,3368.426053773704,3381.353531447468,3394.3306227022745,3407.357517947072,3420.4344083215674,3408.456557638207,3380.1326652401076,3335.1156175485976,3306.791725150498,3294.813874467138,3307.4588404308893,3320.1523357411575,3332.894546645774,3345.6856601073573,3358.5258638060595,3371.4153461423184,3384.354296239623,3397.3429039472885,3410.3813598432394,addressable_market
1,Field Survey Technologies,GIS software,Software,Units,EU Europe,Croatia,7239.343999999999,7248.677333333332,7258.89816206722,7269.133402442738,7279.383074780682,7289.647199430509,7299.925796770361,7266.293778801566,7186.764514056063,7060.363359384279,6980.834094638775,6947.202076669981,6956.997817236172,6966.807370058315,6976.630754612061,6986.467990400522,6996.319096954308,7006.18409383157,7016.063000618032,7025.95583692704,7035.8626223995925,addressable_market
1,Field Survey Technologies,GIS software,Software,Units,EU Europe,Hungary,1149.6855999999998,1148.8717519999998,1152.4697592838395,1156.0790347152265,1159.6996135834584,1163.3315312883503,1166.9748233405826,1162.5118345884928,1151.9582539395265,1135.1847456690812,1124.6311650201148,1120.168176268025,1123.67629042465,1127.1953912038166,1130.7255130131493,1134.26669036803,1137.8189578919346,1141.3823503167714,1144.9569024832222,1148.5426493410812,1152.139625949598,addressable_market
1,Field Survey Technologies,GIS software,Software,Units,EU Europe,Ireland,735.0988,738.8588,746.6644864075931,754.5526361225106,762.5241203297708,770.5798194180403,778.720623076868,778.4223769897424,777.7171177322,776.596202245535,775.8909429879926,775.5926969008669,783.78645918945,792.0667846196276,800.4345876891878,808.8907925571449,817.4363331458076,826.0721532439223,834.7992066109085,843.6184570821925,852.5308786756569,addressable_market
1,Field Survey Technologies,GIS software,Software,Units,EU Europe,Italy,4209.0972,4232.7736,4260.939002243473,4289.29182057826,4317.833302094356,4346.564702180047,4375.487284577125,4365.834082623076,4343.007261628934,4306.727075456224,4283.900254462083,4274.247052508033,4302.688424265281,4331.31904844933,4360.1401843693775,4389.153099714222,4418.359070608019,4447.759381666415,4477.355326053048,4507.1482055364295,4537.139330547198,addressable_market
1,Field Survey Technologies,GIS software,Software,Units,EU Europe,Lithuania,1716.78,1718.0800260000003,1725.1773277955178,1732.3039481862202,1739.4600082857426,1746.6456297080347,1753.860934569428,1747.9544928292305,1733.9875946997186,1711.7890737351038,1697.8221756055918,1691.9157338653943,1698.90495229184,1705.9230428265323,1712.9701247386927,1720.046317790236,1727.1517422378083,1734.2865188348303,1741.4507688335489,1748.644613987097,1755.8681765515646,addressable_market
1,Field Survey Technologies,GIS software,Software,Units,EU Europe,Luxembourg,940.22,940.22,941.2416338144346,942.2643777261347,943.2882329413206,944.3132006675243,945.3392821135889,940.8455001028227,930.2191029721358,913.3298626199461,902.7034654892592,898.209683478493,899.1856692957427,900.1627156095923,901.140823572367,902.1199943376444,903.1002290602548,904.0815288962841,905.0638950030743,906.0473285392244,907.0318306645928,addressable_market
1,Field Survey Technologies,GIS software,Software,Units,EU Europe,Latvia,6548.7168,6556.1472,6572.462929114523,6588.819261804351,6605.216299116169,6621.654142348123,6638.132893050459,6610.800780800088,6546.168834146443,6443.4449788228885,6378.813032169243,6351.480919918873,6367.287313369811,6383.133042855459,6399.018206268081,6414.942901743554,6430.907227661981,6446.911282648296,6462.955165572867,6479.038975552119,6495.162811949135,addressable_market
1,Field Survey Technologies,GIS software,Software,Units,EU Europe,Malta,0.0,0.0,0.0,0.0,0.0,0.0,0.0,0.0,0.0,0.0,0.0,0.0,0.0,0.0,0.0,0.0,0.0,0.0,0.0,0.0,0.0,addressable_market
1,Field Survey Technologies,GIS software,Software,Units,EU Europe,Poland,1706.94,1709.1,1712.9299510718677,1716.7684847458142,1720.6156202547375,1724.471376874635,1728.3357739247,1721.0247515313263,1703.736456906174,1676.2590193878195,1658.9707247626673,1651.6597023692934,1655.3609345075242,1659.0704607994,1662.78829983143,1666.5144702317748,1670.2489906703374,1673.99187985886,1677.7431565510158,1681.5028395425036,1685.270947671141,addressable_market
1,Field Survey Technologies,GIS software,Software,Units,EU Europe,Portugal,3212.64,3212.64,3214.0789702857646,3215.5185850992334,3216.9588447290957,3218.399749464171,3219.8412995934077,3203.606070965801,3165.2148035453706,3104.1970065522205,3065.8057391317902,3049.5705105041834,3050.936440502241,3052.3029823126026,3053.670136209304,3055.0379024665044,3056.4062813584856,3057.775273159652,3059.1448781445315,3060.515096587774,3061.885928764154,addressable_market
1,Field Survey Technologies,GIS software,Software,Units,EU Europe,Romania,762.1955,762.1955,765.2777692083537,768.3725029136411,771.4797515214805,774.5995656413262,777.7319960872949,775.0818535184484,768.8150903950855,758.8549065887539,752.588143465391,749.9380008965445,752.970701572864,756.0156662941861,759.0729446555142,762.1425864524101,765.2246416818064,768.3191605428193,771.4261934375678,774.545790971993,777.6780039566839,addressable_market
1,Field Survey Technologies,GIS software,Software,Units,EU Europe,Slovakia,3851.8,3851.8,3854.1480527062445,3856.49753678263,3858.8484531017193,3861.200802536605,3863.554585960913,3844.3556355907604,3798.956087807443,3726.799564296864,3681.4000165135467,3662.201066143394,3664.433539564696,3666.6673738991435,3668.9025699763497,3671.13912862643,3673.3770506800083,3675.6163369682126,3677.8569883226796,3680.099005575551,3682.342389559478,addressable_market
1,Field Survey Technologies,GIS software,Software,Units,EU Europe,Slovenia,11604.65625,11585.562187500002,11586.81067514654,11588.05929733307,11589.308054074087,11590.55694538409,11591.80597127758,11531.57888482837,11389.160552764153,11162.805616918173,11020.387284853954,10960.160198404745,10961.341291250337,10962.522511373292,10963.70385878733,10964.885333506167,10966.066935543518,10967.248664913106,10968.430521628656,10969.612505703884,10970.794617152518,addressable_market
1,Field Survey Technologies,GIS software,Software,Units,EU Europe,Sweden,7088.266666666666,7088.266666666666,7086.066577142549,7083.867170492558,7081.668446504742,7079.47040496721,7077.273045668143,7039.169218235163,6949.065514599352,6805.857700265642,6715.753996629832,6677.6501691968515,6675.57752875119,6673.50553162141,6671.434177607838,6669.363466510862,6667.293398130929,6665.223972268549,6663.155188724293,6661.0870472988,6659.019547792761,addressable_market
1,Field Survey Technologies,GIS software,Software,Units,EU Europe,Netherlands,418.76666666666665,419.82826,420.42781066874613,421.02821754713466,421.6294818579063,422.2316048255477,422.8345876762946,420.8899754974689,416.29157236445883,408.9830241524414,404.3846210194313,402.4400088406056,403.0147275992489,403.5902671054428,404.166628531285,404.7438130505472,405.3218218386771,405.90065607280127,406.480316931727,407.06080559594545,407.64212324763326,addressable_market
2,Remote Sensing Technologies,Drones,Hardware,Units,EU Europe,Austria,17702.141,17718.4396,17732.52797946833,17746.62756096351,17760.738353392542,17774.860365669538,17788.99360671567,17614.30953224967,17201.23601349976,16544.71077211337,16131.637253363464,15956.953178897462,15969.640955960105,15982.338821395197,15995.046783224254,16007.764849475177,16020.493028182244,16033.231327386131,16045.9797551339,16058.738319479007,16071.50702848132,addressable_market
2,Remote Sensing Technologies,Drones,Hardware,Units,EU Europe,Belgium,7506.477,7506.477,7518.080560076656,7529.702057010572,7541.341518528651,7552.998972400666,7564.674446439311,7486.822710459443,7302.727562574331,7010.132888945509,6826.037741060397,6748.186005080529,6758.61739409543,6769.064908018079,6779.5285717744555,6790.00841032908,6800.5044486850575,6811.016711884145,6821.5452250068065,6832.090013172281,6842.65110153863,addressable_market
2,Remote Sensing Technologies,Drones,Hardware,Units,EU Europe,Bulgaria,14430.053333333333,14478.240000000002,14579.331234018226,14681.128316095008,14783.636174664414,14886.85977257226,14990.804107316371,14813.099520250997,14392.883428420715,13725.006020161205,13304.789928330923,13127.085341265549,13218.742425014061,13311.039484871731,13403.980989335738,13497.5714381036,13591.815362291005,13686.717324651197,13782.281919795883,13878.51377441766,13975.417547514035,addressable_market
2,Remote Sensing Technologies,Drones,Hardware,Units,EU Europe,Cyprus,1385.4159,1385.2552999999998,1385.6003866794883,1385.9455593249475,1386.2908179577923,1386.6361625994439,1386.981593271328,1370.0041179611208,1329.8576679351809,1266.0502423857233,1225.9037923597832,1208.926317049576,1209.2274776865338,1209.5287133468637,1209.8300240492556,1210.131409812403,1210.4328706550052,1210.7344065957652,1211.0360176533911,1211.337703846595,1211.6394651940955,addressable_market
2,Remote Sensing Technologies,Drones,Hardware,Units,EU Europe,Czechia,9356.42955,9362.755500000001,9369.737540370053,9376.724787421806,9383.717245038013,9390.71491710432,9397.717807509272,9277.153284913858,8992.055678064857,8538.931072736312,8253.83346588731,8133.268943291896,8139.334124861847,8145.403829389016,8151.478060246285,8157.5568208090535,8163.640114455233,8169.727944565258,8175.820314522083,8181.917227711184,8188.018687520565,addressable_market
2,Remote Sensing Technologies,Drones,Hardware,Units,EU Europe,Germany,29232.64,29232.64,29240.587527852073,29248.537216412144,29256.489066267644,29264.443078006167,29272.399252215473,28948.043782092456,28181.043952376607,26962.000064326265,26195.000234610416,25870.6447644874,25877.678260942623,25884.71366960656,25891.75099099909,25898.790225640227,25905.83137405013,25912.8744367491,25919.919414257576,25926.96630709614,25934.015115785514,addressable_market
2,Remote Sensing Technologies,Drones,Hardware,Units,EU Europe,Denmark,5815.164800000001,5823.862933333334,5850.629652070729,5877.5193917720735,5904.532717846887,5931.670198303333,5958.932403760166,5910.527539449144,5796.065086665804,5614.14229076574,5499.6798379824,5451.274973671378,5476.329262491487,5501.4987018756965,5526.783821060836,5552.185151716132,5577.703227954385,5603.338586343197,5629.091765916259,5654.963308184688,5680.953757148403,addressable_market
2,Remote Sensing Technologies,Drones,Hardware,Units,EU Europe,Spain,123566.83773333332,123595.38053333333,124085.85808392227,124578.28205214099,125072.6601621791,125569.00016887899,126067.3098578574,124854.17880665019,121985.50108912613,117426.12062664355,114557.44290911949,113344.31185791228,113794.10893134144,114245.69098545425,114699.06510379174,115154.23839800541,115611.21800796871,116070.01110188907,116530.62487642032,116993.06655677562,117457.3433968407,addressable_market
2,Remote Sensing Technologies,Drones,Hardware,Units,EU Europe,Estonia,7114.031999999999,7114.031999999999,7143.008335209124,7172.102694627607,7201.315558982699,7230.647410959718,7260.098735210011,7195.156403408959,7041.58798227561,6797.5114676178355,6643.943046484486,6579.000714683434,6605.7978010684465,6632.704035311903,6659.71986198658,6686.845727476051,6714.082079982064,6741.429369531948,6768.88804798605,6796.458569045201,6824.141388258215,addressable_market
2,Remote Sensing Technologies,Drones,Hardware,Units,EU Europe,Finland,58711.58,58711.58,58707.01263455457,58702.44562441942,58697.87896956688,58693.31266996933,58688.746725599136,58083.273496716414,56651.51758005367,54375.93259063555,52944.1766739728,52338.703445090076,52334.631846513206,52330.56056467928,52326.489599563654,52322.418951141706,52318.348619388766,52314.27860428023,52310.208905791456,52306.1395238978,52302.070458574664,addressable_market
2,Remote Sensing Technologies,Drones,Hardware,Units,EU Europe,France,118614.375,119187.75,119903.54239203583,120623.63353749638,121348.04925291894,122076.81550988434,122809.95843594795,121884.04176141974,119694.53673650106,116214.61064646342,114025.10562154475,113099.18894701653,113778.41595645079,114461.72212272638,115149.1319435743,115840.67006384877,116536.36127641075,117236.23052301699,117940.30289521409,118648.60363523808,119361.15813691948,addressable_market
2,Remote Sensing Technologies,Drones,Hardware,Units,EU Europe,Greece,39486.216,39486.216,39637.75774905801,39789.881090986484,39942.588257845375,40095.881490260894,40249.76303745845,39920.40417559164,39141.57288018774,37903.72445610636,37124.893160702464,36795.53429883566,36936.74964408853,37078.50695113417,37220.80829993484,37363.655778435306,37507.05148259357,37650.99751641157,37795.49599196606,37940.54902943963,38086.15875715176,addressable_market
2,Remote Sensing Technologies,Drones,Hardware,Units,EU Europe,Croatia,7407.400199999999,7416.950199999999,7427.408297972353,7437.881142142301,7448.368753302377,7458.87115227443,7469.388359909672,7379.52514803693,7167.026594588851,6829.288497702457,6616.7899442543785,6526.926732381637,6536.129873482088,6545.345991257412,6554.575104005063,6563.817230048304,6573.072387736226,6582.340595443799,6591.621871571897,6600.916234547342,6610.223702822941,addressable_market
2,Remote Sensing Technologies,Drones,Hardware,Units,EU Europe,Hungary,12947.649733333332,12938.484254666666,12979.004670029906,13019.65198619767,13060.426600594661,13101.32891189023,13142.359320002273,13008.062106927659,12690.490957224292,12185.753988494545,11868.18283879118,11733.885625716564,11770.633509782452,11807.496479935453,11844.474896599246,11881.569121326269,11918.77951680127,11956.106446844833,11993.550276416952,12031.111371620591,12068.790099705271,addressable_market
2,Remote Sensing Technologies,Drones,Hardware,Units,EU Europe,Ireland,5270.814799999999,5297.774799999999,5353.743232326785,5410.302944112469,5467.4601819389945,5525.221258380417,5583.592552700095,5546.118540601354,5457.504154392285,5316.663411387797,5228.049025178729,5190.575013079987,5245.410931427569,5300.8261647707795,5356.826833292783,5413.419121833523,5470.609280572785,5528.403625720491,5586.808540214269,5645.8304744244,5705.4759468662105,addressable_market
2,Remote Sensing Technologies,Drones,Hardware,Units,EU Europe,Italy,80227.9436,80679.23013333333,81216.07977003466,81756.50167102198,82300.51960658637,82848.15750518937,83399.4394545155,82769.36243282491,81279.42619662928,78911.37135235131,77421.43511615568,76791.3580944651,77302.33734682886,77816.71671872203,78334.51883496306,78855.76647091874,79380.48255350598,79908.69016220029,80440.41253005086,80975.67304470246,81514.4952494242,addressable_market
2,Remote Sensing Technologies,Drones,Hardware,Units,EU Europe,Lithuania,9981.535,9989.093484500001,10030.35792506753,10071.792826954497,10113.398894328004,10155.17683426402,10197.127356759429,10095.235690679208,9854.293583233466,9471.34825250958,9230.406145063838,9128.514478983618,9166.223911153049,9204.089119081811,9242.110746271701,9280.28943888278,9318.625845744371,9357.120618366072,9395.774410948843,9434.58788039611,9473.561686324927,addressable_market
2,Remote Sensing Technologies,Drones,Hardware,Units,EU Europe,Luxembourg,965.943,965.943,966.9925841735087,968.0433088148684,969.0951751633,970.1481844593715,971.2023379449982,961.01801385175,936.9352541488541,898.6589209792933,874.5761612763974,864.3918371831492,865.331076860871,866.2713371071989,867.2126190310723,868.154923742636,869.0982523532414,870.0426059754468,870.9879857230201,871.9343927109388,872.8818280553924,addressable_market
2,Remote Sensing Technologies,Drones,Hardware,Units,EU Europe,Latvia,8731.6224,8741.5296,8763.283905486032,8785.092349072469,8806.955065488224,8828.872189797497,8850.84385740061,8761.072544642648,8548.791304025335,8211.398596887251,7999.117356269939,7909.346043511976,7929.029364154772,7948.761669013129,7968.5430799899195,7988.373719291388,8008.253709427902,8028.183173214715,8048.162233772713,8068.191014529188,8088.2696392185935,addressable_market
2,Remote Sensing Technologies,Drones,Hardware,Units,EU Europe,Malta,0.0,0.0,0.0,0.0,0.0,0.0,0.0,0.0,0.0,0.0,0.0,0.0,0.0,0.0,0.0,0.0,0.0,0.0,0.0,0.0,0.0,addressable_market
2,Remote Sensing Technologies,Drones,Hardware,Units,EU Europe,Poland,60122.22,60198.3,60333.199387753564,60468.401073824796,60603.90573563909,60739.71405213993,60875.82670379222,60093.88250911548,58244.82763133928,55306.001623701406,53456.946745925205,52675.002551248464,52793.04285461386,52911.34767648981,53029.91760964032,53148.75324815773,53267.85518746569,53387.224024322124,53506.86035682227,53626.76478440163,53746.93790783901,addressable_market
2,Remote Sensing Technologies,Drones,Hardware,Units,EU Europe,Portugal,36674.88,36674.88,36691.30700786705,36707.74137353832,36724.18310030947,36740.63219147758,36757.08865034124,36411.50709916567,35594.314187931355,34295.49509410272,33478.30218286841,33132.720631692835,33147.56107459199,33162.4081646587,33177.26190487028,33192.1222982054,33206.98934764406,33221.86305616757,33236.7434267586,33251.630462401146,33266.52416608056,addressable_market
2,Remote Sensing Technologies,Drones,Hardware,Units,EU Europe,Romania,38294.549666666666,38294.549666666666,38449.41034386214,38604.897267600514,38761.01297038225,38917.75999494906,39075.140894325305,38665.56754060568,37697.053914367294,36157.73073486049,35189.2171086221,34779.64375490248,34920.290380372244,35061.505771680895,35203.292228880615,35345.65206132485,35488.58758770595,35632.101136092875,35776.19504396916,35920.871658270975,36066.13333542535,addressable_market
2,Remote Sensing Technologies,Drones,Hardware,Units,EU Europe,Slovakia,10110.975,10110.975,10117.138638353892,10123.306034054403,10129.477189392013,10135.652106658588,10141.830788147396,10031.948697587355,9772.111720839563,9359.13551651469,9099.298539766898,8989.416449206858,8994.896386799961,9000.379664956516,9005.86628571292,9011.356251106827,9016.849563177118,9022.346223963925,9027.84623550862,9033.34959985382,9038.85631904339,addressable_market
2,Remote Sensing Technologies,Drones,Hardware,Units,EU Europe,Slovenia,17020.1625,16992.157875,16993.988990214923,16995.82030275517,16997.65181264199,16999.483519896665,17001.31542454045,16829.8842713346,16424.502899881194,15780.203300254409,15374.821928801006,15203.390775595153,15205.029129026923,15206.667659011538,15208.306365568034,15209.94524871543,15211.584308472762,15213.223544859056,15214.862957893352,15216.502547594684,15218.142313982085,addressable_market
2,Remote Sensing Technologies,Drones,Hardware,Units,EU Europe,Sweden,55480.34285714287,55480.34285714287,55463.12260755936,55445.90770287785,55428.698141439374,55411.49392158546,55394.29504165817,54827.47672927464,53487.12767053019,51356.82168529709,50016.47262655264,49449.65431416911,49434.30589804088,49418.96224582619,49403.62335604639,49388.2892272233,49372.959857879185,49357.635246536775,49342.315391719254,49327.000291950295,49311.68994575398,addressable_market
2,Remote Sensing Technologies,Drones,Hardware,Units,EU Europe,Netherlands,3927.785,3937.7421209999998,3943.3655535959742,3948.997016934742,3954.636522484891,3960.2840817313877,3965.939706175598,3924.5425668484118,3826.65120462587,3671.065946080869,3573.174583858327,3531.7774445311406,3536.8211248415873,3541.87200795897,3546.9301041695126,3551.99542377413,3557.067977088447,3562.147774442819,3567.234826182355,3572.3291426669384,3577.4307342712464,addressable_market
3,Decision Support Systems,Total,Software,Units,EU Europe,Austria,315654.8406086957,315945.4682782609,316196.68451111723,316448.1004923541,316699.7163807966,316951.532335396,317203.5485152299,317136.908897687,316979.32692353893,316728.8714018951,316571.2894277471,316504.64981020417,316756.31066243956,317008.1716165837,317260.2328317427,317512.49446714896,317764.956682162,318017.6196362675,318270.48348907835,318523.548400334,318776.81452990125,addressable_market
3,Decision Support Systems,Total,Software,Units,EU Europe,Belgium,151610.33869421488,151610.33869421488,151844.6989238247,152079.42142897384,152314.5067696702,152549.95550678726,152785.76820206558,152812.67789726416,152876.31095893937,152977.44721987154,153041.08028154675,153067.98997674533,153304.60345301504,153541.58268790715,153778.9282468137,154016.6406960007,154254.72060260948,154493.16853465806,154731.98506104256,154971.17075153842,155210.72617680187,addressable_market
3,Decision Support Systems,Total,Software,Units,EU Europe,Bulgaria,474011.68,475594.56,478915.2979462389,482259.2222394949,485626.49477350863,489017.2785724096,492431.73779860826,493739.92325999023,496833.3751007629,501750.00404039246,504843.4558811651,506151.6413425471,509685.7376155518,513244.5099647492,516828.13068559754,520436.77327657124,524070.6124475611,527729.8241283323,531414.585477043,535125.0748888192,538861.4720043945,addressable_market
3,Decision Support Systems,Total,Software,Units,EU Europe,Cyprus,16694.799092307694,16692.8638,16697.022228370493,16701.181692664282,16705.342193139433,16709.503730054075,16713.666303666392,16704.0744232387,16681.392608586695,16645.342890646516,16622.66107599451,16613.06919556682,16617.20774597324,16621.347327351075,16625.48793995716,16629.629584048373,16633.772259881694,16637.91596771413,16642.060707802768,16646.206480404755,16650.353285777313,addressable_market
3,Decision Support Systems,Total,Software,Units,EU Europe,Czechia,250414.99860000002,250584.30599999998,250771.17296887405,250958.17928910893,251145.3250646225,251332.61039941,251520.0353975443,251427.5170506114,251208.73992835043,250861.0228840894,250642.24576182844,250549.72741489555,250736.56859765595,250923.54911254786,251110.66906347472,251297.92855441757,251485.32768943478,251672.8665726624,251860.54530831423,252048.3640006816,252236.32275413393,addressable_market
3,Decision Support Systems,Total,Software,Units,EU Europe,Germany,925395.76,925395.76,925647.3489285671,925899.0062570468,926150.732004035,926402.5261881327,926654.388827946,926150.2362144536,924958.072047921,923063.2861764525,921871.12200992,921366.9693964275,921617.4630108004,921868.0247273007,922118.6545644435,922369.352540749,922620.1186747422,922870.9529849535,923121.8554899177,923372.8262081752,923623.8651582713,addressable_market
3,Decision Support Systems,Total,Software,Units,EU Europe,Denmark,239108.8512,239466.5024,240567.1005064702,241672.75700808052,242783.4951534276,243899.3382979595,245020.309904467,245432.11747296702,246405.91432244028,247953.634480335,248927.43132980826,249339.23889830828,250485.21251653822,251636.45307766684,252792.98478878505,253954.83196824044,255122.01904614878,256294.5705649079,257472.51117971315,258655.86565907652,259844.658885347,addressable_market
3,Decision Support Systems,Total,Software,Units,EU Europe,Spain,3437337.2236,3438131.2167999996,3451775.142410671,3465473.2127570524,3479225.6427078326,3493032.6479843874,3506894.4451641655,3511508.9085514,3522420.6796120107,3539763.483748187,3550675.2548087975,3555289.718196032,3569398.577160583,3583563.4259085446,3597784.4866305157,3612061.9823988434,3626396.137171114,3640787.1757936715,3655235.3240051433,3669740.8084399817,3684303.8566320185,addressable_market
3,Decision Support Systems,Total,Software,Units,EU Europe,Estonia,226789.488,226789.488,227713.22972989292,228640.73397449087,229572.0160589832,230507.09137098063,231445.97536076955,231752.80556670384,232478.36359602897,233631.54127196444,234357.09930128956,234663.92950722386,235619.74481461797,236579.45327637868,237543.07074980694,238510.61315679236,239482.09648407644,240457.53678351655,241436.95017235135,242420.3528334671,243407.76101566493,addressable_market
3,Decision Support Systems,Total,Software,Units,EU Europe,Finland,536322.0666666667,536322.0666666667,536280.3444225214,536238.6254240858,536196.9096711071,536155.1971633331,536113.4879005111,535645.6646295742,534539.4080617117,532781.1608556231,531674.9042877606,531207.0810168236,531165.7566841075,531124.4355661463,531083.1176626895,531041.8029734875,531000.49149829,530959.1832368469,530917.8781889083,530876.5763542242,530835.2777325448,addressable_market
3,Decision Support Systems,Total,Software,Units,EU Europe,France,4052298.375,4071886.95,4096341.0209933696,4120941.9530355576,4145690.628113358,4170587.9335104125,4195634.761839021,4205500.495613494,4228829.88827696,4265908.845059596,4289238.237723062,4299103.971497535,4324922.61406247,4350896.3127294015,4377025.998701228,4403312.608773264,4429757.085366836,4456360.376563055,4483123.436136827,4510047.223591027,4537132.70419091,addressable_market
3,Decision Support Systems,Total,Software,Units,EU Europe,Greece,2582283.273230769,2582283.273230769,2592193.6612960277,2602142.08383745,2612128.686825241,2622153.6167898164,2632217.0208239504,2635708.6257302216,2643965.1856320146,2657087.8859177907,2665344.4458195837,2668836.050725855,2679078.6144365952,2689360.487460225,2699681.8206595676,2710042.7654764336,2720443.473933843,2730884.098638255,2741364.79278181,2751885.710144572,2762447.0050967913,addressable_market
3,Decision Support Systems,Total,Software,Units,EU Europe,Croatia,545743.1183999999,546446.7183999999,547217.222874696,547988.8137812904,548761.4926516808,549535.2610199257,550310.1204222456,550365.1974354597,550495.4374457189,550702.4365640172,550832.6765742764,550887.7535874905,551664.5200404712,552442.3817549066,553221.3402751449,554001.3971477116,554782.5539213127,555564.812146838,556348.1733773643,557132.6391681579,557918.2110766785,addressable_market
3,Decision Support Systems,Total,Software,Units,EU Europe,Hungary,394319.76432727266,394040.63031745446,395274.6767247605,396512.5878871659,397754.37590821215,399000.05292934657,400249.63113004045,400614.2434419513,401476.43818478024,402846.7816853052,403708.97642813413,404073.588740045,405339.0561109356,406608.48664029874,407881.8927398533,409159.2868601887,410440.6814908869,411726.08916064416,413015.5224373941,414308.9939284301,415606.51628052874,addressable_market
3,Decision Support Systems,Total,Software,Units,EU Europe,Ireland,57375.00273846153,57668.4735076923,58277.71308067383,58893.38897552604,59515.569188881236,60144.32243572328,60779.7181569767,61047.89985386722,61682.06617691372,62689.9889301738,63324.155253220306,63592.336950110825,64264.159279571584,64943.07908750232,65629.1713553356,66322.51185664647,67023.17716552127,67731.24466501457,68446.79255569553,69169.8998642846,69900.6464523813,addressable_market
3,Decision Support Systems,Total,Software,Units,EU Europe,Italy,776461.773278049,780829.4128585367,786025.1489349228,791255.4580856974,796520.5703643996,801820.7173553733,807156.1321839537,809239.1519103553,814164.8458560712,821993.5791442599,826919.2730899758,829002.2928163775,834518.5772304395,840071.5676874168,845661.5084338863,851288.6453416724,856953.2259186605,862655.4993196853,868395.7163574881,874174.1295137497,879990.9929501954,addressable_market
3,Decision Support Systems,Total,Software,Units,EU Europe,Lithuania,255152.86705882353,255346.08072694123,256400.9024871598,257460.0816627837,258523.6362540757,259591.58433565704,260663.94405681407,261010.71238551883,261830.71165658563,263133.99108491355,263953.99035598035,264300.7586846851,265392.5717671855,266488.89507437486,267589.74723776366,268695.1469658277,269805.1130443271,270919.6643366249,272038.8197840077,273162.59840600746,274291.01930072496,addressable_market
3,Decision Support Systems,Total,Software,Units,EU Europe,Luxembourg,13515.092285714287,13515.092285714287,13529.777652207544,13544.478975675751,13559.196273457597,13573.92956291062,13588.678861411208,13587.753997455004,13585.566981781583,13582.091012183593,13579.903996510173,13578.979132553968,13593.733917867323,13608.504735585433,13623.291603128953,13638.094537937466,13652.913557469503,13667.748679202568,13682.599920633156,13697.467299276772,13712.350832667951,addressable_market
3,Decision Support Systems,Total,Software,Units,EU Europe,Latvia,139978.8216,140137.6464,140486.39510982292,140836.01172106803,141186.4983936081,141537.85729269113,141890.09058895355,141938.67127733724,142053.5494993806,142236.13310504315,142351.0113270865,142399.5920154702,142753.96983806445,143109.2295707777,143465.37340834516,143822.4035509638,144180.32220430596,144539.1315795333,144898.83389330993,145259.43136781655,145620.92623076396,addressable_market
3,Decision Support Systems,Total,Software,Units,EU Europe,Malta,0.0,0.0,0.0,0.0,0.0,0.0,0.0,0.0,0.0,0.0,0.0,0.0,0.0,0.0,0.0,0.0,0.0,0.0,0.0,0.0,0.0,addressable_market
3,Decision Support Systems,Total,Software,Units,EU Europe,Poland,1722492.12,1724671.8,1728536.6461816337,1732410.1531623872,1736292.3403503918,1740183.2271972706,1744082.8331982363,1744857.223036661,1746688.4142109004,1749598.8482453323,1751430.0394195716,1752204.4292579964,1756130.9737738047,1760066.317349573,1764010.4797032627,1767963.4805970232,1771925.3398372873,1775896.077274874,1779875.7128050858,1783864.2663678085,1787861.7579476119,addressable_market
3,Decision Support Systems,Total,Software,Units,EU Europe,Portugal,1071078.72,1071078.72,1071558.4657703927,1072038.4264232214,1072518.6020547333,1072998.9927612196,1073479.5986390146,1073166.4528843635,1072425.9605461194,1071249.0467788517,1070508.5544406075,1070195.4086859564,1070674.758813285,1071154.3236458371,1071634.1032797815,1072114.0978113294,1072594.3073367353,1073074.7319522968,1073555.371754355,1074036.2268392937,1074517.2973035402,addressable_market
3,Decision Support Systems,Total,Software,Units,EU Europe,Romania,2295871.427,2295871.427,2305155.7822681447,2314477.682867326,2323837.28062843,2333234.7279963368,2342670.1780324024,2345894.9578055125,2353520.5592356604,2365640.435219954,2373266.0366501017,2376490.8164232117,2386101.1912776898,2395750.429865285,2405438.689348415,2415166.127525052,2424932.9028312946,2434739.1743439455,2444585.101783103,2454470.845514765,2464396.566553438,addressable_market
3,Decision Support Systems,Total,Software,Units,EU Europe,Slovakia,333977.6241379311,333977.6241379311,334181.2165010294,334384.9329737905,334588.7736318715,334792.7385509756,334996.8278068523,334899.86006581,334670.56151000265,334306.1220510015,334076.8234951942,333979.8557541519,334183.4494776408,334387.16731162183,334591.00933175255,334794.97561373666,334999.0662333241,335203.2812663109,335407.62078853935,335612.08487589785,335816.67360432126,addressable_market
3,Decision Support Systems,Total,Software,Units,EU Europe,Slovenia,290735.32125,290256.9513375,290288.23011467134,290319.5122625178,290350.79778140277,290382.08667168935,290413.37893374095,290274.24124423723,289945.2238729071,289422.2946621783,289093.2772908482,288954.1396013445,288985.2779844346,289016.41972307075,289047.56481761445,289078.71326842735,289109.8650758712,289141.0202403076,289172.1787620985,289203.3406416055,289234.5058791905,addressable_market
3,Decision Support Systems,Total,Software,Units,EU Europe,Sweden,604119.2888888889,604119.2888888889,603931.7795045351,603744.3283202254,603556.9353178954,603369.600479486,603182.3237869445,602612.502348029,601265.0518288476,599123.4590198023,597776.0085006208,597206.1870617054,597020.8233983896,596835.5172691188,596650.2686560354,596465.0775412873,596279.9439070277,596094.8677354159,595909.8490086158,595724.887708798,595539.9838181377,addressable_market
3,Decision Support Systems,Total,Software,Units,EU Europe,Netherlands,68887.56454545454,69062.19778418182,69160.82451042121,69259.59208406252,69358.50070624788,69457.55057840669,69556.74190225599,69564.17137595243,69581.73977107735,69609.6623909661,69627.23078609102,69634.66025978746,69734.10451141233,69833.69077793528,69933.41926216574,70033.2901672028,70133.30369643551,70233.46005354349,70333.75944249707,70434.20206755803,70534.78813327976,addressable_market
4,Telematics Systems,Total,Hardware,Units,EU Europe,Austria,2749.988956954294,3017.0829469826613,3170.6653285009093,2956.286815751052,2996.0292048139136,3036.3058645977385,3077.1239774891415,3097.3829332799264,3145.289064278302,3221.4294673541976,3269.335598352573,3289.594554143358,3333.8177147424162,3378.63538262837,3424.0555499688835,3470.0863163731046,3516.735890336034,3564.0125907023203,3611.924848149724,3660.481206692532,3709.6903252051784,addressable_market
4,Telematics Systems,Total,Hardware,Units,EU Europe,Belgium,619.2432151059875,619.2432151059875,619.2432151059875,619.2432151059875,623.1511636336426,627.0837746223827,631.0412037132005,632.9639193344445,637.5105439174273,644.7367970330217,649.2834216160045,651.2061372372485,655.315798842149,659.4513958882885,663.613092050241,667.8010520355054,672.0154415910245,676.2564275097441,680.5241776372147,684.8188608782348,689.1406472035342,addressable_market
4,Telematics Systems,Total,Hardware,Units,EU Europe,Bulgaria,1199.5513446741097,1227.2338741915848,1326.8975507102293,1079.027994069683,1079.780207868158,1080.532946051173,1081.2862089842884,1081.646076813571,1082.4970523302638,1083.8495643678336,1084.7005398845265,1085.0604077138091,1085.816826838565,1086.5737732794848,1087.331247404173,1088.0892495804885,1088.8477801765482,1089.6068395607247,1090.3664281016472,1091.126546168203,1091.8871941295356,addressable_market
4,Telematics Systems,Total,Hardware,Units,EU Europe,Cyprus,1.637828659306252,1.907409743333677,2.626989717271479,1.5431520867775796,1.4819766016577502,1.4232263084627566,1.3668050648267347,1.3429412910176008,1.2865108863105637,1.1968222875740993,1.140391882867062,1.1165281090579282,1.0722653631453214,1.029757334073097,0.9889344592525259,0.9497299337784211,0.9120796011057395,0.8759218480601146,0.8411975040105067,0.8078497440389714,0.7758239959490896,addressable_market
4,Telematics Systems,Total,Hardware,Units,EU Europe,Czechia,5550.037384190027,5040.566177128127,4180.229580245309,3080.9846410057985,3114.2934886671,3147.962441769292,3181.9953934500118,3198.754393819543,3238.384218544754,3301.3705371123506,3341.0003618375613,3357.7593622070926,3394.0604503691397,3430.7539933975427,3467.8442341629675,3505.3354614062005,3543.232010234052,3581.5382626206283,3620.2586479140164,3659.397643348447,3698.959774562003,addressable_market
4,Telematics Systems,Total,Hardware,Units,EU Europe,Germany,8198.28870867328,8645.064732417104,8827.164705348963,7617.214886145347,7690.431372918647,7764.351614806586,7838.9823762864435,7875.601619042163,7962.194741542328,8099.822955580038,8186.416078080203,8223.035320835923,8302.074939095799,8381.874284270481,8462.440658836857,8543.781435463035,8625.904057683047,8708.816040577978,8792.524971463707,8877.038510585204,8962.36439181753,addressable_market
4,Telematics Systems,Total,Hardware,Units,EU Europe,Denmark,310.6066765970165,310.6066765970165,310.6066765970165,310.6066765970165,308.0095110950816,305.4340620247391,302.8801478021042,301.69278015166685,298.88502486593006,294.42247247985387,291.6147171941171,290.4273495436797,287.9989152894096,285.5907866053158,283.2027937045576,280.8347682199821,278.4865431922532,276.15795305808035,273.8488336385454,271.55902212752665,269.2883570802205,addressable_market
4,Telematics Systems,Total,Hardware,Units,EU Europe,Spain,1998.251532180729,2236.9800516941723,2254.9460751583742,2479.051657809899,2513.6745420819198,2548.7809758239714,2584.377712375497,2602.0727870079354,2643.9161362961154,2710.4205568045386,2752.2639060927186,2769.958980725157,2808.6447293362276,2847.870770116248,2887.644648883467,2927.9740168423978,2968.866632055659,3010.3303609363784,3052.373179761432,3095.003176205824,3138.2285508984905,addressable_market
4,Telematics Systems,Total,Hardware,Units,EU Europe,Estonia,998.2942056106588,891.6553335522325,932.1818050936663,923.8606033105045,930.2738127524505,936.7315410917265,943.2340973673934,946.3993342035562,953.8841351024789,965.780227429495,973.2650283284177,976.4302651645805,983.2084000623304,990.0335870787326,996.9061528378364,1003.8264262310345,1010.7947384328006,1017.8114229165394,1024.8768154705444,1031.9912542140678,1039.1550796135007,addressable_market
4,Telematics Systems,Total,Hardware,Units,EU Europe,Finland,3894.2072578639754,4326.096762546876,4257.201830067254,4108.793745296628,4136.7786134818825,4164.95408574607,4193.321460287726,4207.124388622411,4239.764022164795,4291.640364553017,4324.279998095401,4338.082926430086,4367.629476195894,4397.377266605985,4427.327668304213,4457.4820612698495,4487.84183488116,4518.408387979423,4549.183128933383,4580.167475704139,4611.362855910482,addressable_market
4,Telematics Systems,Total,Hardware,Units,EU Europe,France,5652.9666152790605,6343.8006338708,5947.736714253414,5941.648226016989,5852.294837454789,5764.285188498814,5677.599071340959,5638.099233631679,5544.694399776617,5396.239879431343,5302.83504557628,5263.3352078670005,5184.182619549447,5106.220366255209,5029.430547148723,4953.7955305958785,4879.2979501156315,4805.920700392505,4733.646933349054,4662.460054277397,4592.343718028918,addressable_market
4,Telematics Systems,Total,Hardware,Units,EU Europe,Greece,258.38434358751294,258.38434358751294,258.38434358751294,258.38434358751294,252.8075702709788,247.3511618348867,242.0125204141951,239.62747089951307,233.98757041955142,225.0237011422185,219.38380066225685,216.9987511475748,212.31521332822106,207.7327614662256,203.24921379832122,198.8624356507779,194.5703384230578,190.37087859340593,186.26205674590383,182.24191661852223,178.30854417171992,addressable_market
4,Telematics Systems,Total,Hardware,Units,EU Europe,Croatia,995.0292944396097,947.8666731411698,1015.7199278091136,988.5907171668615,1003.6945260635142,1019.0290927846389,1034.5979428762698,1042.3675619148107,1060.7402950068645,1089.941302771033,1108.3140358630867,1116.0836549016276,1133.1353163663657,1150.4474951833931,1168.0241715684192,1185.8693865473729,1203.987242885467,1222.3819060304581,1241.057605070321,1260.018633705547,1279.2693512363066,addressable_market
4,Telematics Systems,Total,Hardware,Units,EU Europe,Hungary,705.4661673155633,849.0950054424542,705.4661673155633,705.4661673155633,700.2289190046049,695.0305510413391,689.870774785368,687.46511169767,681.7764665272391,672.7351240684409,667.04647889801,664.640815810312,659.7066472402698,654.8091090108543,649.9479291852977,645.1228378456387,640.3335670777374,635.5798509563975,630.8614255306015,626.1780288088547,621.529400744638,addressable_market
4,Telematics Systems,Total,Hardware,Units,EU Europe,Ireland,266.48509239268697,266.48509239268697,266.48509239268697,266.48509239268697,270.9340019349518,275.45718503577683,280.05588167575706,282.3605787605533,287.81047072912395,296.4723468305592,301.92223879912984,304.2269358839261,309.3059371365497,314.4697311891574,319.71973363874764,325.05738371539724,330.4841446768099,336.0015042094523,341.610974836387,347.31409433191385,353.11242614313346,addressable_market
4,Telematics Systems,Total,Hardware,Units,EU Europe,Italy,1993.2286606358257,1993.2286606358257,1993.2286606358257,1675.6891613717878,1678.373972184582,1681.06308463593,1683.7565056179722,1685.0467721808106,1688.097851398343,1692.9471347071385,1695.9982139246708,1697.2884804875093,1700.0078980083063,1702.731672614971,1705.4598112884833,1708.1923210210075,1710.92920881591,1713.6704816877796,1716.4161466624428,1719.1662107769837,1721.920681079761,addressable_market
4,Telematics Systems,Total,Hardware,Units,EU Europe,Lithuania,903.1814732325258,938.3666767137804,988.5907171668615,1045.0572937214556,1058.4153877804747,1071.9442271928458,1085.6459944537335,1092.4330756084485,1108.482412121749,1133.990691036296,1150.0400275495965,1156.8271087043115,1171.613862905191,1186.5896238281225,1201.7568073880861,1217.1178603806843,1232.675260876863,1248.431518622678,1264.3891754441715,1280.5508056574242,1296.9190164838478,addressable_market
4,Telematics Systems,Total,Hardware,Units,EU Europe,Luxembourg,38.891843285358284,31.28919413755419,25.948321989733884,31.05364102323223,31.182576798572548,31.31204791964415,31.442056609220746,31.504814236890834,31.653216512080068,31.889082127081863,32.0374844022711,32.100242029941185,32.2335233283128,32.36735801517534,32.50174838821668,32.636696754664776,32.772205431327244,32.90827674463118,33.044913030663096,33.182116635209,33.319889913794675,addressable_market
4,Telematics Systems,Total,Hardware,Units,EU Europe,Latvia,1683.7985059900325,1749.2229326825368,1692.6088052746345,1909.0810404990366,1925.413469928118,1941.885625353843,1958.4987021497602,1966.6245516864833,1985.839659138192,2016.379508548477,2035.5946160001856,2043.7204655369087,2061.204752252902,2078.8386192501134,2096.623346206742,2114.560223748795,2132.650553543749,2150.895648395008,2169.2968323371765,2187.8554407321435,2206.5728203659846,addressable_market
4,Telematics Systems,Total,Hardware,Units,EU Europe,Malta,0.0,0.0,0.0,0.0,0.0,0.0,0.0,0.0,0.0,0.0,0.0,0.0,0.0,0.0,0.0,0.0,0.0,0.0,0.0,0.0,0.0,addressable_market
4,Telematics Systems,Total,Hardware,Units,EU Europe,Poland,7423.425556552861,7882.211874825099,8347.280444699956,7816.124100572548,7965.787821109184,8118.317313600905,8273.76745206039,8352.24536891987,8537.821239876654,8832.769325254061,9018.345196210845,9096.823113070324,9271.009752720283,9448.531730988505,9629.452913184758,9813.838387516473,10001.754488504863,10193.26882084946,10388.450283749557,10587.369095691392,10790.096819709965,addressable_market
4,Telematics Systems,Total,Hardware,Units,EU Europe,Portugal,1604.0277741473826,1824.2329842407544,1839.4256638907018,1723.1615195958739,1740.8276292740757,1758.6748545514906,1776.7050522523355,1785.5689203636189,1806.5292122600363,1839.8427994840972,1860.8030913805146,1869.666959491798,1888.8350648565456,1908.199684504978,1927.76283313093,1947.526546083178,1967.492879577199,1987.6639109090984,2008.0417386717327,2028.6284829730457,2049.4262856566447,addressable_market
4,Telematics Systems,Total,Hardware,Units,EU Europe,Romania,3866.581075112304,3812.5520698670466,3744.024880932891,3744.024880932891,3790.6359576531004,3837.827316968141,3885.6061830812173,3909.2496216869354,3965.1590021503052,4054.019502372061,4109.928882835431,4133.572321441149,4185.033052267068,4237.134441248016,4289.884464230139,4343.291196354539,4397.362813293433,4452.107592501723,4507.53391448413,4563.650264078103,4620.465231752715,addressable_market
4,Telematics Systems,Total,Hardware,Units,EU Europe,Slovakia,1653.1871049721078,1701.3313197735877,1650.422270329087,1576.208346218561,1585.947764149967,1595.7473621088864,1605.6075119487236,1610.39617221834,1621.7198647399118,1639.7173630753384,1651.0410555969102,1655.8297158665266,1666.0611155826584,1676.3557352900418,1686.7139656260679,1697.1361996418834,1707.622832817304,1718.174263075822,1728.7908907997057,1739.473118845192,1750.221352557774,addressable_market
4,Telematics Systems,Total,Hardware,Units,EU Europe,Slovenia,863.6297067176879,824.9351178332497,922.71828061589,972.9567644328563,1001.5221899221253,1030.9262791251501,1061.1936547042128,1076.9453649776726,1114.1932618387773,1173.3938238885507,1210.6417207496554,1226.3934310231152,1262.3996046323202,1299.4628978453825,1337.6143470581428,1376.8858998763603,1417.3104418682851,1458.9218241026756,1501.7548914953115,1545.8455119877444,1591.2306065827204,addressable_market
4,Telematics Systems,Total,Hardware,Units,EU Europe,Sweden,4800.388086714006,5008.275847532286,5001.933844806257,4676.859404115013,4703.686615204322,4730.667711453016,4757.8035755709025,4770.964861447175,4802.087210091747,4851.5520305872,4882.674379231771,4895.835665108044,4923.918958937842,4952.163343017862,4980.569741387456,5009.139083386419,5037.872303685383,5066.7703423163985,5095.834144703695,5125.064661694603,5154.4628495906645,addressable_market
4,Telematics Systems,Total,Hardware,Units,EU Europe,Netherlands,239.7737055913753,243.3544012837922,240.61463389880146,240.61463389880146,251.88041540031182,263.6736703592061,276.0190955307167,282.78491352748296,298.7839692839345,324.21233364446414,340.21138940091566,346.9772073976819,363.2229749189981,380.2293830724067,398.03204569827756,416.6682441072318,436.1770051525151,456.59918295778556,477.97754447146644,500.3568590268261,523.7839920953368,addressable_market
1,Field Survey Technologies,Sensors,Hardware,%,EU Europe,Austria,0.0900571124689263,0.10304738184764323,0.11407375279969931,0.12631066222343598,0.1396927100922624,0.1542914932245419,0.17017578237827571,0.1818514438814091,0.21013765282009514,0.2571570976633893,0.28812241287348567,0.3015559149331678,0.328903973290789,0.3579076437729655,0.3885263770604969,0.4206960584857079,0.45432818908361694,0.48930970774062416,0.5255035120959034,0.5627497045828329,0.6008675561119823,penetration
1,Field Survey Technologies,Sensors,Hardware,%,EU Europe,Belgium,0.09863505698739371,0.10932408226266085,0.12083843965490085,0.13338963435369502,0.1470334920521152,0.16182095152021744,0.1777961872817784,0.18999730315252278,0.219653661775258,0.26925717515382946,0.30213513717060686,0.3164508690457865,0.3430367350487454,0.37083495695857677,0.4004021136757934,0.43149641632211516,0.4617645877847018,0.4909298587447214,0.5213590082649647,0.5532717716807181,0.5852083939477896,penetration
1,Field Survey Technologies,Sensors,Hardware,%,EU Europe,Bulgaria,0.06066766018310006,0.06699002941063471,0.07361112065581281,0.08077585138761288,0.08850593058900016,0.09681916976569005,0.10572844229733679,0.11293911302896079,0.13046055304002002,0.15975122864072114,0.17915460550722112,0.18760050885841031,0.20200918752785446,0.217619654200271,0.2336263556006423,0.24847158539583647,0.26283877357432106,0.2782980004789654,0.2941919101669846,0.3099632392185649,0.3254964161335332,penetration
1,Field Survey Technologies,Sensors,Hardware,%,EU Europe,Cyprus,0.038934605563809996,0.043137987875254094,0.047717744754757416,0.05271144810305805,0.05814105564598531,0.06402643303388018,0.07038458372151259,0.07537097491591116,0.08759371559490661,0.1083688951474069,0.12237279409140175,0.12852978645694163,0.13932248526490115,0.15108969806631942,0.16328761153960716,0.1748284159050919,0.1861808346856537,0.1984580536421228,0.21120443032587663,0.2240248239324852,0.23683496583576127,penetration
1,Field Survey Technologies,Sensors,Hardware,%,EU Europe,Czechia,0.04956987380112103,0.05492805157898178,0.06079036879413619,0.06719290796522191,0.07416708386843489,0.08174226619128522,0.08994484316481732,0.09643873294332984,0.11238723426907524,0.1395951369550762,0.15800654599325714,0.16611964033938756,0.1804325177980352,0.1954583939926929,0.21114459832867333,0.22755485765914088,0.24501763240097926,0.26241005560899355,0.2789904457600423,0.2958746671074902,0.3137389401889813,penetration
1,Field Survey Technologies,Sensors,Hardware,%,EU Europe,Germany,0.06474138137344215,0.07185995096295023,0.07965512408832044,0.08819378483793805,0.09752473452533648,0.10769532276088928,0.11875031929720616,0.12710984662903643,0.14749753417234387,0.18181768975950724,0.20471840209725023,0.2147282033526096,0.23399898890073131,0.25438170921059367,0.2758348189764382,0.29829905618471236,0.32169711565611175,0.3459338630074295,0.37089712789218604,0.39676287063303206,0.4234148319627193,penetration
1,Field Survey Technologies,Sensors,Hardware,%,EU Europe,Denmark,0.12916028662273119,0.14314785240696415,0.1579931407149298,0.17417631106559475,0.19177521479902532,0.21086336695371907,0.23150782469931294,0.24685834380977478,0.28380877244972086,0.3444930986592535,0.3839631696491964,0.4009658861798151,0.4350697706761625,0.4709311333321734,0.5084487711356679,0.5474905003578496,0.5878932440146526,0.6294641091837269,0.6719824948093733,0.7157512363169407,0.7605429478180243,penetration
1,Field Survey Technologies,Sensors,Hardware,%,EU Europe,Spain,0.025925601217165035,0.028728507920730378,0.03167766097357674,0.0348835638104057,0.03835886997587918,0.04211482989474761,0.0461608196221842,0.04930568150996069,0.05693751413621629,0.06966423463083592,0.07807335372273821,0.08172831550063585,0.08838074392144937,0.09531219176931789,0.10266322884918104,0.11036885024438962,0.11782588678108342,0.12496555067616197,0.13239101435394432,0.1401557462398358,0.1478882635531363,penetration
1,Field Survey Technologies,Sensors,Hardware,%,EU Europe,Estonia,0.12152096024428323,0.13474762017518324,0.14863465825152222,0.1637446610763765,0.18014130990115426,0.19788240845380883,0.21701771362391434,0.23186078516894035,0.2678712715411416,0.32788990861344885,0.367525089768257,0.3847468142092865,0.4165117530145673,0.4497023720254609,0.4841826563462995,0.5200843257352006,0.5581403164805812,0.5957786412151508,0.6313238380995009,0.6673121628581854,0.7052581027961712,penetration
1,Field Survey Technologies,Sensors,Hardware,%,EU Europe,Finland,0.13167724523300095,0.15080972679336477,0.16709255051610908,0.18517840491345658,0.20497601117025221,0.22659495929102183,0.25014106016270454,0.2673350901691099,0.30900752522039604,0.3783320760848348,0.4240232741611039,0.44385425404913076,0.4845299454803318,0.5277174369679345,0.5733633739163613,0.6213793973873915,0.6716407810663595,0.723986010060605,0.778217392688127,0.8341027506858983,0.8913781832934462,penetration
1,Field Survey Technologies,Sensors,Hardware,%,EU Europe,France,0.049569185269328304,0.05470000869512044,0.06022146696508229,0.06621606067663603,0.07270670408887066,0.0797137570959155,0.08725417668613059,0.09292162646877249,0.10652071422411695,0.12872348380595725,0.14307767849498454,0.14924015897947587,0.16125117249707563,0.173766377986777,0.18673028026692562,0.20019085548056909,0.21442667656694706,0.2284469160802168,0.24161144799078946,0.2548938226945004,0.2688705925715676,penetration
1,Field Survey Technologies,Sensors,Hardware,%,EU Europe,Greece,0.039909244299370566,0.044212722850504704,0.048731738021595826,0.05363910857049707,0.05895275836800189,0.06468821066025228,0.07085785320960444,0.07541292075894135,0.08634580997937631,0.10420458617453773,0.11575632650394312,0.12071710580112176,0.1303859677560487,0.14089290003962812,0.15172323878040628,0.16186595133011647,0.17176040987090882,0.18243217492466776,0.1934551720605906,0.20446457735170878,0.2153834696565604,penetration
1,Field Survey Technologies,Sensors,Hardware,%,EU Europe,Croatia,0.022623948279568016,0.025002131602092456,0.02758918928743244,0.030398613998919702,0.033440002966422105,0.03672138163523066,0.040248767165671655,0.043143875006217594,0.05023523250014153,0.06227163999670789,0.07037303636056466,0.07393187302093278,0.07975759499139186,0.0849170121402812,0.0904217350659026,0.09671478160804207,0.10310523790169492,0.10955101664545387,0.11600834583669883,0.12243290940317879,0.12878102192482632,penetration
1,Field Survey Technologies,Sensors,Hardware,%,EU Europe,Hungary,0.027586029259762886,0.030582324386631752,0.03373189227132749,0.037154885792179244,0.04086430193431404,0.044871508253741206,0.04918572697960292,0.05255097612889346,0.060735808597442105,0.0744422291052097,0.08353837721646468,0.08750185014837514,0.09457685129871381,0.10227009984856254,0.11020904815758831,0.11765929068675447,0.12493938526369838,0.13279548452823312,0.14091842885327893,0.14904283455859021,0.15711258218035726,penetration
1,Field Survey Technologies,Sensors,Hardware,%,EU Europe,Ireland,0.07175216050787528,0.07915696915798613,0.08675398632755865,0.09495936388361319,0.10379711000732947,0.11328709234478303,0.12344392545825121,0.13149936527889378,0.1508471319931611,0.18249236330198446,0.20298873663157815,0.21179722530931933,0.22781052861999154,0.24438413380952917,0.2614317646850714,0.27901283905069557,0.297505579205242,0.31552803091663273,0.33220525877617785,0.3488868919385933,0.36635742175393743,penetration
1,Field Survey Technologies,Sensors,Hardware,%,EU Europe,Italy,0.0512886045367276,0.056528744316844855,0.06216545927646953,0.06827420620165554,0.07487578504642847,0.08198802164437258,0.08962489084257245,0.09545420950810926,0.10946145141422908,0.13239069771531392,0.14725438185147377,0.15364521831475925,0.16570817180615074,0.17822741237220208,0.19146118226565786,0.2052825849031975,0.2185677484208733,0.2311934047044143,0.24427747102165293,0.25791439707451586,0.27141769581306335,penetration
1,Field Survey Technologies,Sensors,Hardware,%,EU Europe,Lithuania,0.04611253890559714,0.05107105524797961,0.05630468895259821,0.06199290680588642,0.06815797110412714,0.07481963692734697,0.08199431709357487,0.08761422253776444,0.101270432646861,0.12410028625569373,0.139224225951924,0.1458074959043031,0.15765024594468743,0.1699867820459526,0.18306752545457458,0.19677621678461987,0.21003733604491323,0.22272849771416584,0.23592484928730234,0.249721411395685,0.26345611211836734,penetration
1,Field Survey Technologies,Sensors,Hardware,%,EU Europe,Luxembourg,0.045288750433953036,0.05017230985788474,0.05545243902925011,0.06120434043468429,0.0674522931874997,0.07421806807415308,0.08152004591359704,0.08709910881794933,0.10066911124501664,0.12339619147570749,0.13848061232894074,0.14505380745265606,0.15710249826097428,0.17022888840607087,0.18381805984386215,0.19664526584412548,0.20923916459386926,0.22285032081823541,0.2369649379991083,0.251138758833192,0.26527721626384754,penetration
1,Field Survey Technologies,Sensors,Hardware,%,EU Europe,Latvia,0.030380035220389262,0.03364849915975923,0.03717496568828186,0.041018854618361925,0.04519762246847031,0.049727354413040104,0.05462220701617079,0.0583804071252391,0.06751003901001672,0.08276405948685246,0.09286343643911874,0.09725811857963086,0.10545422528290337,0.1140375284707454,0.12297525730123585,0.13230253620586407,0.14220788973131282,0.15203764023654653,0.16136311611529547,0.1708311316196236,0.18083061311762783,penetration
1,Field Survey Technologies,Sensors,Hardware,%,EU Europe,Malta,0.0,0.0,0.0,0.0,0.0,0.0,0.0,0.0,0.0,0.0,0.0,0.0,0.0,0.0,0.0,0.0,0.0,0.0,0.0,0.0,0.0,penetration
1,Field Survey Technologies,Sensors,Hardware,%,EU Europe,Poland,0.04087721537659093,0.045249795958463665,0.049980958618220855,0.055134094036609446,0.06073137588130419,0.06679289796430123,0.07333590700349203,0.07859394265335727,0.09150126741884054,0.11350126472851572,0.12837444185827482,0.13492479120760628,0.1461587364928465,0.15789322815085885,0.17036402293965136,0.18346676633024447,0.19620023598016526,0.20844766565780717,0.22121428007481794,0.234592150976479,0.2479614682048141,penetration
1,Field Survey Technologies,Sensors,Hardware,%,EU Europe,Portugal,0.07745352085616992,0.08584711505458807,0.09499293569354592,0.1049746943477521,0.11583909197728504,0.12762917420368752,0.14038282842035762,0.14958875125307175,0.17174754698312192,0.20813656794228233,0.2318027423993191,0.24199709091373645,0.26261578026800875,0.28420858409437094,0.3072056664086318,0.3314258583623567,0.3550636039207509,0.37790384929068566,0.4017677625468192,0.42682814923827045,0.4519614813083321,penetration
1,Field Survey Technologies,Sensors,Hardware,%,EU Europe,Romania,0.05726976562825415,0.06344525735545675,0.06991568988075189,0.07694052462080199,0.08454512427669614,0.09275138851598541,0.1015767040751462,0.10857367292820749,0.12561685066548975,0.15423848828155484,0.1732891568329938,0.18160418691560504,0.19610954956300578,0.21186920687604305,0.2281086121827959,0.2433077409809599,0.2581275356582467,0.274109159646909,0.29061183894653897,0.3070873181003141,0.32342010688049766,penetration
1,Field Survey Technologies,Sensors,Hardware,%,EU Europe,Slovakia,0.057472609657146095,0.06370088382278388,0.07047594023341139,0.07786889359128137,0.08591408040556753,0.09464310428717655,0.1040837238637665,0.11129142044035088,0.12884583393434593,0.15831947117320164,0.17793268429216458,0.18649210817372247,0.20234894666271716,0.21895110248001276,0.2366295530503734,0.2552442499688873,0.27340443208504017,0.2909447503093491,0.30926737794825787,0.32850493281701515,0.34779239513170485,penetration
1,Field Survey Technologies,Sensors,Hardware,%,EU Europe,Slovenia,0.08598278071112939,0.09545775018754116,0.10566337578528652,0.11680608656617522,0.12893881729133508,0.14211050399942757,0.1563644031629819,0.16689467552606796,0.1923849882190775,0.23469121341467813,0.2625078813665068,0.2745644069419064,0.29805924236628645,0.32267598776899364,0.3489043322008448,0.37654008164878566,0.40353263412354806,0.42963683028808886,0.4569229346392902,0.48558873941897546,0.5143570062452372,penetration
1,Field Survey Technologies,Sensors,Hardware,%,EU Europe,Sweden,0.09275429739307446,0.10643225310942278,0.12155830576573727,0.13822315183214234,0.15655065937002824,0.17666806785540262,0.19524246891184846,0.20893944159468383,0.24228335809053334,0.29821897991559065,0.33540773392144296,0.35162891951384484,0.38452881218448554,0.4196005656488529,0.4568327720572936,0.49618883279431136,0.537605499860898,0.5809920049328653,0.6262298402087078,0.6731732266549052,0.7216502750753276,penetration
1,Field Survey Technologies,Sensors,Hardware,%,EU Europe,Netherlands,0.10863737542574552,0.12027757291440987,0.13317102638405784,0.1472761078588841,0.16266996882842844,0.17942697608024627,0.19761684932401283,0.21153047578616216,0.24546504114718748,0.30259362481366486,0.3407163959174288,0.3573803824072538,0.38900384034254704,0.42240016397486035,0.45749417940082837,0.4941816948598072,0.5323291290162604,0.5717740356282488,0.6123265815230289,0.6542729350473374,0.6974166120280396,penetration
1,Field Survey Technologies,GIS software,Software,%,EU Europe,Austria,0.22622766518539816,0.24256230599817374,0.25973442462384283,0.27770210074848595,0.2964436742502562,0.31592892541107237,0.33611879418163965,0.3483659311003468,0.37781061154978685,0.4260593869503451,0.45736885710225017,0.4708386734141573,0.4947042350915328,0.5186412165738687,0.5425429336598157,0.566302986945345,0.5898171172096474,0.6129849855998544,0.6357118148761668,0.6579098364313182,0.6794994993281595,penetration
1,Field Survey Technologies,GIS software,Software,%,EU Europe,Belgium,0.147438588899943,0.1582298593077531,0.16930469726394567,0.18088103035877443,0.1929436144872764,0.2054716826072364,0.21843878307488887,0.22632074311855022,0.24524862320659668,0.2761972956782893,0.2962360311790609,0.3048462811130314,0.32005805869945547,0.3352930336213627,0.3504822100616005,0.36555698279566823,0.38045033289685937,0.3950979695907115,0.409439377475543,0.42341873401098573,0.43698566980319375,penetration
1,Field Survey Technologies,GIS software,Software,%,EU Europe,Bulgaria,0.13804577384414957,0.1476631479003675,0.15715232934895473,0.16699847581712113,0.17718095922134092,0.18767447340351184,0.19844901797876302,0.20510298981826658,0.22094707878726474,0.24645059941880704,0.26270279246429856,0.2696242107237059,0.2815501334314917,0.2933597226118894,0.3049937362356764,0.3163945622858316,0.32750722146741246,0.33828029080527505,0.34866671576864583,0.3586244848300327,0.36811714800040163,penetration
1,Field Survey Technologies,GIS software,Software,%,EU Europe,Cyprus,0.08080764217401684,0.08673213924203066,0.09292300918537634,0.09940538747728841,0.10617198835632748,0.11321244232276038,0.12051318708837708,0.12493526618611457,0.13557584284910057,0.15303920257761577,0.16438976122815088,0.1692773813134462,0.17795469017330862,0.18666712715740016,0.19537632378164024,0.2040439303421348,0.21263228495754466,0.22110505767729519,0.22942784655302226,0.2375687055220876,0.24549858803006142,penetration
1,Field Survey Technologies,GIS software,Software,%,EU Europe,Czechia,0.15748206605033196,0.1688942442796916,0.18085998416707258,0.19338090016523557,0.2064419903953845,0.22002228885133387,0.23409466840599377,0.24262980267102868,0.2631516191085913,0.2967839573886183,0.3186117484140128,0.32800317079973046,0.3446457923539284,0.3613398147055151,0.3780109142827467,0.39458495127688414,0.4109892625370249,0.42715390244449253,0.4430127873309234,0.4585047048771749,0.4735741579506461,penetration
1,Field Survey Technologies,GIS software,Software,%,EU Europe,Germany,0.2131905237329269,0.22879428532037632,0.2451198593959301,0.2622136373927511,0.28005634875371443,0.2986205906929545,0.3178705414858118,0.32953099967501664,0.3575878563425192,0.40363187012008306,0.43355681920798095,0.4464421974980492,0.4693165430720251,0.4922824881994521,0.5152388427187202,0.5380844752020507,0.5607200772415708,0.5830498617436393,0.6049831343221754,0.6264356846753425,0.6473309555926753,penetration
1,Field Survey Technologies,GIS software,Software,%,EU Europe,Denmark,0.2398537495326737,0.2570245870625005,0.27417925357396494,0.29203705454883966,0.31056656633623314,0.3297278432363609,0.34947229092913307,0.3615770388633028,0.39050807152328887,0.4373986411658547,0.4674887414690211,0.480353180175284,0.5027914568021561,0.525125378173046,0.5472475298464079,0.5690524131862088,0.5904382818689284,0.6113088614093596,0.6315748909248373,0.6511554366041027,0.6699789393108851,penetration
1,Field Survey Technologies,GIS software,Software,%,EU Europe,Spain,0.12424698217277742,0.13331002773241102,0.1422964783184007,0.1516592608917497,0.16138274175949005,0.17144681609748785,0.18182682818306303,0.18817910239483235,0.20337626306022302,0.22805198746677008,0.24391576083685476,0.2507049757226542,0.26257996515383397,0.27441517085000927,0.2861543376001648,0.29774207202290603,0.30912480698592515,0.3202517083536068,0.3310754919410424,0.3415531237673999,0.35164638337226084,penetration
1,Field Survey Technologies,GIS software,Software,%,EU Europe,Estonia,0.2549665017274883,0.273627915171576,0.2920427581423719,0.31122604325848996,0.33114545032371745,0.35175949910009097,0.37301739044509713,0.38603049929355765,0.41715794000093165,0.4676845037860374,0.5001575526592897,0.5140526519911837,0.5383453221676439,0.5625513632856531,0.5865554904447425,0.6102442332234826,0.6335079111882536,0.6562424899875543,0.6783512523033232,0.6997462286690181,0.7203493468750374,penetration
1,Field Survey Technologies,GIS software,Software,%,EU Europe,Finland,0.28564819838126015,0.30655525516493476,0.3285442981264569,0.3515786979836664,0.37563369614893205,0.4006735872380176,0.4266513151335875,0.4423722572214707,0.4802196836985723,0.5423935661514772,0.5828434156813999,0.6002708560447704,0.6312475811913127,0.6623691453390461,0.6934994894947016,0.7245024433309816,0.7552441015074361,0.7855951160607392,0.8154328225556473,0.8446431279663158,0.8731221025735262,penetration
1,Field Survey Technologies,GIS software,Software,%,EU Europe,France,0.148670759482156,0.1587846586431544,0.1691451422295656,0.17990944735465209,0.19105648372539974,0.20256003907135553,0.2143887377831168,0.22167033469278838,0.23903545974229687,0.2670661773167751,0.2849797790834141,0.2926208324423882,0.3058605964212943,0.31899929170695396,0.3319721044430209,0.3447157456078853,0.35716955255201543,0.3692765105681443,0.3809841585685909,0.39224534952329865,0.40301884444560526,penetration
1,Field Survey Technologies,GIS software,Software,%,EU Europe,Greece,0.12747632887228635,0.13680652896250375,0.14604767392142282,0.15567752367576318,0.16568017943859417,0.17603514332213777,0.1867172334365312,0.19325194495071535,0.20888874854589284,0.2342878834121844,0.2506229817815813,0.2576154052391905,0.2698528132618443,0.282052509514536,0.2941566502713306,0.30610824776011714,0.3178521623764905,0.32933603636399267,0.3405111358698663,0.3513330736150577,0.36176239125092974,penetration
1,Field Survey Technologies,GIS software,Software,%,EU Europe,Croatia,0.10133910568317285,0.10861624621513113,0.11623428177882295,0.12419872384748612,0.1324992443962318,0.14112171650608918,0.15004810074142447,0.1554719199359622,0.16849951573753788,0.1898090643051467,0.20361215283999284,0.20954440158969803,0.2200304611459678,0.23053531007289985,0.24101150998583018,0.25141186539988297,0.2616902463612419,0.27180237470172264,0.28170654582172716,0.2913642617882736,0.30074075675743456,penetration
1,Field Survey Technologies,GIS software,Software,%,EU Europe,Hungary,0.13480085540786557,0.1447696301256825,0.1546574553367669,0.1649710375102467,0.17569440126239097,0.18680664446240133,0.19828183081460227,0.20528772888773555,0.22207045863857847,0.24938648425723986,0.2669908370861755,0.2745353175696787,0.2877788795257096,0.30100070347457825,0.3141389508298014,0.32713252372785573,0.33992212904921887,0.3524512842850452,0.3646672295135473,0.3765217152614556,0.38797164318586524,penetration
1,Field Survey Technologies,GIS software,Software,%,EU Europe,Ireland,0.21288603934025913,0.22730486024746566,0.24104385210938536,0.2552271356166318,0.2698180535058666,0.28477334976401253,0.30004326760888944,0.3095752391058975,0.33214447181029466,0.3680996063203987,0.3907751557891249,0.40037679382734204,0.416604094937548,0.43253979447254925,0.4480993249984046,0.46320172354177214,0.47777104121184616,0.49173760723752835,0.5050391037807123,0.5176214182193891,0.5294392515822762,penetration
1,Field Survey Technologies,GIS software,Software,%,EU Europe,Italy,0.12251006220616353,0.1307413459910992,0.13918231537182318,0.14794442771345614,0.1570097198331377,0.16635606751446463,0.17595716503792516,0.18187881727196584,0.19598640664326653,0.21871626661917334,0.23321479395558226,0.23939264710252975,0.25006287037455127,0.2606366680529655,0.27106129145573493,0.2812853723162878,0.29125981682287533,0.3009386310251767,0.3102796486513874,0.31924513788387915,0.32780227037898363,penetration
1,Field Survey Technologies,GIS software,Software,%,EU Europe,Lithuania,0.21467460047333142,0.2302126562783975,0.2456915528450645,0.2618151084378239,0.278556024125099,0.2958793023650008,0.3137421156046472,0.3246787159665978,0.3508367772145855,0.393289885945319,0.42056956198708423,0.4322413311136383,0.4526417623268405,0.47296700880617226,0.49312016273971104,0.5130058639935696,0.5325319602983953,0.5516110664871581,0.570161967579231,0.588110819556328,0.6053921132199267,penetration
1,Field Survey Technologies,GIS software,Software,%,EU Europe,Luxembourg,0.19991673954719422,0.2145489712553095,0.2296710072181192,0.24548748895999956,0.2619786641876467,0.279117241014795,0.2968681510026553,0.3076443660913179,0.33354096574536374,0.37594014708074075,0.4034300712253317,0.4152509407948056,0.4361718801792486,0.4571435533944523,0.47807190400735416,0.49886323597603427,0.5194258471610901,0.5396715937759641,0.5595173298151438,0.5788861730667589,0.5977085595711386,penetration
1,Field Survey Technologies,GIS software,Software,%,EU Europe,Latvia,0.17526587018271597,0.1878806887100837,0.20084178687537105,0.2143726910799695,0.22845370943255006,0.24305868780298207,0.2581548493216265,0.2673548866442274,0.28941574319382685,0.3253892179934498,0.34861688788441386,0.35858182886527146,0.3761209382348438,0.39365397553518805,0.4110999820481654,0.4283787613026128,0.44541227607799094,0.46212597452982546,0.47844999822039125,0.49432023183212725,0.5096791635422617,penetration
1,Field Survey Technologies,GIS software,Software,%,EU Europe,Malta,0.0,0.0,0.0,0.0,0.0,0.0,0.0,0.0,0.0,0.0,0.0,0.0,0.0,0.0,0.0,0.0,0.0,0.0,0.0,0.0,0.0,penetration
1,Field Survey Technologies,GIS software,Software,%,EU Europe,Poland,0.1696988157648532,0.18188918179196,0.19448500516848355,0.20763895106796354,0.2213323529402358,0.23554026323270877,0.2502312900658163,0.2591782683884656,0.28064056184615443,0.3156629850203015,0.3382930505635036,0.348005579497085,0.365117593371083,0.382232148387169,0.39927061416131554,0.4161550230736101,0.4328094286109974,0.4491611968338905,0.46514218494596055,0.4806897676567304,0.4957476808985556,penetration
1,Field Survey Technologies,GIS software,Software,%,EU Europe,Portugal,0.11410123013371427,0.12245248496749653,0.13116697547201972,0.14028939945816865,0.149809232468839,0.15971160800879108,0.16997716805347857,0.1761983811633125,0.1911635078562526,0.21571027506434765,0.23165543153871448,0.23851924292604718,0.25069612640553846,0.26291763862829953,0.2751297208933046,0.2872783838967684,0.29931064945829583,0.31117545603278407,0.3228244955503407,0.3342129533302093,0.34530012859559567,penetration
1,Field Survey Technologies,GIS software,Software,%,EU Europe,Romania,0.15778082160164952,0.16932905686199465,0.1807299609220474,0.1926070901229234,0.2049404835303289,0.2177045087221067,0.2308677626407204,0.2389250345103905,0.2581989577975261,0.28948733383964353,0.3095978619665487,0.3182034949588808,0.3332505772785854,0.348244906875793,0.36311511043453965,0.3777909296499063,0.3922044444272286,0.4062912223630696,0.41999135379806424,0.4332503383709216,0.44601979748430615,penetration
1,Field Survey Technologies,GIS software,Software,%,EU Europe,Slovakia,0.19018817349058073,0.20410835560719862,0.21859866308927908,0.2337640211894961,0.24958656747122335,0.2660412181437735,0.2830954249253905,0.2934352694417188,0.3183015499306674,0.35906983308769214,0.3855395692521926,0.3969307678310443,0.41712746079932617,0.4373918609118883,0.4576340158124491,0.477764146688352,0.4976942140575434,0.5173394218300075,0.536619605759286,0.5554604594559932,0.5737945608021295,penetration
1,Field Survey Technologies,GIS software,Software,%,EU Europe,Slovenia,0.18544520586880942,0.19934624266576603,0.21360560222994382,0.22853918441986196,0.2441305214711071,0.26035604451778877,0.27718482775813297,0.287374183004788,0.3118975519980458,0.35216180244145145,0.3783430539709703,0.38961951497247105,0.4096496475157604,0.4297663102216784,0.44988118980353664,0.4699059662870313,0.4897538540218797,0.5093410865615384,0.5285882921277826,0.5474217131175998,0.565774232455575,penetration
1,Field Survey Technologies,GIS software,Software,%,EU Europe,Sweden,0.299421902489999,0.32133707910623277,0.3444665405198501,0.3687030203393344,0.3940213169577519,0.420384719631654,0.44774457119931926,0.4642916151729139,0.5041421364936585,0.5696504806734244,0.6122990213413805,0.6306808763132794,0.6633812065618224,0.6962489664638225,0.729141215969308,0.7619147648645894,0.7944286721709292,0.8265466607267513,0.8581393601929602,0.8890863023787898,0.9192776077168726,penetration
1,Field Survey Technologies,GIS software,Software,%,EU Europe,Netherlands,0.2264938461018828,0.24245666039922142,0.2594572042589786,0.2772303666927002,0.29575305258531465,0.31499368908488246,0.33491197275797496,0.3470152513990612,0.37608558121144225,0.42363413728233296,0.4544316928378507,0.46766737526740915,0.491061616727954,0.514496947455632,0.537867496546411,0.5610679428046956,0.5839953505013036,0.6065509237550084,0.6286416168527522,0.6501815464945269,0.6710931636108641,penetration
2,Remote Sensing Technologies,Drones,Hardware,%,EU Europe,Austria,0.06608886504864293,0.07398685962914642,0.08273101455631696,0.09237530323448427,0.1029802275101353,0.11460273650714307,0.12729413911281764,0.13745932038682063,0.16231816233087698,0.2043822439386691,0.23260299349238678,0.24497681116036152,0.2690776104536951,0.2926517569238806,0.3145026805279681,0.33772514594143527,0.36366102644239523,0.3900403947202077,0.4166574699231902,0.44329843047975764,0.46974805699551986,penetration
2,Remote Sensing Technologies,Drones,Hardware,%,EU Europe,Belgium,0.035283665322711856,0.0395058072645974,0.044103502037118374,0.049160767202911786,0.05470553422505981,0.060763198926950555,0.06735549044578838,0.07287876750696501,0.08640808889266427,0.10937334989318609,0.12483172087360747,0.1316226451930705,0.141552115625173,0.1513672008201646,0.16335404789262953,0.17597678279583234,0.18882328500438356,0.20179162626274175,0.2147753989155398,0.22766706795909217,0.2403614111065319,penetration
2,Remote Sensing Technologies,Drones,Hardware,%,EU Europe,Bulgaria,0.0399100113413581,0.04455312714287225,0.049489163916236124,0.05488964692670399,0.06077903721450653,0.06717860780105997,0.07410528677824653,0.08029198904224355,0.09552937183941827,0.12166710072868855,0.13945741259087455,0.14732340920670614,0.15936369761040858,0.1700054524141609,0.18152478621849544,0.19468089420482074,0.20796892682784393,0.22127431990033727,0.23447908686915028,0.24746553622066267,0.260120031446241,penetration
2,Remote Sensing Technologies,Drones,Hardware,%,EU Europe,Cyprus,0.02369162742436168,0.026529709107536062,0.029655637529885624,0.03309904643224588,0.036879984951203815,0.041016891384484035,0.04552581794128544,0.049356221612725557,0.05880300858044866,0.07505023106048439,0.08613952325238543,0.09105064719663993,0.09804634956353525,0.10498070507243942,0.11344105260802637,0.12236532330945067,0.13146833980363684,0.14067969288868346,0.14992547965586311,0.1591306249875624,0.16822128279526055,penetration
2,Remote Sensing Technologies,Drones,Hardware,%,EU Europe,Czechia,0.07641590951137063,0.08554713356850545,0.09563514836989019,0.10675542880989423,0.11897572494499421,0.13235927151024365,0.1469623442251982,0.15922519924778553,0.1895312291563859,0.2418628692475024,0.27773387530733956,0.2936599185591174,0.3217725063155441,0.34713799080614444,0.3723200739842424,0.4013270856237403,0.43177581608311427,0.46268534466371003,0.4938112013594251,0.5249013992287874,0.5557043646230796,penetration
2,Remote Sensing Technologies,Drones,Hardware,%,EU Europe,Germany,0.07963710419009914,0.08921351805262026,0.09978113201283813,0.11143626494779828,0.12425120945678753,0.13829367589786853,0.15362422690514868,0.166148671131607,0.19691202964681181,0.24940787528502842,0.2849415017599702,0.3006021719876736,0.32953538909859864,0.3556812405626917,0.38166378599635115,0.4115936447102255,0.4430310754202833,0.47497123301880956,0.5071637304337496,0.5393499816229419,0.5712713350942366,penetration
2,Remote Sensing Technologies,Drones,Hardware,%,EU Europe,Denmark,0.06272901471327753,0.07015100097721541,0.07810279567337078,0.08682560203473737,0.09636343451007721,0.10675563316031579,0.1180349674166178,0.12739669981337062,0.15015634403992095,0.1882394509912906,0.21349193730171262,0.22448998071584114,0.243397760890569,0.2602610844489427,0.2785544063962326,0.29945240129966394,0.32065150833509903,0.3419764658248429,0.36324503600908165,0.3842737046447788,0.4048835286241248,penetration
2,Remote Sensing Technologies,Drones,Hardware,%,EU Europe,Spain,0.01780510727396256,0.019936954260162572,0.02221073514152438,0.02470674713530612,0.0274379367682214,0.030415950633341828,0.033650590677148755,0.036374528665896556,0.043031328965476116,0.05428069301347709,0.061817524431315544,0.06511954476674267,0.07064840889290483,0.07559036722253716,0.08095406598350588,0.08708189015351167,0.09330496356537425,0.09957242718725505,0.10583126211419618,0.1120279446293431,0.1181101506648882,penetration
2,Remote Sensing Technologies,Drones,Hardware,%,EU Europe,Estonia,0.08359357838179744,0.09364576085345387,0.10434186556089103,0.1160885620346482,0.12894847878765264,0.14297846577443737,0.15822705186838673,0.17075801085225145,0.20130935106688605,0.2527071629064439,0.28698120023619716,0.3019566970738524,0.32976710111136476,0.35458384064143955,0.37904576391848127,0.4072227829717568,0.4366669381467704,0.46637594484940664,0.49610058171771004,0.5255873824236588,0.5545866475428377,penetration
2,Remote Sensing Technologies,Drones,Hardware,%,EU Europe,Finland,0.08917579952406247,0.09994622208553143,0.11188267997846808,0.12506746510136613,0.13958810157857904,0.15552801248732667,0.17296369700325429,0.18676868775131675,0.22058711823767313,0.27800165803217086,0.3166553661977381,0.33363783717321016,0.36668492270829695,0.40108766824469033,0.4332760006167191,0.4652803025514401,0.5009077128284031,0.5381917855083975,0.575947765938071,0.6138801380305534,0.6516880043339558,penetration
2,Remote Sensing Technologies,Drones,Hardware,%,EU Europe,France,0.02783690070204888,0.031034288270027896,0.03451256317131389,0.03832419125834095,0.04248784853319481,0.04702015967037387,0.05193488247351358,0.05596853675584113,0.06575513972852459,0.08206845237778974,0.09284282350199848,0.09752469113205985,0.10630218557992623,0.11408242832529632,0.12171845035452393,0.13051540776068307,0.13968345798995357,0.14890036376124022,0.15808632478318985,0.16716080248990153,0.17604507331812916,penetration
2,Remote Sensing Technologies,Drones,Hardware,%,EU Europe,Greece,0.010009033521844523,0.011210027244978233,0.012490139127396929,0.013895571084340565,0.015433654287742227,0.017110992412215194,0.018933154683597624,0.02043603608782339,0.02409050108174157,0.03020781719626721,0.03426579727406861,0.03603355458585031,0.039098007220910495,0.04183841076218198,0.04481298546478855,0.048211378073387365,0.05166339396450061,0.05514088934443962,0.058614509527931305,0.06205460492812905,0.0654321751289038,penetration
2,Remote Sensing Technologies,Drones,Hardware,%,EU Europe,Croatia,0.05622667873470486,0.06290687086333038,0.07027841604746483,0.07839822068136447,0.08731450665850558,0.09707205440425201,0.10771042306422852,0.11660372318152401,0.13852081938756156,0.17616172341493774,0.20181410194148947,0.2131647411833889,0.23341643863502592,0.25164972418817233,0.2697258519483943,0.29054700339654993,0.312383474480803,0.3345240060789643,0.3567913282836352,0.37900321316184654,0.40097821417412743,penetration
2,Remote Sensing Technologies,Drones,Hardware,%,EU Europe,Hungary,0.023972842236024115,0.026868386819837147,0.029957652251585667,0.03335204549825849,0.03706981488909228,0.04112751063518814,0.04553924046460783,0.049255167192876405,0.058355056212227696,0.07379409880305694,0.0841811073038727,0.08874281025530698,0.09635766543804013,0.1031840099403432,0.11059784758007032,0.1190687838476351,0.12768411794386014,0.13637453694885257,0.14506753549187337,0.15368967347821497,0.16216891297396524,penetration
2,Remote Sensing Technologies,Drones,Hardware,%,EU Europe,Ireland,0.04726347162577002,0.052665281081841854,0.05828872171872482,0.06441591386610811,0.07106979407720643,0.07826921983055429,0.08602769887124954,0.09271887583485589,0.10890698786606672,0.13574623048077078,0.15337413160419186,0.16100985626889044,0.17353996114768527,0.18446737588276046,0.19626722638746155,0.20974565350338148,0.22326768766541585,0.23670979244904658,0.24994652922510152,0.262854554944938,0.2753165804128462,penetration
2,Remote Sensing Technologies,Drones,Hardware,%,EU Europe,Italy,0.022504509898106307,0.025063862469169675,0.027847864148543088,0.030894722652890453,0.03421842006557719,0.03783116096768883,0.041742719400826835,0.04502767677649603,0.0529981899217265,0.06628560112668958,0.07506239124577234,0.07887646348607077,0.08534502930057376,0.09107141276788558,0.09727339126302438,0.1043573421671891,0.11151664172205636,0.11868990997870912,0.12581385057299607,0.1328252429561702,0.13966296137647496,penetration
2,Remote Sensing Technologies,Drones,Hardware,%,EU Europe,Lithuania,0.04063563090851568,0.045487646730822756,0.050680271600960974,0.05638255566767286,0.06262482685138852,0.06943459983635822,0.07683534222603895,0.08300809999854045,0.09811257457842767,0.1237004574296534,0.1408880466639499,0.14842945786568382,0.16209057050435458,0.17427871671861178,0.18629107572079476,0.200127817847735,0.2145856582364535,0.22917197788957813,0.2437642969001476,0.2582380778827688,0.2724706628340755,penetration
2,Remote Sensing Technologies,Drones,Hardware,%,EU Europe,Luxembourg,0.02675342492447514,0.029954814474840344,0.03345630251306171,0.03730978025851278,0.04153693775793861,0.046157578264265975,0.051188754292259046,0.05539723324978524,0.06571294836111806,0.08324610255077847,0.09506420970322173,0.1002600777731688,0.10787305053252504,0.11540577671543412,0.12460195089990367,0.13429179784754006,0.14416134852645135,0.15413298903439618,0.16412553979851918,0.1740568102826112,0.18384622805615988,penetration
2,Remote Sensing Technologies,Drones,Hardware,%,EU Europe,Latvia,0.08219762824473094,0.09200104862833448,0.10270043085873687,0.11447892019531236,0.1274058079377277,0.14154551053315345,0.15695503479453052,0.16954410073447007,0.200365156655845,0.2526302499117644,0.2877741780661188,0.3032037123819893,0.3324702817921218,0.360987477711601,0.38728536376308853,0.41517946332323813,0.4463082936630246,0.4778741256027574,0.5096227809636101,0.5412919728344358,0.5726194789361697,penetration
2,Remote Sensing Technologies,Drones,Hardware,%,EU Europe,Malta,0.0,0.0,0.0,0.0,0.0,0.0,0.0,0.0,0.0,0.0,0.0,0.0,0.0,0.0,0.0,0.0,0.0,0.0,0.0,0.0,0.0,penetration
2,Remote Sensing Technologies,Drones,Hardware,%,EU Europe,Poland,0.030493607728684695,0.034117311193675164,0.03808364297702273,0.04244851806099421,0.047237025008513206,0.052472307247142205,0.05817460967753849,0.06302983194276399,0.07502953957517694,0.0957525449735518,0.10995887438532083,0.11626663984205132,0.1272069954945154,0.13703005178440147,0.14675122767731283,0.1579484530256136,0.16967850677327245,0.1815540235468287,0.19347848851340785,0.2053530198921355,0.21707948660465623,penetration
2,Remote Sensing Technologies,Drones,Hardware,%,EU Europe,Portugal,0.024737814200895734,0.027706128725418246,0.030974587890821973,0.03457671597524957,0.038534097462624615,0.04286676436528234,0.04759239598547689,0.05143340774796433,0.060812917823413484,0.076640180362963,0.08722781478105066,0.09186233599268268,0.1000124538389497,0.10738502467693468,0.1154094844549983,0.12458227293502253,0.1339549353565608,0.1434559724019496,0.15300974235853426,0.16253879845920702,0.17196634820436713,penetration
2,Remote Sensing Technologies,Drones,Hardware,%,EU Europe,Romania,0.0294767322672753,0.033013674206197545,0.03677606971826357,0.040905836986364,0.04542432641089182,0.05035073003882984,0.05570118072132287,0.06026231957750686,0.071442285421418,0.09044378050061619,0.10325119619137589,0.10888191061707347,0.118117458744208,0.12637043971827852,0.13532718253246098,0.14555983438318168,0.1559501459320144,0.16641308191166812,0.17686002315992405,0.18720153362154132,0.19735020864367747,penetration
2,Remote Sensing Technologies,Drones,Hardware,%,EU Europe,Slovakia,0.056940838893934385,0.06378801201095047,0.0713198169603542,0.0796235858337949,0.08875017155991911,0.09874708598355751,0.10965667420935012,0.11856709797288147,0.14043465846557587,0.17768874999694426,0.20286148551255057,0.21394456906404738,0.23445775628407337,0.25297458699719433,0.27136278083490195,0.29254412374471156,0.314782296998939,0.3373625019950002,0.36010659992382255,0.3828308726088592,0.40535180335253573,penetration
2,Remote Sensing Technologies,Drones,Hardware,%,EU Europe,Slovenia,0.04237974789372448,0.047554184971830754,0.053195851129424696,0.05941924658121802,0.06626321090946921,0.07376416498381395,0.08195474034454675,0.08854693573053925,0.10468288064640519,0.1320347499169854,0.15041896438973268,0.15848840022365354,0.17377155458645868,0.1875896374537283,0.20132610723408045,0.21714961354316883,0.2337738065928558,0.2506687665497312,0.26770246048032437,0.2847384402724672,0.30164013367327924,penetration
2,Remote Sensing Technologies,Drones,Hardware,%,EU Europe,Sweden,0.07886754251504353,0.08843012565921433,0.09906059840764461,0.11081770179922043,0.12378393003405946,0.1380390098607519,0.15365746639058903,0.16594273407744078,0.19602942526163714,0.24707976336129858,0.28142849975081385,0.29651441288935654,0.3249041039271952,0.3560752658835092,0.388607756814434,0.4196909800696502,0.45056481870362775,0.4841467419479498,0.5191583356955399,0.5544914372494442,0.589871400295371,penetration
2,Remote Sensing Technologies,Drones,Hardware,%,EU Europe,Netherlands,0.06822186988119726,0.07617392973183787,0.08502632571159364,0.09475930637660018,0.10542522239551863,0.11707126850404638,0.1297372931314978,0.14040354650115533,0.16654400288969737,0.21095945603888291,0.24088724728347188,0.2540425086910657,0.2714322880011045,0.2911840518697916,0.3146780979647881,0.33874090145137464,0.36318956359015453,0.38782805749969845,0.41245319802299907,0.4368611104810549,0.46085376814059215,penetration
3,Decision Support Systems,Total,Software,%,EU Europe,Austria,0.04390288527676506,0.04938110413916254,0.05547290518878579,0.062220403049099024,0.06966994740129633,0.0778651480314359,0.08684514683080864,0.09288436405940197,0.1071753367891864,0.12991819270395968,0.14424602005999357,0.15030938708296515,0.1617866264021237,0.17372395809543545,0.18900322751912996,0.20481254591424705,0.22103851810148023,0.23755421235789775,0.2542228245601801,0.270902018182657,0.2874486582835976,penetration
3,Decision Support Systems,Total,Software,%,EU Europe,Belgium,0.017988892017648334,0.020227432473846875,0.022674848518004723,0.02537553387103105,0.028345056562169603,0.031597336805954716,0.03514392994905114,0.037297752139441406,0.04238785543786,0.05046918181485625,0.05554832837364466,0.05769497092468155,0.06297969150149373,0.06848617234393294,0.07417850836722584,0.0800148665789178,0.08594852901984401,0.09192926163621222,0.09790493111724607,0.10382326279371597,0.10963361540893181,penetration
3,Decision Support Systems,Total,Software,%,EU Europe,Bulgaria,0.006732247684399499,0.007545351052989478,0.008413231531634464,0.009365117720954944,0.010405303696926544,0.01153737411017581,0.012763960917895665,0.013513961648787216,0.015271767887080984,0.018020965358616938,0.019723264550991573,0.020436887137541132,0.02218841612046868,0.02399814387880536,0.02585245790775913,0.02773597354701091,0.029631945254994976,0.031522777140338326,0.03339060216755544,0.03521789087401925,0.03698804623505893,penetration
3,Decision Support Systems,Total,Software,%,EU Europe,Cyprus,0.012282485398070843,0.013812520920641736,0.015503838100837187,0.017372913595588648,0.01943110242410321,0.02168868563477851,0.02415437032734712,0.02565392669395759,0.029206771679321765,0.03487346883470138,0.038451446978658856,0.03996747250668883,0.04368495537857626,0.047566029764492014,0.051586343575321575,0.05571728900772879,0.05992670255159382,0.06417979809509504,0.06844028071598174,0.07267156793707552,0.07683803234274396,penetration
3,Decision Support Systems,Total,Software,%,EU Europe,Czechia,0.017518573089137957,0.019685277627173273,0.022084738020531486,0.024734897715583317,0.02765154054015767,0.03084889105834104,0.03433890760980084,0.036463224584082805,0.04149279856599121,0.04950468698683988,0.05455701211318549,0.0566962373017701,0.061938956003525066,0.06740829147407651,0.07306940897911378,0.07888151758307507,0.08479887555399593,0.0907721224764705,0.09674986284178771,0.10268039677675248,0.10851347579374028,penetration
3,Decision Support Systems,Total,Software,%,EU Europe,Germany,0.032974728876880036,0.037123476837309995,0.041724955621491734,0.04682469070850829,0.05245835949708947,0.05865964912564977,0.06545894870156413,0.07003436274041354,0.08087363641286699,0.09815882887440379,0.10907076918691516,0.11369379990932807,0.12243918273530208,0.1315420614592014,0.14318623620992182,0.15524432520849402,0.1676309719608287,0.18025036949540052,0.19299901498091893,0.2057689863913611,0.21845152890480268,penetration
3,Decision Support Systems,Total,Software,%,EU Europe,Denmark,0.021930025247120663,0.024652298850089745,0.027588701299378512,0.030827399080815422,0.03438771081433989,0.03828728890279938,0.04254130165588101,0.04541374056568622,0.05216796984511081,0.06279374908355068,0.0694115711323344,0.07219462038953617,0.0774132090662791,0.08281059137296068,0.08975302802269176,0.09689250043377726,0.10417302760235876,0.11153310181576702,0.11890751493251497,0.12622945937152796,0.13343276515532182,penetration
3,Decision Support Systems,Total,Software,%,EU Europe,Spain,0.003511134211546976,0.0039471485314595345,0.004414056330126919,0.0049278721553151815,0.0054912642053228785,0.006106554800039304,0.006775586147476805,0.007182648425808511,0.008140981268662173,0.009651965651730914,0.010595083948691061,0.010992176167845575,0.011970079029213081,0.012985245076663548,0.01403059600527286,0.015098001936962544,0.016178490832263623,0.017262516167476722,0.018340267262897336,0.01940200153152987,0.020438375088627773,penetration
3,Decision Support Systems,Total,Software,%,EU Europe,Estonia,0.034382427367803385,0.03870828629902933,0.043341496047005455,0.048454670635053564,0.054078937115008434,0.060242864906152584,0.06697117149989483,0.07151849038747628,0.08222373376145628,0.09910146804353323,0.10963549674558361,0.11407061895839153,0.12237991637997903,0.1309806337581886,0.14203534517512037,0.15341350964910946,0.16502694059034137,0.17677850741856832,0.1885650086501616,0.2002804898632537,0.21181978803603815,penetration
3,Decision Support Systems,Total,Software,%,EU Europe,Finland,0.09141795054518191,0.10289522601298094,0.11565885328351093,0.12980206271571634,0.1454224144472675,0.16261156677411276,0.18145160741278213,0.19401283736828062,0.2238037091588338,0.2714068952079436,0.3015193051190537,0.3142912335695667,0.3372176348820135,0.36467290866166335,0.39680007863668726,0.4300362233639757,0.4641430327741624,0.49885461908900575,0.5338853430071132,0.5689389845703395,0.603718652119559,penetration
3,Decision Support Systems,Total,Software,%,EU Europe,France,0.003935595234521061,0.004404052370158842,0.004915034077452592,0.005476054366505998,0.0060897619360026755,0.006758399982582755,0.007483661932362516,0.007925067412014817,0.008960660685636402,0.010583290353156681,0.011589840426043392,0.012012212276464729,0.013054372253048686,0.014132818525123512,0.015239629480641791,0.016365806869850973,0.017501513564810018,0.018636371400149086,0.01975980140038025,0.020861383477635935,0.02193121001422576,penetration
3,Decision Support Systems,Total,Software,%,EU Europe,Greece,0.0016101873314026242,0.001811728806842834,0.002027756331022937,0.0022658919878761575,0.0025274936679037436,0.002813780986995321,0.0031257737277870386,0.0033302772293368594,0.0038117156550781933,0.004570741043325556,0.005044475113561684,0.005243929964192123,0.005571659640447752,0.006056031147028565,0.0065568939311051126,0.007070562590630291,0.0075928902008489865,0.008119383871205949,0.008645344888900425,0.009166024642800679,0.009676785583622552,penetration
3,Decision Support Systems,Total,Software,%,EU Europe,Croatia,0.003777532235332315,0.004242139736739134,0.004756061763462596,0.00532325365370273,0.00594700333559717,0.006630254743995817,0.007375457102773333,0.007828062708407971,0.008897973936924954,0.010597413735157449,0.011666015135359668,0.012117762448244022,0.013229513871054902,0.014388155829529951,0.0155861630683814,0.01681476052295324,0.018064141672328567,0.019323755581934794,0.020582646309985377,0.02182982224962868,0.023054629319754917,penetration
3,Decision Support Systems,Total,Software,%,EU Europe,Hungary,0.004104579250756578,0.00461862318179249,0.00516926736328424,0.005775806280654484,0.0064415085614408975,0.007169247435798341,0.007961341340353529,0.008443054972542574,0.009578677124731398,0.011373594315876966,0.012496677694355517,0.01297017486955657,0.01413582732370968,0.015347457048304957,0.016596803724403624,0.017874334342352395,0.019169486078937155,0.02047097949789468,0.021767183948868726,0.023046510840311077,0.024297806935213696,penetration
3,Decision Support Systems,Total,Software,%,EU Europe,Ireland,0.023712892420388213,0.02652803853508896,0.02947240291132452,0.03268835840064197,0.03618778675778438,0.039979922290358266,0.04407055931887715,0.046574192547978316,0.05240789826146604,0.06143692888002885,0.0669705135543868,0.06927739845736616,0.07494814911920608,0.08077371342631355,0.08670657319722144,0.09269394875892509,0.09867926770968495,0.1046039328478367,0.11040928033880631,0.11603859390237936,0.1214390307471785,penetration
3,Decision Support Systems,Total,Software,%,EU Europe,Italy,0.012987904006556724,0.014522431291192066,0.01619695980237709,0.018034115118626255,0.020042298088869023,0.022228553799439058,0.02459810170892803,0.026043003864973307,0.029430335236079092,0.03473051035785487,0.03801384672917803,0.03939059338442855,0.04278047800706232,0.04628481560383099,0.04987745426098637,0.05352878773551435,0.05720654384629398,0.06087676609816739,0.06450492989717027,0.06805711798102146,0.07150117137269511,penetration
3,Decision Support Systems,Total,Software,%,EU Europe,Lithuania,0.007808737962877073,0.008773814559388552,0.00981008000153149,0.010950244250012713,0.012200184824113391,0.013565007092256628,0.015048746759495697,0.015952611263065963,0.018080445283506785,0.02143506427362865,0.023528749948323255,0.02441023709426673,0.026577555363658547,0.02882689462689857,0.03114250378099885,0.033506308199991626,0.03589837628233293,0.03829751480999129,0.04068195833766185,0.0430301065285924,0.045321257139730974,penetration
3,Decision Support Systems,Total,Software,%,EU Europe,Luxembourg,0.01126044478339104,0.012661696243329808,0.01420020773669235,0.015898811649772197,0.01776748580680295,0.019815192767682597,0.022049427596810778,0.023406457935294906,0.02661614775829791,0.03171964845335769,0.03493201557836238,0.03629080027547252,0.039633122380872444,0.043118120974798994,0.04672337449002362,0.050422684471244275,0.05418672448766532,0.05798389642278942,0.061781345605516805,0.06554606779736609,0.06924602988723702,penetration
3,Decision Support Systems,Total,Software,%,EU Europe,Latvia,0.02259871611393848,0.025382104369916225,0.02842645004317256,0.031782260911641665,0.03546813036013535,0.03950052019530471,0.043892874941231876,0.04657514079610602,0.05291056702315542,0.06295882347243512,0.06926778922150086,0.07193271624326344,0.07844773296934258,0.08522639734789485,0.09222330875311462,0.09938587291955452,0.10665563037936944,0.11396998157513583,0.12126420944489275,0.1284736652025056,0.1355359626720155,penetration
3,Decision Support Systems,Total,Software,%,EU Europe,Malta,0.0,0.0,0.0,0.0,0.0,0.0,0.0,0.0,0.0,0.0,0.0,0.0,0.0,0.0,0.0,0.0,0.0,0.0,0.0,0.0,0.0,penetration
3,Decision Support Systems,Total,Software,%,EU Europe,Poland,0.0098924571910178,0.011116594019263744,0.01246194283836004,0.013947636673856048,0.015582707957181863,0.017375390710873635,0.01933273322745516,0.020615744635722123,0.023645141885932235,0.028446915846828083,0.03145992383950101,0.03273219579164901,0.03483327185412982,0.03792182449928457,0.04112356109146056,0.04441584832126756,0.04777300314167026,0.051166997270829996,0.05456832373217394,0.05794697152824662,0.06127344157623105,penetration
3,Decision Support Systems,Total,Software,%,EU Europe,Portugal,0.0046917933719580725,0.0052756408521112885,0.005920456478300008,0.006632882784993258,0.007417213814245546,0.008277330305862423,0.009216509331303855,0.00978592746228359,0.011133747191100878,0.013279761051777653,0.014632411638564111,0.015204995297280316,0.01661595075087699,0.018088555957590315,0.019613515152549745,0.021179922211742853,0.02277552829794359,0.024387097761152457,0.02600083225917647,0.027602835191272528,0.02917958369033598,penetration
3,Decision Support Systems,Total,Software,%,EU Europe,Romania,0.002698645106688535,0.0030344649138405165,0.0033931562154193204,0.0037878497833831373,0.004220588266090802,0.004693147873791961,0.005206935322329072,0.005519421850954954,0.006254948636791986,0.0074142127556637285,0.00813753178757734,0.008442018570644487,0.009192358914153513,0.009971200246440028,0.010773101194274968,0.011591814652778984,0.012420448857034118,0.013251673108848984,0.014077956149613758,0.014891821250475366,0.01568609992936831,penetration
3,Decision Support Systems,Total,Software,%,EU Europe,Slovakia,0.008429520989286229,0.009478491862110376,0.010635282442795789,0.01191313254595442,0.01331969455524208,0.01486187380853792,0.016545487454100533,0.017567667916019603,0.019987163304880998,0.023839458055597763,0.026267558228174108,0.027295377166908556,0.02982344591052307,0.0324613322301567,0.03519230340755038,0.037996748540771536,0.040852660952829425,0.04373627841099724,0.04662284505385864,0.04948744485515908,0.052305847829031346,penetration
3,Decision Support Systems,Total,Software,%,EU Europe,Slovenia,0.013874823090618623,0.015627120727123696,0.017543111369255984,0.019660811204956746,0.021993157862315243,0.024551880510268707,0.027346932940452297,0.02904193607539266,0.033056563133618565,0.03945605950690362,0.04349436983919526,0.045204892023251265,0.04941650484082791,0.053814388452636516,0.058371066669984484,0.06305423163479833,0.06782753270817353,0.07265162989625366,0.07748545273659824,0.08228758193706553,0.08701765637777531,penetration
3,Decision Support Systems,Total,Software,%,EU Europe,Sweden,0.0592785033436655,0.06672075848214444,0.07501457691478736,0.08420723531019773,0.09436266517662159,0.10554102671154435,0.11779632267711677,0.12596001662075704,0.14532617147867746,0.17628533990474998,0.1958779679473788,0.20419006641317783,0.21913596151795364,0.2370325067533142,0.2579747443588576,0.27964786832090843,0.3018973788972279,0.32455069049397367,0.34742220354619086,0.370319258738462,0.3930485800781618,penetration
3,Decision Support Systems,Total,Software,%,EU Europe,Netherlands,0.038626215496342334,0.04332304165975431,0.0485706174338124,0.05436200517544207,0.06073075175626692,0.06770688883360895,0.0753153940949886,0.07993669455034315,0.09086070719039833,0.10821162117194147,0.11912136224762716,0.12373331095779229,0.13508286218012916,0.14691078152516437,0.15914020759887695,0.17168152378733048,0.18443458878862892,0.19729166820959004,0.21014090045990166,0.22287006789785163,0.23537040685994837,penetration
4,Telematics Systems,Total,Hardware,%,EU Europe,Austria,0.15747346312629149,0.1537456112272014,0.15642459537631045,0.179042804290429,0.18817354428534633,0.19737240223382127,0.2065932808111048,0.212532439380999,0.226272333659691,0.24726916399694746,0.25997873017306655,0.265242088513726,0.27246269276587104,0.2783774950118773,0.28534965668284196,0.29208346790106854,0.29827273251606845,0.3038998627520711,0.3089544700633912,0.3134330459025396,0.3173384809660754,penetration
4,Telematics Systems,Total,Hardware,%,EU Europe,Belgium,0.20526329713245786,0.21854274756773626,0.23225125066969413,0.24634971879662398,0.2591579611781177,0.27208760759030154,0.2850814046954378,0.29318250377703337,0.3121446866309169,0.34173222958417226,0.36001061731606787,0.36766354865844336,0.3785929047042578,0.38785097983245526,0.39836221303738856,0.4086052884391277,0.4182150189336227,0.4271720659069891,0.4354651333240953,0.44309047079237196,0.4500512340617933,penetration
4,Telematics Systems,Total,Hardware,%,EU Europe,Bulgaria,0.11419940143328522,0.11624401230383671,0.11183761966348038,0.14289823071362845,0.14820441853811123,0.15353064490290289,0.15886443480963278,0.1623205124657107,0.17048391994035708,0.18343218915930276,0.19156245063149843,0.19499680861506513,0.19976586120782003,0.20395862607119083,0.20867128317007408,0.21335531438537617,0.21787938737043278,0.2222378908915064,0.22642653138342758,0.23044228579259318,0.23428333891350106,penetration
4,Telematics Systems,Total,Hardware,%,EU Europe,Cyprus,0.1338174102630789,0.11926906399942161,0.0898483072262585,0.1586196300319707,0.17120556769520762,0.18470146705753449,0.19916349811733028,0.20754552507961563,0.22860348081384785,0.26615847000123716,0.2928149570871574,0.3048983495556288,0.3266672313209579,0.3490932456950327,0.37443552408003966,0.40165943040893665,0.4305751490823365,0.46126264258420363,0.49380396952735206,0.5282832910110635,0.5647868850713327,penetration
4,Telematics Systems,Total,Hardware,%,EU Europe,Czechia,0.0769154461041403,0.09107871047334495,0.11786530177867717,0.17125869880515968,0.18103829274125025,0.19093641251909682,0.20090005063004113,0.20714441639342554,0.22165328497921433,0.2439964269590658,0.2576225411186678,0.2632880990491438,0.27133397110346125,0.2780047396414411,0.2856871559714745,0.293094711918768,0.2999203403975351,0.30614662634939677,0.3117646426721125,0.3167734010681408,0.3211791203007555,penetration
4,Telematics Systems,Total,Hardware,%,EU Europe,Germany,0.23900651086326694,0.23875492772769633,0.24598860265982367,0.2994812036507207,0.31120446336666957,0.32293259572841304,0.3346246511951303,0.3423769284175363,0.36042497604339285,0.38831587520575594,0.4053836704072559,0.4124932963618257,0.42190808152643094,0.4297594588128738,0.4390092856995201,0.448082631037205,0.45660898311356357,0.46457046594943885,0.471954311063173,0.4787527243237181,0.48496266685480816,penetration
4,Telematics Systems,Total,Hardware,%,EU Europe,Denmark,0.312567494006012,0.3288429967734697,0.3452591072997843,0.3617493372239686,0.3814353946239422,0.4013652995056708,0.42147273376479155,0.43309334109067443,0.46093977073907505,0.5062908425213204,0.5355362851776223,0.5480739773335409,0.566904490093832,0.5837059893926836,0.6016380476168147,0.6193322883981961,0.6364539539295431,0.6530022034706982,0.668982931679042,0.6844077888276194,0.6992932125808815,penetration
4,Telematics Systems,Total,Hardware,%,EU Europe,Spain,0.20798578323391378,0.20247625639941028,0.2183780038877662,0.21541073883153555,0.22977146409004967,0.24440954405460705,0.2592311803470773,0.26851997154687496,0.28999044163268267,0.32275078049716843,0.34255154288481665,0.3507450760488867,0.3625600637241805,0.37223476561597885,0.38340015917002995,0.39403836536703885,0.40366750829495046,0.41225861650027046,0.41980059955769755,0.42629882855172424,0.4317732693796044,penetration
4,Telematics Systems,Total,Hardware,%,EU Europe,Estonia,0.2595736125776803,0.30876753829902365,0.31324473392553015,0.3346246887506521,0.35118681761800025,0.36787960815566806,0.3846324829975436,0.39519143377800287,0.4198812963522142,0.45833506089950315,0.48204766749546607,0.4919660837957924,0.5059814318890808,0.5178351324724629,0.5313773774717594,0.5445945362284497,0.5570046529612572,0.5685818764089333,0.5793101075702048,0.5891824823279047,0.5982006787206889,penetration
4,Telematics Systems,Total,Hardware,%,EU Europe,Finland,0.3995588014528908,0.3828012562811993,0.4132620975189197,0.45404853673536105,0.477294335781968,0.500745067040247,0.5242974297276175,0.5390354090767394,0.5735043909934451,0.627209371257789,0.6603391370594085,0.6741993466131605,0.6938873003761991,0.7105292356478823,0.7294836998144677,0.7479528095383083,0.7652661967613442,0.7813883624590277,0.7962982687540946,0.8099884855451345,0.8224640778241038,penetration
4,Telematics Systems,Total,Hardware,%,EU Europe,France,0.22730695958452202,0.21186611055800642,0.23584192320312397,0.24585321408409658,0.259374689907393,0.2730590125468911,0.28686827502950113,0.2945325590631121,0.31309062607427,0.3439081882386812,0.364182387180013,0.37297260991742615,0.3862608428468694,0.39833196879213856,0.4108824596175276,0.4233149655311038,0.4354858674889169,0.4474093788124902,0.45910211287396974,0.4705824232254109,0.4818698273803245,penetration
4,Telematics Systems,Total,Hardware,%,EU Europe,Greece,0.1375165603994571,0.143294645347865,0.14890893667646127,0.1543348779270598,0.16307125327777067,0.1718817959261838,0.1807464805237133,0.18538102398819833,0.19671614202853221,0.21590099439232954,0.22877526458858446,0.23442098812761042,0.2428550186750327,0.25058392496504506,0.2583547399714181,0.26606994108430904,0.2737125912978014,0.28130705077546264,0.28887629746718846,0.2964417958167266,0.3040234529084095,penetration
4,Telematics Systems,Total,Hardware,%,EU Europe,Croatia,0.12441345498297128,0.14013528424633717,0.1400652161747411,0.15384453719789723,0.16167572659544802,0.16956327642442007,0.1774665241533279,0.18260439002718282,0.19445441722731202,0.21246638655071112,0.22331273015676356,0.22779208719009184,0.23387584865391928,0.23881590279573264,0.2447027714139407,0.25037533285811664,0.2555601615147177,0.2602411822542396,0.26440888087058917,0.2680600417785212,0.27119733026203946,penetration
4,Telematics Systems,Total,Hardware,%,EU Europe,Hungary,0.18851701343130103,0.16352812800061609,0.20517119137623915,0.21354010361031284,0.2235617358571382,0.23368777116863287,0.24389268489193724,0.2499952032469395,0.26459708665181625,0.2883129811651418,0.3035640874021797,0.3100921513575644,0.31977402423530266,0.3284911649773312,0.33788689525951715,0.3472193515273981,0.3563067813849144,0.365144919928933,0.3737321826609644,0.38206939501292986,0.3901595097044869,penetration
4,Telematics Systems,Total,Hardware,%,EU Europe,Ireland,0.34946151950707344,0.3752206351541593,0.4021641399590466,0.4302446570843123,0.4518563660443257,0.47360752963475117,0.49538453803516674,0.5096566703096639,0.5424965087108905,0.5922066454118893,0.6220214776627824,0.6343084493364972,0.6508029067131376,0.6640926607181218,0.6800881388037601,0.6954773651489824,0.7094832575865516,0.7220600378001665,0.7331805302676369,0.7428354880208395,0.7510324648288825,penetration
4,Telematics Systems,Total,Hardware,%,EU Europe,Italy,0.19305092376905672,0.20043413269052895,0.2078980360305577,0.25625214001528945,0.26484821942818654,0.2734610338034323,0.2820726520020753,0.2878096500598362,0.3013409778106364,0.3227468560531807,0.3361523000759994,0.3418068090224344,0.34947680504527073,0.3562082019134021,0.3638399753700941,0.3714426382051584,0.3787950690260721,0.3858881871202172,0.3927147241592393,0.3992691804015474,0.40554776024378,penetration
4,Telematics Systems,Total,Hardware,%,EU Europe,Lithuania,0.17807723871587214,0.18582525548745743,0.19079561597482006,0.1947678187445479,0.2070103634534457,0.2194536549320175,0.23202297742493289,0.23989987415663755,0.25814255332940494,0.2860742968569323,0.3030133769742354,0.31003531210939805,0.3201054340675222,0.3283899433158797,0.33794783731336336,0.34709845123209127,0.3554403948517035,0.36294977025584685,0.36961601979127856,0.3754409549196364,0.38043746728651995,penetration
4,Telematics Systems,Total,Hardware,%,EU Europe,Luxembourg,0.1828282024238046,0.24008377527965127,0.30535796725093406,0.26869352661198276,0.2813097306090958,0.29401959539192035,0.3067766026994695,0.31481123650493614,0.333683901269622,0.3633180327663953,0.3817396422042239,0.38947868488024784,0.40048219496950044,0.40992605062486404,0.4206106552103987,0.4311050914330081,0.4410651086195915,0.45047278220952486,0.4593161580045653,0.4675889507515303,0.47529014723045726,penetration
4,Telematics Systems,Total,Hardware,%,EU Europe,Latvia,0.2269510789776253,0.23616285572877843,0.2632143317453984,0.25106196412570564,0.2671212806831901,0.28345662115800063,0.2999733988959056,0.31010077865728874,0.3337191662314113,0.3703311701590326,0.39280371794701546,0.40217996523771304,0.4158759970305201,0.4273158301400147,0.4402506350116282,0.45269119791324236,0.464158818186993,0.4746278387850705,0.4840882866858405,0.492544498682734,0.5000134353908644,penetration
4,Telematics Systems,Total,Hardware,%,EU Europe,Malta,0.0,0.0,0.0,0.0,0.0,0.0,0.0,0.0,0.0,0.0,0.0,0.0,0.0,0.0,0.0,0.0,0.0,0.0,0.0,0.0,0.0,penetration
4,Telematics Systems,Total,Hardware,%,EU Europe,Poland,0.13675868873116617,0.13855764092347367,0.14050370135366463,0.16084022038851709,0.16884007317210503,0.17688408618832185,0.18492865143780512,0.1902586765287933,0.2024727224106607,0.2208292265544451,0.23176340369703535,0.23625312313873983,0.24216313305534762,0.2468550372158297,0.2525980762405449,0.2581021598705721,0.2630664611809113,0.2674734058534311,0.27131277948105204,0.27458148636782126,0.2772831201628986,penetration
4,Telematics Systems,Total,Hardware,%,EU Europe,Portugal,0.20849078980542163,0.1955903730612927,0.20658611903829924,0.23442982521705344,0.24621461658909305,0.2580880714766038,0.26999504587267137,0.27757492397151784,0.29520306884105957,0.3223941568350031,0.3390032943652174,0.3459150679699288,0.3555341182489255,0.36353707284767695,0.37282045643598544,0.38183212586797605,0.39020309593326813,0.3979129367018841,0.40494930335620116,0.4113075402478229,0.41699012178641276,penetration
4,Telematics Systems,Total,Hardware,%,EU Europe,Romania,0.11044915796773859,0.11959128890995786,0.12979421622864146,0.13808918043706492,0.14484071922846328,0.15163463964427523,0.15843899699462952,0.16283607417577523,0.17302518542773926,0.18864111879744397,0.19812028577517807,0.20205176898826904,0.2074336800431173,0.21186519930059236,0.21708056312651242,0.22213570510289027,0.22680740167536406,0.2310829776876714,0.23495455353392522,0.23841885157797657,0.24147689974954542,penetration
4,Telematics Systems,Total,Hardware,%,EU Europe,Slovakia,0.11029586895790769,0.11331328815424244,0.12330529714627307,0.13607297802597113,0.14229573474055573,0.1485543550472226,0.1548251803344993,0.15881479279826277,0.16815525372098364,0.18273520644691874,0.1917457295739034,0.19551909866683237,0.20079584660994715,0.20528068797878737,0.21040975364539433,0.21543619362099362,0.22018163026615772,0.22463688213685473,0.22879584487192497,0.23265534983953012,0.23621497117946116,penetration
4,Telematics Systems,Total,Hardware,%,EU Europe,Slovenia,0.10599884381533867,0.12196584552059433,0.11959812047672068,0.12413031214221107,0.1316641297626723,0.13930702293912944,0.14700546322512828,0.1522422894879253,0.16403670228552125,0.18124152774321356,0.19120409092282578,0.19523507451086552,0.2004983142241248,0.20452140950016437,0.20964456639425427,0.2144314662614655,0.21855005720171117,0.22197776000950317,0.22470451387014662,0.22673230202595535,0.22807422912009476,penetration
4,Telematics Systems,Total,Hardware,%,EU Europe,Sweden,0.3850415532156289,0.3902997482624218,0.4126267001314791,0.46519899725698194,0.48677289041774585,0.508481092279715,0.5302409965749645,0.5440211535778042,0.5763064421147203,0.6267672582725781,0.6579922604325507,0.6710775186649008,0.689457866952539,0.705107253330522,0.7229489466285202,0.740432006658448,0.7569463075365588,0.772460646211557,0.7869545614108019,0.8004178083046842,0.8128496553345956,penetration
4,Telematics Systems,Total,Hardware,%,EU Europe,Netherlands,0.27709879069235654,0.30012666626266155,0.33314555636716126,0.36500347303607417,0.38131416320330247,0.39756482350053907,0.4136333022947257,0.4258182021690964,0.45243635055816017,0.48933654203563753,0.509726343158423,0.517783235001671,0.5252231253855165,0.5296054446393753,0.5374814092070522,0.5445622779595359,0.5499118787373899,0.553485595560374,0.555268056169418,0.5552729430045641,0.5535416862572764,penetration
1,Field Survey Technologies,Sensors,Hardware,Units,EU Europe,Austria,32230.30305929093,35607.520271407455,39279.0978232386,43258.108436317205,47555.5654379246,52179.83699751309,57136.035345459735,59948.177114094644,66598.01797190956,77167.05272284287,83816.8935806578,86629.0353492927,93300.37085548633,100164.92190687852,107182.71745391651,114309.8684236261,121499.60958519967,128703.49945583263,135872.71459787808,142959.36565558022,149917.76037821826,shipments
1,Field Survey Technologies,Sensors,Hardware,Units,EU Europe,Belgium,10217.24310435304,11287.845798002023,12451.762884184378,13713.138511768047,15075.463986497629,16541.39207963238,18112.54340579921,19004.01302807338,21112.061485593822,24462.523230554423,26570.571688074866,27462.041310349035,29576.90372948578,31753.016897434976,33977.70969752529,36237.068970846085,38516.269795301094,40799.9558645832,43072.64978989123,45319.17029325309,47525.03259515116,shipments
1,Field Survey Technologies,Sensors,Hardware,Units,EU Europe,Bulgaria,12765.541158237875,14104.03753589952,15559.294631494922,17136.507998938574,18840.056903165485,20673.27163834661,22638.190840162446,23754.065956150574,26392.76362825225,30586.62149492206,33225.319167023736,34341.194283011864,36985.82293230482,39707.04544587673,42489.01663310702,45314.33813355187,48164.471429837984,51020.21351034641,53862.20995018906,56671.476610116704,59429.90031995602,shipments
1,Field Survey Technologies,Sensors,Hardware,Units,EU Europe,Cyprus,1063.9468038439009,1175.4313112066757,1296.6328771413678,1427.9830421230024,1569.8453644569138,1722.4960837777846,1886.1039586964223,1978.9348961279138,2198.4511977192283,2547.3430688966255,2766.85937048794,2859.6903079194312,3079.916164192879,3306.5202124860775,3538.1829780693092,3773.455649281427,4010.794470304894,4248.600350969548,4485.261592485543,4719.197330816298,4948.899230032565,shipments
1,Field Survey Technologies,Sensors,Hardware,Units,EU Europe,Czechia,16410.96657471487,18130.571838172644,20000.058959306156,22026.084282479314,24214.255553469677,26568.833661444845,29092.421642488138,30524.30282844936,33910.25659512719,39291.77831726213,42677.73208393996,44109.61326990118,47506.51164220152,51001.79115128907,54575.099411492476,58204.08906516358,61864.94827788584,65533.01170432652,69183.41951608713,72791.78749887261,76334.85015629824,shipments
1,Field Survey Technologies,Sensors,Hardware,Units,EU Europe,Germany,81343.5872179747,89867.08643368109,99133.49910952595,109175.81848364997,120021.84024716477,131692.684180435,144201.2526491874,151298.60134012136,168081.6241000451,194755.99940737,211539.02216729376,218636.37085822772,235473.64231081496,252798.55564265515,270510.23099079746,288497.90009380714,306643.5357763277,324824.8802992919,342918.7119371328,360804.1664218487,378365.9245901399,shipments
1,Field Survey Technologies,Sensors,Hardware,Units,EU Europe,Denmark,9961.743621885173,11005.574080464261,12140.385447019724,13370.21823895256,14698.476455989321,16127.746532347366,17659.608556437855,18528.785469729715,20584.1186023418,23850.79637220044,25906.129504812525,26775.306418104385,28837.283117672614,30958.978887256722,33128.0394729358,35330.899637921146,37553.10518242236,39779.683810601106,41995.54517199797,44185.887622229435,46336.58859824204,shipments
1,Field Survey Technologies,Sensors,Hardware,Units,EU Europe,Spain,71029.69589600297,78472.46523981256,86563.95096011141,95332.96294532352,104803.7725554221,114994.82170608845,125917.37681850279,132114.82318675856,146769.85677482316,170062.07723244847,184717.11082051307,190914.55718876884,205616.96105240675,220745.17665577878,236211.11511280914,251918.05293005824,267762.928088014,283638.9844142002,299438.62397749355,315056.3073924985,330391.33729166206,shipments
1,Field Survey Technologies,Sensors,Hardware,Units,EU Europe,Estonia,27975.412090493086,30906.785185380282,34093.65857114173,37547.37917093085,41277.50638506157,45291.30365714597,49593.208325276595,52034.10454302939,57806.06511042913,66979.82627588202,72751.78684328176,75192.68306103456,80983.30065579855,86941.62640053788,93032.96603312073,99219.22450676878,105459.81031351688,111712.67698420091,117935.44651867195,124086.55168563366,130126.33230749152,shipments
1,Field Survey Technologies,Sensors,Hardware,Units,EU Europe,Finland,312292.26974161045,345015.4751871849,380590.8554460797,419145.0773346657,460784.85337648843,505591.26610518224,553613.8499612065,580861.8139082605,645294.7759901632,747702.3718875732,812135.3339694758,839383.2979165298,904024.5302252788,970537.9050654965,1038536.1269852651,1107593.937240019,1177258.2088440445,1247059.5729370217,1316524.9597457226,1385190.350189162,1452613.0138139229,shipments
1,Field Survey Technologies,Sensors,Hardware,Units,EU Europe,France,122721.97722018765,135581.26597743417,149561.37829127375,164712.0906168394,181075.33793988836,198682.98338932166,217554.49259097356,228262.16721120544,253582.4881765209,293825.75984409865,319146.08080941415,329853.755429646,355255.9206687754,381393.784659878,408115.1513089969,435252.9060282286,462628.9828037563,490058.9330271287,517356.85373641294,544340.3986342335,570835.5872481827,shipments
1,Field Survey Technologies,Sensors,Hardware,Units,EU Europe,Greece,28224.06313169593,31181.49085519199,34396.68980709659,37881.107764278815,41644.389092908816,45693.86179553388,50034.00265019237,52496.59404026467,58319.856944167026,67575.15632818692,73398.41923208928,75861.01062216157,81703.09638080775,87714.38091290873,93859.86158681252,100101.10475936857,106397.1581371946,112705.60153372411,118983.68028469237,125189.45770096235,131282.9210973725,shipments
1,Field Survey Technologies,Sensors,Hardware,Units,EU Europe,Croatia,10421.387388803778,11513.381119016514,12700.55369773163,13987.132075439442,15376.677315460622,16871.895192402288,18474.43870136914,19383.72021539239,21533.888258358013,24951.29346434022,27101.461507305845,28010.74302132909,30167.861171376506,32387.45388278156,34656.59686528983,36961.09896994569,39285.839067243265,41615.15402621334,43933.257214119796,46224.664025459126,48474.60026947824,shipments
1,Field Survey Technologies,Sensors,Hardware,Units,EU Europe,Hungary,9219.714597101585,10185.792352276701,11236.074041739437,12374.299213371753,13603.618310224447,14926.42510854928,16344.18199934346,17148.615779122283,19050.851532612203,22074.20144623841,23976.43719972833,24780.87097950715,26689.255434827526,28652.910614074295,30660.402505338072,32699.176317371344,34755.85451288194,36816.58005039874,38867.38662746641,40894.57514260597,42885.0749923493,shipments
1,Field Survey Technologies,Sensors,Hardware,Units,EU Europe,Ireland,7521.428996454798,8309.553744143665,9166.37193199234,10094.934277414764,11097.810907009158,12176.95465976217,13333.558552001441,13989.81439302913,15541.655396750655,18008.09960901792,19559.94061273945,20216.196453767137,21773.053558990618,23375.000435835198,25012.709234960716,26675.937776965744,28353.772687490276,30034.90941340221,31707.954266626424,33361.73154123362,34985.578259005655,shipments
1,Field Survey Technologies,Sensors,Hardware,Units,EU Europe,Italy,76033.28851598622,84000.35386432114,92661.83355297463,102048.56694470937,112186.53516322629,123095.47924047124,134787.45924570583,141421.47649491185,157108.86446633475,182041.8744685955,197729.26244001838,204363.2796892244,220101.37487238902,236295.27753793538,252850.6934951653,269664.08569256536,286625.13204349624,303619.5560786538,320532.1802735164,337250.0306608109,353665.3163806247,shipments
1,Field Survey Technologies,Sensors,Hardware,Units,EU Europe,Lithuania,14146.471590348747,15628.794212564082,17240.316990776653,18986.777782413123,20873.010538963626,22902.688203596033,25078.054628056307,26312.35526633588,29231.092474681845,33870.03581835564,36788.77302670161,38023.07366498118,40951.24526902845,43964.22272227721,47044.461997422055,50172.69937476373,53328.40873613885,56490.328225615485,59637.02834027073,62747.489562868504,65801.65672589974,shipments
1,Field Survey Technologies,Sensors,Hardware,Units,EU Europe,Luxembourg,684.6720885605087,756.4147078554198,834.4104581932204,918.9370449227742,1010.2284254405672,1108.4623657466834,1213.7474655475235,1273.4861212628466,1414.7494665171407,1639.2687049393842,1780.5320501936785,1840.2707059090014,1981.9906644868267,2127.815123435936,2276.8949730868085,2428.2978727412205,2581.0303831445012,2734.063456225219,2886.359930000662,3036.90248529872,3184.7204763059017,shipments
1,Field Survey Technologies,Sensors,Hardware,Units,EU Europe,Latvia,13379.925259188098,14781.9261587464,16306.126323307135,17957.952696474327,19741.97729532172,21661.674039459147,23719.165194390178,24886.583527793955,27647.164881912213,32034.740598128905,34795.32195224716,35962.740285650936,38732.24481955595,41581.959879217226,44495.29208496463,47454.021548669596,50438.734388564284,53429.320852091376,56405.512623889066,59347.42915863502,62236.10200609642,shipments
1,Field Survey Technologies,Sensors,Hardware,Units,EU Europe,Malta,3.338390447219048,3.688200055225928,4.06849928488904,4.48064219883088,4.925769549172847,5.4047481045862975,5.918107386032405,6.209386906406948,6.898172399811012,7.992905036483217,8.68169052988728,8.972970050261823,9.66398194310997,10.375006956193396,11.1019049183897,11.840129832669794,12.58483779174856,13.33101126342513,14.073593152904552,14.80762311688864,15.528368386559249,shipments
1,Field Survey Technologies,Sensors,Hardware,Units,EU Europe,Poland,52233.78636163224,57707.04679080059,63657.35998207628,70105.91213847004,77070.55192194712,84564.84114030705,92597.06488937576,97154.54025941173,107931.55237955885,125060.17516084023,135837.18728098736,140394.66265102333,151206.50990347553,162331.4904048172,173704.82538895513,185255.3863760508,196907.38366376518,208582.3109451859,220201.04290129867,231685.9680255366,242963.03553227268,shipments
1,Field Survey Technologies,Sensors,Hardware,Units,EU Europe,Portugal,42716.169225236896,47192.13650602131,52058.23186165867,57331.781116985425,63027.3806954673,69156.12128222051,75724.77833006975,79451.82748171395,88265.1398133035,102272.72379840455,111086.0361299941,114813.0852816383,123654.8853701035,132752.7621051477,142053.74018232946,151499.6515768289,161028.51637150528,170576.13304230853,180077.79384445434,189470.0290109725,198692.2806901269,shipments
1,Field Survey Technologies,Sensors,Hardware,Units,EU Europe,Romania,63117.38944696686,69731.07637482561,76921.21634333156,84713.40998225858,93129.22495933363,102185.04886512042,111890.89310519143,117397.97899465673,130420.52471540091,151118.12353183166,164140.66925257584,169647.75514204113,182712.39435753925,196155.41229293557,209898.53266591945,223855.80643324793,237935.65210156573,252043.20553230293,266082.85459539585,279960.81639615545,293587.6106843295,shipments
1,Field Survey Technologies,Sensors,Hardware,Units,EU Europe,Slovakia,16211.801517665683,17910.537487481346,19757.336334439286,21758.773620872755,23920.38903642121,26246.391759694525,28739.353236081624,30153.856975273255,33498.71848379334,38814.9295445531,42159.79105307319,43574.294792264816,46929.96808162874,50382.828544911696,53912.77079493784,57497.718683724845,61114.149359551884,64737.696818071905,68343.80293213713,71908.37941660505,75408.44312737619,shipments
1,Field Survey Technologies,Sensors,Hardware,Units,EU Europe,Slovenia,16579.882183473022,18317.187085070833,20205.916555745065,22252.795452610244,24463.48924112715,26842.302667154207,29391.865559433343,30838.48488291345,34259.28976205448,39696.20267724323,43117.00755638426,44563.626879864365,47995.489015806204,51526.74491076774,55136.832695035424,58803.17499297254,62501.714878535095,66207.53312970349,69895.51403960746,73541.02241090451,77120.55327895764,shipments
1,Field Survey Technologies,Sensors,Hardware,Units,EU Europe,Sweden,205754.22460275432,227313.95699235718,250752.84898341857,276154.3551955705,303588.78333305323,333109.5547432813,364749.3052657403,382701.66668207827,425153.41921181465,492624.8154930536,535076.56802279,553028.9294391279,595617.9011163894,639440.336674223,684241.0659303266,729739.9065307919,775638.3150897408,821627.0472381479,867394.420255035,912634.7144814174,957056.2363021243,shipments
1,Field Survey Technologies,Sensors,Hardware,Units,EU Europe,Netherlands,5265.748812296231,5817.51456798442,6417.372567992741,7067.458618111121,7769.572062731213,8525.080083485582,9334.81791052973,9794.262308274207,10880.705446416025,12607.461849682344,13693.904987824164,14153.34938556864,15243.304293952353,16364.826529697986,17511.385669981977,18675.81116994592,19850.462581464675,21027.425592343447,22198.723487056835,23356.53215927457,24493.386463089664,shipments
1,Field Survey Technologies,GIS software,Software,Units,EU Europe,Austria,1004.2319146517808,1077.7332837574943,1154.9486561797075,1235.826519353305,1320.278995530016,1408.1797613171127,1499.362643099859,1546.402888383544,1657.6384414904314,1834.4325109220854,1945.6680640289728,1992.7083093126578,2095.378164805955,2198.5127788012283,2301.660473791016,2404.3693433220883,2506.1951376733537,2606.708867360204,2705.5038515279457,2802.201972566658,2896.458945919315,shipments
1,Field Survey Technologies,GIS software,Software,Units,EU Europe,Belgium,82.8670649911189,88.93224041698791,95.30388743543955,101.97775534001941,108.94659264730925,116.19997542171971,123.72419137276165,127.60585158117374,136.7847709862872,151.3734386315664,160.55235803667986,164.43401824509195,172.90611464400192,181.41656191826902,189.92808860816388,198.40340436184312,206.80585064458697,215.1000281636794,223.2523784867257,231.23170015906328,239.00958355703239,shipments
1,Field Survey Technologies,GIS software,Software,Units,EU Europe,Bulgaria,644.8946370903292,692.1267068386026,741.7475817979644,793.7242614593882,848.0003433042158,904.4946804332664,963.100474254693,993.3483010429187,1064.8750059480178,1178.5571595402087,1250.0838644453077,1280.3316912335333,1346.2979287948033,1412.5627775657874,1478.8360309847326,1544.8273353903235,1610.2512566354367,1674.832165402031,1738.3087658526536,1800.4381142725954,1860.9990049655178,shipments
1,Field Survey Technologies,GIS software,Software,Units,EU Europe,Cyprus,57.625869017703586,61.843600207989866,66.27445215805817,70.91546892089384,75.76160780512497,80.80561999185129,86.03796993572983,88.73728169203687,95.12031465476839,105.26529385681651,111.64832681954803,114.34763857585507,120.2391458645622,126.15732240383687,132.07624957019829,137.969995602564,143.8130681063335,149.58085036549798,155.25000580080447,160.7988368785014,166.20758750789042,shipments
1,Field Survey Technologies,GIS software,Software,Units,EU Europe,Czechia,646.4436184441142,693.7578795346609,743.4629168072852,795.5255706217652,849.8892723620838,906.4727052030156,965.1688999562361,995.449620903278,1067.0541102656607,1180.859891873874,1252.464381236257,1282.7451021832987,1348.8356853662035,1415.2254426376198,1481.6236203996655,1547.739317677613,1613.2865622841568,1677.989205343068,1741.585458477156,1803.8319200255198,1864.5069673215523,shipments
1,Field Survey Technologies,GIS software,Software,Units,EU Europe,Germany,584.2614217215101,627.0244665776105,671.9483159513894,719.0029998686887,768.1373911173641,819.2779948363636,872.3281313334941,899.6961129586393,964.412879530178,1067.2715447956477,1131.9883113671863,1159.3562929923316,1219.0895427160829,1279.093188609444,1339.1044450162146,1398.860393079707,1458.1025686246076,1516.5813858704569,1574.060238181991,1630.3191369996682,1685.1577778103274,shipments
1,Field Survey Technologies,GIS software,Software,Units,EU Europe,Denmark,229.11520934159648,245.88452460020278,263.5011885986171,281.9534487605989,301.2212558043063,321.27578908567557,342.0791361444753,352.8113539603059,378.18971195159725,418.52522572804565,443.903583719337,454.6358015351676,478.05989819174016,501.5900293607794,525.1231449547835,548.5561426523424,571.787667013181,594.7198442153891,617.2598901442628,639.3215373808036,660.8262375068574,shipments
1,Field Survey Technologies,GIS software,Software,Units,EU Europe,Spain,353.82219815130145,379.7190209914036,406.9244029384336,435.42019451042836,465.1754336381608,496.1456126537896,528.2721834144178,544.84592773086,584.0376794951943,646.3277395438357,685.51949130817,702.0932356246122,738.2670251890589,774.6045636569008,810.9467109667498,847.134246392489,883.0106469133387,918.4247661653833,953.2333178102235,987.3030792307034,1020.5127482485317,shipments
1,Field Survey Technologies,GIS software,Software,Units,EU Europe,Estonia,1834.045437546307,1968.282209645394,2109.3019277336257,2257.010513557116,2411.2474745235413,2571.782104121081,2738.3109167150906,2824.2212985550436,3027.3726380933495,3350.254585674953,3553.405925213259,3639.316307053212,3826.8239706652707,4015.180430454462,4203.56078028136,4391.139695879079,4577.105836597902,4760.675731811652,4941.106653515765,5117.708039234369,5289.851116358448,shipments
1,Field Survey Technologies,GIS software,Software,Units,EU Europe,Finland,2987.175556178641,3205.811799395811,3435.4956699197296,3676.073939125508,3927.285206974236,4188.7537134990935,4459.985160766724,4599.9104796277525,4930.790349477461,5456.679753088687,5787.5596229383955,5927.484941799424,6232.885395829324,6539.668314622965,6846.490143977498,7152.006648670885,7454.8963690997,7753.8832385670175,8047.757549344391,8335.394557570131,8615.770158753918,shipments
1,Field Survey Technologies,GIS software,Software,Units,EU Europe,France,480.940615002307,516.1414417689716,553.1209563198995,591.8544885720287,632.2999526508903,674.3968505287864,718.0655993530885,740.5938263159206,793.8660780147712,878.5352139391194,931.80746563797,954.3356926008022,1003.5057127153951,1052.8983121331419,1102.2971762208865,1151.4858807001642,1200.2516682079004,1248.389089720273,1295.703380126242,1342.0134536494998,1387.154427632787,shipments
1,Field Survey Technologies,GIS software,Software,Units,EU Europe,Greece,427.7529403947427,459.06087464707156,491.950789929967,526.4007444480386,562.3733066432279,599.8146690215765,638.6540498729216,658.6908590436035,706.0716823610994,781.3771789703812,828.7580022878772,848.794811458559,892.5270728380328,936.4572982663417,980.3930955489058,1024.141974971614,1067.5147082081266,1110.3285670352495,1152.410325598616,1193.5989245681067,1233.7477158144877,shipments
1,Field Survey Technologies,GIS software,Software,Units,EU Europe,Croatia,733.6286466928432,787.3241219713734,843.7328143735012,902.8170920605228,964.5127570791591,1028.7275255074392,1095.3400013587222,1129.7046446090174,1210.9663403381683,1340.1209628990723,1421.3826586282235,1455.7473018785186,1530.7514379179663,1606.0950972745577,1681.4483127826345,1756.4809500231668,1830.8684681038342,1904.2974743008576,1976.4708731717283,2047.1124357832591,2115.9706495018013,shipments
1,Field Survey Technologies,GIS software,Software,Units,EU Europe,Hungary,154.97860233010516,166.32173859888482,178.2380403234149,190.7195578008154,203.75272925277187,217.31805975728378,231.38990448651776,238.6494143277866,255.81589778484667,283.09973270486114,300.26621616192125,307.5257260031901,323.3703038080116,339.2866057056512,355.20492633443973,371.0555250005359,386.7698426391899,402.2816752294294,417.52826154096937,432.4512483808404,446.9975038592137,shipments
1,Field Survey Technologies,GIS software,Software,Units,EU Europe,Ireland,156.49227205577728,167.94619627661018,179.97888403696206,192.58230798952707,205.74277389865193,219.4405964362232,233.64988030241386,240.9802934819806,258.3144412869863,285.86475631649813,303.19890412150386,310.5293173010706,326.52864845492627,342.60040422790667,358.67419844890134,374.6796092695396,390.547408011466,406.21074404171924,421.6062431436229,436.6749821909373,451.36331035682014,shipments
1,Field Survey Technologies,GIS software,Software,Units,EU Europe,Italy,515.6567598037888,553.3985177395906,593.0473559903527,634.576823691459,677.9417970480267,723.0774110518528,769.8983382536802,794.052739353123,851.1703872322678,941.9512672914962,999.0689151706409,1023.2233162700836,1075.9426176991312,1128.9005650621743,1181.8652293032096,1234.6045638063035,1286.890453562981,1338.5026194480772,1389.232237455158,1438.8851503395558,1487.2845735791534,shipments
1,Field Survey Technologies,GIS software,Software,Units,EU Europe,Lithuania,368.5490606006059,395.5237664843183,423.86149659917965,453.54334604164575,484.5370640326882,516.7962903968909,550.2600400881561,567.5236202998402,608.3466194545201,673.2293295717222,714.0523287264022,731.3159089380863,768.9953316311753,806.8453188191887,844.7001066794072,882.3938473669381,919.7635030266889,956.6516362487814,992.9089968005007,1028.3968170447106,1062.988745938171,shipments
1,Field Survey Technologies,GIS software,Software,Units,EU Europe,Luxembourg,187.96571685706294,201.7232337536671,216.17591407378933,231.31411602444535,247.1213912098929,263.57409522416987,280.64112475123864,289.44581746900184,310.26617796011215,343.3573628865753,364.1777233776856,372.9824160954488,392.1995040069602,411.50358244696884,430.81010930399674,450.034499613959,469.09360155099733,487.90711960286797,506.39893384421384,524.498270635432,542.1406889917066,shipments
1,Field Survey Technologies,GIS software,Software,Units,EU Europe,Latvia,1147.766548532171,1231.7734512206869,1320.025198855496,1412.462916192537,1508.9861651374288,1609.4505669243154,1713.666196782374,1767.4298933783775,1894.56431820676,2096.6275228430004,2223.761947671383,2277.5256442673863,2394.8700783154713,2512.7456986900734,2630.6362697226914,2748.0252940758924,2864.4050255193256,2979.2851592011707,3092.2008874668068,3202.720048444312,3310.44914906504,shipments
1,Field Survey Technologies,GIS software,Software,Units,EU Europe,Malta,45.62223556959019,48.96140128131825,52.46929408859014,56.143573776614595,59.98024806106523,63.97357807276563,68.11601454775958,70.25305193949367,75.30648086712917,83.33823186531787,88.39166079295336,90.52869818468746,95.19298764299965,99.8783910706558,104.56438876762812,109.23045063288728,113.8563944105902,118.42273111712842,122.91098524949939,127.30397893233271,131.5860713251667,shipments
1,Field Survey Technologies,GIS software,Software,Units,EU Europe,Poland,289.66569658165855,310.86680060063884,333.13919038746246,356.468007399158,380.8279037367043,406.1824420463233,432.4836903760787,446.0522149555784,478.13755650392517,529.1329257271625,561.2182672755092,574.7867918550089,604.4014005678943,634.1500665570452,663.9025056939448,693.5283678118093,722.8995112901239,751.8921962476198,780.3891176162722,808.2812092538185,835.4691639936791,shipments
1,Field Survey Technologies,GIS software,Software,Units,EU Europe,Portugal,366.5661759767758,393.395751305978,421.5810174606073,451.1031712501516,481.9301354127089,514.0157992020131,547.2995056865195,564.4702035891341,605.0735649642725,669.6071901373041,710.2105515124424,727.381249415057,764.8579475434134,802.5042924877457,840.1554122754853,877.6463513639505,914.8149490818231,951.5046150712257,987.5669021024169,1022.8637891422908,1057.2696049473072,shipments
1,Field Survey Technologies,GIS software,Software,Units,EU Europe,Romania,120.25983221108007,129.06184515945645,138.30862132353738,147.9939919166639,158.1074333106702,168.63381789430215,179.55324587077527,185.18645860027272,198.5072550790219,219.6788836795101,232.99968015825928,238.63289288775673,250.9279209730184,263.2786053052594,275.63085612645824,287.9305562616401,300.124505452838,312.16133090190954,323.9923313371315,335.5722260223891,346.8597858327596,shipments
1,Field Survey Technologies,GIS software,Software,Units,EU Europe,Slovakia,732.5668066510189,786.1845641278077,842.5116116697334,901.5103719056942,963.1167398012981,1027.2385650045542,1093.754627235046,1128.069531759365,1209.2136108676536,1338.1812975033588,1419.3253766116477,1453.6402811359665,1528.5358576265087,1603.770466014653,1679.014616722892,1753.9386531624266,1828.2185041752034,1901.541230636065,1973.6101671127515,2044.1494844805393,2112.9080341403446,shipments
1,Field Survey Technologies,GIS software,Software,Units,EU Europe,Slovenia,2152.027867318016,2309.5382912486984,2475.0076721890186,2648.3256208214984,2829.3038187304082,3017.671560058386,3213.072741554273,3313.878060782817,3552.2512957198496,3931.113746357462,4169.486981294494,4270.292300523039,4490.30959626065,4711.322850434987,4932.36413664487,5152.465037867712,5370.673545144342,5586.070351577423,5797.783956749935,6005.004070108667,6206.99290394722,shipments
1,Field Survey Technologies,GIS software,Software,Units,EU Europe,Sweden,2122.3822906897767,2277.7229065927395,2440.9128397216296,2611.843221443261,2790.3283275499552,2976.1011813327327,3168.810585093183,3268.2272458098614,3503.316735164522,3876.9601103512496,4112.049599705911,4211.466260422589,4428.452675519953,4646.421329082009,4864.417628520179,5081.486497383106,5296.689041251156,5509.118617274462,5717.915730518268,5922.2812527061415,6121.48755963482,shipments
1,Field Survey Technologies,GIS software,Software,Units,EU Europe,Netherlands,94.84807295259846,101.79015786081604,109.08302434883605,116.72180713856608,124.69820631944033,133.00029085222954,141.61236590897275,146.05524065859888,156.56125794611268,173.25917059993904,183.76518788745284,188.20806263707897,197.90506370006315,207.64596044855352,217.38809267572552,227.08877855119883,236.70605941050516,246.19941789372157,255.53044365478,264.6634240996798,273.565842111304,shipments
2,Remote Sensing Technologies,Drones,Hardware,Units,EU Europe,Austria,314.93817720618995,352.18905046582904,393.24690853820067,438.35636332752614,487.74346544569886,541.6063763937466,600.1049674142164,634.5278349117125,715.927212880881,845.3006629912626,926.7000409604311,961.1229084579272,1044.9019864849488,1131.6916192620754,1220.9110445930169,1311.905961013143,1403.9663736721684,1496.3480723307518,1588.2964128668202,1679.0708119059143,1767.968281603131,shipments
2,Remote Sensing Technologies,Drones,Hardware,Units,EU Europe,Belgium,98.47959058139706,110.12775207122193,122.96633864394184,137.07183921681903,152.5149386839728,169.35760115424296,187.64981756442683,198.41367581706317,223.866853602924,264.3212834595872,289.77446124544804,300.5383194980844,326.7356175728312,353.874301038969,381.7727684665818,410.22642306487967,439.0132530003299,467.90054745861664,496.65233300255386,525.0370329203085,552.8348264338349,shipments
2,Remote Sensing Technologies,Drones,Hardware,Units,EU Europe,Bulgaria,189.19414812182902,211.58646412867915,236.2690682470191,263.3893433194785,293.08352959481624,325.4711070132044,360.64852914143574,381.36865775458796,430.3653190778912,508.23897459509425,557.2356359183975,577.9557645315497,628.3349623081835,680.5245086437264,734.1751715552402,788.8934974064658,844.2525422416415,899.8047872324623,955.0964393034699,1009.6821605830789,1063.1392206652386,shipments
2,Remote Sensing Technologies,Drones,Hardware,Units,EU Europe,Cyprus,12.204259795822399,13.647779088766843,15.238823944047027,16.986873387847552,18.90068717238083,20.98794431091075,23.254840019892917,24.588770448980178,27.743101133074035,32.75648887105937,35.910819555153225,37.244749984240485,40.4912971090333,43.85450710596744,47.31187469230459,50.83804484398901,54.40550434657509,57.98541409524488,61.548530658792664,65.06615547808364,68.5110468691511,shipments
2,Remote Sensing Technologies,Drones,Hardware,Units,EU Europe,Czechia,210.3501872159211,235.23039778179233,262.65332951024317,292.7823610056228,325.76847360958334,361.74402126285673,400.8157834803896,423.8071422506748,478.1745566650415,564.5843075974338,618.9517220118006,641.9430807820858,697.8999193721037,755.8675359533014,815.4580339619744,876.2343992615652,937.7224195764943,999.4250298492257,1060.8381961332627,1121.4672757884266,1180.8427365843042,shipments
2,Remote Sensing Technologies,Drones,Hardware,Units,EU Europe,Germany,684.9083522668043,765.9192809864921,855.2094082407109,953.3107010896349,1060.7147606261972,1177.8525364048648,1305.071706659757,1379.9324608152401,1556.9548667203385,1838.3083606924608,2015.3307665975594,2090.1915207530424,2272.3891533009437,2461.1339568256863,2655.1629251003055,2853.05312317928,3053.260497536484,3254.166585103105,3454.1302318381117,3651.5408621573797,3844.86966094301,shipments
2,Remote Sensing Technologies,Drones,Hardware,Units,EU Europe,Denmark,119.82674266694711,133.99984433343542,149.62141627919897,166.78452771534575,185.5751857075843,206.06878615551864,228.32615639488338,241.42326682484688,272.3938604940142,321.61748670482575,352.5880803739931,365.6851908039566,397.5612056862218,430.5826675019956,464.528609575015,499.1500852265243,534.1769577237376,569.3260721642208,604.310303792814,638.8478776458659,672.6713229951957,shipments
2,Remote Sensing Technologies,Drones,Hardware,Units,EU Europe,Spain,722.7195249871683,808.2027574945369,902.4222514481959,1005.9393417767757,1119.272768990874,1242.877273722967,1377.1197281938112,1456.1132585024563,1642.9083949384342,1939.7943401076386,2126.589476543617,2205.583006852262,2397.8390744166286,2597.003757247158,2801.7443233697295,3010.5592830382902,3221.8193414322072,3433.8166863216697,3644.819561822784,3853.128478628315,4057.1302215801397,shipments
2,Remote Sensing Technologies,Drones,Hardware,Units,EU Europe,Estonia,174.9595670356353,195.65377665804914,218.4629042635909,243.52284062686905,270.95916505216445,300.8819634323038,333.3800500343461,352.50320000274115,397.72350340575406,469.5951418905337,514.8154452935466,533.9385952619417,580.4809082589965,628.6956934862775,678.260316503861,728.8112891440753,779.9541835458546,831.2755639599552,882.3561982372767,932.7846654834118,982.1704304826347,shipments
2,Remote Sensing Technologies,Drones,Hardware,Units,EU Europe,Finland,1299.012234162611,1452.659342070496,1622.0089598832794,1808.070028019122,2011.7749279155312,2233.941007969131,2475.227682360196,2617.2102340180427,2952.9548197433523,3486.5760401366633,3822.320625861973,3964.3031775198197,4309.863211839552,4667.840754530912,5035.840360224865,5411.163259229772,5790.88096569201,6171.923866983892,6551.179314281106,6925.592654532777,7292.264303385244,shipments
2,Remote Sensing Technologies,Drones,Hardware,Units,EU Europe,France,971.4202883436892,1086.3198358165944,1212.9619491394426,1352.1011286673156,1504.4346228333306,1670.5736566854468,1851.0113497619516,1957.1879720015022,2208.262668372903,2607.312397196236,2858.3870935676373,2964.5637158071877,3222.9785477470296,3490.6793734948137,3765.8748440779145,4046.546780172779,4330.505217360659,4615.454654563528,4899.0674076080495,5179.05916240585,5453.261567501238,shipments
2,Remote Sensing Technologies,Drones,Hardware,Units,EU Europe,Greece,129.82577424727404,145.18156091379024,162.10668653833642,180.7019865614975,201.06064497248852,223.26434913777962,247.37900217533416,261.5690107170675,295.12396858797405,348.45509686406433,382.01005473497094,396.2000632767042,430.7359959066181,466.5129581405432,503.2915445737243,540.8020349868144,578.7517508866326,616.8339092995101,654.7374261317414,692.1570134984577,728.8028813778186,shipments
2,Remote Sensing Technologies,Drones,Hardware,Units,EU Europe,Croatia,122.53416742981918,137.02750317398093,153.0020366522006,170.55293992743057,189.76816335161323,210.72480635664493,233.48507064120602,246.8781036700064,278.5484622693932,328.88427146670176,360.55463006608863,373.947663094889,406.54390044263346,440.3114655191357,475.02439901762494,510.42812943480556,546.2464164347773,582.1897073730204,617.9643900554704,653.2823229554105,687.8699919785738,shipments
2,Remote Sensing Technologies,Drones,Hardware,Units,EU Europe,Hungary,101.96091638355817,114.02084893074493,127.31328896117135,141.91742933146085,157.90645369861616,175.34451664820065,194.28337633331623,205.42774487488126,231.78071117580168,273.665234817789,300.01820111870944,311.16256966027447,338.2859614484099,366.38401729241383,395.26871601854344,424.7282281892991,454.5326936898959,484.4411752079434,514.2093574720678,543.5974773637165,572.3779432790112,shipments
2,Remote Sensing Technologies,Drones,Hardware,Units,EU Europe,Ireland,81.83265389232682,91.5118164685655,102.18017531601306,113.90128970675795,126.73389599867622,140.72948392118795,155.9295939701922,164.87393544982103,186.02452183948134,219.6405567694345,240.79114315909482,249.73548463872365,271.5044056263972,294.055580728433,317.2381063223346,340.8819705480879,364.8026903323349,388.80689217085535,412.69849144856266,436.2850570556496,459.3839265994114,shipments
2,Remote Sensing Technologies,Drones,Hardware,Units,EU Europe,Italy,593.0871034360051,663.2374190249498,740.5569943569903,825.5064790968565,918.5115685471222,1019.9454376327824,1130.1091536077543,1194.933808900927,1348.2239616842141,1591.8582059290902,1745.1483587123776,1809.97301400555,1967.7445841478843,2131.185588248067,2299.2023431844173,2470.5626777293182,2643.9295396620914,2817.90144282722,2991.0572521293775,3162.002311473496,3329.4127641319365,shipments
2,Remote Sensing Technologies,Drones,Hardware,Units,EU Europe,Lithuania,119.3310069766492,133.44547304826182,149.00241692703702,166.09452278708213,184.80744187393438,205.2162581665239,227.38154735157434,240.42447367425598,271.26693877804803,320.28692173047284,351.1293868342649,364.17231315694653,395.91645365216004,428.8013022478501,462.60680642986273,497.08504943772977,531.9670121224095,566.970711022733,601.8102092484985,636.2048975683698,669.8884118083721,shipments
2,Remote Sensing Technologies,Drones,Hardware,Units,EU Europe,Luxembourg,9.608758300319936,10.745281794559206,11.997956329117052,13.374245008930112,14.881044634229445,16.52440110895942,18.30919210194519,19.359433189645493,21.842926793503054,25.79010850267797,28.27360210653553,29.323843194235835,31.879941405403976,34.527891589553796,37.249974702193384,40.02622801703484,42.8349896035641,45.65355362034306,48.4588958883532,51.228421221740795,53.94068147360392,shipments
2,Remote Sensing Technologies,Drones,Hardware,Units,EU Europe,Latvia,193.20815483424474,216.0608065905519,241.24896596195666,268.9226973677186,299.2206782524414,332.2644766594547,368.1521703386763,389.2698981806733,439.2067580481954,518.5747337001351,568.5115935676573,589.6293214096543,641.0260787761566,694.2697501416388,749.0040497317369,804.8275769293261,861.3047643599388,917.9790542050615,974.3874876717151,1030.0757319490945,1084.612518317765,shipments
2,Remote Sensing Technologies,Drones,Hardware,Units,EU Europe,Malta,0.010175437583837026,0.011378987877927673,0.012705539253335984,0.014162994953758059,0.015758658520201585,0.017498932415534397,0.01938898197050306,0.02050116132832078,0.023131119681531677,0.02731108756691756,0.02994104592012846,0.03105322527794618,0.03376007011605943,0.036564183923670654,0.03944680267054439,0.04238678632287011,0.04536119543155336,0.04834598507162874,0.05131677320650008,0.05424963209273124,0.057121848672789896,shipments
2,Remote Sensing Technologies,Drones,Hardware,Units,EU Europe,Poland,539.377445530877,603.1749852284039,673.4925402561844,750.749044086228,835.3316412771444,927.5797122278901,1027.7670596993244,1086.7212281121667,1226.1295048294985,1447.7003593352338,1587.1086360525658,1646.0628044654081,1789.5466637295137,1938.1865359773346,2090.9877814586985,2246.8298137279407,2404.496663314215,2562.713761915276,2720.188671686783,2875.653035860238,3027.9028854808867,shipments
2,Remote Sensing Technologies,Drones,Hardware,Units,EU Europe,Portugal,298.0254040601102,333.27583528213273,372.12880906387323,414.81580118969094,461.5507229279663,512.5210941339826,567.8782006635242,600.4524953579793,677.4805734547822,799.9064256834058,876.9345037802086,909.5087984746636,988.7887822552261,1070.9176483269239,1155.345822516986,1241.4541405814848,1328.5707357305193,1415.991363215953,1503.0019047260655,1588.901547608129,1673.0250557882412,shipments
2,Remote Sensing Technologies,Drones,Hardware,Units,EU Europe,Romania,370.79986226600903,414.65805309093304,462.9984869285412,516.1091633513166,574.2562283581306,637.6729920479343,706.5476825842442,747.0762543823722,842.9137244765293,995.2345955356164,1091.0720656297735,1131.6006374279016,1230.2399032951655,1332.42371652911,1437.4683031131829,1544.6033058454802,1652.9927956080053,1761.7605589905818,1870.0180980060586,1976.8934694188401,2081.5589939733427,shipments
2,Remote Sensing Technologies,Drones,Hardware,Units,EU Europe,Slovakia,169.381456208257,189.41588713600072,211.49780762840638,235.75877595164056,262.3203676547807,291.2891588408138,322.7511321750004,341.26459242079494,385.04316921060536,454.6233756142135,498.401952404024,516.9154126498184,561.9738503466605,608.6514380369747,656.6358276040893,705.5751197137876,755.0874617665894,804.7725992897509,854.224666213144,903.0453586806848,950.8565926318033,shipments
2,Remote Sensing Technologies,Drones,Hardware,Units,EU Europe,Slovenia,212.21253611245896,237.31302522101294,264.9787476373175,295.37452844869165,328.6526857197958,364.946745195479,404.3644317699838,427.5593460122296,482.40810582296734,569.5828910366641,624.4316508474019,647.6265650896477,704.078821145089,762.5596577438382,822.677744055043,883.9921968094127,946.0246052625193,1008.273503559406,1070.2303952566492,1131.3962583636765,1191.2974036163077,shipments
2,Remote Sensing Technologies,Drones,Hardware,Units,EU Europe,Sweden,952.8754384671035,1065.5815019410225,1189.8059604055086,1326.2889104647802,1475.7142897660121,1638.6816547963026,1815.6747112203382,1919.8243740238318,2166.1059416044436,2557.537631765089,2803.8191993457012,2907.9688621491946,3161.450438811469,3424.0407354866165,3693.982600858958,3969.2963835552305,4247.833926561646,4527.343550947392,4805.542009076103,5080.188595441958,5349.156353393046,shipments
2,Remote Sensing Technologies,Drones,Hardware,Units,EU Europe,Netherlands,116.95092985675987,130.78388051500576,146.03053851654437,162.7817394339522,181.12142618418568,201.1231851835142,222.84638392634287,235.6291668772092,265.8564737972703,313.89874489760894,344.1260518176701,356.9088347685364,388.01983301181195,420.2487877395406,453.3800354221867,487.17060404100675,521.3568400793934,555.6623842840099,589.8070028242986,623.515683267509,656.5273741181737,shipments
3,Decision Support Systems,Total,Software,Units,EU Europe,Austria,5178.910136762669,5823.374501148545,6538.064062982403,7328.089792625111,8198.29872664805,9153.08946481289,10196.200554597735,10822.988262053885,12305.146292885072,14660.83871758726,16142.996748418449,16769.784455874596,18334.153689366092,19967.976176589305,21661.0781027146,23401.488072096156,25175.7289547954,26969.208121735483,28766.68421019678,30552.77976841945,32312.503649923132,shipments
3,Decision Support Systems,Total,Software,Units,EU Europe,Belgium,2727.3020115293225,3066.6878882742853,3443.05554635976,3859.096509557731,4317.363309625267,4820.172323881363,5369.492334905358,5699.569383976454,6480.098968800855,7720.646597312272,8501.176182136673,8831.25323120777,9655.076631229716,10515.475293924239,11407.091515659293,12323.620956223618,13257.96633016131,14202.44291123001,15149.024339036121,16089.612586386802,17016.31306100852,shipments
3,Decision Support Systems,Total,Software,Units,EU Europe,Bulgaria,3191.164035058316,3588.5279140920675,4029.225285663411,4516.414388289042,5053.091161392268,5641.97528922995,6285.379455992881,6672.382387410651,7587.523983093891,9042.019441497821,9957.161037181062,10344.163968598832,11309.11923688188,12316.915595141003,13361.277494095246,14434.820576490694,15529.231697797819,16635.50963630736,17744.253009700325,18845.976491385813,19931.433040790456,shipments
3,Decision Support Systems,Total,Software,Units,EU Europe,Cyprus,205.0536260749956,230.5705304629231,258.8679293947359,290.1481864908835,324.6032151845853,362.40717351430175,403.7080854264609,428.5251007441775,487.2096252121173,580.4808465398795,639.1653710078193,663.9823863255359,725.9219788993727,790.611501698741,857.6481329779953,926.5578776258999,996.8071225288828,1067.8180875310507,1138.9873065344311,1209.705925135321,1279.3803842906705,shipments
3,Decision Support Systems,Total,Software,Units,EU Europe,Czechia,4386.913455590479,4932.821632622541,5538.21565811897,6207.424895605129,6944.555137495486,7753.332317619872,8636.92325753011,9167.858020834752,10423.353643863518,12418.796415075323,13674.29203810409,14205.226801408731,15530.361290845056,16914.32773628838,18348.50817681793,19822.761969855634,21325.673006392266,22844.88026853813,24367.473213837264,25880.426022521322,27371.040103482774,shipments
3,Decision Support Systems,Total,Software,Units,EU Europe,Germany,11403.590080269521,12822.654562703656,14396.349912222757,16135.930120374984,18052.068015362496,20154.448999573953,22451.30508743133,23831.4468343298,27095.05291581005,32282.119317254153,35545.7253987344,36925.867145632874,40370.49642125762,43968.056799060665,47696.14626572145,51528.404663402005,55435.156314938715,59384.26929376955,63342.18320820406,67275.03800820903,71149.82426037457,shipments
3,Decision Support Systems,Total,Software,Units,EU Europe,Denmark,1959.6009592305686,2203.454000370594,2473.8789187294124,2772.8096081490244,3102.080094952319,3463.354725514233,3858.0480949968282,4095.2126258208327,4656.032995792273,5547.38214323745,6108.202513208891,6345.367044032895,6937.294567312339,7555.50187901063,8196.139401364746,8854.67738626719,9526.016344432022,10204.634702944946,10884.765420436905,11560.589962037942,12226.435963438367,shipments
3,Decision Support Systems,Total,Software,Units,EU Europe,Spain,12068.952322405858,13570.814583357302,15236.32991753257,17077.408950136123,19105.34723404301,21330.395283243062,23761.265423317676,25221.933934219276,28675.96077306966,34165.67556038886,37619.702399239235,39080.37091014084,42725.983055372904,46533.44933319049,50479.060645950776,54534.9188066865,58669.616659379084,62849.14748448017,67037.99275103747,71200.31678567019,75301.18416232307,shipments
3,Decision Support Systems,Total,Software,Units,EU Europe,Estonia,2914.0185602749452,3276.639472718537,3678.7740131955165,4123.297972576801,4612.938634047141,5150.170958748215,5737.098516051176,6089.773299866045,6923.7395006780325,8249.217500219513,9083.183701031501,9435.858484846369,10316.08248200707,11235.385757452414,12188.043808447377,13167.320687044783,14165.633213435918,15174.770549654842,16186.156834627307,17191.139634027444,18181.28387601003,shipments
3,Decision Support Systems,Total,Software,Units,EU Europe,Finland,21485.327862052807,24158.965326033882,27123.94041733483,30401.456607534932,34011.62240733342,37972.685933712026,42300.15699784214,44900.46073723427,51049.37052613606,60822.242182588205,66971.15197149,69571.45571088213,76061.42850270262,82839.53642104704,89863.5721787739,97083.87100981762,104444.52142938258,111884.98417113547,119342.02861966728,126751.85957791563,134052.28448245444,shipments
3,Decision Support Systems,Total,Software,Units,EU Europe,France,15948.206173507437,17932.80337316636,20133.655711049352,22566.50217603812,25246.26898552775,28186.501417196618,31398.712149271552,33328.874928998666,37893.109726127535,45147.35192736498,49711.586724493856,51641.74950422096,56459.149769599906,61490.42800943367,66704.25444734281,72063.7637427629,77527.45371836096,83050.38707053734,88585.62875145399,94085.82463357967,99504.81019802288,shipments
3,Decision Support Systems,Total,Software,Units,EU Europe,Greece,2202.178766595447,2476.218226945142,2780.1188809854057,3116.0540180972416,3486.0846976032753,3892.081294300925,4335.6335152244465,4602.156498646165,5232.400480109738,6234.0891947843065,6864.33317624788,7130.856159669599,7796.058029973462,8490.792847673583,9210.734498123935,9950.792498461995,10705.236096733857,11467.860207882384,12232.183892005405,12991.668341350785,13739.939013091138,shipments
3,Decision Support Systems,Total,Software,Units,EU Europe,Croatia,2061.56222196678,2318.103338135339,2602.598910022531,2917.083455149479,3263.486427246828,3643.5587713703417,4058.788686396299,4308.293278050112,4898.294054788108,5836.0215652281895,6426.022341966185,6675.526933619999,7298.253420044259,7948.62707552627,8622.598022436923,9315.40082242028,10021.670651370854,10735.598639849017,11451.117677832712,12162.1064825074,12862.597547113604,shipments
3,Decision Support Systems,Total,Software,Units,EU Europe,Hungary,1618.5167228209473,1819.9251897523195,2043.2804859260332,2290.1798954772557,2562.1382177633295,2860.53010634712,3186.5239347768415,3382.4080801639484,3845.6131745591933,4581.815866345316,5045.020960740561,5240.905106127668,5729.802904739655,6240.406284188265,6769.535716541596,7313.449892617486,7867.936930069035,8428.436329955905,8990.184850632875,9548.37671980994,10098.326893601035,shipments
3,Decision Support Systems,Total,Software,Units,EU Europe,Ireland,1360.5272675566175,1529.8314874718183,1717.5842406641864,1925.128206260412,2153.7367265753965,2404.5653371864682,2678.596174421676,2843.256642443709,3232.62744875671,3851.4803913928836,4240.851197705884,4405.511665727917,4816.4797927057425,5245.693659236329,5690.480549994394,6147.695515603189,6613.798042270117,7084.954568639582,7557.161107573909,8026.377920619966,8488.666753778387,shipments
3,Decision Support Systems,Total,Software,Units,EU Europe,Italy,10084.61097609611,11339.541498379942,12731.217740956408,14269.592019358817,15964.10270515927,17823.314953238736,19854.50863444585,21075.018360889106,23961.144350974835,28548.256514559915,31434.382504645648,32654.892231088903,35701.103639691755,38882.557604433314,42179.443207187906,45568.44919814794,49023.33229273892,52515.67705538228,56015.80480664273,59493.771868273994,62920.38679336006,shipments
3,Decision Support Systems,Total,Software,Units,EU Europe,Lithuania,1992.4218793391622,2240.359160764842,2515.313365863912,2819.2507788357007,3154.036143701585,3521.361682603322,3922.6656834423484,4163.802430182099,4734.0158556485385,5640.29401148155,6210.50743694799,6451.64418368774,7053.485769246097,7682.047297547633,8333.414715108582,9002.982406079067,9685.565470962629,10375.54985724976,11067.071932679699,11754.215709037604,12431.213816847068,shipments
3,Decision Support Systems,Total,Software,Units,EU Europe,Luxembourg,152.1859504257199,171.12399322228424,192.12565329260482,215.34112012856824,240.91282734031333,268.9700309040195,299.6225906909996,318.04119237656573,361.595458167352,430.8191521679727,474.373417958759,492.7920196443251,538.7621199798523,586.7731534750977,636.5261553597883,687.6693376754208,739.8066653925106,792.5093237475986,845.3294344786539,897.8151202506003,949.5258555832045,shipments
3,Decision Support Systems,Total,Software,Units,EU Europe,Latvia,3163.3416513020397,3556.9883670792146,3993.5294923347833,4476.086870274008,5007.621130115533,5590.818990390102,6227.964001621,6610.813599154192,7516.1338516641035,8955.019595562197,9860.33984807211,10243.189445605301,11198.725306170065,12196.684063550205,13230.851427218695,14293.915122300974,15377.643153000849,16473.122163005544,17571.042541559058,18662.011553055203,19736.87242187715,shipments
3,Decision Support Systems,Total,Software,Units,EU Europe,Malta,0.17032278220441507,0.191517775103523,0.21502231782958947,0.24100449877740027,0.26962372614916064,0.30102466006242956,0.3353302529900359,0.3559439001409385,0.40468876591603553,0.4821622260066075,0.5309070917817046,0.5515207389326072,0.6029693474635551,0.6567021183175299,0.7123844574580148,0.7696226524321155,0.8279734705505881,0.8869569928500968,0.9460719649673793,1.0048126568747304,1.0626860432618932,shipments
3,Decision Support Systems,Total,Software,Units,EU Europe,Poland,9024.719382854504,10147.75683421833,11393.168044507762,12769.859341900523,14286.277126071445,15950.086354990119,17767.801785815554,18860.036063499,21442.8305040407,25547.837643350245,28130.63208389195,29222.866361575394,31948.921259345276,34796.00473428733,37746.38799376644,40779.209797971205,43870.98502888067,46996.284710320506,50128.54938906126,53240.98246441067,56307.460507570046,shipments
3,Decision Support Systems,Total,Software,Units,EU Europe,Portugal,5025.280039341336,5650.626651059068,6344.115260547539,7110.705223473847,7955.099791195689,8881.567080942299,9893.734737820796,10501.92906288256,11940.119525894017,14225.93136816773,15664.121831179187,16272.316156240951,17790.279062648642,19375.63492248253,21018.51172266705,22707.293193756825,24428.901998961017,26169.17839314313,27913.333141922823,29646.444958901222,31353.967403382278,shipments
3,Decision Support Systems,Total,Software,Units,EU Europe,Romania,6195.742192059574,6966.741291920459,7821.753670112941,8766.893789694106,9807.96035892471,10950.215602753571,12198.13209856385,12947.983890156796,14721.150213653007,17539.361490121675,19312.52781361789,20062.379605210834,21933.898555713786,23888.507276681532,25914.034416974624,27996.158105940376,30118.75510135538,32264.36764371484,34414.76186690161,36551.541095909015,38656.770808549394,shipments
3,Decision Support Systems,Total,Software,Units,EU Europe,Slovakia,2815.271392622637,3165.604192518338,3554.111624565536,3983.572027886851,4456.620266389564,4975.647432359428,5542.685811641751,5883.409526757584,6689.115166236644,7969.676774364398,8775.382413843457,9116.10612895929,9966.50202968844,10854.652931603552,11775.028317841554,12721.120501108891,13685.603272344439,14660.544033743188,15637.657533907446,16608.584543020963,17565.175827999115,shipments
3,Decision Support Systems,Total,Software,Units,EU Europe,Slovenia,4033.9011485379233,4535.88042043798,5092.558750085888,5707.917119708488,6385.730931055561,7129.426294285809,7941.915198711175,8430.125958548246,9584.592598245923,11419.4632808155,12573.92992051318,13062.140680350249,14280.642388445813,15553.241880167567,16872.014676765633,18227.636147116868,19609.60882968929,21006.566390324017,22406.63719020972,23797.843589519187,25168.508845191034,shipments
3,Decision Support Systems,Total,Software,Units,EU Europe,Sweden,15692.956502480549,17645.79039429013,19811.41827939695,22205.32724551648,24842.20461721546,27735.378881165576,30896.178456166737,32795.44914626359,37286.6337571971,44424.77243461058,48915.95704554409,50815.22773564095,55555.52592323352,60506.27898665619,65636.6585799115,70910.38938904676,76286.63347551523,81721.17275340455,87167.82336628901,92579.98908538431,97912.24425096164,shipments
3,Decision Support Systems,Total,Software,Units,EU Europe,Netherlands,2660.865913150919,2991.984471718301,3359.1839487027046,3765.0903033228133,4212.193888578004,4702.754655666953,5238.693428331817,5560.7299189272335,6322.246083138354,7532.574416557965,8294.090580769087,8616.127071364503,9419.882428969835,10259.322088973136,11129.218859480357,12023.421971745644,12935.007027640113,13856.476498095199,14779.999541976447,15697.67539712766,16601.801780710313,shipments
4,Telematics Systems,Total,Hardware,Units,EU Europe,Austria,154.4767182231883,165.18660873022122,176.3067141310417,187.80855891762815,199.65816120357206,211.81626229109514,224.23871447733077,230.2592790485303,244.49604218729263,267.1234775758484,281.3602407146108,287.3808052858103,299.5313841124828,311.4198288690963,322.9947418721497,334.2105668441824,345.02814050116103,355.4150185349224,365.345583306182,374.8009511663653,383.76870540237195,shipments
4,Telematics Systems,Total,Hardware,Units,EU Europe,Belgium,45.08071440604321,47.91304265184492,50.82625411919988,53.811095137032574,56.857235816833935,59.95339304183347,63.087483916591694,64.56191995390128,68.04850271174548,73.58996078834807,77.07654354619228,78.55097958350187,81.43189453429393,84.22451439742838,86.91932408047062,89.50841882887751,91.9855305597147,94.34600722155446,96.58675113945918,98.706123529062,100.70382296433911,shipments
4,Telematics Systems,Total,Hardware,Units,EU Europe,Bulgaria,47.54529311568064,49.45948556829697,51.392284924756694,53.3394207499796,55.296492181324915,57.25900711476563,59.222423161648884,60.12929859339287,62.27377699993035,65.6821392879819,67.82661769451937,68.73349312626335,70.49670181336832,72.21190632926373,73.87617451517445,75.48703780714972,77.04248901280825,78.54097292770126,79.98137064041144,81.3629784679442,82.68548251005086,shipments
4,Telematics Systems,Total,Hardware,Units,EU Europe,Cyprus,0.07580823306207624,0.07865372156580953,0.08156862456974408,0.0845518669521696,0.08760215387591601,0.09071796629986459,0.09389755777959627,0.09551513238665939,0.09934019335356568,0.10541961738010627,0.10924467834701257,0.11086225295407569,0.11435408351193935,0.11787829181177459,0.1214304792642048,0.1250061006409874,0.1286004865441034,0.13220886725872621,0.13582639773791114,0.1394481834451002,0.14306930676386012,shipments
4,Telematics Systems,Total,Hardware,Units,EU Europe,Czechia,152.87186711019274,164.08660731365399,175.74554655591962,187.81326678776148,200.2475629398028,212.99982564872064,226.01564706014148,232.25074499414131,246.99481282757648,270.42854133832145,285.1726091717566,291.40770710575646,303.7793026855995,315.8029695411987,327.42512831743244,338.6002939780208,349.29148289020645,359.470310126743,369.11680663388574,378.2189981500668,386.7722951187409,shipments
4,Telematics Systems,Total,Hardware,Units,EU Europe,Germany,687.7137511374383,723.5151664649884,760.1529937144788,797.5445223895283,835.5990523633402,874.2186463647174,913.2990446615672,931.9582779347352,976.0815626067039,1046.209636194407,1090.3329208663758,1108.9921541395438,1146.455989807488,1183.191674168637,1219.0935418134873,1254.0664501558579,1288.026537119176,1320.901707292201,1352.6318534781421,1383.1688295310075,1412.4761976774196,shipments
4,Telematics Systems,Total,Hardware,Units,EU Europe,Denmark,34.042064369592026,35.74402255060251,37.45369696304417,39.16403988266358,40.86799256677222,42.55860133435723,44.22912999610754,44.94839071274822,46.64921865616313,49.35245772964936,51.053285673064266,51.77254638970495,53.039177497502834,54.23133591872321,55.349180509355804,56.39364661075406,57.36633402296164,58.269394142765,59.10542040706055,59.87734521722128,60.5883455875584,shipments
4,Telematics Systems,Total,Hardware,Units,EU Europe,Spain,150.73629121326795,163.91012708340415,177.78420447096653,192.3200176560027,207.46645765307855,223.159920887112,239.32490630158907,247.21079802713373,265.85847986939285,295.49648198542326,314.1441638276824,322.03005555322704,337.80372036800327,353.1211081234358,367.8940811839834,382.0483480711211,395.5244003483091,408.27776921136353,420.2786691673439,431.51112994945464,441.97173698335644,shipments
4,Telematics Systems,Total,Hardware,Units,EU Europe,Estonia,91.7152289552061,97.28248239840227,103.00333015317753,108.86075428018746,114.8358153805315,120.90786262316045,127.05479491467534,129.95836791833625,136.82441521678578,147.73708125654264,154.60312855499217,157.50670155865308,163.21480180678356,168.76220106841762,174.13036897143135,179.30359673628567,184.26907662784723,189.01689996248467,193.5399821156754,197.83392532619501,201.89683148460446,shipments
4,Telematics Systems,Total,Hardware,Units,EU Europe,Finland,551.6507577731861,586.1177505554031,621.5716495263878,657.9023877175468,694.9869633549511,732.6908618139686,770.8698384815946,788.856604182063,831.3897121458842,898.9904120342927,941.5235199981139,959.5102856985824,994.7602587792412,1028.9660356193835,1062.010530512105,1093.7956262450189,1124.2425905459256,1153.2919348366158,1180.902780495693,1207.051813274479,1231.7319148030751,shipments
4,Telematics Systems,Total,Hardware,Units,EU Europe,France,448.0555341906789,467.64693200217744,487.0231992024984,506.1031821186716,524.8107773903026,543.0760621011818,560.8362124131941,567.9529831139042,584.7819328877471,611.5293030556253,628.3582528294681,635.4750235301783,646.8840762812704,657.3579738410831,666.9414900361146,675.683708962942,683.6364054677804,690.8526572485591,697.3856896391574,703.2879428256547,708.6103436256165,shipments
4,Telematics Systems,Total,Hardware,Units,EU Europe,Greece,12.346433125643006,12.830689567464686,13.298615164354285,13.748411394023313,14.178620763819,14.588129762766151,14.976160780953942,15.109991361725946,15.42645907113122,15.929442268739896,16.245909978145168,16.379740558917174,16.546748220445348,16.69111543594997,16.815573040027537,16.922615828440357,17.014495335604927,17.093223290595255,17.160582310913814,17.218141133627057,17.26727234402778,shipments
4,Telematics Systems,Total,Hardware,Units,EU Europe,Croatia,44.231565030863656,47.379398512401735,50.65606771831053,54.05381512996085,57.563158932921105,61.172937681485784,64.87040420402799,66.67791972969256,70.95213190767026,77.74542185367245,82.01963403165016,83.82714955731473,87.50438688789532,91.1106756313537,94.62961690841807,98.04649181009302,101.34846419025533,104.52471385494617,107.56650063586179,110.4671634734779,113.22206155375596,shipments
4,Telematics Systems,Total,Hardware,Units,EU Europe,Hungary,46.28008243263802,48.24559756236106,50.21565402876429,52.18406687101035,54.14467173026223,56.09140176568467,58.01836199493748,58.86399010054051,60.86363762538254,64.0418105518573,66.04145807669933,66.88708618230235,68.42223356102001,69.88346860191652,71.27012278249082,72.58220699371714,73.82034223169434,74.98568614313184,76.07985809627537,77.10486506322668,78.06303018047964,shipments
4,Telematics Systems,Total,Hardware,Units,EU Europe,Ireland,33.29502375461945,35.68976912427558,38.18595511511698,40.77806295518033,43.459235481876334,46.22129848788015,49.05481959821976,50.44781040459933,53.74180051638521,58.977158279839315,62.2711483916252,63.664139198004776,66.51534162049163,69.31688742347984,72.05574866553759,74.720115416515,77.29957035043371,79.78521076361056,82.16971724926503,84.44737119412244,86.61402571005517,shipments
4,Telematics Systems,Total,Hardware,Units,EU Europe,Italy,133.152435657775,138.11458698338447,143.12130126484774,148.16304535371415,153.23001144913735,158.31219221047672,163.39945920579459,165.77006881977564,171.3758234246128,180.2854223895415,185.89117699437867,188.26178660835973,192.91755178649962,197.4639724991622,201.8936634569713,206.20019355772732,210.3780948625724,214.42285756108112,218.33091212169305,222.0996000387999,225.72713473468602,shipments
4,Telematics Systems,Total,Hardware,Units,EU Europe,Lithuania,58.04473525529836,62.797143517721864,67.77689605582023,72.96948998766612,78.35656806566939,83.91602048741143,89.6222275095266,92.38810888253565,98.92855828919309,109.32372992468362,115.86417933134108,118.63006070435013,124.14716462039875,129.50724708367804,134.68219322368654,139.6482093046278,144.38609185913268,148.88130271694544,153.12386852307895,157.10813228023875,160.8323896959799,shipments
4,Telematics Systems,Total,Hardware,Units,EU Europe,Luxembourg,2.502893993895087,2.6401840695014047,2.78044879296136,2.9232794582120447,3.0682340277304805,3.214842174283669,3.3626111064469937,3.4318108208050915,3.5954466278686095,3.8555239091645745,4.019159716228092,4.08835943058619,4.223104440934336,4.353885411367125,4.480337918161948,4.60215714282189,4.719098475583008,4.830976676745822,4.937663771087056,5.0390858820019435,5.135219228229222,shipments
4,Telematics Systems,Total,Hardware,Units,EU Europe,Latvia,137.53783182936365,148.3541296112054,159.62693414617098,171.31657194545753,183.37540584023537,195.74836025239844,208.3737463244496,214.37181879520705,228.55539511025881,251.09829713927888,265.28187345433065,271.2799459250881,282.9790174769111,294.26940589183533,305.09934429021325,315.42719794495036,325.221607419764,334.461246041689,343.13425372592917,351.2374203651227,358.77519535399927,shipments
4,Telematics Systems,Total,Hardware,Units,EU Europe,Malta,0.0,0.0,0.0,0.0,0.0,0.0,0.0,0.0,0.0,0.0,0.0,0.0,0.0,0.0,0.0,0.0,0.0,0.0,0.0,0.0,0.0,shipments
4,Telematics Systems,Total,Hardware,Units,EU Europe,Poland,363.62742952126746,390.5350718762716,418.6612973198685,447.9507537239485,478.33214754572083,509.71823813345884,542.0062715403532,558.0128492774778,595.8634284400609,656.021873591746,693.8724527543292,709.8790304914538,742.9420040208823,775.5157496626294,807.4416728621503,838.5741613108216,868.7829622689034,897.9549537831455,925.9952807361436,952.8278641600533,978.3953250652788,shipments
4,Telematics Systems,Total,Hardware,Units,EU Europe,Portugal,118.84263096115573,126.58141032725041,134.57576787422093,142.80327565814164,151.2381637570538,159.8515621503955,168.61183617762697,172.80043018291246,182.70515257771083,198.44738723073218,208.35210962553055,212.54070363081604,220.8853879604675,229.02241967868716,236.92050616442455,244.55246723807468,251.89547648338132,258.93116432007173,265.6455922961287,272.02911331960826,278.076136184492,shipments
4,Telematics Systems,Total,Hardware,Units,EU Europe,Romania,151.85800983070567,161.86688220983237,172.2278829206791,182.914562213491,193.89599330557965,205.13700670634907,216.5985463515901,222.138123572476,235.2375011889714,256.0572140519692,269.1565916684646,274.69616888935053,285.855464468227,296.7762107505677,307.4144346905582,317.7310872580312,327.6924803457778,337.2705466537953,346.44292832836726,355.1929079310014,363.5092013067724,shipments
4,Telematics Systems,Total,Hardware,Units,EU Europe,Slovakia,64.23006781490763,67.80724423970466,71.46849640514237,75.2036230145035,79.00148294021528,82.85011424167362,86.73687540199897,88.56728405564171,92.8956313627549,99.77496187323268,104.10330918034589,105.93371783398862,109.53488091201345,113.03936351447179,116.43676787604353,119.71819937992873,122.87630742628542,125.90528743751997,128.80084769661175,131.56014575331213,134.18169978656027,shipments
4,Telematics Systems,Total,Hardware,Units,EU Europe,Slovenia,33.46309927814763,36.7096193800081,40.18265343301604,43.881154056902034,47.80074008418439,51.93337667355223,56.267148023622994,58.520272569425444,63.848211519564494,72.31625957047288,77.64419852061194,79.89732306641439,84.7200320833846,89.50399853261493,94.21495071577615,98.82070832432655,103.29201932290133,107.60322828869603,111.73274898532233,115.66333133701919,119.38212938300875,shipments
4,Telematics Systems,Total,Hardware,Units,EU Europe,Sweden,651.2613633755726,687.6941696707719,724.9759236120237,763.0002118233942,801.6509938668536,840.803879441761,880.32763611003,898.8926137655114,942.7930132100848,1012.5668404685632,1056.4672399131366,1075.032217568618,1111.4501789244111,1146.8538103594203,1181.1388262268179,1214.2167397181643,1246.015200616452,1276.4779285626373,1305.5642842306704,1333.2485310476059,1359.5188461620762,shipments
4,Telematics Systems,Total,Hardware,Units,EU Europe,Netherlands,24.287091657710818,26.6594053734975,29.213199049088704,31.952572613779818,34.8797981628016,37.99500544151567,41.29588637645645,43.091942618278786,47.33905715319122,54.08927901119719,58.33639354610963,60.13244978793197,64.19087091306004,68.29777175410882,72.42631469611737,76.54909107724895,80.6388448289851,84.66918760111845,88.6152659196118,92.4543454192675,96.16628473997355,shipments
1,Field Survey Technologies,Sensors,Hardware,Units,EU Europe,Austria,245064.926059075,280672.44633048243,310952.2677627145,344582.48022769275,381392.46162168734,421585.3640757035,465357.2457976925,493748.337525914,560884.441358953,667588.3203878432,734724.4242208821,763115.5159491036,832984.1422614367,907159.7417378018,985549.5971724503,1068000.8560576807,1154298.2114369266,1244163.2023757405,1337255.2898108708,1433174.7848687193,1531467.620836575,installed_base
1,Field Survey Technologies,Sensors,Hardware,Units,EU Europe,Belgium,54634.85294173541,60555.60101895659,67036.97428779228,74114.33127280863,81821.45554151549,90189.60741628951,99246.45575826266,105202.07394667236,119285.25908497264,141668.6027338058,155751.78787210607,161707.4060605158,175563.83744252464,190084.15567681383,205557.0753347393,221862.58995620295,237792.59509812755,253202.48641084734,269312.31787886313,286238.907397347,303229.5464691147,installed_base
1,Field Survey Technologies,Sensors,Hardware,Units,EU Europe,Bulgaria,60178.46043844762,66671.74638289891,73772.91151287575,81518.62954137019,89943.44751048127,99078.709866083,108951.35954800757,115453.12297692851,130827.7717872099,155263.7246218246,170638.373432106,177140.13686102693,192077.24471371403,208364.98673823662,225252.8490447219,241238.7230433527,256969.4846077974,273983.26636992843,291653.0419826006,309433.8399009121,327209.3149439302,installed_base
1,Field Survey Technologies,Sensors,Hardware,Units,EU Europe,Cyprus,5016.27628794983,5557.189497175776,6148.701464116772,6793.860426944175,7495.537155386731,8256.335482549644,9078.492637402165,9619.661777828322,10899.35852040803,12933.265741975032,14212.96248455474,14754.131624980897,15997.026192952946,17352.460790540557,18758.04746136803,20088.827603106052,21398.617593400402,22815.37691767996,24286.790102854666,25767.448435672843,27247.66351731107,installed_base
1,Field Survey Technologies,Sensors,Hardware,Units,EU Europe,Czechia,96917.52262809117,107466.27990066525,119024.54861781005,131658.51291293176,145432.16042285194,160405.65293535756,176633.47293579084,187295.17455305325,212506.78366147997,252577.27233802638,277788.88144645316,288450.58306371554,313537.1395946595,339900.8511330433,367452.8710465032,396306.7998557056,427037.97362714005,457692.05482635513,486974.2243471782,516830.5411486377,548444.3363280208,installed_base
1,Field Survey Technologies,Sensors,Hardware,Units,EU Europe,Germany,586702.9347676943,651213.2306698096,722051.3326132186,799669.2429974807,884515.0866145163,977024.3025676745,1077609.3891671519,1143043.3127874634,1297774.195714717,1543698.2882858738,1698429.1712131277,1763863.094833439,1922683.593618302,2090729.1623566998,2267665.741843478,2453013.2150781094,2646142.5236653816,2846277.226144201,3052499.8265133975,3266263.8008096856,3486617.9149557343,installed_base
1,Field Survey Technologies,Sensors,Hardware,Units,EU Europe,Denmark,71850.58365697326,79750.83800679396,88426.02721784059,97931.50577071683,108322.15327474901,119651.29578622326,131969.44991685025,139982.8163489557,158931.93623444592,189049.03389911927,207998.15378460952,216011.52021671494,235461.4749692037,256041.1780511436,277709.71889699297,300408.29997112125,324059.8836277764,348569.38295184495,373824.4367818594,400003.0450823342,426988.7149578016,installed_base
1,Field Survey Technologies,Sensors,Hardware,Units,EU Europe,Spain,379818.40601609496,420979.11161021853,466037.2518122209,515238.6370840451,568818.1288753013,626993.0471782169,689955.7443496771,731358.8649835804,829264.3711366433,984872.1095719734,1082777.6157250365,1124180.7363589397,1220509.8632296312,1321454.2939298593,1429021.155822133,1542376.1707866841,1653120.6650985198,1760249.357501523,1872243.994256471,1989916.6867602002,2108034.6481339717,installed_base
1,Field Survey Technologies,Sensors,Hardware,Units,EU Europe,Estonia,165213.1592594903,183195.39268853943,202898.51797020182,224435.35773423908,247914.9902912206,273439.9721114054,301103.1782836692,319277.94544140284,362255.6183933033,430562.89501167025,473540.5679635707,491715.3351213044,534479.8337076284,579421.4702141295,626388.7897498409,675575.4446121375,727962.197480493,780217.5323444834,830134.1996851413,881029.6032082976,934920.9412876972,installed_base
1,Field Survey Technologies,Sensors,Hardware,Units,EU Europe,Finland,2374531.876174427,2719547.351361612,3012940.6261641127,3338797.176853702,3695463.7777705444,4084908.8509917706,4509032.08274279,4784124.701634336,5434633.206287827,6468529.676664345,7119038.181317836,7394130.800209383,8071115.805738739,8789832.793205636,9549383.388599318,10348286.542967862,11184456.061278192,12055193.8244002,12957200.213437887,13886602.48337558,14839001.000611763,installed_base
1,Field Survey Technologies,Sensors,Hardware,Units,EU Europe,France,724753.7766926612,803637.8779923809,890071.1531899386,984548.5303369656,1087548.5119806842,1199520.990789922,1320873.3893436359,1400602.0937465846,1589135.6883159447,1888784.6807245682,2077318.2752939286,2157046.9796968773,2344645.425230664,2541794.495769756,2747829.792033134,2963600.824038747,3193409.981857541,3422642.637807985,3641616.0739265424,3864883.01031972,4101292.452395214,installed_base
1,Field Survey Technologies,Sensors,Hardware,Units,EU Europe,Greece,133070.27957188868,147419.4636765869,163110.9165178191,180225.50084763084,198839.37158821174,219021.60244670603,240831.5419652025,255187.51533636212,289134.9284227165,343089.81189820805,377037.2249845625,391393.19835572207,424364.33434273495,460320.8986324007,497607.8821462169,532910.4203926047,567656.1381688806,605239.5064974648,644272.7161289433,683551.1782766271,722817.8819893583,installed_base
1,Field Survey Technologies,Sensors,Hardware,Units,EU Europe,Croatia,32502.645903237502,35965.566729645805,39743.00905340582,43851.81013187048,48307.21330587547,53122.27018826106,58307.19257291069,61858.61934898411,70256.63937147219,83604.17164397766,92002.19166646575,95553.61844253917,103228.45182043427,110061.13941289726,117361.07300343213,125706.00548747949,134201.02561478736,142791.86105702372,151421.73270386388,160032.82899965823,168567.83744732034,installed_base
1,Field Survey Technologies,Sensors,Hardware,Units,EU Europe,Hungary,43468.9361799061,48156.26208083264,53282.0554910512,58872.73115786153,64953.165961834566,71545.9236232632,78670.39102550507,83359.93471834931,94449.247355785,112074.23013883669,123163.5427762724,127853.08646911662,138623.48697183892,150369.1119407246,162549.33363949746,174081.31348471824,185431.40152391887,197708.44072874408,210459.08725797906,223289.84834028484,236116.76839467513,installed_base
1,Field Survey Technologies,Sensors,Hardware,Units,EU Europe,Ireland,44418.97201122989,49253.64938780486,54551.00326895245,60341.366984390945,66654.06717157422,73516.67701536494,80954.16677837292,85840.60849589983,97395.5237370028,115760.51973292729,127315.43497403027,132201.87669155718,143699.47817980603,155782.42183313653,168409.987707732,181634.24088131133,195718.8677951026,209768.16185354604,223188.68513048466,236872.35000759384,251361.49753389216,installed_base
1,Field Survey Technologies,Sensors,Hardware,Units,EU Europe,Italy,406574.20933613816,450634.42618602724,498866.6272500528,551533.9387817824,608887.7667338143,671160.7399166885,738558.7606936817,782878.4691889689,887680.7987320747,1054250.1176982757,1159052.4472413815,1203372.1557366687,1306487.0600518435,1414542.3871470047,1529686.6538068133,1651026.8122970408,1769572.5554732075,1884247.78637584,2004131.7366196872,2130093.7257106807,2256532.3500460763,installed_base
1,Field Survey Technologies,Sensors,Hardware,Units,EU Europe,Lithuania,75645.6890659529,83843.36955691985,92817.27395339703,102616.35854996831,113287.39900549958,124873.67737346547,137413.5030837135,145659.46362755212,165158.59626301873,196149.8658052229,215648.99844068952,223894.95898452812,243080.13554215466,263184.5088340733,284607.82392259606,307183.9236593517,329240.10484959226,350576.15288517985,372881.315917906,396317.3363100125,419842.0376874543,installed_base
1,Field Survey Technologies,Sensors,Hardware,Units,EU Europe,Luxembourg,3228.0790265629344,3576.168024389402,3956.8183843048073,4371.991711520684,4823.535406582674,5313.125090719173,5842.200467706189,6190.45416262911,7013.965862932763,8322.827828867004,9146.339529170658,9494.59322409358,10294.421952973136,11166.672551860822,12071.197062006779,12927.582001335288,13770.4593378624,14682.173684893214,15629.058937980397,16581.893637527915,17534.443095642273,installed_base
1,Field Survey Technologies,Sensors,Hardware,Units,EU Europe,Latvia,79017.23540571291,87617.67848392998,97041.18019279848,107341.70071524165,118571.40942192313,130779.35645381932,144009.96159440215,152702.48863875843,173257.61218975965,205927.2383906557,226482.3619416569,235174.8889860132,255628.05668130226,277122.493851253,299585.7634888709,323110.48454313766,348165.7307601667,373158.12310142687,397031.99048344576,421373.96238982095,447148.8132941635,installed_base
1,Field Survey Technologies,Sensors,Hardware,Units,EU Europe,Malta,15.739780203108824,17.437026234517962,19.293038107214265,21.317380405775978,23.519060864616122,25.906249639924038,28.485966578737397,30.18401565619248,34.199373722339004,40.581249596656974,44.59660766280351,46.29465674025858,50.19453908176997,54.44754298766878,58.8579111542687,63.033555741456944,67.14333865133943,71.5887637206151,76.20567849826413,80.8516021628844,85.49613501971284,installed_base
1,Field Survey Technologies,Sensors,Hardware,Units,EU Europe,Poland,279310.6914762509,309579.43295650935,342714.2681754266,378895.96112181916,418297.22410465544,461077.8698037297,507379.35021019826,537826.3587552255,609824.0665803348,724254.816467658,796252.5242927674,826699.5328377946,897538.0035632447,971770.4743781646,1050872.9457149282,1134231.9064987025,1215671.143759145,1294451.394210626,1376809.9606681215,1463344.0532515557,1550205.5874597623,installed_base
1,Field Survey Technologies,Sensors,Hardware,Units,EU Europe,Portugal,228416.96140721106,253170.37817761395,280267.65231857635,309856.610470171,342078.4947044562,377063.99793017836,414928.7979032948,439827.9993589811,498706.86848774576,592286.9747223554,651165.8438511201,676065.0453068063,733995.9041232711,794702.3358451447,859391.3960706809,927561.3627398964,994161.4023446537,1058586.9541626582,1125938.8102503952,1196705.3619408046,1267739.6914974086,installed_base
1,Field Survey Technologies,Sensors,Hardware,Units,EU Europe,Romania,297584.67518886155,329673.71343811956,364764.4633187253,403037.7579654686,444663.9024070663,489797.3659718366,538570.8696300612,570675.0906959571,646591.5908288612,767250.7382024339,843167.2383353381,875271.4594012339,949004.713925603,1029414.2729907214,1112799.0446574632,1191746.0072038088,1269447.753769022,1353495.329926123,1440785.1819286295,1528623.491412468,1616435.5055427733,installed_base
1,Field Survey Technologies,Sensors,Hardware,Units,EU Europe,Slovakia,86689.665968788,96084.17598324735,106368.2355796664,117597.94848156131,129826.91941238186,143104.7494373638,157475.3410143727,166925.17978197162,189271.11007518254,224786.98464431986,247132.91493753082,256582.7537051297,278568.891552097,301608.4252877038,326159.4612013157,352031.5838460185,377307.88185504277,401758.91006481263,427320.54029863223,454178.12867565244,481137.3451175554,installed_base
1,Field Survey Technologies,Sensors,Hardware,Units,EU Europe,Slovenia,88657.91051789852,98265.71807965933,108783.27199189067,120267.94978447031,132774.57324869066,146353.86961661704,161050.73812897748,170715.13065493316,193568.4138719661,229890.65821708992,252743.94143412285,262408.33396007854,284893.6558273056,308456.29039831634,333564.74503158726,360024.28099482425,385874.4644286218,410880.6407342601,437022.63471515203,464490.01090637775,492061.32257574605,installed_base
1,Field Survey Technologies,Sensors,Hardware,Units,EU Europe,Sweden,1541483.7425789426,1768797.6995712998,2019550.5485547185,2295704.903750289,2599293.6870833426,2932403.2418266237,3239702.291895845,3437472.720543409,3905138.288316883,4648430.307373854,5116095.875147328,5313866.3037948925,5809250.50448648,6337127.772080729,6897295.470622262,7489170.982871154,8111770.291539956,8763695.465485247,9443131.998339418,10147856.51497912,10875254.905089783,installed_base
1,Field Survey Technologies,Sensors,Hardware,Units,EU Europe,Netherlands,37980.0103190067,42156.061875685264,46741.7417544723,51766.31017341373,57258.7763349743,63247.32823798352,69758.66881700918,73994.5110926176,84010.96095505606,99930.7715100231,109947.22137246156,114183.06364806998,124464.25336993029,135342.62478505677,146796.552687051,158794.95686895683,171297.11545446233,184252.76577577283,197602.5140485264,211440.45053817343,225704.9974377322,installed_base
1,Field Survey Technologies,GIS software,Software,Units,EU Europe,Austria,1004.2319146517808,1077.7332837574943,1154.9486561797075,1235.826519353305,1320.278995530016,1408.1797613171127,1499.362643099859,1546.402888383544,1657.6384414904314,1834.4325109220854,1945.6680640289728,1992.7083093126578,2095.378164805955,2198.5127788012283,2301.660473791016,2404.3693433220883,2506.1951376733537,2606.708867360204,2705.5038515279457,2802.201972566658,2896.458945919315,installed_base
1,Field Survey Technologies,GIS software,Software,Units,EU Europe,Belgium,82.8670649911189,88.93224041698791,95.30388743543955,101.97775534001941,108.94659264730925,116.19997542171971,123.72419137276165,127.60585158117374,136.7847709862872,151.3734386315664,160.55235803667986,164.43401824509195,172.90611464400192,181.41656191826902,189.92808860816388,198.40340436184312,206.80585064458697,215.1000281636794,223.2523784867257,231.23170015906328,239.00958355703239,installed_base
1,Field Survey Technologies,GIS software,Software,Units,EU Europe,Bulgaria,644.8946370903292,692.1267068386026,741.7475817979644,793.7242614593882,848.0003433042158,904.4946804332664,963.100474254693,993.3483010429187,1064.8750059480178,1178.5571595402087,1250.0838644453077,1280.3316912335333,1346.2979287948033,1412.5627775657874,1478.8360309847326,1544.8273353903235,1610.2512566354367,1674.832165402031,1738.3087658526536,1800.4381142725954,1860.9990049655178,installed_base
1,Field Survey Technologies,GIS software,Software,Units,EU Europe,Cyprus,57.625869017703586,61.843600207989866,66.27445215805817,70.91546892089384,75.76160780512497,80.80561999185129,86.03796993572983,88.73728169203687,95.12031465476839,105.26529385681651,111.64832681954803,114.34763857585507,120.2391458645622,126.15732240383687,132.07624957019829,137.969995602564,143.8130681063335,149.58085036549798,155.25000580080447,160.7988368785014,166.20758750789042,installed_base
1,Field Survey Technologies,GIS software,Software,Units,EU Europe,Czechia,646.4436184441142,693.7578795346609,743.4629168072852,795.5255706217652,849.8892723620838,906.4727052030156,965.1688999562361,995.449620903278,1067.0541102656607,1180.859891873874,1252.464381236257,1282.7451021832987,1348.8356853662035,1415.2254426376198,1481.6236203996655,1547.739317677613,1613.2865622841568,1677.989205343068,1741.585458477156,1803.8319200255198,1864.5069673215523,installed_base
1,Field Survey Technologies,GIS software,Software,Units,EU Europe,Germany,584.2614217215101,627.0244665776105,671.9483159513894,719.0029998686887,768.1373911173641,819.2779948363636,872.3281313334941,899.6961129586393,964.412879530178,1067.2715447956477,1131.9883113671863,1159.3562929923316,1219.0895427160829,1279.093188609444,1339.1044450162146,1398.860393079707,1458.1025686246076,1516.5813858704569,1574.060238181991,1630.3191369996682,1685.1577778103274,installed_base
1,Field Survey Technologies,GIS software,Software,Units,EU Europe,Denmark,229.11520934159648,245.88452460020278,263.5011885986171,281.9534487605989,301.2212558043063,321.27578908567557,342.0791361444753,352.8113539603059,378.18971195159725,418.52522572804565,443.903583719337,454.6358015351676,478.05989819174016,501.5900293607794,525.1231449547835,548.5561426523424,571.787667013181,594.7198442153891,617.2598901442628,639.3215373808036,660.8262375068574,installed_base
1,Field Survey Technologies,GIS software,Software,Units,EU Europe,Spain,353.82219815130145,379.7190209914036,406.9244029384336,435.42019451042836,465.1754336381608,496.1456126537896,528.2721834144178,544.84592773086,584.0376794951943,646.3277395438357,685.51949130817,702.0932356246122,738.2670251890589,774.6045636569008,810.9467109667498,847.134246392489,883.0106469133387,918.4247661653833,953.2333178102235,987.3030792307034,1020.5127482485317,installed_base
1,Field Survey Technologies,GIS software,Software,Units,EU Europe,Estonia,1834.045437546307,1968.282209645394,2109.3019277336257,2257.010513557116,2411.2474745235413,2571.782104121081,2738.3109167150906,2824.2212985550436,3027.3726380933495,3350.254585674953,3553.405925213259,3639.316307053212,3826.8239706652707,4015.180430454462,4203.56078028136,4391.139695879079,4577.105836597902,4760.675731811652,4941.106653515765,5117.708039234369,5289.851116358448,installed_base
1,Field Survey Technologies,GIS software,Software,Units,EU Europe,Finland,2987.175556178641,3205.811799395811,3435.4956699197296,3676.073939125508,3927.285206974236,4188.7537134990935,4459.985160766724,4599.9104796277525,4930.790349477461,5456.679753088687,5787.5596229383955,5927.484941799424,6232.885395829324,6539.668314622965,6846.490143977498,7152.006648670885,7454.8963690997,7753.8832385670175,8047.757549344391,8335.394557570131,8615.770158753918,installed_base
1,Field Survey Technologies,GIS software,Software,Units,EU Europe,France,480.940615002307,516.1414417689716,553.1209563198995,591.8544885720287,632.2999526508903,674.3968505287864,718.0655993530885,740.5938263159206,793.8660780147712,878.5352139391194,931.80746563797,954.3356926008022,1003.5057127153951,1052.8983121331419,1102.2971762208865,1151.4858807001642,1200.2516682079004,1248.389089720273,1295.703380126242,1342.0134536494998,1387.154427632787,installed_base
1,Field Survey Technologies,GIS software,Software,Units,EU Europe,Greece,427.7529403947427,459.06087464707156,491.950789929967,526.4007444480386,562.3733066432279,599.8146690215765,638.6540498729216,658.6908590436035,706.0716823610994,781.3771789703812,828.7580022878772,848.794811458559,892.5270728380328,936.4572982663417,980.3930955489058,1024.141974971614,1067.5147082081266,1110.3285670352495,1152.410325598616,1193.5989245681067,1233.7477158144877,installed_base
1,Field Survey Technologies,GIS software,Software,Units,EU Europe,Croatia,733.6286466928432,787.3241219713734,843.7328143735012,902.8170920605228,964.5127570791591,1028.7275255074392,1095.3400013587222,1129.7046446090174,1210.9663403381683,1340.1209628990723,1421.3826586282235,1455.7473018785186,1530.7514379179663,1606.0950972745577,1681.4483127826345,1756.4809500231668,1830.8684681038342,1904.2974743008576,1976.4708731717283,2047.1124357832591,2115.9706495018013,installed_base
1,Field Survey Technologies,GIS software,Software,Units,EU Europe,Hungary,154.97860233010516,166.32173859888482,178.2380403234149,190.7195578008154,203.75272925277187,217.31805975728378,231.38990448651776,238.6494143277866,255.81589778484667,283.09973270486114,300.26621616192125,307.5257260031901,323.3703038080116,339.2866057056512,355.20492633443973,371.0555250005359,386.7698426391899,402.2816752294294,417.52826154096937,432.4512483808404,446.9975038592137,installed_base
1,Field Survey Technologies,GIS software,Software,Units,EU Europe,Ireland,156.49227205577728,167.94619627661018,179.97888403696206,192.58230798952707,205.74277389865193,219.4405964362232,233.64988030241386,240.9802934819806,258.3144412869863,285.86475631649813,303.19890412150386,310.5293173010706,326.52864845492627,342.60040422790667,358.67419844890134,374.6796092695396,390.547408011466,406.21074404171924,421.6062431436229,436.6749821909373,451.36331035682014,installed_base
1,Field Survey Technologies,GIS software,Software,Units,EU Europe,Italy,515.6567598037888,553.3985177395906,593.0473559903527,634.576823691459,677.9417970480267,723.0774110518528,769.8983382536802,794.052739353123,851.1703872322678,941.9512672914962,999.0689151706409,1023.2233162700836,1075.9426176991312,1128.9005650621743,1181.8652293032096,1234.6045638063035,1286.890453562981,1338.5026194480772,1389.232237455158,1438.8851503395558,1487.2845735791534,installed_base
1,Field Survey Technologies,GIS software,Software,Units,EU Europe,Lithuania,368.5490606006059,395.5237664843183,423.86149659917965,453.54334604164575,484.5370640326882,516.7962903968909,550.2600400881561,567.5236202998402,608.3466194545201,673.2293295717222,714.0523287264022,731.3159089380863,768.9953316311753,806.8453188191887,844.7001066794072,882.3938473669381,919.7635030266889,956.6516362487814,992.9089968005007,1028.3968170447106,1062.988745938171,installed_base
1,Field Survey Technologies,GIS software,Software,Units,EU Europe,Luxembourg,187.96571685706294,201.7232337536671,216.17591407378933,231.31411602444535,247.1213912098929,263.57409522416987,280.64112475123864,289.44581746900184,310.26617796011215,343.3573628865753,364.1777233776856,372.9824160954488,392.1995040069602,411.50358244696884,430.81010930399674,450.034499613959,469.09360155099733,487.90711960286797,506.39893384421384,524.498270635432,542.1406889917066,installed_base
1,Field Survey Technologies,GIS software,Software,Units,EU Europe,Latvia,1147.766548532171,1231.7734512206869,1320.025198855496,1412.462916192537,1508.9861651374288,1609.4505669243154,1713.666196782374,1767.4298933783775,1894.56431820676,2096.6275228430004,2223.761947671383,2277.5256442673863,2394.8700783154713,2512.7456986900734,2630.6362697226914,2748.0252940758924,2864.4050255193256,2979.2851592011707,3092.2008874668068,3202.720048444312,3310.44914906504,installed_base
1,Field Survey Technologies,GIS software,Software,Units,EU Europe,Malta,45.62223556959019,48.96140128131825,52.46929408859014,56.143573776614595,59.98024806106523,63.97357807276563,68.11601454775958,70.25305193949367,75.30648086712917,83.33823186531787,88.39166079295336,90.52869818468746,95.19298764299965,99.8783910706558,104.56438876762812,109.23045063288728,113.8563944105902,118.42273111712842,122.91098524949939,127.30397893233271,131.5860713251667,installed_base
1,Field Survey Technologies,GIS software,Software,Units,EU Europe,Poland,289.66569658165855,310.86680060063884,333.13919038746246,356.468007399158,380.8279037367043,406.1824420463233,432.4836903760787,446.0522149555784,478.13755650392517,529.1329257271625,561.2182672755092,574.7867918550089,604.4014005678943,634.1500665570452,663.9025056939448,693.5283678118093,722.8995112901239,751.8921962476198,780.3891176162722,808.2812092538185,835.4691639936791,installed_base
1,Field Survey Technologies,GIS software,Software,Units,EU Europe,Portugal,366.5661759767758,393.395751305978,421.5810174606073,451.1031712501516,481.9301354127089,514.0157992020131,547.2995056865195,564.4702035891341,605.0735649642725,669.6071901373041,710.2105515124424,727.381249415057,764.8579475434134,802.5042924877457,840.1554122754853,877.6463513639505,914.8149490818231,951.5046150712257,987.5669021024169,1022.8637891422908,1057.2696049473072,installed_base
1,Field Survey Technologies,GIS software,Software,Units,EU Europe,Romania,120.25983221108007,129.06184515945645,138.30862132353738,147.9939919166639,158.1074333106702,168.63381789430215,179.55324587077527,185.18645860027272,198.5072550790219,219.6788836795101,232.99968015825928,238.63289288775673,250.9279209730184,263.2786053052594,275.63085612645824,287.9305562616401,300.124505452838,312.16133090190954,323.9923313371315,335.5722260223891,346.8597858327596,installed_base
1,Field Survey Technologies,GIS software,Software,Units,EU Europe,Slovakia,732.5668066510189,786.1845641278077,842.5116116697334,901.5103719056942,963.1167398012981,1027.2385650045542,1093.754627235046,1128.069531759365,1209.2136108676536,1338.1812975033588,1419.3253766116477,1453.6402811359665,1528.5358576265087,1603.770466014653,1679.014616722892,1753.9386531624266,1828.2185041752034,1901.541230636065,1973.6101671127515,2044.1494844805393,2112.9080341403446,installed_base
1,Field Survey Technologies,GIS software,Software,Units,EU Europe,Slovenia,2152.027867318016,2309.5382912486984,2475.0076721890186,2648.3256208214984,2829.3038187304082,3017.671560058386,3213.072741554273,3313.878060782817,3552.2512957198496,3931.113746357462,4169.486981294494,4270.292300523039,4490.30959626065,4711.322850434987,4932.36413664487,5152.465037867712,5370.673545144342,5586.070351577423,5797.783956749935,6005.004070108667,6206.99290394722,installed_base
1,Field Survey Technologies,GIS software,Software,Units,EU Europe,Sweden,2122.3822906897767,2277.7229065927395,2440.9128397216296,2611.843221443261,2790.3283275499552,2976.1011813327327,3168.810585093183,3268.2272458098614,3503.316735164522,3876.9601103512496,4112.049599705911,4211.466260422589,4428.452675519953,4646.421329082009,4864.417628520179,5081.486497383106,5296.689041251156,5509.118617274462,5717.915730518268,5922.2812527061415,6121.48755963482,installed_base
1,Field Survey Technologies,GIS software,Software,Units,EU Europe,Netherlands,94.84807295259846,101.79015786081604,109.08302434883605,116.72180713856608,124.69820631944033,133.00029085222954,141.61236590897275,146.05524065859888,156.56125794611268,173.25917059993904,183.76518788745284,188.20806263707897,197.90506370006315,207.64596044855352,217.38809267572552,227.08877855119883,236.70605941050516,246.19941789372157,255.53044365478,264.6634240996798,273.565842111304,installed_base
2,Remote Sensing Technologies,Drones,Hardware,Units,EU Europe,Austria,1169.9144076210491,1310.9317035327094,1467.0300303896922,1639.3501023334602,1829.0048763803497,2037.0476389380867,2264.434626850288,2421.251017386136,2792.0730195309816,3381.445112920801,3752.267115065646,3909.083505601494,4297.072828233208,4677.259535834048,5030.485088494282,5406.224719985182,5826.028938741992,6253.6078755740855,6685.677327212821,7118.813492510185,7549.5591996189405,installed_base
2,Remote Sensing Technologies,Drones,Hardware,Units,EU Europe,Belgium,264.85602222063415,296.5494335981333,331.57368129656084,370.16592993198276,412.55311654473365,458.9443790550348,509.52235740264257,545.6304116814393,631.0147323858323,766.7217172603686,852.1060379647615,888.2140922435583,956.6965908353018,1024.6144072967018,1107.4634350030947,1194.8838352063553,1284.093589687637,1374.4061387938134,1465.1000969212325,1555.4419013315287,1644.70927447549,installed_base
2,Remote Sensing Technologies,Drones,Hardware,Units,EU Europe,Bulgaria,575.9035921897355,645.0508675250187,721.518913229429,805.8419497560913,898.5351732256535,1000.0785140510087,1110.8978374091957,1189.3732243616562,1374.9431128750039,1669.88168995681,1855.4515784701578,1933.9269654226182,2106.5876706098197,2262.949289728378,2433.1547835659467,2627.719277163457,2826.675254537863,3028.5190676803572,3231.656879526938,3434.4538531321195,3635.2860519336996,installed_base
2,Remote Sensing Technologies,Drones,Hardware,Units,EU Europe,Cyprus,32.82275733058672,36.750420148672596,41.09086282863627,45.87347642066142,51.12638450427541,56.87550487113913,63.14347150318449,67.61822685643568,78.19963185836788,95.01736322523081,105.59876822716302,110.0735235804142,118.56033997908592,126.97717713251423,137.2443914049414,148.07812120861604,159.13359994876382,170.32574448965465,181.565155827211,192.76092588410745,203.82354512031418,installed_base
2,Remote Sensing Technologies,Drones,Hardware,Units,EU Europe,Czechia,714.9800738423143,800.9568953277591,896.0762398602201,1001.0162755135793,1116.4345619072415,1242.948185388306,1381.1106393584525,1477.1565802426571,1704.2753653062914,2065.250369558658,2292.3691546222926,2388.415095506497,2619.0139410964325,2827.579119638778,3034.9589144718257,3273.848504705362,3524.8623726277565,3780.01338983992,4037.3116516129426,4294.699801199722,4550.117722270518,installed_base
2,Remote Sensing Technologies,Drones,Hardware,Units,EU Europe,Germany,2328.00279743166,2607.9466563657493,2917.6589242495556,3259.347742583642,3635.1541509430353,4047.0874063614074,4496.949704780454,4809.67900625424,5549.1865622284895,6724.535149478414,7464.042705452663,7776.772006926449,8527.610774688075,9206.707069615724,9881.94370929949,10659.777462556825,11477.088333301945,12307.869922284312,13145.643022677043,13983.708801270937,14815.359439548904,installed_base
2,Remote Sensing Technologies,Drones,Hardware,Units,EU Europe,Denmark,364.7795582993337,408.5498143274353,456.95053227624453,510.3191596614537,568.9810518688467,633.2392077180482,703.3623921156592,752.9817026818627,870.3159432311647,1056.8030626007294,1174.1373031500316,1223.756613716235,1332.926280389929,1431.8260182446193,1539.5099865559032,1662.6151761417348,1788.4989530891241,1916.209926577618,2044.7396412086764,2173.053700066424,2300.124603144725,installed_base
2,Remote Sensing Technologies,Drones,Hardware,Units,EU Europe,Spain,2200.1208013463247,2464.115448460454,2756.03812871078,3077.9241132130924,3431.735740963114,3819.300510214715,4242.2394417960395,4541.511906059472,5249.198226384632,6373.971205498368,7081.65752582353,7380.929990086961,8039.372737385164,8635.87373518299,9285.355684658793,10027.848738886403,10787.10048398206,11557.372729066736,12332.583105627507,13106.492782239511,13872.904525298367,installed_base
2,Remote Sensing Technologies,Drones,Hardware,Units,EU Europe,Estonia,594.6873916026152,666.1989393758181,745.3148154127146,832.5990885841444,928.5986866006735,1033.8268733749283,1148.7440191456833,1228.6305952169535,1417.5375071922865,1717.779837805721,1906.686749781054,1986.5733258523242,2178.3747913861694,2351.8496706788687,2524.338602569786,2723.035926445599,2931.8176643318675,3144.040491851002,3358.0492981879343,3572.132869055313,3784.5776948724497,installed_base
2,Remote Sensing Technologies,Drones,Hardware,Units,EU Europe,Finland,5235.652087820956,5868.000613672446,6568.297907083752,7341.766069496918,8193.52549205104,9128.45426585756,10151.02260614726,10848.13677128256,12496.595006774916,15116.59941724224,16765.0576527346,17462.171817869897,19190.32043360587,20989.142514824758,22671.812140011287,24344.590919810416,26206.664345897065,28155.11500962134,30127.947955044372,32109.700150775767,34084.63191968247,installed_base
2,Remote Sensing Technologies,Drones,Hardware,Units,EU Europe,France,3301.856578710589,3698.9069917560173,4138.17858126945,4622.803201967042,5155.817536456683,5740.071357325535,6378.120757948044,6821.671471274496,7870.530987849646,9537.553239442661,10586.412756017813,11029.963469344264,12094.89428799267,13058.071210055916,14015.773899840475,15118.992288653975,16278.201924655574,17456.517370873844,18644.7490285206,19833.395797972644,21012.9438355508,installed_base
2,Remote Sensing Technologies,Drones,Hardware,Units,EU Europe,Greece,395.21885959479357,442.6415571610954,495.0811089837902,552.9031211372612,616.4600985292176,686.0803239409338,762.054989566351,815.8148203728863,942.9401038112292,1144.9887794277438,1272.114062866087,1325.873893672622,1444.1533043015365,1551.305804269971,1667.975541332661,1801.353334938049,1937.7415771920382,2076.1094877602213,2215.364459933984,2354.3857807781865,2492.060209785187,installed_base
2,Remote Sensing Technologies,Drones,Hardware,Units,EU Europe,Croatia,416.4935113047885,466.57712843115246,521.9864905192936,583.1166471834313,650.3506431052253,724.0479462878893,804.5309802768948,860.4801075727931,992.7823964548927,1203.0592314530759,1335.3615203351756,1391.3106476310738,1525.6401575241916,1647.1345134160872,1767.9383540875008,1907.0974270331776,2053.3191904948703,2201.9509453640553,2351.8335231015985,2501.7684627056396,2650.555695649431,installed_base
2,Remote Sensing Technologies,Drones,Hardware,Units,EU Europe,Hungary,310.39196438449966,347.6361998167563,388.8205084764623,434.2320254151562,484.1475964566208,538.8250441588633,598.4930613458635,640.7142739320419,740.5543131695908,899.2367338167116,999.0767730542607,1041.297985640439,1134.1907657294016,1218.344834156227,1309.9734292800526,1414.7239854779332,1521.8388495701179,1630.5084803996551,1739.874780397684,1849.0575782844076,1957.1825713801572,installed_base
2,Remote Sensing Technologies,Drones,Hardware,Units,EU Europe,Ireland,249.11700574448864,279.00879895029846,312.06284942260226,348.5096084374999,388.57126925572993,432.45475728462867,480.3436187434354,514.2298763314091,594.3603387214093,721.717016830929,801.8474792209292,835.7337368089029,910.288409243584,977.829492625943,1051.3695448083033,1135.4411313966737,1221.4102841944498,1308.627274818854,1396.4034040717124,1484.0322566493937,1570.8121273189508,installed_base
2,Remote Sensing Technologies,Drones,Hardware,Units,EU Europe,Italy,1805.4905508509146,2022.1331281803564,2261.694356113164,2525.844444196799,2816.193751513444,3134.241982455256,3481.319399336087,3726.912098621893,4307.662466297911,5230.687685822038,5811.4380534980555,6057.030752783862,6597.370245867947,7086.878328532357,7619.864300034114,8229.178203461624,8852.244832643271,9484.355241868112,10120.51804208598,10755.613445702007,11384.555801643184,installed_base
2,Remote Sensing Technologies,Drones,Hardware,Units,EU Europe,Lithuania,405.60597216043107,454.3803555840994,508.3412638972738,567.8734197390302,633.3498546363154,705.1206397545774,783.4997701791148,837.9863337207343,966.8301141027148,1171.6101113109835,1300.4538916929641,1354.9404552345836,1485.758463129454,1604.076840237316,1721.7227528536723,1857.244074398992,1999.6434609682842,2144.389839462305,2290.354343117343,2436.369839849557,2581.267632072455,installed_base
2,Remote Sensing Technologies,Drones,Hardware,Units,EU Europe,Luxembourg,25.84228353182229,28.934643358270705,32.3519964239962,36.11748313260637,40.25324597227661,44.77969075211898,49.71463784513405,53.237739070590735,61.56877797359468,74.80985269401417,83.14089159701811,86.6639928224748,93.34590298157704,99.97271650517395,108.05638417628654,116.58608551959263,125.2903760612254,134.10226744627101,142.95137331481558,151.76611917097168,160.4760316267494,installed_base
2,Remote Sensing Technologies,Drones,Hardware,Units,EU Europe,Latvia,717.7186520085654,804.2298898156253,899.9930328308499,1005.7078859379164,1122.057225589791,1249.6872215368473,1389.1845055992694,1485.388166050893,1712.879908849162,2074.447679656738,2301.939422455007,2398.1430829066303,2636.1666270385454,2869.403425827705,3086.100105395738,3316.608713600858,3574.1500482753545,3836.4610140787518,4101.526819221551,4367.247031459572,4631.500746304592,installed_base
2,Remote Sensing Technologies,Drones,Hardware,Units,EU Europe,Malta,0.02736633963340734,0.030641072269750498,0.034259964715100684,0.03824752208502172,0.04262719272729563,0.047420585889494035,0.05264657290623904,0.05637745003944578,0.06519981435713412,0.07922178526632687,0.08804414958401521,0.09177502671722196,0.09885100444917172,0.10586863620569555,0.11442904050196641,0.12346178343449407,0.1326794120135185,0.14201098722663388,0.1513819716581127,0.16071656968559306,0.16994015173276553,installed_base
2,Remote Sensing Technologies,Drones,Hardware,Units,EU Europe,Poland,1833.3433924576816,2053.8041344302155,2297.708025144733,2566.7940151016933,2862.7482108479608,3187.152937847447,3541.427457290587,3787.707315337753,4370.082599814929,5295.690407780798,5878.065692257975,6124.34555030514,6715.644364548622,7250.444712091869,7782.205512841468,8394.76335578657,9038.410127224093,9692.665327611598,10352.426466935955,11012.4180955221,11667.357687606029,installed_base
2,Remote Sensing Technologies,Drones,Hardware,Units,EU Europe,Portugal,907.256367280147,1016.1189462692671,1136.49811374431,1269.233147565752,1415.133250822597,1574.9520227835765,1749.3579183203185,1872.7678913492857,2164.59410369143,2628.412929649145,2920.239141991289,3043.6491150202564,3315.1689218463976,3561.1460191084548,3828.970692069534,4135.1500394476725,4448.240111449663,4765.8746697269235,5085.545548565041,5404.680062168249,5720.722678293204,installed_base
2,Remote Sensing Technologies,Drones,Hardware,Units,EU Europe,Romania,1128.79818782021,1264.2437865683842,1414.0181954319985,1579.1656345037954,1760.692905183455,1959.537627221652,2176.5314846659676,2330.0767877776557,2693.163685296811,3270.2418619841055,3633.3287595032616,3786.8740626149493,4124.695958339382,4430.737901552275,4763.962353201292,5144.9072602120095,5534.450413223818,5929.647765045466,6327.378684050345,6724.442263450885,7117.658938716884,installed_base
2,Remote Sensing Technologies,Drones,Hardware,Units,EU Europe,Slovakia,575.7273985355982,644.9589947424199,721.5524758499266,806.0539269243046,898.9928383708284,1000.8661100756415,1112.1194346222355,1189.4590440857605,1372.3431720035549,1663.0130909815007,1845.897218899295,1923.23682836282,2108.9232248568374,2276.867328560321,2443.856919118348,2636.2193182314754,2838.344617190773,3043.801295981612,3250.9870125040898,3458.245109892927,3663.9167091687013,installed_base
2,Remote Sensing Technologies,Drones,Hardware,Units,EU Europe,Slovenia,721.3101958602233,808.0482186583006,904.0097084185553,1009.8788374194811,1126.318987026818,1253.952707001284,1393.3383911339504,1490.234680926278,1719.3642767447989,2083.5351963882786,2312.6647922067996,2409.561081999127,2642.201549283396,2852.6132730333097,3061.8291182030985,3302.8337327713125,3556.0699680998314,3813.479981235149,4073.056249698996,4332.723201804134,4590.402481848543,installed_base
2,Remote Sensing Technologies,Drones,Hardware,Units,EU Europe,Sweden,4375.598299034907,4906.133690473438,5494.210115061393,6144.388065804616,6861.182092618933,7648.94775584073,8511.747028593963,9098.221391023095,10485.050896149842,12689.231348991612,14076.060854118357,14662.535216547489,16061.408861065833,17596.870121369662,19198.631250898365,20727.819509736695,22245.718707226824,23896.338294866073,25616.474338129392,27351.39928708727,29087.555599233063,installed_base
2,Remote Sensing Technologies,Drones,Hardware,Units,EU Europe,Netherlands,267.9608371913184,299.95329162715217,335.2898839599301,374.2042182079994,416.91843487641006,463.63548108467603,514.5302822019498,551.0196947802644,637.3058092810747,774.4460750680871,860.7321895688975,897.2216021472121,960.0074501663922,1031.3366424816877,1116.1412187941098,1203.2061318004062,1291.8899662592669,1381.5008518890324,1471.3174121579295,1560.6116762693136,1648.6724341508693,installed_base
3,Decision Support Systems,Total,Software,Units,EU Europe,Austria,13858.158254299127,15601.736071345276,17540.348700893617,19689.528356756062,22064.452582255566,24679.47798408605,27547.588746058675,29457.06010272615,33972.36611823991,41148.842549699075,45664.14856521283,47573.61992188031,51246.93489365914,55071.914321829994,59963.20796867,65030.54235140006,70238.29512960615,75546.42514862704,80911.62128672766,86288.67210035172,91631.96762853937,installed_base
3,Decision Support Systems,Total,Software,Units,EU Europe,Belgium,2727.3020115293225,3066.6878882742853,3443.05554635976,3859.096509557731,4317.363309625267,4820.172323881363,5369.492334905358,5699.569383976454,6480.098968800855,7720.646597312272,8501.176182136673,8831.25323120777,9655.076631229716,10515.475293924239,11407.091515659293,12323.620956223618,13257.96633016131,14202.44291123001,15149.024339036121,16089.612586386802,17016.31306100852,installed_base
3,Decision Support Systems,Total,Software,Units,EU Europe,Bulgaria,3191.164035058316,3588.5279140920675,4029.225285663411,4516.414388289042,5053.091161392268,5641.97528922995,6285.379455992881,6672.382387410651,7587.523983093891,9042.019441497821,9957.161037181062,10344.163968598832,11309.11923688188,12316.915595141003,13361.277494095246,14434.820576490694,15529.231697797819,16635.50963630736,17744.253009700325,18845.976491385813,19931.433040790456,installed_base
3,Decision Support Systems,Total,Software,Units,EU Europe,Cyprus,205.0536260749956,230.5705304629231,258.8679293947359,290.1481864908835,324.6032151845853,362.40717351430175,403.7080854264609,428.5251007441775,487.2096252121173,580.4808465398795,639.1653710078193,663.9823863255359,725.9219788993727,790.611501698741,857.6481329779953,926.5578776258999,996.8071225288828,1067.8180875310507,1138.9873065344311,1209.705925135321,1279.3803842906705,installed_base
3,Decision Support Systems,Total,Software,Units,EU Europe,Czechia,4386.913455590479,4932.821632622541,5538.21565811897,6207.424895605129,6944.555137495486,7753.332317619872,8636.92325753011,9167.858020834752,10423.353643863518,12418.796415075323,13674.29203810409,14205.226801408731,15530.361290845056,16914.32773628838,18348.50817681793,19822.761969855634,21325.673006392266,22844.88026853813,24367.473213837264,25880.426022521322,27371.040103482774,installed_base
3,Decision Support Systems,Total,Software,Units,EU Europe,Germany,30514.674289814346,34353.90806170488,38622.59455519594,43354.9345953014,48584.34804796024,54342.447135311435,60657.822102367776,64862.34159516273,74804.72281595,90606.81114803921,100549.19236882648,104753.71186162143,112842.08896562489,121264.42036595117,132034.69948603972,143192.6077281841,154659.70724406216,166347.83027211027,178161.6088169123,190001.49051018263,201767.04547678767,installed_base
3,Decision Support Systems,Total,Software,Units,EU Europe,Denmark,5243.663143626018,5903.399781750533,6636.933878330575,7450.1425272490305,8348.768621830757,9338.244428615577,10423.48291546338,11145.990509404348,12854.496308030022,15569.938307912595,17278.44410653827,18000.951700479236,19390.864124554126,20838.163490355862,22688.935847687717,24606.318666642568,26576.833132063955,28585.328433644157,30615.41646781387,32649.99008541979,34671.79134591321,installed_base
3,Decision Support Systems,Total,Software,Units,EU Europe,Spain,12068.952322405858,13570.814583357302,15236.32991753257,17077.408950136123,19105.34723404301,21330.395283243062,23761.265423317676,25221.933934219276,28675.96077306966,34165.67556038886,37619.702399239235,39080.37091014084,42725.983055372904,46533.44933319049,50479.060645950776,54534.9188066865,58669.616659379084,62849.14748448017,67037.99275103747,71200.31678567019,75301.18416232307,installed_base
3,Decision Support Systems,Total,Software,Units,EU Europe,Estonia,7797.573098941318,8778.632431114278,9869.432046188998,11078.711458490856,12415.010619819459,13886.407565372156,15500.208108846531,16574.610797192967,19115.239073618915,23153.228721325,25693.856997750947,26768.259686097383,28835.124667884942,30987.32672430585,33739.512047906865,36590.75025294458,39520.99770892808,42507.724450135545,45526.56059771807,48552.06701830959,51558.58034466478,installed_base
3,Decision Support Systems,Total,Software,Units,EU Europe,Finland,49029.46416682309,55184.980265415696,62025.56967439511,69604.8796878867,77975.04922353578,87185.03664481292,97278.65413522087,103922.13521880216,119631.90221577851,144600.48069310864,160310.24769008497,166953.72877366625,179118.46019932977,193686.69277919075,210733.82285117224,228367.21139911504,246460.17852858716,264871.4411054269,283449.27350549406,302036.38028315065,320475.1583702037,installed_base
3,Decision Support Systems,Total,Software,Units,EU Europe,France,15948.206173507437,17932.80337316636,20133.655711049352,22566.50217603812,25246.26898552775,28186.501417196618,31398.712149271552,33328.874928998666,37893.109726127535,45147.35192736498,49711.586724493856,51641.74950422096,56459.149769599906,61490.42800943367,66704.25444734281,72063.7637427629,77527.45371836096,83050.38707053734,88585.62875145399,94085.82463357967,99504.81019802288,installed_base
3,Decision Support Systems,Total,Software,Units,EU Europe,Greece,4157.9598126490855,4678.396993540589,5256.337107930547,5896.172899082647,6602.138715700517,7378.1659919042,8227.714809525372,8777.640419436104,10078.043489555272,12144.86065588758,13445.263726006748,13995.18933591748,14926.914189643061,16286.850877647044,17701.52734579752,19161.52699658593,20656.02859519585,22173.096304616243,23700.04409988779,25223.852233356192,26731.607354441923,installed_base
3,Decision Support Systems,Total,Software,Units,EU Europe,Croatia,2061.56222196678,2318.103338135339,2602.598910022531,2917.083455149479,3263.486427246828,3643.5587713703417,4058.788686396299,4308.293278050112,4898.294054788108,5836.0215652281895,6426.022341966185,6675.526933619999,7298.253420044259,7948.62707552627,8622.598022436923,9315.40082242028,10021.670651370854,10735.598639849017,11451.117677832712,12162.1064825074,12862.597547113604,installed_base
3,Decision Support Systems,Total,Software,Units,EU Europe,Hungary,1618.5167228209473,1819.9251897523195,2043.2804859260332,2290.1798954772557,2562.1382177633295,2860.53010634712,3186.5239347768415,3382.4080801639484,3845.6131745591933,4581.815866345316,5045.020960740561,5240.905106127668,5729.802904739655,6240.406284188265,6769.535716541596,7313.449892617486,7867.936930069035,8428.436329955905,8990.184850632875,9548.37671980994,10098.326893601035,installed_base
3,Decision Support Systems,Total,Software,Units,EU Europe,Ireland,1360.5272675566175,1529.8314874718183,1717.5842406641864,1925.128206260412,2153.7367265753965,2404.5653371864682,2678.596174421676,2843.256642443709,3232.62744875671,3851.4803913928836,4240.851197705884,4405.511665727917,4816.4797927057425,5245.693659236329,5690.480549994394,6147.695515603189,6613.798042270117,7084.954568639582,7557.161107573909,8026.377920619966,8488.666753778387,installed_base
3,Decision Support Systems,Total,Software,Units,EU Europe,Italy,10084.61097609611,11339.541498379942,12731.217740956408,14269.592019358817,15964.10270515927,17823.314953238736,19854.50863444585,21075.018360889106,23961.144350974835,28548.256514559915,31434.382504645648,32654.892231088903,35701.103639691755,38882.557604433314,42179.443207187906,45568.44919814794,49023.33229273892,52515.67705538228,56015.80480664273,59493.771868273994,62920.38679336006,installed_base
3,Decision Support Systems,Total,Software,Units,EU Europe,Lithuania,1992.4218793391622,2240.359160764842,2515.313365863912,2819.2507788357007,3154.036143701585,3521.361682603322,3922.6656834423484,4163.802430182099,4734.0158556485385,5640.29401148155,6210.50743694799,6451.64418368774,7053.485769246097,7682.047297547633,8333.414715108582,9002.982406079067,9685.565470962629,10375.54985724976,11067.071932679699,11754.215709037604,12431.213816847068,installed_base
3,Decision Support Systems,Total,Software,Units,EU Europe,Luxembourg,152.1859504257199,171.12399322228424,192.12565329260482,215.34112012856824,240.91282734031333,268.9700309040195,299.6225906909996,318.04119237656573,361.595458167352,430.8191521679727,474.373417958759,492.7920196443251,538.7621199798523,586.7731534750977,636.5261553597883,687.6693376754208,739.8066653925106,792.5093237475986,845.3294344786539,897.8151202506003,949.5258555832045,installed_base
3,Decision Support Systems,Total,Software,Units,EU Europe,Latvia,3163.3416513020397,3556.9883670792146,3993.5294923347833,4476.086870274008,5007.621130115533,5590.818990390102,6227.964001621,6610.813599154192,7516.1338516641035,8955.019595562197,9860.33984807211,10243.189445605301,11198.725306170065,12196.684063550205,13230.851427218695,14293.915122300974,15377.643153000849,16473.122163005544,17571.042541559058,18662.011553055203,19736.87242187715,installed_base
3,Decision Support Systems,Total,Software,Units,EU Europe,Malta,0.17032278220441507,0.191517775103523,0.21502231782958947,0.24100449877740027,0.26962372614916064,0.30102466006242956,0.3353302529900359,0.3559439001409385,0.40468876591603553,0.4821622260066075,0.5309070917817046,0.5515207389326072,0.6029693474635551,0.6567021183175299,0.7123844574580148,0.7696226524321155,0.8279734705505881,0.8869569928500968,0.9460719649673793,1.0048126568747304,1.0626860432618932,installed_base
3,Decision Support Systems,Total,Software,Units,EU Europe,Poland,17039.679558965494,19172.476217072835,21540.92487872609,24163.027386408285,27056.13646797197,30236.363481061562,33717.88814080568,35971.53093591904,41300.695384530714,49770.6912017423,55099.85565035397,57353.49844546734,61171.78762092067,66744.92599363261,72542.39272805376,78525.59779173764,84650.19482685188,90867.26973920118,97124.83409938177,103369.53185347194,109548.44297198072,installed_base
3,Decision Support Systems,Total,Software,Units,EU Europe,Portugal,5025.280039341336,5650.626651059068,6344.115260547539,7110.705223473847,7955.099791195689,8881.567080942299,9893.734737820796,10501.92906288256,11940.119525894017,14225.93136816773,15664.121831179187,16272.316156240951,17790.279062648642,19375.63492248253,21018.51172266705,22707.293193756825,24428.901998961017,26169.17839314313,27913.333141922823,29646.444958901222,31353.967403382278,installed_base
3,Decision Support Systems,Total,Software,Units,EU Europe,Romania,6195.742192059574,6966.741291920459,7821.753670112941,8766.893789694106,9807.96035892471,10950.215602753571,12198.13209856385,12947.983890156796,14721.150213653007,17539.361490121675,19312.52781361789,20062.379605210834,21933.898555713786,23888.507276681532,25914.034416974624,27996.158105940376,30118.75510135538,32264.36764371484,34414.76186690161,36551.541095909015,38656.770808549394,installed_base
3,Decision Support Systems,Total,Software,Units,EU Europe,Slovakia,2815.271392622637,3165.604192518338,3554.111624565536,3983.572027886851,4456.620266389564,4975.647432359428,5542.685811641751,5883.409526757584,6689.115166236644,7969.676774364398,8775.382413843457,9116.10612895929,9966.50202968844,10854.652931603552,11775.028317841554,12721.120501108891,13685.603272344439,14660.544033743188,15637.657533907446,16608.584543020963,17565.175827999115,installed_base
3,Decision Support Systems,Total,Software,Units,EU Europe,Slovenia,4033.9011485379233,4535.88042043798,5092.558750085888,5707.917119708488,6385.730931055561,7129.426294285809,7941.915198711175,8430.125958548246,9584.592598245923,11419.4632808155,12573.92992051318,13062.140680350249,14280.642388445813,15553.241880167567,16872.014676765633,18227.636147116868,19609.60882968929,21006.566390324017,22406.63719020972,23797.843589519187,25168.508845191034,installed_base
3,Decision Support Systems,Total,Software,Units,EU Europe,Sweden,35811.287286372826,40307.297168360405,45303.68692492735,50839.640722058495,56953.24100243041,63680.24712113928,71052.65964594005,75905.08081163373,87379.548026215,105616.68261821539,117091.14983279664,121943.57099849032,130828.73218164651,141469.41877771018,153920.70052818445,166800.18746228635,180015.35215451775,193463.00092344315,207032.31285745118,220608.3988283756,234076.14501949045,installed_base
3,Decision Support Systems,Total,Software,Units,EU Europe,Netherlands,2660.865913150919,2991.984471718301,3359.1839487027046,3765.0903033228133,4212.193888578004,4702.754655666953,5238.693428331817,5560.7299189272335,6322.246083138354,7532.574416557965,8294.090580769087,8616.127071364503,9419.882428969835,10259.322088973136,11129.218859480357,12023.421971745644,12935.007027640113,13856.476498095199,14779.999541976447,15697.67539712766,16601.801780710313,installed_base
4,Telematics Systems,Total,Hardware,Units,EU Europe,Austria,433.05028461065075,463.86326180701536,495.9700410844512,529.3018817788911,563.7734342522419,599.2829824122953,635.713137971998,658.2943505070568,711.6918966085572,796.5601712678042,849.9577173693046,872.5389299043635,908.3409517492813,940.5360543745812,977.0530756466005,1013.554845202301,1048.9464235478576,1083.1029371610884,1115.9203273688927,1147.3157740826439,1177.2274926551577,installed_base
4,Telematics Systems,Total,Hardware,Units,EU Europe,Belgium,127.10790405955882,135.33111364194122,143.82001117708802,152.55039190807736,161.4945850730664,170.62172399569997,179.8981127752591,185.57394667099663,198.9955289550107,220.32734314505245,233.74892542906653,239.42475932480406,248.09791178224032,255.76887004715306,264.35837994971826,272.86704148692064,281.0469506286771,288.87785522221736,296.34455174506,303.4367114740329,310.1485987160935,installed_base
4,Telematics Systems,Total,Hardware,Units,EU Europe,Bulgaria,136.98804555027573,142.6585895712118,148.3970636087343,154.19119124303327,160.0281978560612,165.89492004607015,171.77792245773944,175.57334549490432,184.54834080514524,198.81289831134836,207.78789362158932,211.58331665875417,216.90913352734833,221.61609392307332,226.89480662674603,232.14962392359317,237.237487284522,242.15192592493543,246.88788825199345,251.44169538797817,255.8109775575617,installed_base
4,Telematics Systems,Total,Hardware,Units,EU Europe,Cyprus,0.2191699896430132,0.22749497475078467,0.23603057919762982,0.2447742130877232,0.2537226453978297,0.26287198712795024,0.2722176779553769,0.2787214553953449,0.29410086671550334,0.3185443889241029,0.3339238002442614,0.3404275776842294,0.3502739574200436,0.3594813300298415,0.37029219253103013,0.3814679842437577,0.3927188102210618,0.40403002633344776,0.4153866666368889,0.4267735214233531,0.4381752180356805,installed_base
4,Telematics Systems,Total,Hardware,Units,EU Europe,Czechia,426.8836012996319,459.0882674683878,492.70402097976637,527.6454206573351,563.8063762834839,601.0606553762849,639.263035648665,662.604112093655,717.7985000652906,805.5226151233454,860.717003094981,884.058079539971,920.9239001638608,953.7658707083183,990.7185566100942,1027.395287239492,1062.6873506168395,1096.4758562425852,1128.6686437475385,1159.1998373442268,1188.0286464217052,installed_base
4,Telematics Systems,Total,Hardware,Units,EU Europe,Germany,1959.4443793097191,2064.051805389502,2171.3819113169056,2281.2126825689957,2393.2965684673472,2507.362221117586,2623.116743389625,2696.4242917678316,2869.7738489732224,3145.289840007735,3318.639397213126,3391.9469455913327,3502.7125102425694,3602.189756245626,3715.0900289105443,3828.3200646091054,3938.665280213818,4045.8587258392586,4149.670065412898,4249.906370869227,4346.4121367804,installed_base
4,Telematics Systems,Total,Hardware,Units,EU Europe,Denmark,97.08555052546527,102.14083035001083,107.23978388323872,112.36175939631028,117.48572941247997,122.59063378379304,127.65572389723698,130.6611341388197,137.76799483904455,149.06340164903548,156.17026234926035,159.17567259084308,163.26787821971948,166.70105265689065,170.3855758840376,173.9300396634585,177.24386153088,180.33175185288408,183.20019556440033,185.8571098704911,188.31152033325498,installed_base
4,Telematics Systems,Total,Hardware,Units,EU Europe,Spain,415.60791001897724,452.9353465071953,492.4306227676386,534.0143492103734,577.5706797800478,622.9463961961933,669.9512848417796,698.7085107302685,766.7104080042866,874.7903501842347,942.7922474582529,971.5494733467418,1018.3024120467263,1060.0765086188187,1107.1234180084066,1153.734095433741,1198.4349958219293,1241.0346298083912,1281.3880909376849,1319.3962283804085,1355.0032014818596,installed_base
4,Telematics Systems,Total,Hardware,Units,EU Europe,Estonia,259.13083336572424,275.31422235211767,292.0010415067859,309.14656683176725,326.69989981389654,344.6044322838794,362.79847291836734,374.0089098104507,400.5181072166395,442.6509393544336,469.16013676062244,480.3705736527058,497.4851941089102,512.6741737171031,529.7333770804305,546.6783870471522,563.0173724958269,578.7091286723323,593.7214982164501,608.0311688985322,621.6232739208476,installed_base
4,Telematics Systems,Total,Hardware,Units,EU Europe,Finland,1555.9647845612785,1656.0352754969733,1759.340157854977,1865.5917877993377,1974.4610005988857,2085.5802128864666,2198.5476636505146,2267.7890158578084,2431.52328348754,2691.757054715846,2855.491322345578,2924.7326745528717,3030.6426262810814,3124.4651080969243,3229.6633677655177,3333.986231193394,3434.393652645958,3530.6317312043766,3622.506649814988,3709.8829171886773,3792.68029879874,installed_base
4,Telematics Systems,Total,Hardware,Units,EU Europe,France,1284.9586539518896,1344.0363664536221,1402.7256653953546,1460.7733133233473,1517.9371587114726,1573.990021610156,1628.7230519046784,1660.6037955333097,1735.9918410165596,1855.8110802365527,1931.1991257198026,1963.079869348434,2002.4467480992607,2033.9708115769522,2066.504793687995,2097.0157842823305,2124.8653005429996,2150.2139951846984,2173.227308699938,2194.0717505335383,2212.9118746777126,installed_base
4,Telematics Systems,Total,Hardware,Units,EU Europe,Greece,35.5321261912263,37.02509287781357,38.47573785746198,39.877716125842284,41.22564732219659,42.51516192060846,43.74291130753909,44.42238593105393,46.02913213556366,48.58284083844735,50.18958704295708,50.86906166647192,51.56181509781868,52.05449071203428,52.51039778026044,52.91131653748468,53.256351519465326,53.55267041064467,53.80669331138005,54.024121035476874,54.209979282157946,installed_base
4,Telematics Systems,Total,Hardware,Units,EU Europe,Croatia,123.79503233050005,132.8295656682678,142.26703126157594,152.0892813606731,162.2730417811925,172.78991174436774,183.60650081843488,190.34089282757574,206.26563589508686,231.57589015213594,247.50063321964706,254.23502522878792,265.0129837549111,274.7451571813113,285.81875186126433,296.9124423830491,307.69117425346957,318.1141123915572,328.1466524525772,337.76064759282417,346.9344327413376,installed_base
4,Telematics Systems,Total,Hardware,Units,EU Europe,Hungary,132.99237493915652,138.85091673467747,144.7413340237634,150.6453184621357,156.5443926300369,162.42014036695727,168.25443549088436,171.86298032403897,180.396066790877,193.95826915467373,202.49135562151176,206.09990045466637,210.9570494028003,215.0990070567438,219.60888787277275,223.99913341227747,228.1551922981898,232.07875378591694,235.77321752015916,239.2434606373881,242.4956062614515,installed_base
4,Telematics Systems,Total,Hardware,Units,EU Europe,Ireland,93.12628531353124,99.99070562669883,107.17074799401202,114.65378719457289,122.42325355217365,130.4585969249368,138.73535356797623,143.9069523978132,156.1361755409877,175.57289397391565,187.80211711709018,192.97371594692711,201.29720295209754,208.83704050072006,217.4375985892098,226.0700527486062,234.4729675460083,242.61325883038995,250.4625156757866,257.9972347595631,265.19889576798425,installed_base
4,Telematics Systems,Total,Hardware,Units,EU Europe,Italy,384.7946342187058,399.5110578484464,414.38832390600714,429.39893360194634,444.5143580676993,459.7052490133282,474.94166286540866,484.97272183581566,508.693057180411,546.3933651909696,570.1137005355649,580.1447595059719,594.1133287476694,606.5269874431784,620.5144557338871,634.4954622818359,648.0915477521455,661.2851954999267,674.0618935790056,686.4100839509601,698.3210755293412,installed_base
4,Telematics Systems,Total,Hardware,Units,EU Europe,Lithuania,160.8360628125816,174.3722274412546,188.61877482884046,203.54352956120823,219.10295410915575,235.24207854074695,251.89481606260742,262.0745573630153,286.146480185846,324.4055895805152,348.47751240334594,358.6572537037538,375.0399641447925,389.66409930812813,406.1311140334159,422.45972430505225,438.1425814499988,453.11793286425893,467.3384944948513,480.7712172991331,493.39658590683945,installed_base
4,Telematics Systems,Total,Hardware,Units,EU Europe,Luxembourg,7.11052579681037,7.512027854001943,7.923526856357851,8.343912320674809,8.771962278903885,9.206355660226194,9.645687308461142,9.91806952577392,10.562168773482894,11.585878585137399,12.229977832846373,12.502360050159151,12.908952174123307,13.268223240321866,13.670581685051339,14.069846138491117,14.454676348271917,14.824282982875014,15.178062494839171,15.515591101172275,15.836615382830098,installed_base
4,Telematics Systems,Total,Hardware,Units,EU Europe,Latvia,382.13988771535134,413.10148308857663,445.51889558674003,479.2976357028339,514.3189119318638,550.4403380380913,587.4975124170834,609.8518048045198,662.7127553168674,746.7281828854525,799.5891333978002,821.9434257852366,857.2055814272218,888.3206503119841,923.039759547723,957.2428007485358,989.888560538703,1020.8749530499354,1050.1311868791247,1077.6161612457056,1103.3160563513047,installed_base
4,Telematics Systems,Total,Hardware,Units,EU Europe,Malta,0.0,0.0,0.0,0.0,0.0,0.0,0.0,0.0,0.0,0.0,0.0,0.0,0.0,0.0,0.0,0.0,0.0,0.0,0.0,0.0,0.0,installed_base
4,Telematics Systems,Total,Hardware,Units,EU Europe,Poland,1015.2179450075968,1092.140682634756,1172.8237987174075,1257.1471229200886,1344.9441985895378,1436.001139403128,1530.056657219533,1589.0871499344375,1728.6759098933885,1950.5336184296823,2090.1223783886335,2149.152871103538,2245.0967683054273,2332.417652088115,2432.3812811193807,2532.972884438734,2631.12615889127,2726.428328292193,2818.5193209848157,2907.095543019678,2991.911713028948,installed_base
4,Telematics Systems,Total,Hardware,Units,EU Europe,Portugal,334.42501750182026,356.80240993836446,379.9998091626271,403.9604538596129,428.61720728941634,453.8930015655909,479.70156208507626,495.62915731583666,533.2929674101846,593.1545680486272,630.8183781429751,646.7459733737355,671.5453093014239,693.7013277138003,718.7094193482018,743.6282012752566,767.7218128376837,790.9171839661915,813.1551031852931,834.3901914083159,854.5905164482398,installed_base
4,Telematics Systems,Total,Hardware,Units,EU Europe,Romania,427.0606239601474,455.9480160717278,485.9527749612172,517.0093273440025,549.0384384397497,581.9475622254197,615.6315463635189,636.566861368635,686.0723715975262,764.7547745541227,814.260284783014,835.19559978813,868.1168071338376,897.701332858415,931.2505352427556,964.8000523693914,997.3544339069525,1028.806279461188,1059.065618416645,1088.0602549650307,1115.7356195642105,installed_base
4,Telematics Systems,Total,Hardware,Units,EU Europe,Slovakia,182.33970829290638,192.7834460833421,203.5058084597547,214.47936365935053,225.67360235986115,237.0552201963924,248.5884725838879,255.75473441397116,272.70071531969916,299.63409085616917,316.58007176189716,323.74633359198043,334.5381522073329,344.12345863752574,354.90106997762706,365.62456290724606,375.9871792094285,385.9653094251407,395.5401724674065,404.6977270013867,413.42848635211215,installed_base
4,Telematics Systems,Total,Hardware,Units,EU Europe,Slovenia,91.54375039665494,100.61390914616342,110.35537209117177,120.77342686992617,131.86454757410246,143.61527081463865,156.00126478135962,163.9566280176102,182.76858838078132,212.6676892860122,231.47964964918336,239.43501288543393,253.10899260598188,265.7679834605057,280.4235797917379,295.24766238522534,309.75327814289625,323.8481985432903,337.45110284556876,350.49311150947284,362.9186939486547,installed_base
4,Telematics Systems,Total,Hardware,Units,EU Europe,Sweden,1848.348884946162,1954.7288025206185,2063.931456658368,2175.67030510619,2289.6271293022714,2405.455085132009,2522.7825094186446,2595.505807603661,2767.4737947725775,3040.793964577898,3212.7619517468142,3285.485249931831,3394.834662476451,3491.80629283942,3600.6976481459424,3708.926903143065,3813.398838115347,3913.880692831277,4010.1899243674848,4102.193023933382,4189.803350724749,installed_base
4,Telematics Systems,Total,Hardware,Units,EU Europe,Netherlands,66.44100385919522,73.03714517765052,80.15969608029702,87.82517703636603,96.04556982567013,104.82737621809709,114.17068998077372,120.41496347881618,135.18072866810473,158.64894223088646,173.41470742017503,179.65898091821748,190.77310609878126,201.3715514870173,213.93482483147605,226.90180816443416,239.8589163654678,252.7210707117701,265.4056620113027,277.83462566434554,289.9362742190207,installed_base
1,Field Survey Technologies,Sensors,Hardware,Euros,EU Europe,Austria,63.68748886504816,63.05061397639768,62.4201078366337,61.79590675826736,61.17794769068468,60.566168213777836,59.96050653164006,59.680855928639026,59.019569208854776,57.96854220367212,57.30725548388787,57.02760488088684,56.46303159256606,55.90404757979966,55.35059750875964,54.80262659342292,54.260080590148036,53.72290579230557,53.19104902496174,52.66445763961462,52.14307950898243,prices
1,Field Survey Technologies,Sensors,Hardware,Euros,EU Europe,Belgium,79.6617964252538,78.86517846100126,78.07652667639125,77.29576140962735,76.52280379553108,75.75757575757576,75.0,74.650206503609,73.82305365162888,72.50840456094612,71.681251708966,71.331458212575,70.62527677627051,69.92608653618544,69.2338182794772,68.54840347851038,67.86977428407313,67.19786351866081,66.53260466982607,65.87393188359479,65.2217799579472,prices
1,Field Survey Technologies,Sensors,Hardware,Euros,EU Europe,Bulgaria,90.12934139213638,89.22804797821502,88.33576749843287,87.45240982344855,86.57788572521406,85.71210686796192,84.8549857992823,84.45922950369645,83.52338892358166,82.03599519130266,81.10015461118788,80.70439831560202,79.90542477227756,79.11436106703201,78.33112889246839,77.55565071643295,76.78784977434026,76.02765006157429,75.2749763259647,74.52975406033765,73.7919094951403,prices
1,Field Survey Technologies,Sensors,Hardware,Euros,EU Europe,Cyprus,70.47137109161254,69.76665738069642,69.06899080688945,68.37830089882056,67.69451788983235,67.01757271093403,66.3473969838247,66.03795847759251,65.30623262910414,64.14325202758475,63.411526179096384,63.1020876728642,62.47737700490284,61.8588509725543,61.24644834792601,60.640108509281546,60.03977143503966,59.44537769783277,58.85686845862422,58.27418546088384,57.69727102482109,prices
1,Field Survey Technologies,Sensors,Hardware,Euros,EU Europe,Czechia,104.09141399566498,103.05049985570832,102.01999485715125,100.99979490857973,99.98979695949393,98.98989898989899,98.0,97.5429364980491,96.4621234381284,94.74431529296959,93.66350223304889,93.20643873109799,92.28369498766011,91.37008640728227,90.46552255185017,89.56991387858685,88.68317173118884,87.80520833105007,86.93593676857267,86.07527099456381,85.22312581171762,prices
1,Field Survey Technologies,Sensors,Hardware,Euros,EU Europe,Germany,53.00584857378979,52.475790088051895,51.95103218717138,51.431521865299665,50.91720664664667,50.4080345801802,49.903954234378396,49.67120651924,49.12083054497265,48.24608137089665,47.69570539662929,47.4629576814909,46.99307440044414,46.52784296387974,46.06721731853733,45.61115186708381,45.159601463599685,44.712521409110046,44.269867447159854,43.83159575943297,43.39766296141458,prices
1,Field Survey Technologies,Sensors,Hardware,Euros,EU Europe,Denmark,79.6617964252538,78.86517846100126,78.07652667639125,77.29576140962735,76.52280379553108,75.75757575757576,75.0,74.650206503609,73.82305365162888,72.50840456094612,71.681251708966,71.331458212575,70.62527677627051,69.92608653618544,69.2338182794772,68.54840347851038,67.86977428407313,67.19786351866081,66.53260466982607,65.87393188359479,65.2217799579472,prices
1,Field Survey Technologies,Sensors,Hardware,Euros,EU Europe,Spain,63.53912201882573,62.90373079863747,62.274693490651096,61.65194655574459,61.03542709018714,60.42507281928527,59.82082209109242,59.54182296420939,58.88207678287015,57.83349825799082,57.17375207665158,56.89475294976855,56.33149489556584,55.77381309609974,55.22165234644835,54.67495798821851,54.133675904135146,53.59775251268421,53.067134762808635,52.54177012865683,52.02160660438312,prices
1,Field Survey Technologies,Sensors,Hardware,Euros,EU Europe,Estonia,39.3349879861223,38.941638106261074,38.552221725198464,38.16669950794648,37.78503251286702,37.40718218773835,37.03311036586096,36.860391150432854,36.45196391234197,35.80282331410685,35.394396076015965,35.221676860587856,34.872982259668035,34.527739735297324,34.18591511191788,33.84747455230989,33.51238455424202,33.18061194715502,32.85212388887819,32.526887862378295,32.20487167254075,prices
1,Field Survey Technologies,Sensors,Hardware,Euros,EU Europe,Finland,26.670243179169084,26.40354074737739,26.139505339903618,25.878110286504583,25.619329183639536,25.36313589180314,25.109504532885108,24.992395981109063,24.715470670626612,24.275334839937916,23.998409529455465,23.88130097767942,23.644876098000392,23.410791824630188,23.179024985566347,22.94955263820924,22.72235206709097,22.49740078162677,22.274676513888664,22.054157216401165,21.835821059958793,prices
1,Field Survey Technologies,Sensors,Hardware,Euros,EU Europe,France,51.833585100140965,51.315249249139555,50.80209675664816,50.29407578908168,49.79113503119086,49.29322368087895,48.80029144407016,48.572691116481884,48.034487113209565,47.17908366291622,46.6408796596439,46.41327933205562,45.95378786666827,45.49884536678825,45.048406797657044,44.60242757036024,44.160863537413675,43.72367098839328,43.290806645608185,42.86222765981666,42.437891605984476,prices
1,Field Survey Technologies,Sensors,Hardware,Euros,EU Europe,Greece,27.56969638697166,27.293999423101944,27.021059428870924,26.750848834582214,26.483340346236393,26.218506942774027,25.956321873346287,25.835263838925915,25.54899923006655,25.094019830756366,24.807755221897,24.68669718747663,24.44229888532061,24.200320126355937,23.960736957105013,23.723525661229672,23.488662757183498,23.25612499588738,23.025889358428095,22.79793305377966,22.57223351654724,prices
1,Field Survey Technologies,Sensors,Hardware,Euros,EU Europe,Croatia,71.98088070256962,71.26107189554392,70.54846117658848,69.84297656482259,69.14454679917436,68.45310133118262,67.7685703178708,67.45250358244537,66.70510403293814,65.51721217500133,64.7698126254941,64.45374589006867,63.815653805756995,63.18387883308,62.55835843263251,61.939030684149444,61.32583428037636,60.718708521000636,60.117593306642725,59.52242913290696,58.93315708449118,prices
1,Field Survey Technologies,Sensors,Hardware,Euros,EU Europe,Hungary,80.33741142357322,79.53403730933748,78.7386969362441,77.95130996688165,77.17179686721283,76.4000788985407,75.63607810955529,75.2833180000187,74.44915003040657,73.12335134627939,72.28918337666727,71.93642326713068,71.22425267678608,70.5191325752859,69.82099316279056,69.12976533047893,68.44538065370719,67.76777138523549,67.09687044852166,66.43261143108128,65.77492857791358,prices
1,Field Survey Technologies,Sensors,Hardware,Euros,EU Europe,Ireland,68.76398569379339,68.07634583685545,67.39558237848689,66.72162655470203,66.054410289155,65.39386618626345,64.73992752440081,64.437986116336,63.72398857381875,62.589184749141126,61.87518720662386,61.573245798559064,60.96367066515333,60.36013032556831,59.76256503534518,59.17091564149526,58.585123576644456,58.00513085323568,57.43088005778864,56.86231434521653,56.299377433198885,prices
1,Field Survey Technologies,Sensors,Hardware,Euros,EU Europe,Italy,46.46661109914041,46.001944988149006,45.54192553826751,45.08650628288484,44.635641220055994,44.18928480785544,43.747391959776884,43.543357917222245,43.06088085020596,42.294047929410446,41.81157086239416,41.607536819839524,41.19562220532311,40.787785545490415,40.38398646859006,39.984185002551015,39.58834157102576,39.1964169894726,38.808372461276825,38.424169573910184,38.043770295128475,prices
1,Field Survey Technologies,Sensors,Hardware,Euros,EU Europe,Lithuania,52.699973075189355,52.17297334443746,51.651243610993085,51.13473117488315,50.623383863134315,50.11715002450297,49.61597852425794,49.3845739028598,48.837373927658135,47.967672580321455,47.42047260511979,47.18906798372165,46.72189621068281,46.25934943819705,45.801381878758896,45.34794819815918,44.8990035109974,44.45450337623853,44.014403792813766,43.57866119526491,43.14723244943178,prices
1,Field Survey Technologies,Sensors,Hardware,Euros,EU Europe,Luxembourg,102.71330521370074,101.68617216156373,100.66931043994809,99.6626173355486,98.66599116219312,97.6793312505712,96.70253793806548,96.25152568666229,95.18502195267314,93.4899565717799,92.42345283779075,91.97244058638756,91.06191342458233,90.16040048167896,89.26781251691034,88.38406117299293,87.5090589673803,86.64271928360323,85.78495636269555,84.93568529470487,84.09482201028729,prices
1,Field Survey Technologies,Sensors,Hardware,Euros,EU Europe,Latvia,95.30713997549356,94.35406857573862,93.41052788998124,92.47642261108143,91.55165838497062,90.63614180112091,89.7297803831097,89.31128846830164,88.32168521828245,86.7488428957782,85.75923964575901,85.34074773095095,84.49587432841453,83.65936517256323,82.83113745735486,82.01110919652704,81.19919921548143,80.39532714324817,79.59941340453001,78.81137921182517,78.0311465576281,prices
1,Field Survey Technologies,Sensors,Hardware,Euros,EU Europe,Malta,18.91412274059891,18.72498151319292,18.53773169806099,18.35235438108038,18.168830837269578,17.987142528896882,17.807271103607913,17.724219535334402,17.5278284009433,17.21569089742464,17.019299763033537,16.936248194760026,16.768579337631902,16.602570402189347,16.438204955207674,16.275466726151116,16.11433960556222,15.954807643467152,15.796855047796827,15.640466182823637,15.485625567613683,prices
1,Field Survey Technologies,Sensors,Hardware,Euros,EU Europe,Poland,64.14904009890775,63.50754969791867,62.87247420093948,62.24374945893008,61.621311964340784,61.00509884469737,60.3950478562504,60.113370590192545,59.44729144246223,58.38864751251608,57.722568364785765,57.44089109872791,56.872226276850505,56.30919123670969,55.75173024346626,55.19978811405595,54.65331021172679,54.112242440630695,53.57653124046845,53.04612358118781,52.520966957734046,prices
1,Field Survey Technologies,Sensors,Hardware,Euros,EU Europe,Portugal,42.46340092087034,42.03876691166164,41.618379242545025,41.202195450119575,40.790173495618376,40.38227176066219,39.97844904305557,39.79199302344144,39.3510825148587,38.65031409244056,38.20940358385782,38.022947564243694,37.64652038335768,37.27381983156244,36.90480901522997,36.53945140597919,36.17771083706,35.819551499773105,35.46493793992535,35.113835054320084,34.766208087282315,prices
1,Field Survey Technologies,Sensors,Hardware,Euros,EU Europe,Romania,36.62832241443995,36.26203919029555,35.899418798392595,35.54042461040867,35.185020364304584,34.83317016066154,34.48483845905492,34.3240041628273,33.943681063074216,33.33920824277371,32.95888514302062,32.798050846793004,32.47335014340975,32.15186397698999,31.83356052361779,31.518408274433973,31.206376032517078,30.897432909795157,30.591548323988185,30.288691995580702,29.988833944824453,prices
1,Field Survey Technologies,Sensors,Hardware,Euros,EU Europe,Slovakia,66.0869759418605,65.4261061824419,64.77184512061748,64.12412666941131,63.482885402717194,62.848056548690025,62.21957598320312,61.929389276174724,61.24318794652805,60.15256249334158,59.466361163694906,59.17617445666651,58.59033032954551,58.010286059283004,57.4359842272961,56.867367983445874,56.30438104040976,55.746967668109704,55.19507268819542,54.648641468582284,54.10761991804332,prices
1,Field Survey Technologies,Sensors,Hardware,Euros,EU Europe,Slovenia,90.28336928195431,89.38053558913477,88.48673023324342,87.60186293091098,86.72584430160187,85.85858585858585,85.0,84.60356737075688,83.66612747184607,82.17619183573893,81.23875193682812,80.842319307585,80.04198034643991,79.24956474101016,78.46499405007415,77.68819060897842,76.91907752194953,76.15757865448224,75.40361862580286,74.65712280140741,73.91801728567347,prices
1,Field Survey Technologies,Sensors,Hardware,Euros,EU Europe,Sweden,30.054557755842588,29.75401217828416,29.45647205650132,29.161907335936306,28.870288262576942,28.58158537995117,28.29576952615166,28.163800510743307,27.85173482457626,27.355748055539934,27.043682369372885,26.911713353964533,26.645287391760284,26.381499046581858,26.1203222060207,25.861731016181093,25.6056998791209,25.3522034503176,25.101216636159453,24.852714591461474,24.606672717006006,prices
1,Field Survey Technologies,Sensors,Hardware,Euros,EU Europe,Netherlands,201.80988427730964,199.79178543453654,197.79386758019118,195.81592890438927,193.85776961534538,191.91919191919192,190.0,189.11385647580948,187.0184025841265,183.6879582210635,181.59250432938052,180.70636080519,178.9173678332186,177.14608589166974,175.3923396413422,173.6559554788929,171.93676151965187,170.2345875806073,168.54926516355928,166.88062743844003,165.22850922679947,prices
1,Field Survey Technologies,GIS software,Software,Euros,EU Europe,Austria,1175.5392538099272,1163.7838612718278,1152.1460226591096,1140.6245624325184,1129.218316808193,1117.9261336401112,1106.74687230371,1101.5851008626046,1089.37911643799,1069.9793328474557,1057.773348422841,1052.6115769817357,1042.1907223696164,1031.8730342181573,1021.6574911793975,1011.5430820167214,1001.5288055047558,991.6136703302587,981.7966949939891,972.0769077135486,962.4533463271845,prices
1,Field Survey Technologies,GIS software,Software,Euros,EU Europe,Belgium,1189.947368131237,1178.0478944499246,1166.2674155054253,1154.6047413503711,1143.0586939368675,1131.628106997499,1120.3118259275238,1115.0867887189988,1102.731200426692,1083.0936414502019,1070.7380531578951,1065.5130159493701,1054.9644370914714,1044.5202891642657,1034.1795383015394,1023.9411608723542,1013.8041433797179,1003.7674823602587,993.8301842848921,983.9912654604716,974.2497519324129,prices
1,Field Survey Technologies,GIS software,Software,Euros,EU Europe,Bulgaria,1069.1366281752375,1058.4452618934852,1047.8608092745503,1037.3822011818047,1027.0083791699867,1016.7382953782868,1006.570912424504,1001.876352973538,990.775179627776,973.1313458314213,962.0301724856593,957.3356130346933,947.8579904656499,938.47419636004,929.1833018160755,919.9843871280964,910.8765416955282,901.8588639327425,892.9304611798083,884.0904496141281,875.3379541629482,prices
1,Field Survey Technologies,GIS software,Software,Euros,EU Europe,Cyprus,1084.4815762198227,1073.6367604576244,1062.900392853048,1052.2713889245176,1041.7486750352725,1031.3311882849198,1021.0178764020706,1016.2559375638787,1004.9954329186966,987.0983632815921,975.83785863641,971.0759197982181,961.4622681922158,951.9437917371129,942.5195481989155,933.1886046717461,923.9500374854958,914.8029321143894,905.746383086457,896.779493893901,887.9013769043513,prices
1,Field Survey Technologies,GIS software,Software,Euros,EU Europe,Czechia,1154.906960227261,1143.3578906249884,1131.9243117187384,1120.605068601551,1109.3990179155355,1098.3050277363802,1087.3219774590164,1082.250802043041,1070.2590490473624,1051.1997577280838,1039.2080047324052,1034.1368293164298,1023.8988747061971,1013.7622758466058,1003.7260293157244,993.7891416254987,983.9506291234062,974.2095178950844,964.5648436679231,955.0156517156107,945.5609967636261,prices
1,Field Survey Technologies,GIS software,Software,Euros,EU Europe,Germany,1121.4050594291812,1110.1910088348893,1099.0890987465405,1088.098207759075,1077.2172256814843,1066.4450534246694,1055.7806028904226,1050.8565337103314,1039.2126412203834,1020.7062277597115,1009.0623352697635,1004.1382660896724,994.1972972553846,984.3547440125562,974.609632046832,964.9609966895683,955.4078828223415,945.9493447824003,936.5844462690545,927.3122602509909,918.131868874506,prices
1,Field Survey Technologies,GIS software,Software,Euros,EU Europe,Denmark,1201.0879483598515,1189.077068876253,1177.1862981874904,1165.4144352056155,1153.7602908535594,1142.2226879450238,1130.8004610655737,1125.5265057722847,1113.055241420407,1093.2338307819603,1080.7625664300824,1075.4886111367935,1064.8412738865393,1054.2993452750625,1043.8617817568393,1033.5275501174465,1023.2956273712838,1013.165000660308,1003.1346671537709,993.2036339489485,983.3709179728539,prices
1,Field Survey Technologies,GIS software,Software,Euros,EU Europe,Spain,1109.094596919479,1098.0036509502843,1087.0236144407813,1076.1533782963736,1065.3918445134098,1054.7379260682756,1044.1905468075927,1039.3205326440427,1027.8044634600083,1009.5012080885397,997.9851389045053,993.1151247409553,983.2832850060198,973.5487804844602,963.910647557664,954.3679321468431,944.9196896185894,935.5649846913653,926.3028913429208,917.1324927186258,908.0528810407114,prices
1,Field Survey Technologies,GIS software,Software,Euros,EU Europe,Estonia,1120.005608209301,1108.805552127208,1097.717496605936,1086.7403216398766,1075.8729184234778,1065.114189239243,1054.4630473468505,1049.545123131563,1037.9157615726217,1019.4324430879136,1007.8030815289724,1002.8851573136849,992.9565942562793,983.1263239731421,973.393373365808,963.7567789694865,954.2155868576885,944.7688525477975,935.4156409075742,926.1550260625893,916.9860913045696,prices
1,Field Survey Technologies,GIS software,Software,Euros,EU Europe,Finland,1149.7494775076625,1138.251982732586,1126.86946290526,1115.6007682762074,1104.4447605934454,1093.400312987511,1082.466309857636,1077.417780854295,1065.47957958268,1046.505401583359,1034.5672003117436,1029.5186713084029,1019.3264364624497,1009.2351047414714,999.2436772045309,989.351164800206,979.556588268684,969.858978044824,960.2573741621802,950.7508261579746,941.3383929790107,prices
1,Field Survey Technologies,GIS software,Software,Euros,EU Europe,France,1182.9836624325098,1171.1538258081848,1159.442287550103,1147.8478646746019,1136.3693860278559,1125.0056921675773,1113.7556352459014,1108.561175542197,1096.2778935408292,1076.7552557659114,1064.4719737645437,1059.2775140608392,1048.790666671637,1038.4076390715877,1028.127403444779,1017.9489421506756,1007.871247623384,997.8933222719124,988.0141783814205,978.2328380154444,968.5483329190914,prices
1,Field Survey Technologies,GIS software,Software,Euros,EU Europe,Greece,1047.9871171481366,1037.5072459766552,1027.1321735168885,1016.8608517817196,1006.6922432639024,996.6253208312634,986.6590676229507,982.0573752894878,971.1758037999363,953.8809978524106,942.999426362859,938.3977340293961,929.1075964625051,919.9094312575262,910.8023278880767,901.7853848419846,892.857709532049,884.0184182076816,875.2666358674255,866.601496172338,858.0221413602318,prices
1,Field Survey Technologies,GIS software,Software,Euros,EU Europe,Croatia,1079.2032519162383,1068.411219397076,1057.727107203105,1047.1498361310742,1036.6783377697634,1026.3115543920658,1016.048438848145,1011.3096770357809,1000.1039788498716,982.2940167669202,971.088318581011,966.3495567686468,956.7826961566373,947.3105474646866,937.9321730447862,928.6466445316428,919.4530427507794,910.3504576275467,901.337988097034,892.4147420148734,883.579836068926,prices
1,Field Survey Technologies,GIS software,Software,Euros,EU Europe,Hungary,1357.2977117701712,1343.7247346524696,1330.287487305945,1316.9846124328856,1303.8147663085567,1290.7766186454712,1277.8688524590166,1271.9089829412726,1257.815744731032,1235.4164230657377,1221.3231848554972,1215.3633153377532,1203.3312185159093,1191.4182394526017,1179.623198882021,1167.944929213089,1156.3822744138793,1144.9340898971818,1133.5992424071997,1122.3766099073684,1111.2650814692854,prices
1,Field Survey Technologies,GIS software,Software,Euros,EU Europe,Ireland,1127.4859728950898,1116.2111131661388,1105.0490020344773,1093.9985120141325,1083.0585268939913,1072.2279416250512,1061.5056622088007,1056.554891848496,1044.8478593699751,1026.2410933222764,1014.5340608437556,1009.5832904834508,999.5884159076646,989.6924905901787,979.894534933336,970.193579037496,960.5886626050248,951.078834845235,941.6631543802671,932.3406891519024,923.1105163292985,prices
1,Field Survey Technologies,GIS software,Software,Euros,EU Europe,Italy,1039.0647725655585,1028.674124839903,1018.387383591504,1008.2035097555889,998.121474658033,988.1402599114526,978.2588573123381,973.6963428313416,962.9074147806654,945.7598532177583,934.9709251670821,930.4084106860855,921.1973674202933,912.0775134828324,903.0479460993523,894.1077714329687,885.2561044957822,876.4920690612739,867.8147975775673,859.2234310815494,850.717119113842,prices
1,Field Survey Technologies,GIS software,Software,Euros,EU Europe,Lithuania,1109.7731655866123,1098.6754339307463,1087.6886795914388,1076.8117927955245,1066.0436748675693,1055.3832381188936,1044.8294057377047,1039.9564119915033,1028.433297020988,1010.1188433120321,998.595728341517,993.7227345953154,983.8848795228217,974.1444192155458,964.5003894653119,954.9518356096053,945.4978124370701,936.1373840939431,926.869623991413,917.693614713898,908.6084479282304,prices
1,Field Survey Technologies,GIS software,Software,Euros,EU Europe,Luxembourg,1370.5401537198252,1356.834752182627,1343.2664046608006,1329.8337406141925,1316.5354032080506,1303.37004917597,1290.3363486842104,1284.3183318451886,1270.0875933008183,1247.4697332011833,1233.238994656813,1227.2209778177912,1215.0714901373951,1203.042282385035,1191.132163789423,1179.3399553679076,1167.6644898097652,1156.1046113606485,1144.659175708178,1133.327049868667,1122.1071120749673,prices
1,Field Survey Technologies,GIS software,Software,Euros,EU Europe,Latvia,1195.6113287303938,1183.65521544309,1171.818663288659,1160.1004766557726,1148.4994718892149,1137.0144771703226,1125.6443323986193,1120.3944248423204,1107.98002591087,1088.2489952706028,1075.8345963391523,1070.5846887828534,1059.985900363903,1049.4920399503003,1039.1020687547923,1028.8149582741198,1018.629690187206,1008.5452562543527,998.5606582174346,988.674907701082,978.8870261148413,prices
1,Field Survey Technologies,GIS software,Software,Euros,EU Europe,Malta,1099.5312721468333,1088.535959425365,1077.6505998311113,1066.8740938328,1056.205352894472,1045.6432993655274,1035.1868663718722,1030.358844593122,1018.9420743417639,1000.7966413742636,989.3798711229055,984.5518493441554,974.8047860356482,965.1542186538953,955.5991918892217,946.1387598895184,936.7719861666121,927.4979435035626,918.3157138628774,909.2243882956349,900.2230668515081,prices
1,Field Survey Technologies,GIS software,Software,Euros,EU Europe,Poland,1101.1968497843443,1090.1848812865007,1079.2830324736358,1068.4902021488995,1057.8053001274104,1047.2272471261363,1036.7549746548748,1031.919639355071,1020.4855749005328,1002.3126551046546,990.8785906501165,986.0432553503126,976.2814271223446,966.6162409938333,957.0467402079944,947.5719774799352,938.1910149028838,928.9029238553452,919.7067849091773,910.6016877385764,901.5867310299644,prices
1,Field Survey Technologies,GIS software,Software,Euros,EU Europe,Portugal,1070.5422224262265,1059.8368002019643,1049.2384321999446,1038.746047877945,1028.3585873991656,1018.075001525174,1007.8942515099222,1003.193520120215,992.077752058471,974.4107219084456,963.2949538467016,958.5942224569943,949.10413965467,939.7080086720888,930.4048993862351,921.1938908823114,912.0740713625765,903.044538056087,894.1043971293318,885.2527635977514,876.4887612381336,prices
1,Field Survey Technologies,GIS software,Software,Euros,EU Europe,Romania,1106.699502119062,1095.6325070978712,1084.6761820268925,1073.8294202066236,1063.0911260045573,1052.4602147445116,1041.9356125970664,1037.0761152511382,1025.584915070614,1007.3211856619376,995.8299854814135,990.9704881354852,981.1598803029439,971.4463974879448,961.8290781528141,952.3069702791012,942.8791312733381,933.544627873732,924.302536057782,915.15194095081,906.0919367353969,prices
1,Field Survey Technologies,GIS software,Software,Euros,EU Europe,Slovakia,1128.7139347430273,1117.426795395597,1106.2525274416412,1095.1900021672247,1084.2381021455526,1073.395721124097,1062.661763912856,1057.7056015944547,1045.9858188116445,1027.3587878565595,1015.6390050737496,1010.6828427553481,1000.6770826120702,990.7703794942107,980.961752737218,971.2502313851196,961.6348540944069,952.1146690388723,942.6887338153874,933.356115350615,924.1158898086439,prices
1,Field Survey Technologies,GIS software,Software,Euros,EU Europe,Slovenia,1100.578293805738,1089.5725108676806,1078.676785759004,1067.8900179014138,1057.2111177223996,1046.6390065451756,1036.1726164797237,1031.3399972479497,1019.9123554497509,1001.7496436091449,990.3220018109461,985.489382579172,975.7330376916382,966.0732806184909,956.5091551403679,947.0397145044782,937.6640213308839,928.3811475197081,919.1901741592629,910.0901914350862,901.0802985398789,prices
1,Field Survey Technologies,GIS software,Software,Euros,EU Europe,Sweden,1168.7222935256675,1157.035070590411,1145.4647198845068,1134.0100726856617,1122.669971958805,1111.4432722392169,1100.3288395168247,1095.1970012240988,1083.0617993878013,1063.7745152768302,1051.6393134405328,1046.5074751478069,1036.1470511438436,1025.8891953375196,1015.7328923036781,1005.6771366698716,995.7209330168399,985.8632957799732,976.1032491517515,966.4398269851491,956.8720726979961,prices
1,Field Survey Technologies,GIS software,Software,Euros,EU Europe,Netherlands,1184.5041270694142,1172.65908579872,1160.9324949407328,1149.3231699913254,1137.8299382914122,1126.4516389084981,1115.1871225194132,1109.985986483196,1097.686917031417,1078.1391872105996,1065.8401177588205,1060.6389817226034,1050.1386558035497,1039.7422831110946,1029.4488345082948,1019.2572910466627,1009.1666438653007,999.1758940910341,989.2840527395329,979.4901406174115,969.7931882252991,prices
2,Remote Sensing Technologies,Drones,Hardware,Euros,EU Europe,Austria,16404.535741480875,16240.490384066065,16078.085480225403,15917.304625423149,15758.131579168918,15600.550263377228,15444.544760743456,15372.512743249754,15202.17941996464,14931.457330288362,14761.124007003247,14689.091989509545,14543.6699788134,14399.687646023147,14257.130738327518,14115.985144018076,13976.236891092296,13837.872145870482,13700.877211626364,13565.238527231264,13430.942665811674,prices
2,Remote Sensing Technologies,Drones,Hardware,Euros,EU Europe,Belgium,20802.154967977596,20594.13341829782,20388.192084114842,20184.310163273694,19982.467061640957,19782.642391024547,19584.8159671143,19493.47408373682,19277.478931967424,18934.183458602674,18718.188306833283,18626.8464234558,18442.44064386359,18259.86048148934,18079.087862722597,17900.10489288164,17722.893854442114,17547.43720528314,17373.717576950836,17201.71777293902,17031.420766986925,prices
2,Remote Sensing Technologies,Drones,Hardware,Euros,EU Europe,Bulgaria,15304.257401229403,15151.214827217109,14999.702678944937,14849.705652155488,14701.208595633932,14554.196509677593,14408.654544580817,14341.453829228298,14182.54503323168,13929.980705298409,13771.07190930179,13703.871193949271,13568.202869129173,13433.877660724793,13300.882271883616,13169.203537391968,13038.828422371787,12909.744020990307,12781.937555182503,12655.396373386197,12530.107949289673,prices
2,Remote Sensing Technologies,Drones,Hardware,Euros,EU Europe,Cyprus,15462.935007773698,15308.30565769596,15155.222601119001,15003.670375107811,14853.633671356733,14705.097334643166,14558.046361296734,14490.14889546553,14329.592501238792,14074.409535758841,13913.853141532103,13845.9556757009,13708.88071451146,13573.162795437796,13438.788483762963,13305.74447777371,13174.01760744375,13043.594833130057,12914.46324428207,12786.610058163677,12660.022618587856,prices
2,Remote Sensing Technologies,Drones,Hardware,Euros,EU Europe,Czechia,20439.812388362137,20235.414264478517,20033.060121833732,19832.729520615394,19634.40222540924,19438.05820315515,19243.6776211236,19153.926777410077,18941.693939718098,18604.3781625714,18392.14532487942,18302.3944811659,18121.200775802357,17941.800888121914,17764.177059329508,17588.311706442146,17414.18742054837,17241.78696508494,17071.0932741306,16902.089450716707,16734.758765154613,prices
2,Remote Sensing Technologies,Drones,Hardware,Euros,EU Europe,Germany,15844.749916753264,15686.302417585732,15529.439393409873,15374.144999475775,15220.403549481018,15068.199513986208,14917.517518846345,14847.943510707795,14683.422615238766,14421.938604020159,14257.41770855113,14187.843700412579,14047.384047778494,13908.314945705486,13770.622627743001,13634.293463728345,13499.313958437435,13365.670750248904,13233.35060982144,13102.340438784207,12972.627268440243,prices
2,Remote Sensing Technologies,Drones,Hardware,Euros,EU Europe,Denmark,16668.727297537913,16502.040024562535,16337.019624316908,16173.649428073739,16011.912933793,15851.79380445507,15693.275866410519,15620.08378860865,15447.007283411152,15171.925272109682,14998.848766912184,14925.656689110316,14777.892687888123,14631.59155027803,14486.738793930277,14343.320079870367,14201.32121107965,14060.728131089962,13921.526922592171,13783.70380605851,13647.24513837853,prices
2,Remote Sensing Technologies,Drones,Hardware,Euros,EU Europe,Spain,15717.451035009437,15560.276524659343,15404.67375941275,15250.627021818622,15098.120751600436,14947.139544084432,14797.668148643586,14728.65310757495,14565.453995417538,14306.070782406343,14142.871670248931,14073.856629180294,13934.525448551409,13796.57364661075,13659.987567509303,13524.75369059096,13390.85862905411,13258.289128626473,13127.03206625307,12997.074448797164,12868.403411754072,prices
2,Remote Sensing Technologies,Drones,Hardware,Euros,EU Europe,Estonia,15830.27860219418,15671.975816172237,15515.256058010515,15360.10349743041,15206.502462456105,15054.437437831544,14903.893063453228,14834.38259859319,14670.011963219295,14408.766770372602,14244.396134998706,14174.885670138669,14034.554302004295,13895.612214414452,13758.045653491748,13621.84100152218,13486.98477560711,13353.4636263286,13221.264336427947,13090.37381949731,12960.779118684286,prices
2,Remote Sensing Technologies,Drones,Hardware,Euros,EU Europe,Finland,16137.851229740209,15976.472717442806,15816.707990268378,15658.540910365695,15501.955501262039,15346.935946249418,15193.466586786923,15122.605576124362,14955.04131987469,14688.720292772843,14521.15603652317,14450.29502586061,14307.23710510459,14165.595457764055,14025.356062732191,13886.505037711142,13749.028637837802,13612.913254323208,13478.145413105409,13344.711773515664,13212.599126957859,prices
2,Remote Sensing Technologies,Drones,Hardware,Euros,EU Europe,France,16481.51618735381,16316.70102548027,16153.534015225467,15991.998675073211,15832.07868832248,15673.757901439254,15517.020322424862,15444.65028519618,15273.517650343818,15001.525161584059,14830.392526731697,14758.022489503015,14611.918066856935,14467.260077995052,14324.0342032229,14182.226264610994,14041.822224591344,13902.80818456789,13765.170383540668,13628.895196743615,13493.969134295852,prices
2,Remote Sensing Technologies,Drones,Hardware,Euros,EU Europe,Greece,15085.55651155472,14934.700946439172,14785.35393697478,14637.500397605032,14491.125393628981,14346.21413969269,14202.751998295764,14136.511594564323,13979.873636946233,13730.918503616202,13574.280545998112,13508.040142266671,13374.31054485823,13241.904870464134,13110.810012246538,12981.012993125298,12852.500964493356,12725.26120494487,12599.281119015915,12474.548235937658,12351.050208401875,prices
2,Remote Sensing Technologies,Drones,Hardware,Euros,EU Europe,Croatia,15408.353404458796,15254.269870414208,15101.727171710065,14950.709899992964,14801.202800993035,14653.190772983104,14506.658865253272,14439.00106624756,14279.0114095396,14024.729197725595,13864.739541017636,13797.081742011924,13660.490632766005,13525.251775501622,13391.351782924155,13258.777400273206,13127.5155040105,12997.553100520796,12868.87732482564,12741.475439309866,12615.334832460698,prices
2,Remote Sensing Technologies,Drones,Hardware,Euros,EU Europe,Hungary,18284.046639433425,18101.206173039092,17920.1941113087,17740.992170195615,17563.582248493658,17387.946426008722,17214.066961748635,17133.782046153185,16943.933185065354,16642.19375202249,16452.34489093466,16372.059975339209,16209.97658158335,16049.497813425674,15890.60778507276,15733.29076800054,15577.531189397334,15423.3136306223,15270.62282567914,15119.443659704917,14969.761167473838,prices
2,Remote Sensing Technologies,Drones,Hardware,Euros,EU Europe,Ireland,15907.630859169607,15748.55455057791,15591.069005072131,15435.15831502141,15280.806731871196,15127.998664552484,14976.71867790696,14906.868560696168,14741.69475312637,14479.173025242078,14313.99921767228,14244.149100461489,14103.13202436692,13963.511017325687,13825.272258254163,13688.402062897447,13552.886882474762,13418.713302338261,13285.868040645111,13154.337947042724,13024.110001367002,prices
2,Remote Sensing Technologies,Drones,Hardware,Euros,EU Europe,Italy,14993.293163447359,14843.360231812885,14694.926629494756,14547.977363199809,14402.49758956781,14258.472613672133,14115.887887535411,14050.052610484154,13894.372651492065,13646.940129151686,13491.260170159598,13425.42489310834,13292.513186666567,13160.917306118568,13030.624224787995,12901.621044962592,12773.894996617462,12647.43343615095,12522.223845133056,12398.253829066238,12275.511116158481,prices
2,Remote Sensing Technologies,Drones,Hardware,Euros,EU Europe,Lithuania,15724.467914549461,15567.223235403966,15411.551003049926,15257.435493019428,15104.861138089233,14953.81252670834,14804.274401441256,14735.228549382431,14571.956578813786,14312.45756707948,14149.185596510835,14080.13974445201,13940.746360981935,13802.732972008214,13666.085915585332,13530.791665021037,13396.836827537329,13264.208142944708,13132.892482329555,13002.876846754492,12874.148365971623,prices
2,Remote Sensing Technologies,Drones,Hardware,Euros,EU Europe,Luxembourg,18420.98284718516,18236.77301871331,18054.405288526177,17873.861235640914,17695.122623284504,17518.171397051658,17342.98968308114,17262.103483092902,17070.83277138327,16766.833496495496,16575.562784785863,16494.676584797624,16331.379286608128,16169.698631670706,16009.618615217167,15851.123390926516,15694.197269356342,15538.824716389714,15384.990351697455,15232.67894721565,15081.875425638216,prices
2,Remote Sensing Technologies,Drones,Hardware,Euros,EU Europe,Latvia,16612.09518042478,16445.974228620533,16281.514486334328,16118.699341470985,15957.512348056274,15797.937224575711,15639.957852329953,15567.014445122295,15394.525968556913,15120.378550305148,14947.890073739765,14874.946666532107,14727.684694533438,14581.880616057557,14437.519997958587,14294.588549978796,14153.072123334006,14012.956709312999,13874.2284378908,13736.873576355682,13600.87852794976,prices
2,Remote Sensing Technologies,Drones,Hardware,Euros,EU Europe,Malta,15618.559498777446,15462.37390378967,15307.750164751773,15154.672663104255,15003.125936473212,14853.09467710848,14704.563730337395,14635.982920202208,14473.810629179916,14216.059411353584,14053.887120331292,13985.306310196105,13846.851777725164,13709.767945125684,13574.04124246894,13439.658234168497,13306.605617650228,13174.87022203549,13044.439006837338,12915.299060669648,12787.437599969018,prices
2,Remote Sensing Technologies,Drones,Hardware,Euros,EU Europe,Poland,15635.782748557505,15479.42492107193,15324.63067186121,15171.384365142598,15019.67052149117,14869.473816276259,14720.779078113495,14652.122641002392,14489.77151569798,14231.736064642197,14069.384939337784,14000.72850222668,13862.121290054636,13724.886289283095,13589.009915019193,13454.478716860502,13321.279377563582,13189.398711725702,13058.823664479618,12929.54131020127,12801.538851230278,prices
2,Remote Sensing Technologies,Drones,Hardware,Euros,EU Europe,Portugal,15318.792239071236,15165.604316680523,15013.948273513717,14863.80879077858,14715.170702870793,14568.018995842085,14422.338805883664,14355.074268323056,14196.014552649585,13943.210358027269,13784.150642353798,13716.88610479319,13581.088932355737,13446.636151925415,13313.514454021353,13181.710660926541,13051.211725383368,12922.004729302073,12794.076882481982,12667.41552134541,12542.00810768409,prices
2,Remote Sensing Technologies,Drones,Hardware,Euros,EU Europe,Romania,15692.684062239465,15535.75722161707,15380.399649400899,15226.59565290689,15074.329696377821,14923.586399414044,14774.350535419902,14705.44424567736,14542.502296590337,14283.527809966095,14120.585860879073,14051.67957113653,13912.567943382279,13774.833520742794,13638.46266888744,13503.441888465453,13369.757813769646,13237.397211413327,13106.346979020334,12976.594143928032,12848.125861903145,prices
2,Remote Sensing Technologies,Drones,Hardware,Euros,EU Europe,Slovakia,15920.328852436993,15761.125563912623,15603.514308273496,15447.47916519076,15293.004373538852,15140.074329803463,14988.673586505429,14918.7677126376,14753.46205791124,14490.730776564036,14325.425121837676,14255.519247969847,14114.389607414945,13974.657150301537,13836.308044513551,13699.328594872866,13563.705241783624,13429.424559889965,13296.473256747055,13164.838171505258,13034.506273607356,prices
2,Remote Sensing Technologies,Drones,Hardware,Euros,EU Europe,Slovenia,17753.7010139659,17576.16400382624,17400.40236378798,17226.3983401501,17054.134356748596,16883.59301318111,16714.7570830493,16636.80090543055,16452.45878554523,16159.471582875707,15975.129462990386,15897.173285371638,15739.791269846459,15583.967336274978,15429.686059645855,15276.93216765536,15125.690539195573,14975.946202857536,14827.684335449247,14680.890260528298,14535.549446949068,prices
2,Remote Sensing Technologies,Drones,Hardware,Euros,EU Europe,Sweden,16334.04355482303,16170.7031192748,16008.996088082053,15848.906127201231,15690.41706592922,15533.512895269927,15378.177766317227,15306.455278730527,15136.853897428307,14867.295131870347,14697.693750568127,14625.971262981428,14481.174147477912,14337.81052341788,14195.866199236043,14055.327123863606,13916.179385337357,13778.409209422516,13642.002958249233,13506.947128962565,13373.228352385835,prices
2,Remote Sensing Technologies,Drones,Hardware,Euros,EU Europe,Netherlands,22870.182580181365,22641.48075437955,22415.065946835755,22190.9152873674,21969.006134493724,21749.316073148788,21531.8229124173,21431.40035748122,21193.932241076727,20816.508355576036,20579.040239171543,20478.61768423546,20275.879369161532,20075.148163406833,19876.404196589105,19679.627795042874,19484.79947987195,19291.899965021217,19100.910155367506,18911.811144829368,18724.584214495557,prices
3,Decision Support Systems,Total,Software,Euros,EU Europe,Austria,705.3235522859561,698.2703167630965,691.2876135954656,684.3747374595109,677.5309900849159,670.7556801840667,664.048123382226,660.9510605175627,653.6274698627939,641.9875997084735,634.6640090537046,631.5669461890413,625.3144334217699,619.1238205308944,612.9944947076385,606.9258492100329,600.9172833028535,594.9682021981553,589.0780169963936,583.2461446281293,577.4720077963108,prices
3,Decision Support Systems,Total,Software,Euros,EU Europe,Belgium,531.0786428350254,525.7678564066752,520.5101778426084,515.3050760641823,510.1520253035405,505.0505050505051,500.0,497.66804335739334,492.15369101085923,483.38936373964077,477.87501139310666,475.5430547505,470.83517850847005,466.1739102412362,461.5587885298479,456.9893565234024,452.4651618938207,447.9857567910719,443.55069779884025,439.1595458906317,434.8118663863144,prices
3,Decision Support Systems,Total,Software,Euros,EU Europe,Bulgaria,641.4819769051425,635.067157136091,628.7164855647302,622.4293207090828,616.205027501992,610.0429772269721,603.9425474547023,601.1258117841228,594.4651077766655,583.8788074988528,577.2181034913955,574.401367820816,568.7147942793898,563.0845178160239,557.5099810896453,551.9906322768578,546.5259250173169,541.1153183596455,535.758276707885,530.4542697684769,525.202772497769,prices
3,Decision Support Systems,Total,Software,Euros,EU Europe,Cyprus,650.6889457318936,644.1820562745746,637.7402357118289,631.3628333547106,625.0492050211635,618.7987129709519,612.6107258412424,609.7535625383273,602.9972597512179,592.2590179689554,585.502715181846,582.645551878931,576.8773609153295,571.1662750422678,565.5117289193494,559.9131628030478,554.3700224912976,548.8817592686338,543.4478298518743,538.0676963363408,532.740826142611,prices
3,Decision Support Systems,Total,Software,Euros,EU Europe,Czechia,692.9441761363568,686.0147343749932,679.1545870312432,672.3630411609307,665.6394107493214,658.9830166418282,652.3931864754098,649.3504812258245,642.1554294284174,630.7198546368503,623.5248028394432,620.4820975898579,614.3393248237182,608.2573655079634,602.2356175894346,596.2734849752992,590.3703774740437,584.5257107370506,578.7389062007538,573.0093910293664,567.3365980581757,prices
3,Decision Support Systems,Total,Software,Euros,EU Europe,Germany,672.8430356575087,666.1146053009336,659.4534592479242,652.858924655445,646.3303354088905,639.8670320548016,633.4683617342536,630.5139202261989,623.52758473223,612.4237366558269,605.437401161858,602.4829596538034,596.5183783532307,590.6128464075337,584.7657792280991,578.9765980137408,573.2447296934048,567.5696068694401,561.9506677614327,556.3873561505944,550.8791213247035,prices
3,Decision Support Systems,Total,Software,Euros,EU Europe,Denmark,720.652769015911,713.4462413257519,706.3117789124943,699.2486611233694,692.2561745121357,685.3336127670143,678.4802766393442,675.3159034633708,667.8331448522441,655.9402984691761,648.4575398580495,645.293166682076,638.9047643319235,632.5796071650375,626.3170690541036,620.116530070468,613.9773764227704,607.8990003961849,601.8808002922626,595.9221803693692,590.0225507837125,prices
3,Decision Support Systems,Total,Software,Euros,EU Europe,Spain,665.4567581516872,658.8021905701703,652.2141686644686,645.692026977824,639.2351067080457,632.8427556409653,626.5143280845556,623.5923195864256,616.6826780760049,605.7007248531238,598.7910833427031,595.8690748445731,589.9699710036118,584.129268290676,578.3463885345983,572.6207592881058,566.9518137711535,561.3389908148191,555.7817348057524,550.2794956311755,544.8317286244268,prices
3,Decision Support Systems,Total,Software,Euros,EU Europe,Estonia,672.0033649255807,665.2833312763249,658.6304979635617,652.044192983926,645.5237510540867,639.0685135435458,632.6778284081104,629.7270738789379,622.7494569435731,611.6594658527482,604.6818489173835,601.731094388211,595.7739565537677,589.8757943838854,584.0360240194849,578.254067381692,572.5293521146133,566.8613115286786,561.2493845445447,555.6930156375537,550.1916547827419,prices
3,Decision Support Systems,Total,Software,Euros,EU Europe,Finland,689.8496865045975,682.9511896395514,676.1216777431559,669.3604609657244,662.6668563560672,656.0401877925066,649.4797859145815,646.450668512577,639.2877477496079,627.9032409500154,620.7403201870462,617.7112027850418,611.5958618774698,605.5410628448828,599.5462063227185,593.6106988801236,587.7339529612103,581.9153868268943,576.154424497308,570.4504956947846,564.8030357874063,prices
3,Decision Support Systems,Total,Software,Euros,EU Europe,France,709.7901974595061,702.692295484911,695.6653725300619,688.7087188047612,681.8216316167136,675.0034153005464,668.253381147541,665.1367053253182,657.7667361244976,646.0531534595469,638.6831842587263,635.5665084365036,629.2744000029821,623.0445834429526,616.8764420668673,610.7693652904053,604.7227485740302,598.7359933631473,592.8085070288521,586.9397028092665,581.1289997514547,prices
3,Decision Support Systems,Total,Software,Euros,EU Europe,Greece,628.7922702888818,622.504347585993,616.279304110133,610.1165110690317,604.0153459583414,597.975192498758,591.9954405737705,589.2344251736928,582.7054822799618,572.3285987114465,565.7996558177155,563.0386404176378,557.4645578775031,551.9456587545159,546.4813967328462,541.071230905191,535.7146257192296,530.4110509246092,525.1599815204555,519.960897703403,514.8132848161393,prices
3,Decision Support Systems,Total,Software,Euros,EU Europe,Croatia,647.521951149743,641.0467316382455,634.6362643218631,628.2899016786445,622.007002661858,615.7869326352394,609.629063308887,606.7858062214685,600.062387309923,589.3764100601521,582.6529911486066,579.8097340611881,574.0696176939823,568.3863284788118,562.7593038268716,557.1879867189856,551.6718256504677,546.210274576528,540.8027928582204,535.448845208924,530.1479016413557,prices
3,Decision Support Systems,Total,Software,Euros,EU Europe,Hungary,814.378627062103,806.2348407914819,798.1724923835671,790.1907674597314,782.2888597851342,774.4659711872828,766.72131147541,763.1453897647636,754.6894468386192,741.2498538394427,732.7939109132983,729.217989202652,721.9987311095457,714.8509436715611,707.7739193292126,700.7669575278534,693.8293646483277,686.9604539383092,680.15954544432,673.4259659444211,666.7590488815714,prices
3,Decision Support Systems,Total,Software,Euros,EU Europe,Ireland,676.4915837370536,669.7266678996831,663.0294012206863,656.3991072084794,649.8351161363946,643.3367649750306,636.9033973252804,633.9329351090976,626.908715621985,615.7446559933659,608.7204365062533,605.7499742900706,599.7530495445989,593.8154943541073,587.9367209600016,582.1161474224975,576.3531975630148,570.6473009071409,564.9978926281602,559.4044134911414,553.8663097975791,prices
3,Decision Support Systems,Total,Software,Euros,EU Europe,Italy,623.4388635393352,617.2044749039419,611.0324301549025,604.9221058533535,598.8728847948199,592.8841559468717,586.955314387403,584.217805698805,577.7444488683993,567.4559119306551,560.9825551002494,558.2450464116515,552.7184204521761,547.2465080896995,541.8287676596115,536.4646628597812,531.1536626974694,525.8952414367644,520.6888785465404,515.5340586489297,510.43027146830525,prices
3,Decision Support Systems,Total,Software,Euros,EU Europe,Lithuania,665.8638993519677,659.205260358448,652.6132077548634,646.0870756773148,639.6262049205417,633.2299428713362,626.8976434426229,623.973847194902,617.0599782125928,606.0713059872194,599.1574370049102,596.2336407571893,590.3309277136931,584.4866515293276,578.7002336791872,572.9711013657633,567.2986874622422,561.682430456366,556.121774394848,550.616168828339,545.1650687569385,prices
3,Decision Support Systems,Total,Software,Euros,EU Europe,Luxembourg,822.3240922318952,814.1008513095762,805.9598427964804,797.9002443685156,789.9212419248304,782.022029505582,774.2018092105262,770.590999107113,762.052555980491,748.48183992071,739.9433967940879,736.3325866906747,729.042894082437,721.8253694310208,714.6792982736537,707.6039732207445,700.5986938858591,693.6627668163891,686.7955054249068,679.9962299212002,673.2642672449803,prices
3,Decision Support Systems,Total,Software,Euros,EU Europe,Latvia,717.3667972382364,710.1931292658539,703.0911979731954,696.0602859934635,689.0996831335289,682.2086863021935,675.3865994391716,672.2366549053922,664.788015546522,652.9493971623615,645.5007578034913,642.3508132697119,635.9915402183418,629.6952239701802,623.4612412528754,617.2889749644719,611.1778141123236,605.1271537526117,599.1363949304608,593.2049446206493,587.3322156689048,prices
3,Decision Support Systems,Total,Software,Euros,EU Europe,Malta,659.7187632881,653.121575655219,646.5903598986667,640.1244562996801,633.7232117366833,627.3859796193165,621.1121198231233,618.2153067558733,611.3652446050584,600.4779848245582,593.6279226737433,590.7311096064933,584.882871621389,579.0925311923372,573.359515133533,567.683255933711,562.0631916999673,556.4987661021377,550.9894283177265,545.534632977381,540.1338401109049,prices
3,Decision Support Systems,Total,Software,Euros,EU Europe,Poland,660.7181098706063,654.1109287719003,647.5698194841813,641.0941212893395,634.6831800764461,628.3363482756816,622.0529847929248,619.1517836130425,612.2913449403196,601.3875930627927,594.5271543900698,591.6259532101875,585.7688562734066,579.9697445962998,574.2280441247965,568.543186487961,562.9146089417301,557.3417543132069,551.8240709455062,546.3610126431456,540.9520386179785,prices
3,Decision Support Systems,Total,Software,Euros,EU Europe,Portugal,642.3253334557359,635.9020801211785,629.5430593199667,623.2476287267671,617.0151524394994,610.8450009151044,604.7365509059533,601.916112072129,595.2466512350826,584.6464331450672,577.9769723080209,575.1565334741965,569.462483792802,563.8248052032533,558.242939631741,552.7163345293868,547.2444428175459,541.8267228336522,536.462638277599,531.1516581586508,525.8932567428801,prices
3,Decision Support Systems,Total,Software,Euros,EU Europe,Romania,664.019701271437,657.3795042587227,650.8057092161355,644.2976521239741,637.8546756027343,631.476128846707,625.1613675582399,622.2456691506829,615.3509490423684,604.3927113971627,597.4979912888481,594.5822928812911,588.6959281817662,582.8678384927667,577.0974468916884,571.3841821674606,565.7274787640027,560.1267767242391,554.5815216346691,549.0911645704858,543.655162041238,prices
3,Decision Support Systems,Total,Software,Euros,EU Europe,Slovakia,677.2283608458165,670.4560772373583,663.7515164649847,657.1140013003348,650.5428612873314,644.0374326744582,637.5970583477135,634.6233609566727,627.5914912869868,616.4152727139358,609.3834030442498,606.409705653209,600.4062495672422,594.4622276965265,588.5770516423308,582.7501388310718,576.9809124566442,571.2688014233235,565.6132402892325,560.0136692103691,554.4695338851865,prices
3,Decision Support Systems,Total,Software,Euros,EU Europe,Slovenia,660.3469762834426,653.7435065206082,647.2060714554021,640.7340107408481,634.3266706334397,627.9834039271053,621.7035698878343,618.8039983487699,611.9474132698506,601.049786165487,594.1932010865677,591.2936295475033,585.439822614983,579.6439683710946,573.9054930842208,568.223828702687,562.5984127985304,557.028688511825,551.5141044955578,546.0541148610517,540.6481791239273,prices
3,Decision Support Systems,Total,Software,Euros,EU Europe,Sweden,701.2333761154005,694.2210423542465,687.278831930704,680.406043611397,673.601983175283,666.8659633435301,660.1973037100948,657.1182007344594,649.8370796326808,638.2647091660981,630.9835880643195,627.904485088684,621.688230686306,615.5335172025116,609.4397353822067,603.4062820019228,597.4325598101037,591.5179774679837,585.6619494910506,579.8638961910891,574.1232436187973,prices
3,Decision Support Systems,Total,Software,Euros,EU Europe,Netherlands,710.7024762416486,703.5954514792321,696.5594969644397,689.5939019947954,682.6979629748474,675.8709833450989,669.1122735116479,665.9915918899177,658.6121502188502,646.88351232636,639.5040706552925,636.3833890335623,630.08319348213,623.8453698666569,617.669300704977,611.5543746279977,605.4999863191805,599.5055364546206,593.5704316437199,587.6940843704471,581.8759129351796,prices
4,Telematics Systems,Total,Hardware,Euros,EU Europe,Austria,1227.2629809775635,1214.9903511677878,1202.84044765611,1190.812043179549,1178.9039227477535,1167.114883520276,1155.4437346850732,1150.054845300559,1137.3117975612613,1117.0584234927435,1104.3153757534458,1098.9264863689316,1088.0471141538792,1077.2754477237559,1066.6104207912906,1056.0509776254569,1045.5960729469648,1035.2446718247897,1024.9957495737242,1014.8482916529443,1004.8012935655802,prices
4,Telematics Systems,Total,Hardware,Euros,EU Europe,Belgium,1242.3050523290115,1229.8820018057213,1217.583181787664,1205.4073499697874,1193.3532764700897,1181.4197437053888,1169.6055462683348,1164.1506074226347,1151.2513732454665,1130.7497616740106,1117.8505274968425,1112.3955886511424,1101.382872323496,1090.4791818874935,1079.6834379868073,1068.994571950738,1058.4115256884256,1047.9332515841102,1037.5587123934274,1027.2868811407325,1017.1167410174392,prices
4,Telematics Systems,Total,Hardware,Euros,EU Europe,Bulgaria,1116.178639814948,1105.0168534167985,1093.9666848826305,1083.027018033804,1072.1967478534661,1061.4747803749315,1050.860032571182,1045.9589125043738,1034.369287531398,1015.9491250480039,1004.3595000750282,999.4583800082198,989.5637420461384,979.7670609998816,970.0673670959827,960.4637001617325,950.9551095301314,941.5406539457831,932.2194014717198,922.9904293971498,913.852824146118,prices
4,Telematics Systems,Total,Hardware,Euros,EU Europe,Cyprus,1132.1987655734947,1120.8767779177597,1109.668010138582,1098.5713300371963,1087.5856167368242,1076.709760569456,1065.9426629637614,1060.9711988166891,1049.215231967119,1030.530691265982,1018.7747244164118,1013.8032602693395,1003.766607992673,993.8293185735455,983.9904083196674,974.2489032773027,964.6038391348574,955.0542611274223,945.5992239422608,936.2377916252324,926.9690374881426,prices
4,Telematics Systems,Total,Hardware,Euros,EU Europe,Czechia,1205.7228664772604,1193.6656378124878,1181.728981434363,1169.9116916200194,1158.2125747038192,1146.630448956781,1135.1641444672132,1129.8698373329348,1117.3504472054465,1097.4525470681197,1084.9331569406313,1079.638849806353,1068.9504251932701,1058.3678159838566,1047.8899746056165,1037.515863857021,1027.2444568048365,1017.0747366824686,1007.0056967893121,997.0363403910978,987.165680621226,prices
4,Telematics Systems,Total,Hardware,Euros,EU Europe,Germany,1170.746882044065,1159.0394132236243,1147.449019091388,1135.974528900474,1124.6147836114694,1113.3686357753547,1102.2349494176012,1097.094221193586,1084.9379974340802,1065.6173017811388,1053.461078021633,1048.3203497976178,1037.9419783346214,1027.6663527491087,1017.4924558568924,1007.4192805439092,997.4458296665244,987.5711159528258,977.7941619048928,968.1139997020343,958.5296711049842,prices
4,Telematics Systems,Total,Hardware,Euros,EU Europe,Denmark,1253.9358180876852,1241.3964599068083,1228.9824953077402,1216.6926703546628,1204.5257436511163,1192.4804862146052,1180.555681352459,1175.0496720262652,1162.029672042905,1141.3361193363664,1128.3161193530063,1122.8101100268125,1111.694289937547,1100.6885164671653,1089.7917001541402,1079.0027623226142,1068.3206349756204,1057.7442606893617,1047.272592508537,1036.9045938427023,1026.6392383636596,prices
4,Telematics Systems,Total,Hardware,Euros,EU Europe,Spain,1157.8947591839358,1146.3158115920965,1134.8526534761754,1123.5041269414137,1112.2690856719996,1101.1463948152796,1090.1349308671267,1085.0506360803804,1073.0278598522486,1053.9192612444353,1041.8964850163036,1036.8121902295572,1026.5477495462846,1016.3849268257765,1006.3227160502013,996.3601211613043,986.4961559618073,976.7298440177854,967.0602185620093,957.4863223982453,948.0072078065026,prices
4,Telematics Systems,Total,Hardware,Euros,EU Europe,Estonia,1169.2858549705104,1157.5929964208053,1146.0170664565971,1134.5568957920311,1123.2113268341109,1111.9792135657697,1100.859421430112,1095.725108549352,1083.584055081817,1064.287470583782,1052.146417116247,1047.012104235487,1036.6466844035556,1026.3838822279604,1016.2226817939036,1006.1620772441439,996.2010726794268,986.3386820599005,976.5739291075075,966.9058472093432,957.3334793219707,prices
4,Telematics Systems,Total,Hardware,Euros,EU Europe,Finland,1200.3384545179997,1188.3350699728196,1176.4517192730914,1164.6872020803605,1153.040330059557,1141.5099267589615,1130.094827491372,1124.824163211884,1112.3606810843178,1092.5516392530267,1080.0881571254604,1074.8174928459725,1064.1767996667975,1053.641449350096,1043.21039900153,1032.882616051415,1022.657078152506,1012.5327730787961,1002.508698625316,992.5838625089253,982.757282270087,prices
4,Telematics Systems,Total,Hardware,Euros,EU Europe,France,1235.0349435795406,1222.6845941437452,1210.4577482023078,1198.3531707202847,1186.3696390130817,1174.505942622951,1162.7608831967214,1157.3378672660538,1144.514120856626,1124.1324870196117,1111.308740610184,1105.8857246795164,1094.9374560051892,1084.0975751907379,1073.3650091963495,1062.7386956053056,1052.217582518813,1041.8006284518767,1031.486802230203,1021.275082888124,1011.1644595675315,prices
4,Telematics Systems,Total,Hardware,Euros,EU Europe,Greece,1094.0985503026543,1083.1575647996278,1072.3259891516316,1061.6027292601152,1050.9867019675141,1040.476834947839,1030.0720665983606,1025.2678998022254,1013.9075391671336,995.8517617579168,984.491401122825,979.6872343266898,969.9883307068555,960.3854462328577,950.8776303151524,941.4639417750324,932.1434487514596,922.9152286088201,913.7783678455928,904.7319620039215,895.7751155800826,prices
4,Telematics Systems,Total,Hardware,Euros,EU Europe,Croatia,1126.6881950005527,1115.4213130505473,1104.2670999200418,1093.2244289208413,1082.2921846316328,1071.4692627853165,1060.7545701574634,1055.8073028253552,1044.108553919266,1025.5149535046646,1013.8162045985754,1008.8689372664672,998.8811347875292,988.9922115531326,979.2011886587566,969.5070968910348,959.9089766318136,950.4058777631586,940.9968595733034,931.6809906635276,922.4573488559587,prices
4,Telematics Systems,Total,Hardware,Euros,EU Europe,Hungary,1417.0188110880592,1402.8486229771786,1388.8201367474069,1374.9319353799328,1361.1826160261335,1347.570789865872,1334.0950819672132,1327.8729781906886,1313.1596374991975,1289.7747456806303,1275.0614049891392,1268.8393012126146,1256.2777921306097,1243.8406419885166,1231.5266196328303,1219.3345060984652,1207.2630944880905,1195.3111898526583,1183.477609073117,1171.7611807432932,1160.1607450539345,prices
4,Telematics Systems,Total,Hardware,Euros,EU Europe,Ireland,1177.0953557024736,1165.3244021454489,1153.6711581239942,1142.1344465427544,1130.7131020773268,1119.4059710565534,1108.2119113459878,1103.0433070898296,1090.821165182254,1071.3957014284565,1059.1735595208809,1054.0049552647226,1043.5703062076018,1033.2389601761465,1023.0098944704026,1012.8820965151456,1002.8545637596457,992.9263035784252,983.0963331729987,973.363679474586,963.7273790477875,prices
4,Telematics Systems,Total,Hardware,Euros,EU Europe,Italy,1084.7836225584435,1073.9357863328592,1063.1964284695305,1052.564464184835,1042.0388195429866,1031.6184313475567,1021.3022470340811,1016.5389819159207,1005.2753410310147,987.3732867593399,976.1096458744339,971.3463807562734,961.7300515867863,952.2089240760771,942.7820557277239,933.4485133760194,924.2073730935967,915.0577200999701,905.9986486709804,897.0292620491376,888.1486723548511,prices
4,Telematics Systems,Total,Hardware,Euros,EU Europe,Lithuania,1158.603184872424,1147.0171530236996,1135.5469814934627,1124.191511678528,1112.9495965617427,1101.8201005961253,1090.8018995901639,1085.7144941191293,1073.6843620899115,1054.5640724177617,1042.5339403885437,1037.4465349175093,1027.175814221826,1017.0067736610298,1006.9384066017856,996.9697163764279,987.0997161843012,977.3274289940766,967.6518874470353,958.0721337613096,948.5872196370726,prices
4,Telematics Systems,Total,Hardware,Euros,EU Europe,Luxembourg,1430.8439204834974,1416.5354812786625,1402.3701264658757,1388.346425201217,1374.462960949205,1360.718331339713,1347.1111480263157,1340.8283384463768,1325.9714474060545,1302.3584014620355,1287.5015104217132,1281.2187008417743,1268.5346357034407,1255.9761428099766,1243.541978996158,1231.2309134040959,1219.0417273613953,1206.9732142605174,1195.0241794393382,1183.1934400628888,1171.4798250062663,prices
4,Telematics Systems,Total,Hardware,Euros,EU Europe,Latvia,1248.2182271945312,1235.736044922586,1223.3786844733602,1211.1448976286265,1199.0334486523402,1187.0431141658169,1175.1726830241587,1169.6917795353825,1156.7311470509485,1136.1319510625092,1123.171318578075,1117.690415089299,1106.625279979915,1095.6696897081138,1084.8225597800035,1074.0828164381815,1063.4493965554434,1052.9212475295444,1042.497327179002,1032.17660363993,1021.9580552638946,prices
4,Telematics Systems,Total,Hardware,Euros,EU Europe,Malta,1147.910648121294,1136.431541640081,1125.06722622368,1113.8165539614433,1102.678388421829,1091.6516045376106,1080.7350884922346,1075.6946337552195,1063.7755256128016,1044.8316935947314,1032.9125854523136,1027.8721307152985,1017.6961966212169,1007.6210042746669,997.6455563323477,987.7688653246574,977.9899535579433,968.3078530177196,958.7216052728442,949.230261380643,939.8328817929746,prices
4,Telematics Systems,Total,Hardware,Euros,EU Europe,Poland,1149.6495111748552,1138.1530160631066,1126.7714859024757,1115.5037710434508,1104.3487333330163,1093.3052459996861,1082.3721935396893,1077.3241034866942,1065.3869401961563,1046.4144119292596,1034.4772486387217,1029.4291585857266,1019.2378099157279,1009.1473555975622,999.1567967771463,989.2651444890525,979.4714195586109,969.7746525049806,960.1738834451813,950.6681619990741,941.2565471952832,prices
4,Telematics Systems,Total,Hardware,Euros,EU Europe,Portugal,1117.6460802129805,1106.4696194108506,1095.404923216742,1084.4508739845746,1073.606365244729,1062.8703015922817,1052.241598576359,1047.3340350055046,1035.7291731490436,1017.2847936724171,1005.6799318159563,1000.7723682451019,990.8647217994754,981.0551610536606,971.3427149592294,961.726422081133,952.2053305025298,942.7784977305547,933.4449906030222,924.2038851960523,915.0542667326114,prices
4,Telematics Systems,Total,Hardware,Euros,EU Europe,Romania,1155.3942802123004,1143.8403374101774,1132.4019340360755,1121.0779146957148,1109.8671355487577,1098.7684641932701,1087.7807795513374,1082.7074643221883,1070.710651333721,1051.6433178310629,1039.6465048425955,1034.5731896134464,1024.3309150362732,1014.190038977414,1004.1495575915376,994.2084769713814,984.3658130493648,974.620591500176,964.9718476443243,955.4186263526454,945.9599819517542,prices
4,Telematics Systems,Total,Hardware,Euros,EU Europe,Slovakia,1178.3773478717208,1166.5935743930036,1154.9276386490735,1143.3783622625829,1131.944578639957,1120.6251328535573,1109.4188815250218,1104.2446480646108,1092.0091948393572,1072.5625745222485,1060.3271212969948,1055.152887836584,1044.7068742470017,1034.3642761919564,1024.124069857656,1013.9852415660652,1003.946787674561,994.0077144765829,984.1670381032648,974.4237844260424,964.7769889602246,prices
4,Telematics Systems,Total,Hardware,Euros,EU Europe,Slovenia,1149.0037387331906,1137.5137013458586,1126.1385643324,1114.877178689076,1103.728406902185,1092.6911228331633,1081.7642116048316,1076.7189571268596,1064.7884990895402,1045.8266279279474,1033.896169890628,1028.850915412656,1018.6652913500706,1008.5805049657048,998.5955579665443,988.7094619426755,978.9212382694429,969.2299180105755,959.6345418222708,950.1341598582303,940.7278316756338,prices
4,Telematics Systems,Total,Hardware,Euros,EU Europe,Sweden,1220.1460744407968,1207.9446136963888,1195.865167559425,1183.9065158838307,1172.0674507249923,1160.3467762177424,1148.743308455565,1143.3856692779593,1130.7165185608646,1110.580593949011,1097.9114432319163,1092.5538040543106,1081.737521394173,1071.0283199323706,1060.4251395650401,1049.9269306833462,1039.532654069581,1029.2412807942922,1019.0517921144286,1008.9631793724958,998.9744438967081,prices
4,Telematics Systems,Total,Hardware,Euros,EU Europe,Netherlands,1236.6223086604684,1224.2560855738636,1212.013524718125,1199.8933894709437,1187.8944555762343,1176.015511020472,1164.2553559102673,1158.8253698884566,1145.9851413807992,1125.5773114478664,1112.737082940209,1107.3070969183982,1096.3447566589061,1085.4909435679829,1074.7445832266599,1064.1046118527158,1053.569976195374,1043.1396334310398,1032.8125510600726,1022.5877068045778,1012.4640885072124,prices
1,Field Survey Technologies,Sensors,Hardware,Euros,EU Europe,Austria,2062408.394001853,2147920.9724007067,2604458.5558427796,2743149.8528251857,2966564.34497408,3081025.6976255663,3319926.184077644,3489606.8060743217,3890848.7155391825,4528569.192666271,4929811.102131132,5099491.7241278095,5268021.7872114545,5599624.560109054,5932627.45368684,6264481.035163287,6592578.607764456,6914325.976405747,7227212.223330367,7528877.456754481,7817173.6992100105,revenues
1,Field Survey Technologies,Sensors,Hardware,Euros,EU Europe,Belgium,817786.5729807131,851694.0370110794,1032720.4073874857,1087714.307136611,1176302.6645250104,1221688.9020887385,1316417.7689161173,1383699.561778998,1542800.0808768712,1795669.127097849,1954769.6461957223,2022051.439058603,2088877.0120800408,2220364.2073549964,2352406.5787512967,2483993.2246921663,2614090.537271549,2741669.8657556465,2865735.5805527,2985351.9369187867,3099667.218415218,revenues
1,Field Survey Technologies,Sensors,Hardware,Euros,EU Europe,Bulgaria,1157014.111546462,1204986.792519806,1461105.0414709025,1538911.0609886749,1664246.9163372277,1728459.9018107273,1862483.4225083066,1957674.4984742054,2182771.793823108,2540533.9099025875,2765631.2052514907,2860822.2812173893,2955367.891958061,3141397.5303101405,3328212.6384021393,3514382.980732087,3698446.1966149025,3878946.9388314215,4054476.578864622,4223711.213988176,4385445.825715404,revenues
1,Field Survey Technologies,Sensors,Hardware,Euros,EU Europe,Cyprus,75333.61157455466,78457.13036189727,95133.08313644755,100199.06149748906,108359.72483682577,112540.65578436409,121266.97618903987,127464.90192790063,142121.06907838755,165415.09118223115,180071.25833271808,186269.18407157884,192425.08333377275,204537.54106191485,216701.14101183298,228822.7600273872,240807.18327002678,252559.65255052966,263988.451551441,275007.3804824969,285537.98014971736,revenues
1,Field Survey Technologies,Sensors,Hardware,Euros,EU Europe,Czechia,1716347.5010259687,1787511.5346228122,2167444.598677502,2282864.2515852903,2468791.0090635656,2564046.3702998683,2762860.65660147,2904069.7946090167,3237985.497541461,3768699.952764525,4102615.6556969695,4243824.793704516,4384076.430316649,4660038.0644194465,4937164.886579838,5213335.2449483,5486379.832268865,5754139.745259533,6014525.384484188,6265572.835144162,6505494.538688818,revenues
1,Field Survey Technologies,Sensors,Hardware,Euros,EU Europe,Germany,4332147.801993629,4511769.417979482,5470739.665767506,5762064.70067591,6231353.22951977,6471782.573554871,6973599.876223222,7330018.874401117,8172838.977932153,9512389.074463598,10355209.177994635,10711628.17617253,11065630.392455697,11762171.498437073,12461653.597940799,13158721.53451341,13847899.86704803,14523739.414593698,15180965.922607664,15814622.37092165,16420196.871446896,revenues
1,Field Survey Technologies,Sensors,Hardware,Euros,EU Europe,Denmark,797336.4335417562,830395.9839595095,1006895.4830975776,1060514.1671665744,1146887.2225176,1191138.5002795246,1283498.5112225947,1349097.8088095577,1504219.7497455236,1750765.3768424054,1905887.3177783715,1971486.6153653346,2036641.1016613012,2164840.2367422516,2293580.664824585,2421876.763638975,2548720.7723970627,2673109.7635202543,2794073.0048223636,2910698.151442916,3022154.7855564677,revenues
1,Field Survey Technologies,Sensors,Hardware,Euros,EU Europe,Spain,4534582.605682469,4722597.6718072165,5726379.168593963,6031317.387758036,6522535.069426785,6774199.318013938,7299465.794578568,7672539.720802526,8554743.550374672,9956888.824452441,10839092.654024586,11212166.580248544,11582710.791965412,12311800.224664925,13043968.079126438,13773608.960424742,14494991.568258796,15202412.089581395,15890349.811803631,16553616.0806001,17187488.174082898,revenues
1,Field Survey Technologies,Sensors,Hardware,Euros,EU Europe,Estonia,1105634.717875747,1151477.0814773568,1396221.9165627197,1470572.813047107,1590342.893364272,1651704.3801166324,1779776.3336186719,1870740.2703326095,2085841.6957638273,2427716.7103645303,2642818.1357957483,2733782.072509686,2824129.2070990256,3001897.8485212266,3180417.0794182047,3358320.176592778,3534209.718243996,3706694.9845906463,3874429.899921579,4036149.3519078144,4190701.8331811577,revenues
1,Field Survey Technologies,Sensors,Hardware,Euros,EU Europe,Finland,8368437.226757321,8715413.43501471,10567862.309738904,11130616.71670811,12037144.327114165,12501583.207085496,13470946.855008177,14159443.681294398,15787524.589938099,18375141.95833937,20003222.86698307,20691719.693269294,21375548.00672973,22721060.853401035,24072254.835804764,25418785.364451237,26750075.49522729,28055599.010928497,29325167.600796267,30549205.757713564,31718997.83900827,revenues
1,Field Survey Technologies,Sensors,Hardware,Euros,EU Europe,France,6391307.969892403,6656307.484748984,8071096.284142375,8500894.181753904,9193245.332192158,9547955.75597326,10288297.284602124,10814129.66331901,12057559.733365217,14033825.918025773,15277255.98807198,15803088.366788866,16325355.216790836,17352976.832093928,18384937.35645505,19413336.21591288,20430095.37804918,21427175.552601233,22396795.52188325,23331642.09069587,24225058.77647687,revenues
1,Field Survey Technologies,Sensors,Hardware,Euros,EU Europe,Greece,781821.6116356818,814237.8789731076,987302.9956090807,1039878.3505397447,1124570.73194326,1167960.9544909596,1258523.7954305722,1322846.6413511988,1474950.171004169,1716698.4361152975,1868801.9657682679,1933124.8116888942,1997011.5015958596,2122716.097777516,2248951.4543119,2374751.1274763197,2499126.9658072856,2621095.5570049644,2739705.057693909,2854060.8757055197,2963348.7517443383,revenues
1,Field Survey Technologies,Sensors,Hardware,Euros,EU Europe,Croatia,753700.5792422767,784950.8786781986,951791.084568987,1002475.377348009,1084121.4919747075,1125951.0287653739,1213256.4506904704,1275265.6936013442,1421898.2715424863,1654951.1889002868,1801583.766841429,1863593.009752303,1925181.7845727017,2046364.9618416366,2168059.8087540492,2289334.6432193504,2409236.8562032958,2526818.407374194,2641161.6898345817,2751404.2886478244,2856761.232289079,revenues
1,Field Survey Technologies,Sensors,Hardware,Euros,EU Europe,Hungary,744203.0823370527,775059.5919440239,939797.4187432268,989843.0309545674,1070460.3103350862,1111762.7466999895,1197968.019577335,1259195.8744823334,1403980.7127592696,1634096.8944659121,1778881.7327428483,1840109.5876478467,1900922.272845442,2020578.4022617217,2140739.753693616,2260486.3853198355,2378877.692079071,2494977.5800416437,2607880.005215717,2716733.420087898,2820762.744680243,revenues
1,Field Survey Technologies,Sensors,Hardware,Euros,EU Europe,Ireland,519657.9243986211,541204.2336213527,656236.4327296622,691182.0001214737,747474.978567605,776315.4105187736,836510.3414978005,879264.1821502652,980363.7211458678,1141047.9486025483,1242147.487598151,1284901.3282506156,1327365.2665450487,1410918.0726672288,1494823.6623645187,1578439.6638586167,1661109.2767607043,1742178.8506894752,1821015.7183644697,1897025.2659983512,1969666.2751224765,revenues
1,Field Survey Technologies,Sensors,Hardware,Euros,EU Europe,Italy,3549775.8237074455,3696958.352786534,4482741.654013261,4721454.323346168,5105990.851224219,5302999.427979813,5714190.137611289,6006241.0095274495,6696850.50947855,7794482.161178898,8485091.66113,8777142.53304616,9067213.086115135,9637961.105629446,10211118.984682368,10782298.690875303,11347013.63017829,11900798.726217475,12439332.237879753,12958552.366917405,13454762.057738425,revenues
1,Field Survey Technologies,Sensors,Hardware,Euros,EU Europe,Lithuania,749056.6743230487,780114.4259179919,945926.6505729954,996298.6535076859,1077441.7078956198,1119013.513171914,1205781.0051955094,1267408.179900358,1413137.2853369354,1644754.2536996505,1790483.359136228,1852110.5338410765,1913319.8311577626,2033756.3416885443,2154701.369224688,2275228.972208599,2394392.411079803,2511249.486830446,2624888.246372154,2734451.588513667,2839159.3783101123,revenues
1,Field Survey Technologies,Sensors,Hardware,Euros,EU Europe,Luxembourg,70658.67371477858,73588.35795829054,89229.46000228169,93981.06163901868,101635.3030345701,105556.78017434276,113741.57595563072,119554.88031390088,133301.53749587646,155150.01486127425,168896.67204324983,174709.97640152,180483.86229782982,191844.66367995716,203253.43357820885,214622.82773060864,225863.53999519232,236886.69254127966,247606.2606421398,257941.39376203917,267818.5016074622,revenues
1,Field Survey Technologies,Sensors,Hardware,Euros,EU Europe,Latvia,1281254.1281061117,1334378.1089806922,1617998.3003656478,1704159.1195845301,1842953.5218847778,1914061.6889286295,2062476.6368911655,2167889.317534406,2417157.5295753283,2813336.0925957365,3062604.304636658,3168016.985279899,3272714.890730584,3478720.366126307,3685595.654894859,3891756.9430422895,4095584.8417937853,4295467.728945457,4489845.717643382,4677252.744668115,4856354.396813203,revenues
1,Field Survey Technologies,Sensors,Hardware,Euros,EU Europe,Malta,63.442382641931616,66.07286152053582,80.1165553608978,84.38288125340952,91.25540356270837,94.77638464179434,102.12527641265602,107.34487451890021,119.68760102558161,139.30471790997666,151.6474444166581,156.86704252290227,162.05124793048165,172.25178341340506,182.495388441718,192.7036391249264,202.79635005715,212.69372040084198,222.31851103809913,231.59812860769432,240.46649851022593,revenues
1,Field Survey Technologies,Sensors,Hardware,Euros,EU Europe,Poland,3366648.8720990103,3506238.502578585,4251484.567730443,4477882.452801958,4842581.389341956,5029426.625680098,5419404.699662403,5696389.159347285,6351371.279216167,7392377.964060178,8047360.08392906,8324344.543613941,8599450.845763298,9140754.936944954,9684344.567073436,10226058.07494557,10761640.322355263,11286856.578692917,11797608.054185161,12290042.49190974,12760653.561141256,revenues
1,Field Survey Technologies,Sensors,Hardware,Euros,EU Europe,Portugal,1822481.9070764661,1898046.5369589939,2301473.66038586,2424030.5604423755,2621454.5385954003,2722600.2403262113,2933708.678120073,3083649.817067042,3438213.987038057,4001746.4254806275,4356310.595451643,4506251.734398612,4655176.162587359,4948202.536849545,5242466.151327969,5535714.156814319,5825643.101809099,6109960.582141119,6386447.783052244,6653019.346428529,6907777.175809658,revenues
1,Field Survey Technologies,Sensors,Hardware,Euros,EU Europe,Romania,2322855.581712705,2419166.947889313,2933357.4821424894,3089563.1367875645,3341191.0886679343,3470106.968117488,3739176.5326339086,3930284.938253166,4382196.893095936,5100450.646414308,5552362.601257078,5743471.0068763355,5933283.557513136,6306762.134392855,6681817.643439113,7055578.701765771,7425109.431023623,7787488.033304041,8139886.504539774,8479646.938654473,8804350.105070127,revenues
1,Field Survey Technologies,Sensors,Hardware,Euros,EU Europe,Slovakia,1076473.4193616186,1121106.683042643,1359396.3326310923,1431786.211925879,1548397.336569238,1608140.4039616364,1732834.4385118037,1821399.1863529175,2030827.2761187484,2363685.2806761633,2573113.370441994,2661678.118283108,2749642.332257655,2922722.2963661365,3096533.0530278794,3269743.926596032,3440994.352500723,3608930.291424943,3772241.170627012,3929695.2453248315,4080171.3793474566,revenues
1,Field Survey Technologies,Sensors,Hardware,Euros,EU Europe,Slovenia,1503991.3942668443,1566350.6158388108,1899276.2374825142,2000415.5257669755,2163338.385528248,2246808.221019919,2421024.0925005917,2544762.046631814,2837363.83229629,3302415.328564602,3595017.114229078,3718755.0683603003,3841653.988520933,4083472.106699404,4326311.249355889,4568312.267267164,4807574.251996827,5042205.411844632,5270374.68429701,5490361.141071952,5700598.390354693,revenues
1,Field Survey Technologies,Sensors,Hardware,Euros,EU Europe,Sweden,6213198.8882381115,6470813.557856086,7846175.88382936,8263996.435144773,8937053.564990098,9281879.13450812,10001589.275884833,10512768.07781923,11721546.995249957,13642739.796353899,14851518.713784628,15362697.515719024,15870410.150923256,16869394.632316995,17872597.108691182,18872337.174472474,19860761.910934914,20830056.061865237,21772655.25181757,22681450.0852666,23549969.578455936,revenues
1,Field Survey Technologies,Sensors,Hardware,Euros,EU Europe,Netherlands,1067723.3117474527,1111993.7742172668,1348346.487844513,1420147.9464476102,1535811.198276568,1595068.6445105788,1718749.104362538,1806593.9541917802,2014319.7090091393,2344472.079309611,2552197.8341269707,2640042.6839562124,2727291.881354754,2898964.9660321553,3071362.9030200117,3243165.833060339,3413024.250924065,3579595.1235944936,3741578.531312474,3897752.741525843,4047005.731212176,revenues
1,Field Survey Technologies,GIS software,Software,Euros,EU Europe,Austria,1136118.9861197623,1212343.75984927,1420357.2094027651,1482485.186034303,1520382.0273351998,1542822.1366992807,1618714.015181312,1668218.1215570818,1785279.9400183219,1971334.080828367,2088395.899289607,2137900.005665377,2183783.6832166393,2268586.051829016,2351508.665200113,2432123.175850546,2510026.622595821,2584848.147445483,2656254.7397236456,2723955.828281403,2787706.604999354,revenues
1,Field Survey Technologies,GIS software,Software,Euros,EU Europe,Belgium,94899.16093404139,101266.15872009452,118641.36507329716,123830.86804340345,126996.36257825715,128870.76796707347,135209.95926450138,139344.99988546222,149123.0851785582,164664.04705569387,174442.13234878983,178577.17296975068,182409.8019050829,189493.27971405728,196419.7429872848,203153.41218329273,209660.62825864938,215910.4137254772,221874.95245350307,227529.973254093,232855.02748990813,revenues
1,Field Survey Technologies,GIS software,Software,Euros,EU Europe,Bulgaria,663893.8629811843,708435.9929027902,829989.1526187164,866293.7852399764,888438.8956319483,901551.8275285634,945899.4293113782,974827.272976317,1043232.628238677,1151953.8130574345,1220359.1683197946,1249287.0119847334,1276099.249355509,1325653.7174841582,1374109.746114974,1421217.0293677968,1466740.095904965,1510462.2339674907,1552188.8479657134,1591750.1419496718,1629003.0617057986,revenues
1,Field Survey Technologies,GIS software,Software,Euros,EU Europe,Cyprus,60144.002822073984,64179.19901394204,75191.03989489001,78479.97815532594,80486.16567441082,81674.10286885065,85691.67621227741,88312.33051868709,94509.36307065233,104358.71943794249,110555.75198990773,113176.40629631741,115605.40190843666,120094.67984450988,124484.44707271049,128752.02768292365,132876.08966775102,136837.0005025213,140617.1312282301,144201.0995546304,147575.94580020636,revenues
1,Field Survey Technologies,GIS software,Software,Euros,EU Europe,Czechia,718505.858929452,766712.0302806364,898264.1688033504,937555.225249516,961521.9953169811,975713.5987054401,1023709.2400077089,1055016.6918737653,1129049.0806014638,1246713.6842946645,1320746.0730223628,1352053.5248884193,1381071.3404100179,1434702.1655643336,1487144.1934441444,1538126.52797487,1587394.3279158333,1634713.0547704261,1679872.1054903462,1722687.7166885932,1763005.0664932928,revenues
1,Field Survey Technologies,GIS software,Software,Euros,EU Europe,Germany,630554.1450655765,672859.4384538874,788308.3874176882,822789.8578166204,843822.8751846215,856277.296022682,898397.8301729787,925872.96249131,990843.1071341246,1094104.4830354878,1159074.6276783026,1186549.7599966337,1212015.5284806322,1259081.4482418536,1305104.09042953,1349845.7191357552,1393082.6880274543,1434609.1682733432,1474240.3365718161,1511814.9238616072,1547197.0598894055,revenues
1,Field Survey Technologies,GIS software,Software,Euros,EU Europe,Denmark,264838.6660954145,282607.28685132146,331096.9302625321,345579.47184428957,354413.53678112983,359644.5105643564,377335.5307041587,388875.34445516515,416163.41571419983,459534.1639154508,486822.23517448554,498362.048925492,509057.9109845619,528826.039551569,548155.9817342552,566947.8862173519,585107.8194394158,602549.3313571829,619194.7944472383,634976.4741884427,649837.3037976655,revenues
1,Field Survey Technologies,GIS software,Software,Euros,EU Europe,Spain,377664.64336738986,403003.01226890204,472150.1053119894,492802.4669258229,505400.0004848167,512859.4620409125,538087.1710850921,554543.150527421,593456.4249830263,655303.8825068503,694217.1569624556,710673.1364047845,725925.6257395198,754115.3283058732,781680.1693027175,808477.7589803741,834374.1464112619,859246.0522976876,882982.7784120154,905487.7341236299,926679.5411858534,revenues
1,Field Survey Technologies,GIS software,Software,Euros,EU Europe,Estonia,1976892.0314144078,2109526.1565573053,2471477.7970749824,2579582.9369690535,2645524.9417227902,2684571.6207483993,2816626.4949764963,2902765.6006618883,3106457.800973829,3430199.374587722,3633891.5748996628,3720030.6805850547,3799870.096730079,3947429.576681594,4091718.208066281,4231990.649305472,4367545.731979019,4497738.148495841,4621988.447091129,4739791.02245783,4850719.898772648,revenues
1,Field Survey Technologies,GIS software,Software,Euros,EU Europe,Finland,3305343.736935281,3527106.669800818,4132286.1986001628,4313036.913055584,4423291.286562149,4488576.944005506,4709371.375125411,4853395.099718356,5193966.424740053,5735259.103210028,6075830.4282317255,6219854.15282467,6353344.85940955,6600062.8364829905,6841311.987412653,7075846.108521357,7302492.853211902,7520173.273635497,7727918.532227308,7924883.261962487,8110355.235517928,revenues
1,Field Survey Technologies,GIS software,Software,Euros,EU Europe,France,547548.8408093188,584285.1219616038,684536.5257030053,714478.9014594483,732743.1605539208,743558.0980913185,780133.941464556,803992.2841139734,860409.8458170802,950078.0323124474,1006495.5940155543,1030353.9366649716,1052467.4254475755,1093337.6504846355,1133301.9336124922,1172153.8341601712,1209699.1462987445,1245759.1362289719,1280173.3105414584,1312801.629418458,1343526.1083850723,revenues
1,Field Survey Technologies,GIS software,Software,Euros,EU Europe,Greece,431421.32679462526,460366.35228822957,539355.8238962991,562947.8370893769,577338.5001758176,585859.7394769342,614678.3538189736,633476.6729346138,677928.8523758049,748579.6603145453,793031.8397557364,811830.1588713765,829253.6834222599,861455.90064515,892944.3136713409,923556.2650326071,953138.7372624815,981550.9035213031,1008666.3088255852,1034374.6138604148,1058582.8570214415,revenues
1,Field Survey Technologies,GIS software,Software,Euros,EU Europe,Croatia,761960.0282367027,813081.6373752278,952589.8542361397,994257.17553506,1019673.4203302766,1034723.3108554644,1085621.6573997843,1118822.5375476829,1197332.295407467,1322113.0799178614,1400622.8377776456,1433823.7179255441,1464596.4879168011,1521470.8258795103,1577084.4698707056,1631150.1404227659,1683397.5838745288,1733578.077188767,1781468.2803569937,1826873.3162549562,1869628.9996134606,revenues
1,Field Survey Technologies,GIS software,Software,Euros,EU Europe,Hungary,202441.4873556001,216023.74128821684,253089.0070148294,264159.3967797591,270912.11635646014,274910.6492316144,288433.58560167294,297254.56742431474,318113.4465834265,351265.85179310705,372124.7309522188,380945.7127748606,389121.5817131544,404232.250439676,419007.9714612844,433372.41888087644,447253.7903058046,460586.00371112046,473309.720966438,485373.166107897,496732.7175426763,revenues
1,Field Survey Technologies,GIS software,Software,Euros,EU Europe,Ireland,169807.436652057,181200.19884908482,212290.4553181441,221576.271843587,227240.43691532247,230594.3967521531,241937.40351921425,249336.4220288249,266832.8001068128,294640.9585087394,312137.3365867273,319536.35509633797,326394.25445753045,339069.04733751895,351462.88688167324,363511.75110958517,375155.4123455931,386338.4411448143,397011.0648250378,407129.85383129324,416658.2184755857,revenues
1,Field Survey Technologies,GIS software,Software,Euros,EU Europe,Italy,515651.16007736116,550247.3542088373,644658.571593991,672856.6420555427,690056.9092976352,700241.8182439869,734686.9209645785,757155.386145714,810286.3198135549,894730.8495837697,947861.7832516108,970330.2484327462,991155.5069197387,1029644.8203512725,1067280.9678885036,1103869.5351458264,1139227.6298339749,1173186.9303639801,1205596.2929353788,1236323.8358070443,1265258.4477377164,revenues
1,Field Survey Technologies,GIS software,Software,Euros,EU Europe,Lithuania,393624.56210109533,420033.7177855773,492102.9323590248,513628.0524341138,526757.9514537818,534532.6461203191,560826.4655173045,577977.8664114308,618535.5963618272,682996.6964738622,723554.4264242586,740705.8273183849,756602.8792155513,785983.8644979005,814713.5818736787,842643.6242736793,869634.3800711909,895557.3602471246,920297.1885221712,943753.1923940277,965840.5546120575,revenues
1,Field Survey Technologies,GIS software,Software,Euros,EU Europe,Luxembourg,247926.56986915524,264560.5201161739,309953.7066261405,323511.4204988532,331781.3587600704,336678.2924528402,353239.5975123028,364042.5005868304,389588.0072356222,430189.18150041427,455734.6881492061,466537.5912237337,476550.4357648844,495056.2090366198,513151.77767762745,530743.666688745,547743.9409280706,564071.6708885671,579654.186193618,594428.0777204719,608339.922862817,revenues
1,Field Survey Technologies,GIS software,Software,Euros,EU Europe,Latvia,1320675.8829855046,1409282.993315035,1651087.1964999326,1723307.5549292827,1767360.5502219324,1793445.9441030049,1881666.0820024696,1939211.885037167,2075289.8155611535,2291567.529162811,2427645.459686798,2485191.2627214952,2538528.516217796,2637106.609194588,2733499.5900102383,2827209.528260915,2917768.0037154267,3004743.9143413347,3087750.1535293898,3166448.948288085,3240555.722632684,revenues
1,Field Survey Technologies,GIS software,Software,Euros,EU Europe,Malta,48276.614988045796,51515.601484045124,60354.62744797774,62994.60481343908,64604.93897658421,65558.47688352417,68783.31780508092,70886.87448622803,75861.13194402748,83767.05045481223,88741.3079126117,90844.86459375879,92794.57995142839,96398.050494207,99921.64540673584,103347.16310397323,106657.48072977773,109836.83957521197,112871.08916098363,115747.88237235059,118456.81668328284,revenues
1,Field Survey Technologies,GIS software,Software,Euros,EU Europe,Poland,306983.2575081721,327579.45353005687,383785.40302090754,400572.59598374966,410812.4528420112,416875.8475705445,437382.0941516332,450758.273954039,482388.7799134505,532661.2486570819,564291.7546164934,577667.9344188991,590065.8619011677,612979.7535613603,635385.7288903093,657168.0469258679,678217.82617008,698434.8595184311,717729.1663409715,736022.2333139045,753247.9124413984,revenues
1,Field Survey Technologies,GIS software,Software,Euros,EU Europe,Portugal,377666.8380639814,403005.3542126157,472152.8490854536,492805.33071493707,505402.93748111196,512862.4423858642,538090.2980340959,554546.3731059275,593459.8736955707,655307.6906292748,694221.1912189182,710677.2662907497,725929.8442612281,754119.7106444631,781684.7118269738,808482.4572316218,834378.9951524065,859251.0455752299,882987.9096291632,905492.9961222806,926684.9263349962,revenues
1,Field Survey Technologies,GIS software,Software,Euros,EU Europe,Romania,128086.38561543655,136679.98882130528,160131.4857491962,167135.81194174793,171408.31287499258,173938.2173448377,182494.28984348406,188075.3972241911,201272.9807550151,222248.77881515955,235446.36234598354,241027.4697266906,246200.4089065533,255761.05265944477,265109.77225858223,274198.2756842988,282981.13297521207,291416.53349339205,299466.9335181838,307099.5739735733,314286.8551208301,revenues
1,Field Survey Technologies,GIS software,Software,Euros,EU Europe,Slovakia,795763.0798746608,849152.6116462462,994849.8716114032,1038365.6922558105,1064909.4852207704,1080627.0383630455,1133783.4028778172,1168457.183210076,1250449.8920130474,1380766.3623152422,1462759.0711182135,1497432.8514504724,1529570.8026776335,1588968.273234945,1647049.1212918966,1703513.3227193118,1758078.6345152166,1810485.299470827,1860500.0694806948,1907919.4220307185,1952571.8880534372,revenues
1,Field Survey Technologies,GIS software,Software,Euros,EU Europe,Slovenia,2279405.0002797404,2432335.3997422457,2849674.5189986266,2974322.39683654,3050355.14570477,3095376.9243355505,3247639.4332857607,3346959.934910944,3581822.0379145304,3955104.0128365327,4189966.115840119,4289286.617465302,4381343.422535318,4551483.122172588,4717851.453186834,4879589.018456544,5035887.353595438,5186002.403123267,5329266.044942753,5465095.303733669,5592999.018923671,revenues
1,Field Survey Technologies,GIS software,Software,Euros,EU Europe,Sweden,2387193.394976426,2547355.559858575,2984429.7914373623,3114972.0121642523,3194600.1940265647,3241750.960373177,3401213.6515684114,3505230.8163268836,3751199.0672307936,4142132.7823398686,4388101.033243779,4492118.198002251,4588528.180870064,4766713.438491031,4940948.9871898005,5110334.790714857,5274024.154054672,5431237.83686901,5581276.122934792,5723528.469222715,5857480.489182768,revenues
1,Field Survey Technologies,GIS software,Software,Euros,EU Europe,Netherlands,108122.91667596636,115377.12592630909,135173.48629730107,141086.12231751284,144692.71376112,146828.30880408175,154050.83686121806,158762.07611888266,169902.69202096347,187609.21449774082,198749.83039982163,203461.06965748622,207827.7575707002,215898.2849955751,223789.9186410068,231461.89325319038,238875.85955787997,245996.5234986514,252792.19289713158,259235.21448768096,265302.2902106603,revenues
2,Remote Sensing Technologies,Drones,Hardware,Euros,EU Europe,Austria,5193194.630249936,5474242.259390499,6717865.18258532,7160365.011348313,7835670.379341331,8234185.627336527,8976852.203964213,9513239.903609322,10781630.025513057,12797566.882165302,14065957.004069036,14602344.703714145,15196709.651643634,16296005.828996038,17406688.38263066,18518845.056010284,19622166.625570033,20706273.310632702,21761054.12835492,22776996.067615587,23745480.62518524,revenues
2,Remote Sensing Technologies,Drones,Hardware,Euros,EU Europe,Belgium,2059206.533412762,2170647.5933636692,2663769.1940115164,2839229.3112031817,3107001.52557771,3265020.8683453077,3559503.1621208866,3772191.7159289103,4275134.010971427,5074493.681026023,5577435.97606854,5790124.529876563,6025802.2333230525,6461695.364956132,6902103.424702183,7343096.002692987,7780585.2836181875,8210455.474847679,8628697.367520109,9031538.860636441,9415562.543638827,revenues
2,Remote Sensing Technologies,Drones,Hardware,Euros,EU Europe,Bulgaria,2913389.7479671882,3071057.877071996,3768732.1474850834,4016975.1956246635,4395822.490197058,4619390.124491929,5036027.155174691,5336941.435563709,6048510.140509272,7179453.651948048,7891022.356893611,8191936.637282629,8525376.238364067,9142082.994244672,9765177.523796208,10389099.036670752,11008064.043439955,11616249.472032735,12207983.046354108,12777927.953315837,13321249.200059135,revenues
2,Remote Sensing Technologies,Drones,Hardware,Euros,EU Europe,Cyprus,189691.87103975695,199957.70053754246,245383.52721359828,261546.72278572037,286213.60856574017,300770.17892606254,327897.568232559,347490.20698245603,393820.70536793343,467456.8506433063,513787.34902878373,533379.9877786807,555090.3620435803,595244.3642629797,635814.2767601793,676438.034443719,716739.0722036377,756338.2476896428,794866.2369325459,831975.5580821059,867351.4029865857,revenues
2,Remote Sensing Technologies,Drones,Hardware,Euros,EU Europe,Czechia,4321804.86265172,4555694.2307068575,5590644.002367903,5958894.770504127,6520887.576659861,6852534.137063011,7470585.308013246,7916970.073777599,8972531.243130336,10650204.877607465,11705766.046960203,12152150.812724555,12646784.560358169,13561624.827869466,14485940.899753248,15411483.742119487,16329673.962955168,17231873.452234004,18109667.79495138,18955140.21142757,19761118.336323343,revenues
2,Remote Sensing Technologies,Drones,Hardware,Euros,EU Europe,Germany,10908453.809726972,11498802.390724694,14111067.899775224,15040551.442478662,16459049.676937858,17296142.3500885,18856134.729342207,19982832.42936713,22647122.147473633,26881655.156504877,29545944.874611385,30672642.574636307,31921123.142424557,34230226.19510197,36563246.65673056,38899363.549033,41216922.05313988,43494119.14294993,45709716.40989755,47843731.50211759,49878061.00714788,revenues
2,Remote Sensing Technologies,Drones,Hardware,Euros,EU Europe,Denmark,2007712.5836057693,2116366.8709554644,2597157.1301178993,2768229.5696671368,3029305.685936412,3183373.4871888794,3470491.7520491094,3677861.6680533956,4168227.0385006843,4947597.365058342,5437962.735505631,5645332.651509917,5875116.834498404,6300109.719518374,6729504.629220862,7159469.440298611,7586018.560192112,8005139.118642413,8412922.163851514,8805689.922599722,9180110.44247284,revenues
2,Remote Sensing Technologies,Drones,Hardware,Euros,EU Europe,Spain,11418189.582016315,12036124.271467514,14770457.05053695,15743373.972501496,17228156.513210256,18104365.278125044,19737253.773920517,20916600.376555882,23705388.37835596,28137794.797431678,30926582.799231756,32105929.40186712,33412749.603989467,35829753.59738524,38271792.624570265,40717072.77401499,43142927.3294709,45526534.44195478,47845663.26375415,50079397.69751276,52208788.38531242,revenues
2,Remote Sensing Technologies,Drones,Hardware,Euros,EU Europe,Estonia,2784015.1817599107,2934681.760240775,3601374.488911411,3838593.8363293684,4200617.702306839,4414257.394167963,4812392.871755028,5099944.486020137,5779914.640653904,6860636.472587071,7540606.627220839,7828158.241485947,8146790.828237659,8736111.557557682,9331536.399411881,9927751.500835001,10519230.199154014,11100408.006795054,11665864.535780653,12210499.96427261,12729694.00638849,revenues
2,Remote Sensing Technologies,Drones,Hardware,Euros,EU Europe,Finland,21071929.010748945,22212309.0872808,27258438.843530692,29053928.064105805,31794050.048373077,33411067.243634954,36424514.35963519,38600963.41150073,43747588.66043817,51927462.77609096,57074088.02502841,59250537.07689394,61662234.86235608,66122743.78994902,70629454.12723128,75142145.85917167,79618988.23560928,84017864.21353878,88297747.42520893,92420037.83551715,96349764.96845382,revenues
2,Remote Sensing Technologies,Drones,Hardware,Euros,EU Europe,France,16093469.327437695,16964422.896706283,20818352.66331913,22189639.11195564,24282379.130429897,25517359.403029125,27818848.68322111,29481089.28972,33411771.456565775,39659066.287305176,43589748.45415095,45251989.06064984,47093898.47091715,50500566.3452423,53942520.07162876,57389042.026743434,60808184.40484367,64167780.74696778,67436497.58617568,70584854.5421641,73586143.27310352,revenues
2,Remote Sensing Technologies,Drones,Hardware,Euros,EU Europe,Greece,1968645.8836998548,2075185.941915339,2546620.8337180433,2714364.492189443,2970360.507666316,3121430.4094157154,3402961.837204547,3606296.6844722987,4087120.3720472753,4851325.466832306,5332149.154407282,5535484.001675034,5760796.972103894,6177520.21253589,6598559.82167621,7020158.24287244,7438407.436472665,7849372.615903539,8249220.8909747265,8634346.051729063,9001480.979925394,revenues
2,Remote Sensing Technologies,Drones,Hardware,Euros,EU Europe,Croatia,1897836.4383701836,2000544.3993608288,2455022.4359596595,2616732.589110334,2863520.7851349567,3009156.913325865,3280562.0485144597,3476583.225065484,3940112.355554063,4676830.059474194,5140359.1899627745,5336380.366513798,5553589.1438047495,5955323.430786411,6361218.832717148,6767652.947013927,7170858.3007577155,7567041.636157496,7952507.926734551,8323780.672871659,8677710.270011762,revenues
2,Remote Sensing Technologies,Drones,Hardware,Euros,EU Europe,Hungary,1873921.5095556704,1975335.2317351464,2424086.3207038864,2583758.739346467,2827437.119361202,2971238.0643044435,3239223.181647083,3432774.2652077004,3890462.3938401816,4617896.604678698,5075584.733311179,5269135.816871797,5483607.512957133,5880279.48440871,6281060.13595998,6682372.711479926,7080497.212555138,7471688.18081936,7852297.151390764,8218891.43255843,8568361.108416686,revenues
2,Remote Sensing Technologies,Drones,Hardware,Euros,EU Europe,Ireland,1308511.3260799309,1379325.9271265,1692677.3025774015,1804172.4570921357,1974326.8197717632,2074739.3312882376,2261866.4652026403,2397018.222478837,2716610.103501609,3224558.7550360654,3544150.636058838,3679302.393335034,3829062.477746349,4106048.341207577,4385903.190599257,4666129.468854994,4944129.596496604,5217288.216013854,5483057.697958908,5739041.081754832,5983066.792890638,revenues
2,Remote Sensing Technologies,Drones,Hardware,Euros,EU Europe,Italy,8938422.089379804,9422155.612834722,11562654.3614843,12324276.161854135,13486598.17135199,14172514.596453028,15450777.36267127,16373997.076997427,18557124.629647974,22026914.57846569,24210042.13111624,25133261.845442396,26156270.832777474,28048357.290924463,29960041.75078819,31874263.435891706,33773278.3180987,35639220.927790985,37454688.444772646,39203307.26574256,40870243.39638152,revenues
2,Remote Sensing Technologies,Drones,Hardware,Euros,EU Europe,Lithuania,1886142.972536713,1988218.1013146408,2439895.884274335,2600609.6648648866,2845877.2823612588,2990616.077644711,3260348.957726811,3455162.3553121174,3915835.464101144,4648013.902610659,5108687.011399685,5303500.408984992,5519370.860504223,5918629.8729764605,6322024.361805057,6725954.243738604,7126675.259036493,7520417.521958886,7903508.772828782,8272493.932383569,8624242.80226608,revenues
2,Remote Sensing Technologies,Drones,Hardware,Euros,EU Europe,Luxembourg,177920.2635052113,187549.0318827601,230155.8921970432,245316.05693955618,268452.20291027235,282105.4439271101,307549.40326582495,325926.19205512153,369381.5833477947,438448.12952655286,481903.52081922605,500280.3096085226,520643.4147264953,558305.6013900825,596357.8884086037,634460.6791713792,672260.7768691629,709402.5673868099,745539.6456962255,780346.0934435065,813526.6383589255,revenues
2,Remote Sensing Technologies,Drones,Hardware,Euros,EU Europe,Latvia,3226229.1393972216,3400827.6505738,4173418.0884254235,4448317.441016169,4867845.30610325,5115419.602296024,5576795.060172386,5910021.47470521,6697998.329563139,7950382.400098796,8738359.254956726,9071585.66948955,9440829.969188388,10123758.611905487,10813760.94655392,11504679.065881124,12190108.450157415,12863600.746631619,13518874.590979882,14150020.103856754,14751683.111533608,revenues
2,Remote Sensing Technologies,Drones,Hardware,Euros,EU Europe,Malta,159.74946660639137,168.3948596722844,206.65032914431768,220.26220327022648,241.03548060994476,253.29433143962805,276.1397277572619,292.63971572486315,331.65705665845053,393.6699139633696,432.687254896957,449.18724286455824,467.47068690268367,501.2864766964198,535.4525263335034,569.6639218241019,603.6035379528379,636.9520790751737,669.3985181198948,700.6502224089257,730.4420754981738,revenues
2,Remote Sensing Technologies,Drones,Hardware,Euros,EU Europe,Poland,8477303.959472548,8936082.485783841,10966156.511794863,11688487.527194897,12790847.303313049,13441378.456153218,14653697.80077035,15529290.166118503,17599793.847982805,20890583.181661654,22961086.863525957,23836679.22887411,24806912.906831138,26601389.813708417,28414453.69442624,30229923.909210224,32030971.814428095,33800653.58992707,35522464.19767274,37180874.72096064,38761816.42623583,revenues
2,Remote Sensing Technologies,Drones,Hardware,Euros,EU Europe,Portugal,4589053.88529399,4837406.355457073,5936354.693400112,6327377.118517463,6924122.078680666,7276276.788328673,7932546.614824135,8406534.638061738,9527368.928208634,11308785.478753384,12429619.76890028,12903607.792137884,13428828.387123957,14400239.965727763,15381713.30747308,16364489.279954355,17339457.96416736,18297447.092127435,19229521.92358214,20127276.12606096,20983093.81405475,revenues
2,Remote Sensing Technologies,Drones,Hardware,Euros,EU Europe,Romania,5849007.000204074,6165546.176428803,7566217.574533268,8064597.6238670405,8825182.602072734,9274023.564364916,10110476.328952307,10714600.694284754,12143166.96807519,14413682.445743877,15842248.719534315,16446373.084866762,17115796.241254035,18353914.87427788,19604857.789718118,20857460.981216073,22100113.34518506,23321124.31075991,24509106.049515057,25653344.21843009,26744131.943545997,revenues
2,Remote Sensing Technologies,Drones,Hardware,Euros,EU Europe,Slovakia,2710586.320970195,2857279.0435290816,3506387.6412352724,3737350.2891379753,4089825.715785239,4297830.625445603,4685465.213974763,4965432.60686347,5627468.436227431,6679686.051132854,7341721.880496817,7621689.273385523,7931917.872971866,8505695.17060472,9085415.583794273,9665905.413325936,10241783.76316858,10807632.910028266,11358175.429556748,11888446.008560136,12393946.221960155,revenues
2,Remote Sensing Technologies,Drones,Hardware,Euros,EU Europe,Slovenia,3787087.007289244,3992038.275348389,4898938.27616186,5221627.000839099,5714086.915624916,6004700.309757733,6546282.735094125,6937438.282464395,7862399.523634836,9332501.998299029,10257463.23946947,10648618.78683974,11082053.682343258,11883704.798241,12693659.319027,13504688.827394046,14309275.421665516,15099849.74707235,15869038.467068674,16609904.310209455,17316162.31628688,revenues
2,Remote Sensing Technologies,Drones,Hardware,Euros,EU Europe,Sweden,15644986.316441467,16491668.681581477,20238199.478417706,21571271.750675585,23605692.56366209,24806257.157459736,27043609.934753854,28659528.23143656,32480672.539316732,38553871.558937624,42375015.8668178,43990934.1635005,45781514.36304935,49093247.28987151,52439282.74409973,55789759.12243755,59113618.92115381,62379592.07659318,65557218.303807154,68617838.76379311,71535489.4065407,revenues
2,Remote Sensing Technologies,Drones,Hardware,Euros,EU Europe,Netherlands,2688553.336616496,2834053.668276057,3477885.990710558,3706971.2601405066,4056581.592435193,4262895.7354578795,4647379.438601858,4925071.118247515,5581725.593416215,6625390.263865842,7282044.739034543,7559736.4186801985,7867443.326989701,8436556.679363387,9011564.838715268,9587336.160213223,10158533.486406647,10719783.131932298,11265850.569953516,11791810.847794374,12293202.105797375,revenues
3,Decision Support Systems,Total,Software,Euros,EU Europe,Austria,3667971.43937171,3890302.5556192724,4802594.493512726,5148566.985834698,5665771.099926841,5986373.55687405,6560840.551853363,6977872.033016015,7964021.811580224,9531375.302005721,10517525.08056993,10934556.561732583,11464610.92653361,12362649.698719852,13278121.62639623,14202968.020935414,15128530.64868464,16045821.270896848,16945821.290104184,17819791.007602952,18659566.35964673,revenues
3,Decision Support Systems,Total,Software,Euros,EU Europe,Belgium,1454424.7404727298,1542583.5174404045,1904325.6920832177,2041510.7712675524,2246592.646043204,2373717.993922203,2601505.7572386083,2766867.160342348,3157895.4601704315,3779382.7675883994,4170411.0674164835,4335772.470520223,4545949.729178001,4902040.235813775,5265043.34061681,5631763.610822949,5998767.881959261,6362492.13586937,6719360.3165510865,7065906.95699382,7398894.841070934,revenues
3,Decision Support Systems,Total,Software,Euros,EU Europe,Bulgaria,2057737.3174222286,2182465.397312924,2694262.502611093,2888353.574480083,3178505.8354458897,3358364.2805352355,3680641.1010436364,3914596.3691018973,4467827.830540657,5347115.420466105,5900346.881904865,6134302.149963126,6431663.420284368,6935464.478870637,7449045.563066544,7967885.736820095,8487127.718447192,9001729.092925407,9506630.413945748,9996928.697811944,10468043.892876787,revenues
3,Decision Support Systems,Total,Software,Euros,EU Europe,Cyprus,133980.0286324573,142101.11948965245,175424.41602575136,188061.75663581898,206953.67636863995,218664.32544849778,239647.88699141805,254880.79998170538,290901.9025861891,348152.6388570146,384173.7414614984,399406.65445178567,418767.9554179036,451570.6264308435,485010.07848483813,518791.951781597,552599.9869358224,586105.8704629111,618980.1799649681,650903.6803819841,681578.1628776629,revenues
3,Decision Support Systems,Total,Software,Euros,EU Europe,Czechia,3052505.814129558,3237530.980280755,3996745.300957226,4284665.4938479895,4715085.575207299,4981892.68644893,5459967.249237854,5807023.119755239,6627702.337798838,7932062.451120658,8752741.669164255,9099797.539681641,9540911.669686161,10288264.428213043,11050125.153710736,11819787.361601645,12590045.622671828,13353419.875670075,14102404.794652347,14829727.15474551,15528592.777623814,revenues
3,Decision Support Systems,Total,Software,Euros,EU Europe,Germany,7704678.886617877,8171691.753404046,10087987.0540903,10814712.166595606,11901114.19665073,12574548.824446548,13781233.173121324,14657219.72347441,16728655.530305017,20020926.352243766,22092362.159074377,22968348.70942746,24081743.0585235,25968099.177101333,27891074.13725199,29833740.43309187,31777911.197268683,33704706.37729374,35595182.151317276,37430980.532318175,39194952.67096222,revenues
3,Decision Support Systems,Total,Software,Euros,EU Europe,Denmark,1418054.3845279925,1504008.6018448698,1856704.8002430086,1990459.3339880384,2190412.788862787,2314359.151935426,2536450.696120561,2697676.957045373,3078926.9314273493,3684872.895277013,4066122.86965899,4227349.130583801,4432270.550629823,4779456.410559246,5133382.007421623,5490931.815665452,5848758.522914803,6203387.235328452,6551331.322246111,6889211.976533894,7213872.934141623,revenues
3,Decision Support Systems,Total,Software,Euros,EU Europe,Spain,8064707.036437755,8553542.7177559,10559383.638936855,11320067.531753872,12457235.507878553,13162138.731139272,14425209.639184427,15342129.734157845,17510360.645882335,20956474.371616513,23124705.283341,24041625.37831442,25207046.984279163,27181549.710037805,29194382.421204597,31227826.614800025,33262845.578293256,35279677.02250983,37258491.90906706,39180074.40959851,41026474.33462479,revenues
3,Decision Support Systems,Total,Software,Euros,EU Europe,Estonia,1966359.6110937842,2085548.9053685204,2574618.6949924673,2760090.786772961,3037358.2893837597,3209229.7810184956,3517195.291520734,3740761.334677635,4269425.509715457,5109666.67593552,5638330.8509733435,5861896.894130244,6146053.276440364,6627482.098886634,7118256.646460907,7614056.743802741,8110240.805981713,8601990.335924111,9084470.561576052,9552996.22547898,10003190.661816742,revenues
3,Decision Support Systems,Total,Software,Euros,EU Europe,Finland,14883176.789423635,15785308.489082986,19487028.205188498,20890847.687596306,22989457.339684855,24290335.25674034,26621295.022182405,28313443.765293147,32314849.375402294,38674549.68253408,42675955.292643234,44368104.03575397,46518854.92074196,50162740.92997821,53877363.78639168,57630024.520125605,61385591.44483287,65107593.84406724,68759437.81770566,72305661.1264577,75713137.22992729,revenues
3,Decision Support Systems,Total,Software,Euros,EU Europe,France,11366873.390340282,12055867.2091013,14883017.617567772,15955170.326978711,17557961.891477786,18551494.03778456,20331740.614616584,21624101.83512105,24680134.26670714,29537290.048330747,32593322.47991684,33885683.7004213,35528297.59594349,38311278.10486647,41148283.154199846,44014339.24160501,46882614.90251316,49725256.001872055,52514314.32436159,55222705.94899801,57825130.82083538,revenues
3,Decision Support Systems,Total,Software,Euros,EU Europe,Greece,1390461.4384345196,1474743.1316854593,1820576.4570542173,1951728.3532137969,2147791.0511741713,2269325.627116457,2487095.644515751,2645184.71438845,3019016.20743005,3613171.4850419452,3987002.9780835453,4145092.047956244,4346026.042866514,4686456.251657328,5033495.0534701785,5384087.545624972,5734951.548797765,6082679.784719403,6423853.466680372,6755159.533433636,7073503.136502872,revenues
3,Decision Support Systems,Total,Software,Euros,EU Europe,Croatia,1340448.4807852763,1421698.679139162,1755092.8623805137,1881527.4078484904,2070538.0041549494,2187701.150993553,2397638.284749754,2550041.111381322,2910426.4072737996,3483210.7486519413,3843596.0445444193,3995998.8711759876,4189705.5506786066,4517890.959905652,4852447.260285563,5190429.429724739,5528673.344309471,5863894.280815332,6192796.42152007,6512185.871366557,6819079.0992595265,revenues
3,Decision Support Systems,Total,Software,Euros,EU Europe,Hungary,1323557.2833409696,1403783.6354505133,1732976.667318547,1857817.991635622,2044446.836351443,2160133.5923590558,2367425.276008073,2517907.651184322,2873751.6765421955,3439318.274350246,3795162.2997081196,3945644.6748843687,4136910.42672982,4460960.321145922,4791300.826135735,5125024.030281961,5459005.681282912,5790002.447216645,6114760.0414668685,6430124.815739232,6733150.83487262,revenues
3,Decision Support Systems,Total,Software,Euros,EU Europe,Ireland,924206.1031563136,980226.1071159815,1210093.1578272202,1297266.652554032,1427584.787992783,1508365.8824737894,1653112.34836031,1758190.3312370959,2006667.0871333755,2401587.7362163793,2650064.492112659,2755142.4749894445,2888698.4437452066,3114974.1734896265,3345642.4752503703,3578672.829069493,3811883.6496983888,4043010.2016438944,4269780.100030752,4489991.233142659,4701586.53001663,revenues
3,Decision Support Systems,Total,Software,Euros,EU Europe,Italy,6313238.626936751,6695910.47001536,8266128.994491791,8861609.885902107,9751811.198826296,10303625.69589791,11292386.727042938,12010172.920049848,13707514.073568512,16405211.359759303,18102552.513277967,18820338.706284877,19732657.612129863,21278343.874622725,22854035.733519193,24445862.736127503,26038922.504923407,27617744.664255414,29166806.585652713,30671065.675584808,32116470.111825544,revenues
3,Decision Support Systems,Total,Software,Euros,EU Europe,Lithuania,1332189.345174491,1412938.9227165899,1744278.9070754717,1869934.4296478454,2057780.4424815727,2174221.6918864464,2382865.303898032,2534329.1048000325,2892493.8968286347,3461749.0435984125,3819913.8356270147,3971377.6365290154,4163890.7977743805,4490054.101833536,4822549.0429789135,5158448.744787713,5494608.579006714,5827764.061141246,6154639.680557254,6472061.221292164,6777063.535193635,revenues
3,Decision Support Systems,Total,Software,Euros,EU Europe,Luxembourg,125665.7012662738,133282.82590815733,164538.19635743936,176391.30824369987,194110.8621632157,205094.78972260325,224776.18554905767,239063.79776105305,272849.55796263175,326547.51574722124,360333.2759487999,374620.8881607953,392780.6951721007,423547.7482793675,454912.0660453601,486597.55560120556,518307.5835020457,549734.2102385447,580568.4562033177,610510.8969366573,639281.8293893891,revenues
3,Decision Support Systems,Total,Software,Euros,EU Europe,Latvia,2278696.8682528054,2416818.232249917,2983572.040498267,3198504.5850359453,3519813.355976405,3718984.976223507,4075867.8375028707,4334945.190147399,4947582.570014069,5921287.94071059,6533925.32057726,6793002.673221788,7122294.555953221,7680193.703090774,8248923.053646146,8823476.214074332,9398474.328450399,9968333.52791861,10527451.083519455,11070397.529840028,11592101.00991561,revenues
3,Decision Support Systems,Total,Software,Euros,EU Europe,Malta,112.83160418328237,119.67080043132326,147.7340949627621,158.3766618303664,174.28653758807025,184.14868894894659,201.82004590067035,214.6484803070659,244.9837387243037,293.1975843253665,323.53284274260426,336.3612771489998,352.6664434441592,380.2912919358681,408.45240711679236,436.9018931730022,465.37341150056244,493.5904721067414,521.2756511248045,548.1601039791831,573.9926933793096,revenues
3,Decision Support Systems,Total,Software,Euros,EU Europe,Poland,5987549.287118017,6350479.7348044505,7839693.332201796,8404454.368105525,9248731.69572762,9772079.012977002,10709831.529079035,11390588.342215214,13000366.526487315,15558894.156644275,17168672.340916377,17849429.154052556,18714683.06525581,20180629.97871626,21675034.550436202,23184741.88099963,24695618.38142086,26192991.766652975,27662140.19446465,29088797.093371373,30459635.55097133,revenues
3,Decision Support Systems,Total,Software,Euros,EU Europe,Portugal,3241264.728833412,3437731.363627824,4243893.496994827,4549617.915803789,5006654.040627474,5289959.800461394,5797597.234253493,6166114.1251421515,7037541.983139474,8422560.288243914,9293988.146241238,9662505.037129896,10130896.502382977,10924463.585858066,11733435.770745864,12550691.861137366,13368580.863065854,14179160.168005962,14974460.34043746,15746758.398429558,16488840.02957481,revenues
3,Decision Support Systems,Total,Software,Euros,EU Europe,Romania,4131173.9984606113,4381581.7624447225,5409080.6934277415,5798743.6414871095,6381261.859895132,6742350.967559985,7389363.397143912,7859058.878691546,8969742.642491512,10735026.285799107,11845710.049599074,12315405.531146707,12912396.76890063,13923842.601178095,14954923.100699399,15996561.903193666,17039007.387000225,18072136.251319826,19085791.00284108,20070128.267198652,21015952.99791292,revenues
3,Decision Support Systems,Total,Software,Euros,EU Europe,Slovakia,1914496.551189693,2030542.2081185337,2506712.701167507,2687292.935857223,2957247.4622371066,3124585.814858933,3424428.6840958297,3642098.135895102,4156818.705895247,4974898.372412153,5489618.942412298,5707288.39421157,5983950.104949543,6452681.1625936795,6930511.450320137,7413234.738108,7896331.86359693,8375111.418370327,8844866.148286719,9301034.370327791,9739354.853962013,revenues
3,Decision Support Systems,Total,Software,Euros,EU Europe,Slovenia,2674832.732098872,2836965.5504517113,3502245.6315652416,3754542.7287932257,4131708.8317514416,4365505.075808512,4784429.581377822,5088545.759643542,5807685.957449288,6950663.346520141,7669803.544325888,7973919.722591608,8360456.746719724,9015342.844455833,9682941.902393391,10357377.19971424,11032334.80318324,11701260.126538768,12357576.444715375,12994910.416876653,13607308.47841699,revenues
3,Decision Support Systems,Total,Software,Euros,EU Europe,Sweden,11050108.278977929,11719901.637222394,14468266.738311633,15510541.348377978,17068667.292791,18034512.28976836,19765148.03820478,21021494.52256541,23992363.30181937,28714162.82150221,31685031.60075617,32941378.085116796,34538216.61606226,37243642.7174929,40001587.83631351,42787774.4165533,45576118.71657222,48339542.82340555,51050877.365592375,53683793.18037945,56213695.25935804,revenues
3,Decision Support Systems,Total,Software,Euros,EU Europe,Netherlands,1898934.5776671213,2014036.9581824234,2486336.9022871046,2665449.291642131,2933209.494303222,3099187.6381478673,3396593.236453616,3612493.363443466,4123030.0304342853,4934459.941378752,5444996.608369571,5660896.735359421,5935309.603071517,6400230.58317661,6874176.830327874,7352976.304819435,7832146.578274592,8307034.376361405,8772970.707824942,9225430.969259433,9660188.567519704,revenues
4,Telematics Systems,Total,Hardware,Euros,EU Europe,Austria,174789.71802594632,198867.91255170316,222579.39885815288,225817.19287710925,241738.89594595556,252084.14176045542,262359.0532228231,267084.4033161357,278258.3869568123,296017.9430018088,307191.92664248537,311917.276735798,325904.258082104,335484.9355750111,344509.55754162784,352943.3958485569,360760.0687642076,367941.5042247873,374477.67001436953,380366.10500108445,385611.2916182914,revenues
4,Telematics Systems,Total,Hardware,Euros,EU Europe,Belgium,54926.635555036504,56960.72794792968,60664.22132476188,66009.81320188733,70166.64498025106,72654.47689041644,75083.68638997404,76140.6896573014,78640.17371330236,82612.77011254287,85112.25416854383,86169.25743587119,89687.69390092464,91845.07955497912,93845.35465069201,95684.01387196328,97358.54574096693,98868.3181216615,100214.42514652168,101399.50578966197,102427.54422148575,revenues
4,Telematics Systems,Total,Hardware,Euros,EU Europe,Bulgaria,51168.26131964515,54287.730380952395,62512.783944235285,55314.63311051534,58469.952460460765,60205.325234080185,61871.21018469705,62555.464077487726,64173.51176773883,66745.18267424389,68363.230364495,69047.48425728567,69760.98004834754,70750.84723342146,71664.86610305862,72502.5596465036,73263.948577649,73949.51901188589,74560.18546729213,75097.25043315887,75562.36170769442,revenues
4,Telematics Systems,Total,Hardware,Euros,EU Europe,Cyprus,82.74021263694164,99.92742496398536,99.87012091247239,93.68766235689034,95.03970357470962,93.91548484136248,92.62343319303635,96.35709697227945,105.18605084134657,119.21849496320777,128.0474488322749,131.781112611518,114.78481051689022,117.15090242590949,119.48642687363778,121.78705645245411,124.0485230350527,126.26664203427622,128.4373362918416,130.55665931479092,132.62081758499122,revenues
4,Telematics Systems,Total,Hardware,Euros,EU Europe,Czechia,156246.19720350386,201537.97637704143,217258.36836316495,227310.26424344917,242705.21337856734,252434.4510810394,262041.26232097403,266377.11810470425,276630.0688150231,292925.76591123507,303178.71662155393,307514.57240528415,324725.0147706867,334235.6991545349,343105.509397795,351303.1765088475,358807.73960810597,365608.17101732246,371702.7270610019,377098.08578193,381808.3359563255,revenues
4,Telematics Systems,Total,Hardware,Euros,EU Europe,Germany,781399.6268776029,854497.4555545268,929224.9260211397,872512.5946695118,930499.7315619615,966652.2389612178,1002249.4072382168,1018169.4597523113,1055815.433667124,1115648.6860780886,1153294.6599929011,1169214.7125069958,1189954.7981343607,1215926.272395995,1240418.4817790824,1263370.7209702684,1284736.697949337,1304484.373134552,1322595.5295375218,1339065.107820445,1353900.3452033557,revenues
4,Telematics Systems,Total,Hardware,Euros,EU Europe,Denmark,40867.930491892796,42381.38831953546,45136.956876977994,49114.32186692882,51445.992082361954,52493.36369909122,53457.518700464956,53795.87609342521,54595.986116805405,55867.654239770665,56667.76426315086,57006.121656111114,58963.350766957934,59691.808678411944,60319.07752942926,60848.90047044896,61285.63838963391,61634.117228355986,61899.48686100929,62087.09432284211,62202.372967725154,revenues
4,Telematics Systems,Total,Hardware,Euros,EU Europe,Spain,155985.9558203001,181088.13172332163,194411.13424269282,232566.10871558113,249092.09794836573,259886.0307018797,270618.4857361253,275571.8104627804,287284.88322344894,305901.2494936629,317614.32225433143,322567.6469809865,346771.6489321362,358906.9716406754,370220.17099585943,380657.73837361834,390183.30053270585,398777.08183774445,406434.78166192194,413166.00488921464,418992.3923069817,revenues
4,Telematics Systems,Total,Hardware,Euros,EU Europe,Estonia,111966.77832726378,103709.89072089714,115473.11549803529,124526.73044673711,132451.53248311934,137233.7247812942,141911.06276887553,143957.57988098677,148796.95649425787,156488.49989990305,161327.87651317415,163374.3936252854,169196.0831385856,173214.80310593813,176955.2305379099,180408.47934952748,183569.0517983089,186434.6799960452,189006.10077410185,191286.77917427453,193282.59614923797,revenues
4,Telematics Systems,Total,Hardware,Euros,EU Europe,Finland,612130.950061575,705202.8176250911,739093.0976415842,776184.7817957923,825473.4625908042,855166.2844378252,884198.068960469,896886.1861323313,926889.6379210191,974576.1211591748,1004579.5729478627,1017267.690119725,1058600.7886234082,1084161.2651020298,1107900.4292793598,1129762.4878615509,1149714.6427823005,1167745.880949529,1183865.3096777543,1198100.1510683845,1210493.5090772004,revenues
4,Telematics Systems,Total,Hardware,Euros,EU Europe,France,496083.79977209476,577325.4240681196,576474.351443407,626629.8313459889,651959.1453634002,660753.0234189342,668358.4976225543,670331.5788876754,674997.3025574181,682412.8477799492,687078.5714496919,689051.652714813,708297.604813681,712640.1854734147,715871.6585860412,718075.2235050319,719334.245883159,719730.7324891979,719344.1349269992,718250.4521034886,716521.5951561593,revenues
4,Telematics Systems,Total,Hardware,Euros,EU Europe,Greece,12613.86348930514,13080.991386532329,13931.49605365505,15159.107494374653,15667.062159601188,15772.878646793355,15848.417201908045,15844.127466728156,15833.983576904893,15817.861217536589,15807.717327713326,15803.427592533437,16050.152684976416,16029.904346078953,15989.552244692748,15932.032602988013,15859.950360896399,15775.596080901329,15680.968895346776,15577.802609886832,15467.592879724249,revenues
4,Telematics Systems,Total,Hardware,Euros,EU Europe,Croatia,50022.466289622345,49416.162923041775,56396.58880123533,59727.077852359565,64054.01377340487,66916.14164626722,69769.71880143111,71098.19608375497,74239.63177138905,79232.52463308928,82373.96032072336,83702.43760304722,87406.48127346787,90107.7485887526,92661.43335904574,95056.7696351539,97285.30054407401,99340.9024192531,101219.73929363568,102920.15630075974,104442.5227328839,revenues
4,Telematics Systems,Total,Hardware,Euros,EU Europe,Hungary,59769.84010753424,74602.73040859864,66013.34256484623,71830.28672221735,75311.53614710852,76917.44926380937,78404.28149037657,78938.30515256399,80201.10506096894,82208.15701917069,83470.95692757564,84004.98058976306,85957.33251068312,86923.89845019218,87771.05339113768,88501.98951622065,89120.57479880517,89631.22972566492,90038.808558402,90348.48772753878,90565.66325535304,revenues
4,Telematics Systems,Total,Hardware,Euros,EU Europe,Ireland,39061.522442861184,40508.08374873682,43141.85310661357,46943.414133767474,50414.48314305418,52740.64389130041,55066.44930941343,56159.032810491415,58742.653055771494,62848.972701525025,65432.5929468051,66525.17644788309,69413.43542239969,71620.90868408332,73713.74383831747,75682.66715493337,77520.22690259224,79220.83440373742,80780.74772561455,82198.00394746718,83472.30798632915,revenues
4,Telematics Systems,Total,Hardware,Euros,EU Europe,Italy,145769.44446661015,151167.70917205885,160996.38640071714,147274.7661940591,155816.5812369952,160586.28902986337,165178.9841543145,167085.38257929357,171593.4220668809,178758.3493217786,183266.38880936595,185172.787234345,185534.6070316268,188026.9567972153,190341.72307236464,192477.264134308,194432.98640937352,196209.2911771635,197807.51134535647,199229.8403242133,200479.25502907598,revenues
4,Telematics Systems,Total,Hardware,Euros,EU Europe,Lithuania,62566.23565709213,67410.89845581568,75636.45460636947,87002.27565891575,93075.78566268265,96995.65293628014,100883.32061880176,102663.07370469985,106871.63634525705,113560.58511118955,117769.14775174674,119548.90083764483,127520.96490228915,131709.7475222932,135616.67304229274,139225.03562291083,142523.4702951103,145505.78080964112,148170.600389549,150520.9235249824,152563.54936929574,revenues
4,Telematics Systems,Total,Hardware,Euros,EU Europe,Luxembourg,4244.500301090245,3541.2366687731405,3127.7133922077946,4072.9218390467922,4320.117928801848,4463.695801314741,4603.0438872773475,4662.464297496804,4802.975091110625,5026.298249113787,5166.809042727608,5226.229452947065,5357.154253518221,5468.376205205511,5571.488281322635,5666.31814258578,5752.777957263238,5830.8594475494965,5900.627596390657,5962.213359498216,6015.805722854783,revenues
4,Telematics Systems,Total,Hardware,Euros,EU Europe,Latvia,162496.56970902014,175061.95458841868,180409.87396315485,221413.42407836043,235881.3709849421,244789.50829449002,253538.25356473812,257418.2378980831,266593.19437977,281175.5634870382,290350.51996872516,294230.5043020701,313151.734443828,322422.0686440982,330978.65166010975,338794.93314991606,345856.72215733933,352161.35243250104,357716.54237284267,362539.0476237227,366653.20092089695,revenues
4,Telematics Systems,Total,Hardware,Euros,EU Europe,Malta,0.0,0.0,0.0,0.0,0.0,0.0,0.0,0.0,0.0,0.0,0.0,0.0,0.0,0.0,0.0,0.0,0.0,0.0,0.0,0.0,0.0,revenues
4,Telematics Systems,Total,Hardware,Euros,EU Europe,Poland,396289.6335515815,436364.0780472205,492156.23178018833,501447.31058845,539824.5710317428,566095.1730328235,592485.5911667,605068.6151329082,634823.5541685648,682115.0595449947,711869.9985806514,724453.0225468596,757234.5810726461,782609.6679963035,806760.8354413265,829572.188853936,850948.0813418579,870813.9532701758,889116.484756334,905823.1143225413,920921.0054629511,revenues
4,Telematics Systems,Total,Hardware,Euros,EU Europe,Portugal,120859.95794761888,142542.17850693324,153074.3507259608,156035.0083517709,166510.59998117856,173089.6837275588,179577.54123061834,182493.4180269875,189388.5599693735,200347.4680635503,207242.61000593632,210158.48680230547,218867.53849101785,224683.62682277348,230131.00768726697,235192.56932798706,239856.21543695033,244114.73411330063,247965.54740459414,251410.36341641913,254454.7548921381,revenues
4,Telematics Systems,Total,Hardware,Euros,EU Europe,Romania,176893.01109730464,180880.5502442477,189178.55743375685,205848.5374954876,220146.1990566994,229342.24466374092,238456.11495655953,242618.65910756175,252461.7816970854,268106.11167892435,277949.23426844797,282111.7784194502,292810.5894868578,300987.4767486875,308690.06859177665,315890.9403492683,322569.2748457346,328710.8196753097,334307.6726523348,339357.920185639,343865.157507451,revenues
4,Telematics Systems,Total,Hardware,Euros,EU Europe,Slovakia,74448.25202894947,79453.66343620958,82087.53249383907,85304.43780061444,90664.42994002793,93866.7339172698,96992.4693869512,98350.9470278837,101563.32423512748,106668.96917647451,109881.3463837183,111239.82402465079,114431.84305860713,116923.87942284605,119245.69659828488,121392.4873181114,123361.27412193106,125150.82700628646,126761.5487827641,128195.33510458414,129455.41629364243,revenues
4,Telematics Systems,Total,Hardware,Euros,EU Europe,Slovenia,37922.514435708494,37564.86893506768,44749.512367286625,51343.87004650132,55827.179722497174,59130.59354705029,62507.24041617628,64207.22583608846,68227.16275004754,74616.31609200496,78636.25300596404,80336.23842587622,86301.35616540829,90271.98803647446,94082.63127881096,97704.96935613897,101114.75145892579,104292.26813192609,107222.60537907259,109895.68214630285,112306.09171529778,revenues
4,Telematics Systems,Total,Hardware,Euros,EU Europe,Sweden,767025.3779933088,829877.821535668,882715.9158232033,898076.2353872403,954085.5602584749,987349.483161343,1019778.8984685534,1033816.7320371728,1067011.8434149057,1119771.0437046466,1152966.1550823795,1167003.9886509988,1202297.3617028026,1228312.9097172874,1252509.304647261,1274838.8547166316,1295273.4885078617,1313803.7780994538,1330437.623565856,1345198.676779502,1358124.5833118544,revenues
4,Telematics Systems,Total,Hardware,Euros,EU Europe,Netherlands,31112.51960918266,32746.536027842365,34483.02006904242,37521.58461259796,41490.014725532004,44690.5262027978,48043.969806070454,49867.20408418117,54178.58622400649,61030.95286475343,65342.33500457875,67165.56928268947,70375.32475090206,74136.61270495832,77839.78940272158,81456.24084843419,84958.6658268963,88321.78531713464,91522.95885730097,94542.67706640708,97364.90982438237,revenues
